img_name,h_mean,s_mean,v_mean,Radiation Value
IMG_0001,89.127,189.793,199.675,-12.8314
IMG_0002,90.254,200.514,187.712,-14.9048
IMG_0003,87.662,167.677,217.517,-9.2028
IMG_0004,86.061,140.857,234.8,-9.2082
IMG_0005,86.288,145.253,231.362,-11.5509
IMG_0006,85.069,120.34,244.864,-6.3289
IMG_0007,85.344,127.51,241.449,-7.2794
IMG_0008,87.649,161.226,221.766,-10.3007
IMG_0009,88.465,170.595,215.907,-13.1621
IMG_0010,88.607,175.708,211.691,-12.0603
IMG_0011,89.368,188.015,202.427,-17.6076
IMG_0012,89.308,183.857,207.57,-15.1236
IMG_0013,88.304,166.632,219.509,-12.0359
IMG_0014,88.136,166.26,220.228,-10.7434
IMG_0015,87.98,163.444,222.138,-11.3403
IMG_0016,87.177,159.826,224.516,-10.5284
IMG_0017,87.588,163.84,221.86,-10.3578
IMG_0018,87.296,160.613,223.855,-10.012
IMG_0019,87.655,168.191,218.209,-10.6917
IMG_0020,86.713,156.494,226.149,-11.9909
IMG_0021,86.306,151.102,229.987,-8.1884
IMG_0022,86.251,163.806,219.64,-8.4931
IMG_0023,85.941,162.755,219.971,-8.6861
IMG_0024,84.818,152.227,227.297,-6.4329
IMG_0025,85.92,160.348,222.119,-8.7525
IMG_0026,86.521,165.729,218.899,-8.1011
IMG_0027,85.844,164.081,218.955,-9.5857
IMG_0028,85.429,176.122,205.716,-9.7668
IMG_0029,84.41,175.146,202.988,-9.2607
IMG_0030,84.953,180.27,198.749,-8.8554
IMG_0031,81.732,152.989,219.034,-5.8736
IMG_0032,84.104,169.347,208.433,-6.9877
IMG_0033,83.703,170.874,204.58,-7.2032
IMG_0034,83.39,168.654,206.531,-6.556
IMG_0035,80.111,145.572,222.981,-5.4018
IMG_0036,78.429,141.014,224.55,-4.1695
IMG_0037,78.152,142.803,222.612,-4.3881
IMG_0038,80.117,146.836,220.74,-4.5474
IMG_0039,81.899,157.961,213.143,-6.3188
IMG_0040,82.192,162.971,208.182,-5.446
IMG_0041,78.919,149.303,216.873,-5.5192
IMG_0042,77.357,142.82,220.426,-4.556
IMG_0043,76.681,143.353,218.537,-4.6931
IMG_0044,77.027,142.274,219.41,-4.288
IMG_0045,79.019,149.122,215.443,-4.1984
IMG_0046,78.981,151.204,212.234,-4.7704
IMG_0047,79.469,155.17,208.425,-6.3106
IMG_0048,78.593,152.217,210.577,-5.3596
IMG_0049,77.05,144.851,216,-5.6035
IMG_0050,84.873,105.829,250.264,-6.992
IMG_0051,84.85,107.915,249.947,-6.7787
IMG_0052,84.856,96.14,251.726,-5.0747
IMG_0053,85.166,126.036,242.466,-7.0362
IMG_0054,84.843,119.988,245.166,-6.4918
IMG_0055,84.767,115.232,247.235,-6.3358
IMG_0056,84.345,115.899,247.09,-6.1511
IMG_0057,84.451,113.058,247.488,-6.5676
IMG_0058,85.036,127.421,241.693,-7.0318
IMG_0059,84.345,104.009,251.208,-6.747
IMG_0060,85.349,121.383,244.391,-8.5119
IMG_0061,85.829,135.146,238.071,-8.8537
IMG_0062,86.343,134.11,238.293,-10.2634
IMG_0063,86.003,128.813,241.316,-10.0864
IMG_0064,85.763,134.718,238.834,-9.5715
IMG_0065,85.393,130.701,240.408,-8.9893
IMG_0066,86.298,138.111,237.055,-10.2744
IMG_0067,87.058,144.975,233.878,-10.4327
IMG_0068,87.331,146.058,233.562,-11.2459
IMG_0069,86.38,146.443,233.054,-8.0754
IMG_0070,85.869,144.992,233.837,-7.742
IMG_0071,85.146,147.821,231.127,-7.4419
IMG_0072,86.262,150.381,230.542,-8.7179
IMG_0073,86.171,146.478,232.106,-8.5092
IMG_0074,85.902,151.661,228.798,-7.751
IMG_0075,84.903,149.557,228.825,-9.9509
IMG_0076,85.366,149.11,230.318,-7.5706
IMG_0077,86.533,151.598,229.706,-7.692
IMG_0078,87.433,153.339,229.374,-10.8361
IMG_0079,86.762,154.311,228.503,-11.3363
IMG_0080,85.745,151.528,229.178,-12.4784
IMG_0081,84.953,152.117,226.747,-9.103
IMG_0082,85.245,146.474,231.656,-7.5903
IMG_0083,85.257,147.994,231.222,-7.7517
IMG_0084,84.492,143.521,232.641,-5.6209
IMG_0085,86.756,160.629,222.24,-10.4555
IMG_0086,86.063,167.593,215.11,-10.3703
IMG_0087,85.523,159.478,220.65,-8.2871
IMG_0088,85.429,160.213,220.44,-8.4725
IMG_0089,87.229,162.106,222.155,-10.0428
IMG_0090,87.344,165.047,219.664,-10.3622
IMG_0091,86.473,155.644,225.873,-10.7314
IMG_0092,85.958,158.929,221.966,-15.2513
IMG_0093,84.339,154.102,223.584,-9.4336
IMG_0094,84.382,160.031,218.187,-8.141
IMG_0095,83.432,155.454,220.367,-7.6393
IMG_0096,83.759,163,212.918,-7.3192
IMG_0097,83.325,164.076,209.217,-8.595
IMG_0098,79.365,146.546,219.059,-7.576
IMG_0099,85.469,85.593,253.715,-2.9243
IMG_0100,84.178,98.205,251.336,-2.7365
IMG_0101,85.083,95.046,251.944,-2.2909
IMG_0102,83.736,113.371,247.485,-1.9629
IMG_0103,84.754,97.993,250.936,-2.268
IMG_0104,84.155,94.476,252.016,-2.3135
IMG_0105,84.255,100.814,250.517,-2.8642
IMG_0106,84.961,91.719,252.706,-2.0821
IMG_0107,83.576,105.39,248.683,-2.389
IMG_0108,83.214,106.06,248.408,-3.3678
IMG_0109,84.564,98.359,251.913,-2.6668
IMG_0110,85.326,93.735,253.327,-2.5347
IMG_0111,82.654,111.886,246.721,-3.2807
IMG_0112,82.683,115.251,246.438,-2.8303
IMG_0113,83.671,104.986,250.664,-2.4927
IMG_0114,82.736,112.906,247.384,-2.2528
IMG_0115,83.084,130.242,239.431,-2.6156
IMG_0116,82.517,119.479,244.607,-2.6536
IMG_0117,82.298,117.065,244.453,-2.672
IMG_0118,82.704,123.981,242.132,-2.7455
IMG_0119,83.133,116.885,245.47,-2.4321
IMG_0120,79.843,143.298,225.471,-2.3132
IMG_0121,79.953,137.954,230.709,-3.1799
IMG_0122,78.531,128.875,235.331,-2.415
IMG_0123,78.964,126.773,237.941,-2.2129
IMG_0124,78.477,130.688,234.159,-2.2781
IMG_0125,80.374,144.756,224.908,-3.3091
IMG_0126,80.467,144.423,224.726,-3.115
IMG_0127,82.043,152.332,219.814,-3.484
IMG_0128,79.956,143.543,224.318,-3.0138
IMG_0129,79.29,135.165,231.112,-3.4582
IMG_0130,78.367,136.417,227.774,-3.2639
IMG_0131,77.086,132.814,228.693,-3.3784
IMG_0132,77.138,129.369,231.13,-2.7908
IMG_0133,76.377,132.471,226.749,-2.8901
IMG_0134,78.725,138.258,225.985,-2.8651
IMG_0135,79.51,139.001,226.641,-2.8071
IMG_0136,78.372,138.74,224.399,-2.32
IMG_0137,78.909,144.218,219.994,-2.192
IMG_0138,76.639,134.429,226.004,-2.1397
IMG_0139,77.069,135.817,224.987,-2.2434
IMG_0140,78.116,143.851,219.478,-2.187
IMG_0141,77.52,141.762,219.911,-3.159
IMG_0142,75.438,135.827,221.772,-2.3199
IMG_0143,74.296,130.021,227.054,-2.1627
IMG_0144,73.491,129.876,226.184,-2.1985
IMG_0145,75.283,137.634,219.766,-1.8362
IMG_0146,72.558,130.424,224.162,-2.1623
IMG_0147,75.718,137.147,221.469,-1.9861
IMG_0148,84.508,122.975,243.34,-5.4581
IMG_0149,84.429,121.507,243.721,-5.4327
IMG_0150,84.302,117.36,246.07,-4.3506
IMG_0151,84.122,113.732,247.085,-3.4663
IMG_0152,84.029,108.187,249.163,-4.4862
IMG_0153,83.863,110.026,248.261,-2.7246
IMG_0154,83.947,113.599,246.559,-1.9587
IMG_0155,84.756,128.621,239.342,-1.7858
IMG_0156,83.748,117.065,245.765,-3.602
IMG_0157,83.661,103.412,250.981,-2.4532
IMG_0158,84.112,121.739,242.578,-2.6974
IMG_0159,83.856,114.953,246.882,-2.218
IMG_0160,83.448,113.731,247.376,-1.9835
IMG_0161,84.006,126.113,241.356,-2.1968
IMG_0162,83.689,126.568,241.031,-2.5589
IMG_0163,84.111,146.726,228.409,-5.5237
IMG_0164,83.669,141.808,232.401,-4.0713
IMG_0165,83.99,149.426,226.275,-4.715
IMG_0166,83.925,150.885,224.492,-4.7836
IMG_0167,83.82,152.644,222.331,-4.4778
IMG_0168,84.357,158.881,218.504,-4.971
IMG_0169,83.475,164.539,210.49,-4.8517
IMG_0170,83.062,164.466,209.183,-5.4187
IMG_0171,83.402,166.932,206.895,-5.4329
IMG_0172,82.993,167.125,206.406,-5.7266
IMG_0173,82.968,165.803,206.564,-5.7532
IMG_0174,83.829,172.134,202.815,-5.2871
IMG_0175,84.748,178.96,198.319,-5.5346
IMG_0176,83.557,173.011,200.124,-5.1685
IMG_0177,83.585,174.061,199.723,-5.3808
IMG_0178,83.33,173.062,199.925,-5.1931
IMG_0179,83.062,170.966,200.345,-5.32
IMG_0180,83.219,171.33,200.692,-5.2318
IMG_0181,82.697,169.176,201.291,-5.3869
IMG_0182,82.048,167.222,202.315,-5.4019
IMG_0183,82.192,167.814,202.243,-5.6732
IMG_0184,80.445,156.013,211.867,-5.4249
IMG_0185,82.051,165.737,203.794,-5.1231
IMG_0186,81.568,163.15,205.035,-5.6651
IMG_0187,80.224,156.682,209.709,-4.7176
IMG_0188,79.01,148.853,216.041,-3.7835
IMG_0189,80.704,158.029,210.463,-3.6821
IMG_0190,81.951,159.27,211.32,-3.4643
IMG_0191,82.394,161.357,210.2,-3.9483
IMG_0192,82.064,165.192,204.465,-3.8945
IMG_0193,82.082,169.675,199.988,-3.854
IMG_0194,82.05,169.771,199.475,-3.8075
IMG_0195,81.65,169.334,197.698,-3.5455
IMG_0196,81.268,168.702,198.257,-3.6341
IMG_0197,84.038,131.267,237.687,-3.1297
IMG_0198,83.99,129.47,239.212,-3.5997
IMG_0199,84.158,134.556,235.709,-3.061
IMG_0200,84.032,130.58,238.505,-2.7412
IMG_0201,83.613,127.23,240.278,-3.9243
IMG_0202,83.519,121.832,243.51,-3.3786
IMG_0203,83.571,129.75,239.238,-3.9065
IMG_0204,83.483,123.02,242.757,-3.0346
IMG_0205,84.206,141.773,230.657,-3.8725
IMG_0206,84.068,142.659,228.906,-3.7926
IMG_0207,83.967,143.478,229.136,-3.6708
IMG_0208,84.259,145.865,227.167,-3.2491
IMG_0209,84.449,155.336,221.39,-3.5748
IMG_0210,83.531,142.364,230.075,-3.6491
IMG_0211,83.506,145.079,228.682,-3.5489
IMG_0212,83.097,150.526,223.824,-3.4686
IMG_0213,82.891,153.221,221.092,-3.8094
IMG_0214,83.244,154.842,218.941,-3.7102
IMG_0215,82.815,154.408,218.965,-3.5738
IMG_0216,83.328,159.103,214.343,-3.7197
IMG_0217,83.234,157.977,215.731,-3.8085
IMG_0218,82.561,156.826,216.654,-2.7618
IMG_0219,81.707,154.487,217.597,-2.8653
IMG_0220,81.956,157.71,214.472,-3.0534
IMG_0221,81.324,150.233,220.687,-3.162
IMG_0222,81.43,155.154,215.392,-3.8993
IMG_0223,81.461,152.612,218.626,-3.5715
IMG_0224,81.611,156.171,214.917,-3.257
IMG_0225,80.691,154.828,213.032,-3.7594
IMG_0226,80.558,155.524,212.262,-3.052
IMG_0227,80.475,157.004,210.465,-2.3182
IMG_0228,80.342,156.934,210.253,-2.307
IMG_0229,79.992,152.6,214.33,-2.8147
IMG_0230,79.426,148.656,217.256,-2.8945
IMG_0231,79.318,152.03,213.374,-2.1245
IMG_0232,79.799,156.432,209.303,-1.9899
IMG_0233,78.989,149.103,215.493,-3.8007
IMG_0234,78.657,145.849,218.349,-1.8752
IMG_0235,78.616,147.662,216.209,-2.3335
IMG_0236,78.109,143.185,220.101,-2.4995
IMG_0237,78.541,148.169,215.238,-2.671
IMG_0238,78.836,150.234,213.871,-2.7682
IMG_0239,79.369,152.834,212.283,-2.7937
IMG_0240,78.622,150.89,212.61,-3.1941
IMG_0241,76.64,135.586,224.863,-2.0779
IMG_0242,77.852,138.813,224.03,-1.9365
IMG_0243,78.559,147.199,216.665,-2.3763
IMG_0244,79.356,154.704,209.774,-2.6596
IMG_0245,79.361,157.745,207.124,-2.3698
IMG_0246,82.579,118.302,245.682,-1.4961
IMG_0247,82.681,115.096,247.522,-1.7346
IMG_0248,82.394,124.997,241.727,-2.6873
IMG_0249,82.881,128.6,239.568,-2.5513
IMG_0250,83.022,132.663,236.513,-2.9215
IMG_0251,82.835,130.438,237.969,-2.2883
IMG_0252,83.514,141.562,229.661,-2.7695
IMG_0253,84.093,149.378,224.415,-3.2338
IMG_0254,85.114,170.185,204.245,-4.0001
IMG_0255,84.037,150.246,223.159,-3.0808
IMG_0256,83.107,140.999,230.643,-2.8193
IMG_0257,83.111,134.388,236.508,-3.0236
IMG_0258,82.378,130.894,238.134,-2.6591
IMG_0259,82.308,132.515,237.102,-2.1631
IMG_0260,82.157,138.473,233.307,-2.0936
IMG_0261,81.739,139.581,231.327,-2.2772
IMG_0262,81.819,143.253,228.437,-2.4588
IMG_0263,82.07,143.381,228.731,-2.9137
IMG_0264,82,149.745,221.672,-2.8165
IMG_0265,81.959,151.181,220.195,-2.6279
IMG_0266,82.326,156.768,214.394,-2.7959
IMG_0267,81.178,148.776,221.401,-2.4989
IMG_0268,80.716,149.741,219.59,-2.6916
IMG_0269,79.958,144.82,223.665,-2.7278
IMG_0270,78.648,141.652,223.425,-2.2688
IMG_0271,79.447,144.05,221.362,-2.4797
IMG_0272,78.9,136.346,227.838,-1.7366
IMG_0273,78.638,137.381,225.554,-0.9946
IMG_0274,78.462,135.963,226.223,-0.7366
IMG_0275,78.507,140.781,221.316,-0.9861
IMG_0276,78.83,142.571,220.685,-1.1015
IMG_0277,81.162,159.035,206.372,-1.3619
IMG_0278,78.875,148.68,213.993,-1.3721
IMG_0279,81.312,156.723,210.127,-1.384
IMG_0280,81.488,161.668,205.029,-1.1767
IMG_0281,80.417,153.747,211.174,-1.0331
IMG_0282,79,151.729,209.854,-1.0757
IMG_0283,78.381,145.738,215.841,-1.0077
IMG_0284,77.963,138.714,223.07,-1.0737
IMG_0285,80.822,160.479,204.66,-1.0509
IMG_0286,80.109,155.677,207.269,-1.4144
IMG_0287,79.366,151.362,213.207,-1.2531
IMG_0288,80.218,157.107,208.52,-1.2986
IMG_0289,79.656,153.447,211.055,-1.235
IMG_0290,80.659,160.762,204.15,-1.197
IMG_0291,79.686,156.101,207.823,-1.2355
IMG_0292,79.999,157.746,206.541,-0.9209
IMG_0293,79.304,156.963,206.756,-1.0487
IMG_0294,80.389,161.533,202.97,-1.1564
IMG_0295,82.835,176.784,186.92,-5.428
IMG_0296,81.943,168.557,196.678,-4.9806
IMG_0297,82.113,171.537,192.887,-4.6256
IMG_0298,82.352,170.605,194.464,-5.2928
IMG_0299,81.474,165.907,197.274,-3.9395
IMG_0300,81.172,165.375,195.52,-4.01
IMG_0301,82.113,174.541,183.826,-4.6049
IMG_0302,82.077,177.619,182.851,-6.5099
IMG_0303,82.033,175.632,183.793,-4.8388
IMG_0304,81.682,174.567,186.342,-4.6111
IMG_0305,81.769,176.366,184.725,-3.9727
IMG_0306,81.754,175.004,184.293,-4.0933
IMG_0307,82.564,181.986,170.317,-4.7282
IMG_0308,82.359,181.436,175.605,-5.9474
IMG_0309,82.42,180.876,171.867,-5.3531
IMG_0310,82.385,178.445,177.071,-6.1773
IMG_0311,82.415,177.547,177.729,-5.5994
IMG_0312,82.166,175.591,179.296,-5.8552
IMG_0313,82.501,180.094,175.376,-7.9162
IMG_0314,82.767,183.209,172.46,-6.1797
IMG_0315,82.024,178.525,178.493,-5.1691
IMG_0316,81.765,175.451,183.286,-4.3712
IMG_0317,81.981,179.408,178.85,-4.3622
IMG_0318,81.73,176.517,181.165,-4.3641
IMG_0319,82.279,178.653,178.314,-4.4237
IMG_0320,82.224,177.386,181.12,-5.7934
IMG_0321,97.013,231.148,124.411,-25.2075
IMG_0322,96.339,227.186,120.835,-25.5786
IMG_0323,96.605,228.946,121.354,-24.7091
IMG_0324,96.179,227.191,119.889,-25.4626
IMG_0325,96.342,228.794,119.625,-23.8476
IMG_0326,95.906,223.956,117.355,-24.8854
IMG_0327,96.216,226.311,119.106,-23.526
IMG_0328,92.712,194.267,84.612,-22.9349
IMG_0329,90.353,190.903,92.606,-22.9028
IMG_0330,87.782,194.461,109.078,-16.8408
IMG_0331,90.978,191.758,86.902,-16.2877
IMG_0332,92.72,193.63,81.386,-20.1999
IMG_0333,92.216,191.038,81.823,-21.101
IMG_0334,88.125,186.799,93.646,-20.105
IMG_0335,87.275,192.184,117.134,-14.6464
IMG_0336,87.126,185.64,107.002,-14.447
IMG_0337,85.872,190.122,114.873,-18.4405
IMG_0338,86.362,187.898,114.245,-14.2318
IMG_0339,88.491,192.21,104.999,-16.3016
IMG_0340,88.208,190.547,100.119,-15.8266
IMG_0341,88.424,191.428,99.477,-16.5438
IMG_0342,91.043,192.701,90.202,-18.7053
IMG_0343,87.202,189.553,111.283,-15.0186
IMG_0344,91.332,188.733,86.314,-21.3082
IMG_0345,89.271,189.481,90.967,-21.8937
IMG_0346,87.289,190.403,104.384,-20.1485
IMG_0347,91.448,187.428,78.055,-21.4352
IMG_0348,93.138,193.921,78.814,-21.8038
IMG_0349,93.846,186.499,67.017,-23.3859
IMG_0350,94.968,190.846,67.637,-24.797
IMG_0351,95.848,197.321,69.563,-24.6843
IMG_0352,92.691,185.461,73.252,-23.5069
IMG_0353,90.773,182.892,74.484,-23.6533
IMG_0354,87.692,185.544,89.508,-18.9205
IMG_0355,88.462,201.977,157.911,-17.3035
IMG_0356,90.134,207.295,146.684,-20.0283
IMG_0357,92.567,215.589,132.97,-22.0624
IMG_0358,90.944,211.307,139.573,-23.3178
IMG_0359,90.56,208.419,142.367,-24.8758
IMG_0360,90.855,208.05,141.012,-23.7639
IMG_0361,91.971,211.528,135.03,-24.5323
IMG_0362,93.18,215.497,127.669,-25.3815
IMG_0363,92.99,214.115,125.71,-25.5117
IMG_0364,93.204,216.005,126.321,-25.3886
IMG_0365,94.058,218.241,126.967,-24.6913
IMG_0366,93.045,213.298,123.404,-24.1929
IMG_0367,92.62,213.123,120.685,-24.4352
IMG_0368,92.763,211.037,119.291,-23.4367
IMG_0369,92.602,211.146,120.274,-23.6108
IMG_0370,91.727,205.101,112.433,-23.0736
IMG_0371,92.225,206.193,113.7,-23.1017
IMG_0372,91.963,205.266,112.815,-23.726
IMG_0373,90.916,201.467,114.499,-24.1565
IMG_0374,90.137,198.724,112.087,-22.4946
IMG_0375,90.194,198.864,110.589,-23.6619
IMG_0376,90.576,191.095,97.089,-23.9325
IMG_0377,85.958,189.724,114.219,-22.4552
IMG_0378,82.575,185.174,158.073,-13.7662
IMG_0379,81.804,179.344,169.832,-10.912
IMG_0380,81.123,175.98,179.114,-9.7036
IMG_0381,82.171,179.96,172.461,-11.8465
IMG_0382,82.159,182.874,151.691,-14.0374
IMG_0383,84.359,181.183,119.298,-21.206
IMG_0384,87.016,183.878,99.578,-22.6231
IMG_0385,89.133,180.667,93.279,-22.7353
IMG_0386,86.862,181.873,102.917,-23.1008
IMG_0387,86.512,184.432,100.242,-22.4687
IMG_0388,88.85,188.438,99.048,-22.3818
IMG_0389,81.149,180.466,157.106,-14.7202
IMG_0390,80.466,178.363,169.184,-8.5392
IMG_0391,82.365,183.187,139.8,-12.6234
IMG_0392,88.268,183.161,90.982,-22.6745
IMG_0393,87.6,182.5,95.934,-25.0139
IMG_0394,81.657,183.143,135.974,-18.0003
IMG_0395,82.845,179.709,126.844,-11.9384
IMG_0396,84.32,181.513,113.139,-21.4226
IMG_0397,84.656,177.835,115.154,-22.8284
IMG_0398,83.972,182.064,135.19,-22.3795
IMG_0399,82.032,182.546,157.542,-18.8577
IMG_0400,82.075,181.367,158.777,-13.852
IMG_0401,82.052,181.174,147.247,-13.9008
IMG_0402,82.827,179.459,145.805,-16.8123
IMG_0403,81.684,179.199,157.567,-11.9439
IMG_0404,93.217,218.114,135.737,-27.4147
IMG_0405,93.408,218.804,134.353,-28.4486
IMG_0406,87.897,188.107,101.33,-24.6627
IMG_0407,88.104,186.534,98.789,-22.403
IMG_0408,87.962,184.236,98.449,-24.7086
IMG_0409,88.702,187.34,98.469,-22.8015
IMG_0410,87.289,182.829,96.927,-24.3244
IMG_0411,88.008,183.819,99.123,-24.9326
IMG_0412,88.511,186.462,97.526,-23.3931
IMG_0413,86.748,183.807,101.999,-22.9332
IMG_0414,87.156,185.794,105.593,-24.3779
IMG_0415,84.314,178.523,106.863,-24.1668
IMG_0416,85.448,180.568,112.733,-23.9629
IMG_0417,81.554,178.376,131.65,-22.9397
IMG_0418,82.94,180.883,126.78,-20.7508
IMG_0419,82.249,179.279,132.66,-26.2197
IMG_0420,79.589,172.015,178.171,-18.1944
IMG_0421,83.113,177.471,116.327,-19.5374
IMG_0422,79.856,172.709,176.067,-14.9372
IMG_0423,79.291,171.036,179.401,-9.4936
IMG_0424,78.641,163.728,186.605,-4.1571
IMG_0425,76.912,149.915,208.444,-3.7726
IMG_0426,77.161,154.135,202.856,-3.7575
IMG_0427,76.81,150.391,207.151,-4.1098
IMG_0428,87.329,199.677,165.216,-15.6278
IMG_0429,88.032,202.293,156.024,-15.5317
IMG_0430,89.302,206.813,144.41,-20.5315
IMG_0431,88.404,203.621,152.089,-18.8719
IMG_0432,87.312,199.935,160.285,-17.1672
IMG_0433,86.796,199.255,161.307,-16.9144
IMG_0434,87.375,200.034,160.84,-15.8769
IMG_0435,87.138,197.822,164.119,-15.9035
IMG_0436,87.118,199.275,162.544,-15.0863
IMG_0437,87.223,199.196,155.666,-14.9098
IMG_0438,88.12,201.131,140.152,-16.0419
IMG_0439,88.903,201.435,137.751,-16.8532
IMG_0440,88.266,196.292,139.664,-18.2905
IMG_0441,85.927,183.91,176.335,-18.0965
IMG_0442,86.199,188.64,160.92,-19.632
IMG_0443,85.517,187.875,157.7,-20.1904
IMG_0444,86.086,190.203,149.753,-20.1147
IMG_0445,84.288,185.8,169.509,-18.4171
IMG_0446,83.571,182.094,179.227,-10.1156
IMG_0447,83.09,173.707,191.144,-7.6062
IMG_0448,84.903,186.475,165.86,-8.0142
IMG_0449,85.655,181.288,125.263,-19.1222
IMG_0450,81.894,175.342,175.477,-18.6516
IMG_0451,83.212,179.265,146.62,-12.3436
IMG_0452,82.54,179.582,166.329,-14.1045
IMG_0453,82.944,184.754,142.307,-12.7455
IMG_0454,84.515,186.94,122.853,-16.3504
IMG_0455,87.77,186.9,100.093,-20.8178
IMG_0456,82.93,185.342,135.748,-16.5294
IMG_0457,80.578,176.922,166.635,-12.278
IMG_0458,80.856,178.584,164.973,-10.7256
IMG_0459,80.363,176.947,161.307,-7.8091
IMG_0460,80.214,175.908,166.877,-7.075
IMG_0461,80.597,179.424,129.195,-12.904
IMG_0462,80.051,177.582,154.042,-9.1073
IMG_0463,80.475,178.422,150.035,-8.2649
IMG_0464,82.187,181.378,126.507,-11.3903
IMG_0465,84.457,179.665,107.415,-13.9567
IMG_0466,81.016,180.457,132.266,-11.4612
IMG_0467,80.814,179.377,133.77,-11.3954
IMG_0468,80.281,179.265,146.457,-11.1007
IMG_0469,79.858,177.65,146.099,-9.1292
IMG_0470,81.62,180.192,130.137,-14.9984
IMG_0471,79.567,178.196,153.85,-11.2362
IMG_0472,79.449,175.256,167.208,-8.6229
IMG_0473,80.847,181.788,154.287,-12.196
IMG_0474,79.571,175.993,169.525,-8.0412
IMG_0475,79.159,174.606,172.622,-7.6067
IMG_0476,79.421,176.367,165.204,-6.7911
IMG_0477,82.428,116.568,246.051,-5.1435
IMG_0478,82.602,122.57,243.224,-4.9598
IMG_0479,83.185,134.597,234.924,-6.1785
IMG_0480,83.018,130.87,238.314,-5.3758
IMG_0481,82.66,131.233,237.507,-6.062
IMG_0482,84.047,160.917,213.447,-9.6357
IMG_0483,83.385,150.172,223.465,-6.4379
IMG_0484,82.797,149.432,223.475,-5.5094
IMG_0485,83.703,167.898,203.645,-5.3582
IMG_0486,82.734,154.007,217.931,-6.2452
IMG_0487,82.708,164.538,206.438,-8.0484
IMG_0488,85.124,187.334,168.517,-7.174
IMG_0489,84.019,176.807,189.235,-9.1396
IMG_0490,89.215,199.117,129.313,-10.7263
IMG_0491,90.059,200.548,125.151,-23.9282
IMG_0492,89.432,197.291,114.167,-22.618
IMG_0493,89.954,198.977,114.18,-22.8781
IMG_0494,89.159,193.132,110.43,-23.5532
IMG_0495,88.135,193.658,112.272,-21.1942
IMG_0496,83.727,186.123,150.009,-11.48
IMG_0497,82.768,178.256,165.34,-15.6392
IMG_0498,83.367,180.266,151.35,-13.2061
IMG_0499,83.013,180.873,161.361,-16.3236
IMG_0500,87.718,187.83,103.733,-22.455
IMG_0501,88.878,181.434,90.389,-23.9844
IMG_0502,90.491,190.751,91.642,-25.3477
IMG_0503,86.281,179.626,104.171,-25.0056
IMG_0504,86.143,180.625,110.085,-23.1403
IMG_0505,88.493,181.939,88.791,-23.1456
IMG_0506,88.221,177.878,83.304,-23.218
IMG_0507,89.058,176.461,82.745,-22.2017
IMG_0508,89.536,181.529,85.007,-20.9039
IMG_0509,87.98,175.083,84.834,-20.5957
IMG_0510,88.003,179.778,89.067,-18.8997
IMG_0511,84.376,176.105,107.816,-17.2859
IMG_0512,86.212,178.16,106.194,-21.1823
IMG_0513,86.516,176.578,97.172,-22.7854
IMG_0514,85.038,177.527,100.456,-19.1764
IMG_0515,86.469,177.585,90.248,-17.8558
IMG_0516,86.331,177.509,88.061,-18.5361
IMG_0517,87.791,173.535,83.028,-19.3328
IMG_0518,87.386,172.856,81.238,-22.7637
IMG_0519,87.548,172.12,82.011,-20.3255
IMG_0520,85.899,169.742,83.258,-23.4918
IMG_0521,87.532,176.204,86.362,-22.7817
IMG_0522,86.141,181.828,98.81,-22.2274
IMG_0523,85.458,174.601,93.369,-22.1477
IMG_0524,87.765,177.039,90.733,-23.2216
IMG_0525,86.324,172.061,88.767,-22.0087
IMG_0526,86.941,195.533,158.265,-13.4492
IMG_0527,88.172,201.88,144.099,-15.2232
IMG_0528,86.385,191.541,167.504,-18.413
IMG_0529,88.706,201.762,143.302,-11.6997
IMG_0530,85.978,186.086,174.862,-15.1186
IMG_0531,87.871,197.553,144.611,-17.296
IMG_0532,87.582,196.162,149.928,-16.7557
IMG_0533,86.486,194.174,163.692,-13.5346
IMG_0534,85.453,185.73,174.7,-10.1898
IMG_0535,86.594,193.691,154.3,-12.3101
IMG_0536,91.451,200.255,108.999,-21.3939
IMG_0537,88.497,200.368,125.343,-23.7477
IMG_0538,91.204,205.244,114.36,-23.327
IMG_0539,86.574,195.501,138.745,-19.0726
IMG_0540,85.376,191.821,160.344,-12.301
IMG_0541,86.102,192.749,128.413,-14.2019
IMG_0542,84.869,192.232,144.096,-12.3026
IMG_0543,85.435,193.263,136.429,-12.0171
IMG_0544,84.443,189.693,134.758,-12.6843
IMG_0545,84.345,189.806,136.191,-13.0666
IMG_0546,84.692,188.413,126.115,-15.8879
IMG_0547,84.668,184.128,112.004,-16.8801
IMG_0548,83.654,187.538,123.809,-14.663
IMG_0549,83.313,188.51,126.229,-12.7842
IMG_0550,82.685,185.604,130.844,-12.2808
IMG_0551,82.992,185.872,136.21,-10.9147
IMG_0552,82.42,183.402,131.235,-10.9334
IMG_0553,81.161,181.736,145.109,-12.0729
IMG_0554,80.702,181.671,134.476,-11.9838
IMG_0555,80.337,180.645,143.692,-11.5318
IMG_0556,80.226,177.783,126.315,-13.3658
IMG_0557,81.072,181.193,137.429,-12.8646
IMG_0558,81.132,180.666,135.426,-12.7057
IMG_0559,81.074,178.848,133.103,-10.8619
IMG_0560,80.428,176.681,123.184,-16.8592
IMG_0561,81.487,178.351,128.392,-16.1654
IMG_0562,82.509,180.995,111.051,-14.1783
IMG_0563,81.876,175.793,96.433,-15.3475
IMG_0564,83.018,171.472,89.602,-18.0062
IMG_0565,88.342,170.21,69.298,-22.2103
IMG_0566,86.422,169.905,77.762,-22.599
IMG_0567,80.007,178.808,120.615,-14.0082
IMG_0568,80.293,178.376,114.894,-11.9655
IMG_0569,81.029,180.313,127.662,-11.2351
IMG_0570,80.752,180.095,125.649,-10.8528
IMG_0571,80.426,181.64,120.027,-10.3645
IMG_0572,80.43,180.896,126.196,-8.7424
IMG_0573,79.925,180.143,127.422,-9.1052
IMG_0574,80.246,179.128,126.582,-9.5746
IMG_0575,93.633,199.845,92.006,-21.5961
IMG_0576,90.413,187.39,85.372,-21.9477
IMG_0577,93.467,192.85,80.915,-21.9194
IMG_0578,92.802,191.068,80.258,-24.3793
IMG_0579,90.282,178.288,76.79,-23.7722
IMG_0580,91.06,183.78,77.581,-23.7331
IMG_0581,91.808,187.198,77.621,-24.1494
IMG_0582,91.352,177.857,73.908,-24.5533
IMG_0583,90.248,174.394,68.327,-24.6906
IMG_0584,91.231,178.167,70.347,-24.5103
IMG_0585,91.787,177.074,68.778,-23.7317
IMG_0586,92.952,183.948,71.545,-23.8033
IMG_0587,91.403,177.764,68.214,-23.3053
IMG_0588,93.273,185.299,69.025,-23.9749
IMG_0589,92.806,182.403,69.119,-23.1971
IMG_0590,91.473,173.856,66.666,-24.2585
IMG_0591,92.725,177.969,67.655,-24.3873
IMG_0592,91.514,176.689,67.001,-23.3044
IMG_0593,90.235,170.703,65.905,-23.8029
IMG_0594,92.925,180.278,68.092,-23.3529
IMG_0595,90.414,170.349,67.451,-23.4336
IMG_0596,91.754,177.822,69.408,-22.3953
IMG_0597,90.922,177.919,72.044,-21.9552
IMG_0598,87.333,171.91,79.779,-21.21
IMG_0599,86.602,178.967,91.991,-12.5889
IMG_0600,83.303,175.712,100.764,-12.2246
IMG_0601,80.936,177.604,129.332,-11.1647
IMG_0602,79.537,176.442,159.905,-8.0531
IMG_0603,80.169,176.588,155.962,-7.431
IMG_0604,85.443,167.694,209.18,-11.3776
IMG_0605,85.725,168.1,208.453,-9.9323
IMG_0606,85.478,161.668,216.123,-10.0838
IMG_0607,85.713,164.739,212.278,-9.9147
IMG_0608,85.851,171.079,206.335,-9.756
IMG_0609,85.587,167.924,209.342,-9.6142
IMG_0610,86.152,176.383,199.702,-9.571
IMG_0611,86.707,185.688,184.705,-9.621
IMG_0612,88.161,194.3,165.319,-10.9104
IMG_0613,88.455,195.884,163.296,-14.9831
IMG_0614,87.858,193.922,165.346,-14.2898
IMG_0615,87.663,193.013,168.919,-12.6035
IMG_0616,86.802,191.985,173.593,-11.2294
IMG_0617,86.811,190.308,170.063,-10.7739
IMG_0618,85.986,187.651,180.135,-11.1027
IMG_0619,85.549,187.115,179.619,-9.8589
IMG_0620,85.737,189.424,169.523,-10.7961
IMG_0621,85.512,187.748,167.527,-11.2227
IMG_0622,84.719,182.882,178.837,-11.7562
IMG_0623,83.904,178.603,189.233,-9.8356
IMG_0624,83.942,181.143,186.252,-9.7321
IMG_0625,82.426,182.559,166.005,-9.8962
IMG_0626,83.656,183.78,130.553,-11.9738
IMG_0627,86.497,184.149,113.136,-16.7941
IMG_0628,83.163,182.748,132.274,-15.3971
IMG_0629,81.942,182.041,155.195,-11.4112
IMG_0630,81.701,182.491,162.947,-11.7539
IMG_0631,81.794,182.323,162.268,-9.7917
IMG_0632,80.941,181.923,154.746,-9.3222
IMG_0633,80.625,178.732,163.535,-9.6066
IMG_0634,81.665,181.333,149.258,-9.26
IMG_0635,80.861,181.258,147.52,-9.3571
IMG_0636,80.982,181.778,146.516,-9.0572
IMG_0637,81.379,180.669,128.66,-10.0349
IMG_0638,81.678,182.131,131.746,-11.2344
IMG_0639,80.831,181.739,130.554,-10.1405
IMG_0640,80.464,179.424,130.758,-11.7833
IMG_0641,80.807,180.092,131.306,-12.5637
IMG_0642,79.174,178.089,135.614,-11.3551
IMG_0643,79.777,175.936,127.295,-13.5968
IMG_0644,81.94,179.43,121.548,-16.2081
IMG_0645,80.995,172.433,110.913,-15.3243
IMG_0646,82.71,174.551,107.174,-15.6078
IMG_0647,80.329,176.028,117.734,-13.9649
IMG_0648,82.085,175.409,111.314,-13.7644
IMG_0649,82.531,176.718,118.017,-16.4931
IMG_0650,80.462,175.293,124.898,-19.4227
IMG_0651,82.86,172.271,106.86,-18.4137
IMG_0652,81.611,175.561,111.557,-16.7272
IMG_0653,85.817,168.658,211.129,-8.3073
IMG_0654,86.111,176.723,201.186,-8.4061
IMG_0655,86.934,193.515,179.457,-8.4815
IMG_0656,86.573,187.976,190.402,-8.8195
IMG_0657,87.002,190.704,183.559,-8.5043
IMG_0658,87.461,198.714,171.796,-8.4363
IMG_0659,88.441,204.887,155.381,-12.3146
IMG_0660,87.644,198.997,166.745,-9.3483
IMG_0661,88.002,201.601,162.232,-9.9746
IMG_0662,87.476,200.842,157.223,-10.804
IMG_0663,87.426,200.047,157.908,-10.1093
IMG_0664,89.14,208.078,137.276,-9.2836
IMG_0665,92.047,210.455,114.546,-12.2546
IMG_0666,96.497,218.932,98.451,-20.0193
IMG_0667,96.684,215.8,97.715,-23.0745
IMG_0668,95.472,209.792,95.243,-22.7
IMG_0669,95.447,212.198,99.724,-23.2423
IMG_0670,95.036,205.393,92.901,-22.9887
IMG_0671,94.475,206.187,94.202,-22.4044
IMG_0672,93.995,205.443,93.936,-17.6
IMG_0673,88.956,198.994,112.299,-14.7612
IMG_0674,84.245,185.283,111.32,-10.5157
IMG_0675,84.877,187.475,125.235,-11.4594
IMG_0676,84.319,187.775,122.279,-12.865
IMG_0677,83.968,184.546,125.029,-12.1927
IMG_0678,82.79,182.837,146.135,-13.5686
IMG_0679,81.709,180.632,171.973,-10.6879
IMG_0680,81.189,178.055,170.275,-8.7169
IMG_0681,81.538,181.35,163.229,-8.2914
IMG_0682,80.806,176.256,177.507,-7.7854
IMG_0683,79.987,170.729,187.037,-5.6899
IMG_0684,80.255,175.949,174.137,-5.1117
IMG_0685,79.778,167.874,189.427,-7.1903
IMG_0686,79.342,159.758,203.19,-4.6765
IMG_0687,79.398,160.636,200.128,-4.488
IMG_0688,79.827,167.177,189.435,-4.9362
IMG_0689,79.527,168.711,186.459,-5.2971
IMG_0690,78.748,160.712,200.517,-4.0267
IMG_0691,79.036,161.79,198.408,-4.946
IMG_0692,78.393,159.401,201.381,-3.1722
IMG_0693,79.402,168.599,188.194,-4.526
IMG_0694,78.661,159.266,201.54,-4.5194
IMG_0695,79.071,169.346,187.085,-4.5303
IMG_0696,78.35,157.533,203.994,-4.8611
IMG_0697,78.446,163.982,193.433,-4.4203
IMG_0698,79.079,163.864,195.607,-6.0977
IMG_0699,78.932,166.086,189.142,-6.8663
IMG_0700,78.945,165.581,192.307,-5.0347
IMG_0701,78.973,170.936,181.352,-6.0613
IMG_0702,92.781,191.536,80.6,-20.6929
IMG_0703,91.763,188.704,79.04,-20.565
IMG_0704,93.423,192.284,79.841,-20.4486
IMG_0705,92.748,189.212,80.603,-21.1255
IMG_0706,90.955,180.074,77.54,-20.5318
IMG_0707,92.778,189.326,78.122,-20.2493
IMG_0708,91.365,180.383,75.17,-20.8022
IMG_0709,90.837,178.657,73.824,-20.2614
IMG_0710,90.489,177.338,74.312,-20.496
IMG_0711,90.433,178.157,75.827,-19.8184
IMG_0712,90.21,177.281,77.023,-19.6197
IMG_0713,91.304,179.583,77.711,-20.697
IMG_0714,90.033,176.346,76.097,-20.3755
IMG_0715,89.481,175.765,76.251,-19.1136
IMG_0716,90.971,182.647,78.685,-18.432
IMG_0717,88.788,174.326,77.509,-19.0256
IMG_0718,88.982,174.014,76.322,-19.7229
IMG_0719,89.013,173.999,76.693,-18.7819
IMG_0720,90.25,177.428,78.237,-18.8977
IMG_0721,88.667,175.322,79.136,-18.2917
IMG_0722,90.636,179.342,79.357,-19.3354
IMG_0723,89.352,174.907,77.756,-18.78
IMG_0724,87.427,167.894,74.688,-18.8246
IMG_0725,87.287,167.993,78.097,-16.9541
IMG_0726,88.24,171.536,84.367,-16.9052
IMG_0727,86.557,169.14,87.269,-16.4638
IMG_0728,87.842,173.066,88.675,-17.8046
IMG_0729,85.562,168.515,206.842,-8.1225
IMG_0730,89.797,198.828,155.662,-13.5432
IMG_0731,89.374,196.432,157.218,-18.1922
IMG_0732,88.517,195.497,162.762,-13.313
IMG_0733,90.694,202.613,146.786,-14.6472
IMG_0734,89.595,200.976,149.639,-13.8232
IMG_0735,90.193,203.561,143.279,-11.629
IMG_0736,91.286,201.671,143.9,-17.5066
IMG_0737,86.764,187.196,180.215,-19.4994
IMG_0738,91.124,204.88,137.338,-12.3183
IMG_0739,91.575,205.391,128.384,-13.7726
IMG_0740,88.514,197.604,145.251,-10.5832
IMG_0741,86.848,193.466,161.975,-8.3574
IMG_0742,85.55,185.936,175.539,-7.9589
IMG_0743,84.527,177.374,193.449,-4.1712
IMG_0744,84.468,183.09,180.83,-7.365
IMG_0745,83.845,173.384,196.001,-9.8417
IMG_0746,83.838,177.639,187.759,-7.8133
IMG_0747,83.332,174.238,192.623,-4.947
IMG_0748,82.892,172.494,191.65,-5.7145
IMG_0749,82.937,171.652,193.911,-4.8289
IMG_0750,81.342,177.164,167.268,-9.7902
IMG_0751,82.654,178.747,136.65,-14.6355
IMG_0752,87.252,176.886,102.969,-18.3362
IMG_0753,86.85,177.421,106.789,-14.9851
IMG_0754,81.491,180.019,154.621,-10.7445
IMG_0755,81.899,177.719,143.758,-13.7178
IMG_0756,80.827,176.166,160.906,-7.3995
IMG_0757,82.254,177.068,119.506,-12.2073
IMG_0758,85.415,173.668,98.757,-18.4365
IMG_0759,86.779,173.336,86.163,-17.8758
IMG_0760,87.853,171.824,84.59,-18.0566
IMG_0761,83.037,174.351,114.608,-17.8954
IMG_0762,81.683,176.715,129.111,-13.1473
IMG_0763,83.962,171.432,101.753,-15.6155
IMG_0764,82.426,176.936,117.919,-12.9455
IMG_0765,81.993,174.816,113.204,-13.1372
IMG_0766,81.935,173.385,117.356,-13.709
IMG_0767,84.809,175.598,98.886,-15.5529
IMG_0768,81.818,172.725,110.9,-12.7469
IMG_0769,83.982,170.065,97.273,-13.5195
IMG_0770,81.385,166.991,100.939,-14.0813
IMG_0771,82.117,169.695,107.53,-13.631
IMG_0772,83.783,168.748,100.954,-14.0928
IMG_0773,81.77,167.903,111.984,-14.3706
IMG_0774,80.003,168.884,140.986,-14.3064
IMG_0775,79.136,168.752,153.429,-9.3821
IMG_0776,77.746,159.688,177.557,-10.459
IMG_0777,75.738,152.27,183.177,-8.0487
IMG_0778,83.008,124.286,242.631,-5.7611
IMG_0779,83.129,133.272,236.804,-14.9197
IMG_0780,83.049,124.055,241.655,-3.4675
IMG_0781,87.07,178.524,164.473,-8.8191
IMG_0782,87.367,186.777,154.26,-20.3971
IMG_0783,82.455,139.778,230.43,-7.2429
IMG_0784,83.302,160.199,205.154,-5.9
IMG_0785,85.125,176.855,173.621,-14.1095
IMG_0786,82.717,140.816,227.818,-5.224
IMG_0787,83.094,153.181,218.295,-6.1288
IMG_0788,83.289,156.142,215.319,-6.3216
IMG_0789,83.502,161.701,209.251,-5.8301
IMG_0790,82.788,164.971,201.363,-10.5605
IMG_0791,85.657,177.996,153.388,-14.8461
IMG_0792,85.905,183.2,150.974,-17.689
IMG_0793,82.571,168.398,178.149,-13.7976
IMG_0794,83.96,169.64,158.036,-15.8286
IMG_0795,80.551,143.953,224.151,-3.1467
IMG_0796,79.833,135.842,231.466,-2.7395
IMG_0797,78.823,132.002,232.728,-2.4135
IMG_0798,78.693,134.862,231.125,-2.3474
IMG_0799,78.989,148.778,216.457,-2.5166
IMG_0800,81.709,177.056,151.71,-5.0169
IMG_0801,82.943,176.83,141.677,-14.0007
IMG_0802,81.456,178.812,159.459,-8.0703
IMG_0803,82.215,183.031,150.028,-7.4669
IMG_0804,83.441,182.032,136.903,-14.8364
IMG_0805,89.351,185.672,87.403,-22.6882
IMG_0806,91.115,186.552,84.612,-22.9901
IMG_0807,91.654,185.538,82.599,-22.9057
IMG_0808,88.245,176.634,79.073,-21.8937
IMG_0809,89.092,178.15,83.21,-22.3728
IMG_0810,89.051,179.462,87.688,-21.7866
IMG_0811,86.168,175.672,92.142,-21.4398
IMG_0812,83.752,176.911,111.129,-22.418
IMG_0813,82.791,175.872,108.206,-21.2809
IMG_0814,80.609,174.851,140.941,-18.2347
IMG_0815,80.428,174.286,139.625,-18.9207
IMG_0816,84.779,173.432,99.834,-21.1036
IMG_0817,86.384,170.557,90.805,-23.0926
IMG_0818,86.7,173.293,92.068,-22.8393
IMG_0819,87.269,172.815,88.297,-23.9996
IMG_0820,85.027,169.392,92.301,-23.0997
IMG_0821,83.67,172.547,110.253,-20.9433
IMG_0822,81.631,179.115,124.857,-13.3408
IMG_0823,83.448,177.173,112.405,-21.6412
IMG_0824,82.778,176.357,111.174,-22.154
IMG_0825,86.108,173.872,101.107,-20.733
IMG_0826,87.811,172.435,77.942,-22.5625
IMG_0827,92.446,212.021,116.081,-16.2753
IMG_0828,89.49,204.94,129.668,-15.0853
IMG_0829,89.103,204.356,131.133,-13.9483
IMG_0830,89.846,204.727,125.173,-14.0341
IMG_0831,87.701,200.03,143.001,-12.7589
IMG_0832,86.431,195.253,157.542,-10.8969
IMG_0833,85.79,191.511,168.532,-10.3891
IMG_0834,85.543,191.201,169.476,-9.8359
IMG_0835,84.948,185.869,181.572,-10.6131
IMG_0836,84.871,187.381,177.499,-10.1564
IMG_0837,84.906,187.727,175.988,-9.7203
IMG_0838,85.068,189.328,169.622,-9.5581
IMG_0839,85.052,190.858,160.863,-10.1223
IMG_0840,85.815,193.805,142.828,-10.748
IMG_0841,87.149,194.105,127.259,-13.1935
IMG_0842,84.188,187.585,153.808,-13.7606
IMG_0843,84.643,187.992,142.89,-13.5585
IMG_0844,82.686,174.85,180.946,-13.1362
IMG_0845,83.384,179.816,164.766,-10.6297
IMG_0846,85.491,184.757,125.659,-12.8594
IMG_0847,82.679,182.237,157.152,-13.4149
IMG_0848,81.404,176.069,174.578,-10.3999
IMG_0849,81.003,175.463,170.031,-9.1403
IMG_0850,80.659,172.422,175.113,-8.8573
IMG_0851,80.557,172.789,167.911,-11.2171
IMG_0852,80.102,168.416,173.366,-11.0558
IMG_0853,79.734,164.678,178.617,-9.3242
IMG_0854,78.194,147.078,211.341,-5.8932
IMG_0855,78.47,165.655,181.085,-7.3865
IMG_0856,78.588,161.379,189.26,-5.5723
IMG_0857,78.172,155.034,201.507,-4.181
IMG_0858,76.874,138.503,221.144,-3.1715
IMG_0859,77.667,152.855,200.208,-3.8333
IMG_0860,78.143,162.722,188.144,-7.772
IMG_0861,78.748,168.591,174.715,-8.5284
IMG_0862,79.209,170.738,155.682,-6.8884
IMG_0863,79.069,172.544,149.983,-8.7169
IMG_0864,78.949,171.432,164.942,-8.3829
IMG_0865,78.931,171.655,152.013,-9.9725
IMG_0866,78.54,170.831,164.983,-9.0803
IMG_0867,77.376,161.499,191.614,-6.948
IMG_0868,77.593,163.899,182.057,-4.9706
IMG_0869,78.001,161.796,191.222,-5.4261
IMG_0870,75.865,132.321,227.108,-2.2452
IMG_0871,76.644,155.249,188.546,-6.0785
IMG_0872,77.075,155.947,188.313,-7.606
IMG_0873,77.145,162.723,177.173,-5.8898
IMG_0874,75.441,140.575,216.068,-7.8576
IMG_0875,74.833,135.185,219.522,-2.7172
IMG_0876,83.385,124.943,241.79,-5.1119
IMG_0877,83.785,125.339,241.789,-2.3654
IMG_0878,83.462,121.28,243.904,-4.391
IMG_0879,83.506,125.166,241.773,-4.982
IMG_0880,83.448,130.186,239.284,-5.6032
IMG_0881,83.5,133.285,237.157,-5.7134
IMG_0882,83.233,131.049,238.559,-5.5661
IMG_0883,83.083,130.424,238.966,-5.7893
IMG_0884,82.868,130.229,239.192,-5.7095
IMG_0885,82.93,131.459,238.301,-6.123
IMG_0886,83.216,135.825,234.903,-5.7412
IMG_0887,82.922,138.931,232.777,-5.2486
IMG_0888,82.918,141.158,231.642,-5.7837
IMG_0889,82.631,140.424,232.083,-5.3627
IMG_0890,82.537,146.783,226.424,-4.9979
IMG_0891,82.054,148.767,223.747,-4.8314
IMG_0892,81.976,148.77,223.898,-4.5224
IMG_0893,81.85,149.478,222.961,-4.3174
IMG_0894,81.954,153.637,217.672,-4.1064
IMG_0895,81.653,151.391,219.402,-3.9717
IMG_0896,81.325,148.924,222.376,-4.0119
IMG_0897,80.574,160.759,204.536,-4.644
IMG_0898,79.866,156.552,209.92,-4.125
IMG_0899,79.525,153.939,212.226,-4.3193
IMG_0900,80.032,155.541,210.871,-4.2376
IMG_0901,79.874,154.484,211.594,-3.6802
IMG_0902,80.037,155.447,210.201,-3.7573
IMG_0903,79.322,155.279,209.739,-4.1618
IMG_0904,79.112,156.173,207.855,-4.1145
IMG_0905,79.208,156.069,207.625,-4.2594
IMG_0906,79.097,154.821,209.437,-4.4771
IMG_0907,79.092,155.556,208.892,-4.5553
IMG_0908,79.138,155.938,207.601,-4.3375
IMG_0909,78.655,151.611,212.488,-5.0506
IMG_0910,78.423,150.839,213.021,-4.9764
IMG_0911,78.268,152.794,208.649,-5.994
IMG_0912,77.777,148.174,214.872,-6.1203
IMG_0913,78.068,150.386,212.172,-6.2806
IMG_0914,78.059,151.661,210.585,-6.3742
IMG_0915,77.791,151.984,209.67,-6.4037
IMG_0916,77.622,148.676,213.365,-6.5402
IMG_0917,78.062,153.342,207.291,-6.4071
IMG_0918,77.471,149.576,211.414,-6.409
IMG_0919,77.43,147.978,213.839,-6.3476
IMG_0920,77.335,150.779,210.169,-6.1496
IMG_0921,77.216,149.403,211.676,-6.3897
IMG_0922,77.432,151.765,207.846,-6.2024
IMG_0923,77.381,150.196,210.649,-6.3372
IMG_0924,77.604,150.762,208.94,-6.5409
IMG_0925,85.537,170.81,198.959,-15.3843
IMG_0926,84.321,152.352,219.641,-16.6852
IMG_0927,84.234,154.054,220.419,-12.9939
IMG_0928,84.802,166.062,206.165,-14.6571
IMG_0929,84.517,164.19,210.008,-11.9943
IMG_0930,84.095,154.812,219.789,-9.9978
IMG_0931,84.166,158.202,213.283,-13.1178
IMG_0932,84.794,167.931,199.428,-16.9025
IMG_0933,86.21,181.769,176.298,-23.2049
IMG_0934,86.841,183.721,166.843,-25.68
IMG_0935,86.45,189.763,158.428,-24.6825
IMG_0936,85.113,182.468,175.892,-23.2944
IMG_0937,85.579,185.352,165.816,-19.1096
IMG_0938,83.931,176.468,188.347,-17.2585
IMG_0939,84.618,180.929,172.649,-12.0277
IMG_0940,84.304,184.507,162.145,-15.1806
IMG_0941,83.865,183.532,166.808,-12.1793
IMG_0942,84.049,186.496,158.284,-13.9181
IMG_0943,83.525,185.884,152.955,-15.7684
IMG_0944,82.813,182.07,167.04,-16.107
IMG_0945,82.136,175.519,187.278,-12.4532
IMG_0946,81.512,169.336,193.316,-8.1667
IMG_0947,81.108,170.999,189.94,-9.4802
IMG_0948,81.095,174.004,184.222,-8.8252
IMG_0949,80.979,169.268,190.885,-8.7605
IMG_0950,80.666,166.239,192.575,-6.4413
IMG_0951,80.829,173.268,183.974,-7.22
IMG_0952,80.568,170.456,186.84,-8.2228
IMG_0953,79.9,168.985,187.795,-9.3238
IMG_0954,79.736,165.04,194.522,-7.258
IMG_0955,79.835,164.843,194.606,-8.5868
IMG_0956,79.759,164.605,192.956,-6.9017
IMG_0957,79.846,167.027,187.441,-7.3095
IMG_0958,79.278,167.76,185.705,-8.1391
IMG_0959,79.468,169.564,181.944,-8.2681
IMG_0960,79.319,168.572,183.816,-8.7437
IMG_0961,79.389,167.152,184.157,-8.5336
IMG_0962,79.696,171.905,174.045,-8.8434
IMG_0963,79.318,169.831,178.408,-9.1198
IMG_0964,79.297,168.364,181.329,-9.2183
IMG_0965,79.31,170.651,176.952,-9.3167
IMG_0966,79.469,172.856,170.693,-7.7013
IMG_0967,79.513,173.076,170.776,-9.0584
IMG_0968,79.511,176.209,160.638,-9.9479
IMG_0969,80.648,177.768,142.863,-12.5036
IMG_0970,79.682,175.312,159.991,-12.0482
IMG_0971,79.898,177.239,150.439,-12.4515
IMG_0972,79.861,176.567,152.456,-10.0101
IMG_0973,79.235,172.693,168.709,-9.2952
IMG_0974,94.867,218.939,119.382,-35.6876
IMG_0975,95.298,222.967,117.454,-37.3016
IMG_0976,95.918,222.494,115.79,-35.6011
IMG_0977,96.155,224.397,113.47,-35.1805
IMG_0978,96.252,224.306,112.086,-36.7247
IMG_0979,96.032,224.343,109.773,-36.4079
IMG_0980,96.107,224.077,107.637,-35.248
IMG_0981,96.411,218.737,101.803,-37.5886
IMG_0982,96.032,216.461,97.511,-37.2693
IMG_0983,96.56,216.716,96.624,-36.1886
IMG_0984,96.519,216.556,94.479,-38.5404
IMG_0985,96.671,215.137,92.097,-37.0075
IMG_0986,96.434,212.386,90.307,-34.9444
IMG_0987,95.217,198.717,76.311,-38.6351
IMG_0988,95.845,200.688,76.906,-36.0952
IMG_0989,95.72,198.546,75.818,-37.1675
IMG_0990,95.149,197.012,73.783,-35.0354
IMG_0991,95.657,197.656,74.305,-37.4137
IMG_0992,95.212,194.947,72.668,-37.7419
IMG_0993,94.797,193.842,70.694,-31.1062
IMG_0994,94.459,190.395,69.059,-31.2767
IMG_0995,94.409,187.556,67.797,-32.856
IMG_0996,94.631,187.997,66.851,-31.3224
IMG_0997,94.41,185.563,67.148,-28.9181
IMG_0998,93.633,182.932,66.565,-28.8021
IMG_0999,94.037,183.581,67.614,-28.3925
IMG_1000,93.494,182.642,66.935,-30.295
IMG_1001,94.484,183.059,67.483,-31.6526
IMG_1002,93.476,180.85,67.103,-29.3702
IMG_1003,92.866,179.254,66.961,-34.1779
IMG_1004,93.065,179.719,66.438,-29.0122
IMG_1005,93.627,181.388,66.598,-28.3536
IMG_1006,92.791,179.208,65.633,-32.1304
IMG_1007,94.032,183.803,67.417,-31.2401
IMG_1008,93.14,181.341,67.902,-33.3478
IMG_1009,92.256,177.841,67.984,-34.1765
IMG_1010,92.003,179.409,67.106,-34.5344
IMG_1011,92.97,180.487,67.268,-34.5863
IMG_1012,92.73,179.46,66.009,-33.4961
IMG_1013,93.463,179.846,65.323,-30.3388
IMG_1014,92.342,176.41,63.976,-32.3786
IMG_1015,89.854,194.757,99.558,-23.486
IMG_1016,91.294,196.466,94.937,-28.2362
IMG_1017,91.124,189.772,88.418,-31.1163
IMG_1018,85.6,186.546,107.115,-31.2577
IMG_1019,88.482,185.598,92.206,-30.1548
IMG_1020,89.877,187.462,86.565,-30.0989
IMG_1021,92.077,191.339,85.005,-30.8575
IMG_1022,90.623,183.981,79.91,-30.2412
IMG_1023,88.687,177.772,81.354,-29.335
IMG_1024,87.916,177.944,90.483,-28.3563
IMG_1025,84.628,180.172,105.758,-29.9521
IMG_1026,86.309,188.073,104.899,-24.0862
IMG_1027,83.663,183.039,110.558,-23.655
IMG_1028,88.292,181.564,90.064,-23.127
IMG_1029,84.304,182.428,105.97,-26.6892
IMG_1030,81.903,182.369,131.774,-14.6477
IMG_1031,86.358,182.521,99.268,-18.1448
IMG_1032,85.92,178.93,93.179,-22.9679
IMG_1033,84.169,178.338,104.178,-26.3686
IMG_1034,81.386,177.585,127.503,-24.0949
IMG_1035,80.547,177.637,129.088,-16.6084
IMG_1036,80.345,179.053,141.421,-13.7181
IMG_1037,81.262,180.359,134.164,-14.3411
IMG_1038,79.729,178.184,140.772,-17.7564
IMG_1039,79.271,174.822,154.45,-12.0509
IMG_1040,79.613,175.485,160.733,-11.8289
IMG_1041,79.761,177.172,157.139,-12.4118
IMG_1042,79.616,174.287,168.967,-10.2409
IMG_1043,79.157,174.423,170.153,-9.7243
IMG_1044,85.699,160.837,217.303,-9.6978
IMG_1045,85.4,159.542,217.899,-10.3162
IMG_1046,85.569,161.436,217.147,-10.667
IMG_1047,86.301,176.231,203.541,-9.1287
IMG_1048,85.499,167.64,210.633,-7.9425
IMG_1049,84.554,151.526,222.877,-7.7332
IMG_1050,84.492,153.281,220.684,-8.7202
IMG_1051,84.75,168.908,208.287,-8.6592
IMG_1052,84.193,154.824,220.272,-8.4417
IMG_1053,83.955,150.452,223.878,-7.2575
IMG_1054,83.328,153.101,220.575,-7.0371
IMG_1055,83.418,160.297,214.226,-7.5078
IMG_1056,82.919,152.507,220.367,-7.1578
IMG_1057,82.622,152.073,220.588,-7.1687
IMG_1058,82.92,145.937,227.344,-6.3844
IMG_1059,83.422,160.585,213.113,-7.3208
IMG_1060,82.161,167.496,201.682,-6.3916
IMG_1061,82.323,169.333,200.104,-5.844
IMG_1062,81.74,161.764,207.375,-5.6248
IMG_1063,82.16,167.639,201.081,-3.6682
IMG_1064,81.902,162.946,206.413,-3.3472
IMG_1065,81.802,163.221,206.246,-4.0327
IMG_1066,81.359,169.234,194.297,-3.2163
IMG_1067,81.447,173.3,188.937,-4.9429
IMG_1068,81.428,171.991,188.463,-5.1593
IMG_1069,81.403,171.822,188.544,-4.9757
IMG_1070,81.494,171.244,187.948,-4.9164
IMG_1071,80.819,167.089,196.366,-4.8361
IMG_1072,80.2,164.127,197.412,-4.2246
IMG_1073,80.688,169.572,192.895,-4.176
IMG_1074,80.633,166.627,198.148,-2.6779
IMG_1075,80.518,166.069,197.312,-2.6462
IMG_1076,80.748,169.902,193.3,-4.5808
IMG_1077,79.753,159.131,205.214,-3.7688
IMG_1078,79.69,167.121,190.248,-5.8457
IMG_1079,80.278,170.382,189.165,-4.0131
IMG_1080,80.08,169.897,190.084,-4.8482
IMG_1081,79.953,162.479,201.144,-3.6251
IMG_1082,79.9,166.175,196.006,-5.2768
IMG_1083,79.538,164.399,197.163,-5.6585
IMG_1084,80.109,170.968,189.428,-7.1208
IMG_1085,79.1,160.784,197.569,-3.59
IMG_1086,80.359,180.433,151.384,-8.7351
IMG_1087,80.728,180.136,164.749,-7.0083
IMG_1088,83.305,96.726,252.044,-2.7712
IMG_1089,83.472,98.788,251.54,-2.438
IMG_1090,83.5,103.636,250.516,-2.5854
IMG_1091,83.461,119.978,244.829,-2.2295
IMG_1092,83.861,127.17,240.557,-2.3265
IMG_1093,83.696,128.449,239.763,-2.3016
IMG_1094,84.131,150.741,223.797,-2.139
IMG_1095,82.55,132.957,235.364,-1.624
IMG_1096,82.237,125.706,241.044,-1.6118
IMG_1097,82.28,131.067,238.169,-1.4127
IMG_1098,82.561,139.288,232.111,-1.6293
IMG_1099,83.124,146.523,226.28,-1.7812
IMG_1100,82.461,141.99,229.03,-1.4952
IMG_1101,82.167,142.295,228.888,-1.3665
IMG_1102,81.735,141.676,229.136,-1.2711
IMG_1103,81.7,145.715,224.854,-1.7236
IMG_1104,81.437,145.237,225.365,-1.423
IMG_1105,81.322,145.033,225.04,-1.3365
IMG_1106,81.128,147.379,222.704,-1.2969
IMG_1107,81.216,146.346,223.175,-1.1792
IMG_1108,81.273,152.471,217.385,-1.1408
IMG_1109,80.545,151.479,217.41,-1.2548
IMG_1110,80.222,153.437,214.542,-1.1752
IMG_1111,80.252,153.745,213.656,-1.2313
IMG_1112,79.833,151.916,214.669,-1.257
IMG_1113,79.245,144.078,222.245,-1.2706
IMG_1114,79.639,154.648,209.698,-1.2946
IMG_1115,78.631,147.637,215.884,-1.4194
IMG_1116,78.53,151.021,211.07,-1.4308
IMG_1117,78.241,151.005,210.929,-1.2477
IMG_1118,78.56,157.361,202.394,-1.3056
IMG_1119,77.553,144.191,216.453,-1.48
IMG_1120,76.677,141.3,217.85,-1.6183
IMG_1121,77.204,147.517,212.106,-1.9714
IMG_1122,76.826,140.763,218.939,-1.9633
IMG_1123,76.596,143.487,215.786,-1.8623
IMG_1124,76.182,142.418,214.651,-1.832
IMG_1125,76.176,140.021,218.513,-1.8697
IMG_1126,76.71,144.01,213.942,-2.0494
IMG_1127,76.299,142.187,216.933,-2.3651
IMG_1128,76.823,149.511,208.777,-2.3499
IMG_1129,77.063,155.275,201.973,-2.4143
IMG_1130,77.293,156.379,201.021,-2.326
IMG_1131,76.901,148.423,211.504,-2.2394
IMG_1132,76.501,145.071,214.661,-1.9907
IMG_1133,77.649,151.051,209.171,-2.5755
IMG_1134,77.539,153.989,205.104,-2.3148
IMG_1135,77.337,151.81,207.153,-2.4477
IMG_1136,76.273,142.966,215.67,-2.1536
IMG_1137,94.412,229.27,139.797,-29.7339
IMG_1138,94.288,228.638,138.739,-29.6042
IMG_1139,94.311,230.15,139.092,-30.3088
IMG_1140,94.339,230.453,138.257,-29.8016
IMG_1141,94.752,231.603,136.772,-29.3249
IMG_1142,94.614,230.674,137.114,-30.5437
IMG_1143,94.338,231.588,136.054,-29.4861
IMG_1144,94.858,231.243,137.72,-29.8595
IMG_1145,94.583,231.626,136.044,-30.6604
IMG_1146,94.235,228.603,132.919,-29.9933
IMG_1147,94.742,230.371,134.939,-29.9795
IMG_1148,94.46,221.377,108.971,-28.3095
IMG_1149,93.597,213.202,102.359,-27.3898
IMG_1150,93.616,213.072,99.803,-28.1312
IMG_1151,93.628,209.948,97.564,-27.3421
IMG_1152,93.084,205.91,94.792,-26.978
IMG_1153,93.175,207.506,94.704,-27.5974
IMG_1154,93.143,206.459,95.839,-27.6365
IMG_1155,92.669,200.119,91.432,-26.7527
IMG_1156,91.893,197.568,88.136,-26.3541
IMG_1157,90.707,201.38,95.502,-26.5981
IMG_1158,91.41,198.866,90.156,-25.3469
IMG_1159,92.535,195.412,83.482,-26.4307
IMG_1160,92.472,192.334,79.45,-26.6458
IMG_1161,93.244,191.662,74.721,-25.9053
IMG_1162,92.804,187.55,72.217,-25.9791
IMG_1163,91.919,182.205,70.865,-26.2444
IMG_1164,90.41,179.782,75.191,-24.471
IMG_1165,91.01,179.699,72.524,-20.7838
IMG_1166,90.664,177.783,71.071,-25.4467
IMG_1167,85.472,174.93,95.753,-25.1441
IMG_1168,83.308,177.909,115.125,-24.1155
IMG_1169,84.796,178.112,104.411,-17.8161
IMG_1170,81.701,181.408,126.476,-16.64
IMG_1171,82.58,178.879,116.763,-10.4902
IMG_1172,90.496,215.327,163.313,-16.4741
IMG_1173,92.381,223.588,150.915,-17.5754
IMG_1174,94.454,230.078,133.782,-20.3885
IMG_1175,93.97,229.324,136.769,-20.408
IMG_1176,93.64,226.151,124.911,-20.8846
IMG_1177,93.566,223.634,122.897,-19.0919
IMG_1178,94.83,225.467,115.218,-17.6142
IMG_1179,95.616,229.683,115.39,-20.8422
IMG_1180,93.659,221.793,115.634,-24.2654
IMG_1181,94.518,224.197,111.85,-23.906
IMG_1182,95.608,226.001,109.531,-24.7541
IMG_1183,91.733,214.992,120.504,-24.4065
IMG_1184,93.276,218.046,108.868,-21.7712
IMG_1185,94.396,216.092,100.712,-23.6093
IMG_1186,94.57,217.177,98.924,-24.3713
IMG_1187,94.585,213.845,96.373,-23.7171
IMG_1188,95.189,214.933,94.015,-22.3659
IMG_1189,95.689,217.7,93.159,-25.6513
IMG_1190,95.472,213.85,90.393,-25.751
IMG_1191,95.054,208.632,87.802,-22.674
IMG_1192,94.989,208.923,86.64,-25.3645
IMG_1193,94.463,207.932,85.986,-24.0782
IMG_1194,94.852,205.92,82.488,-23.0511
IMG_1195,94.908,203.701,80.742,-25.3707
IMG_1196,93.6,196.21,76.573,-23.9475
IMG_1197,94.784,201.294,76.306,-22.8524
IMG_1198,93.976,194.226,72.237,-24.5047
IMG_1199,95.071,196.379,71.323,-25.5496
IMG_1200,92.364,179.771,65.381,-24.8225
IMG_1201,94.581,187.391,66.364,-22.3898
IMG_1202,93.615,180.994,64.045,-24.2391
IMG_1203,92.903,178.67,61.028,-24.1723
IMG_1204,86.145,152.407,227.569,-7.7908
IMG_1205,86.116,155.331,225.754,-8.9096
IMG_1206,86.392,158.196,223.749,-8.2081
IMG_1207,86.759,161.113,221.912,-9.2397
IMG_1208,87.441,168.585,216.139,-9.2439
IMG_1209,86.755,161.719,220.759,-8.3852
IMG_1210,86.885,162.97,219.824,-8.8956
IMG_1211,86.732,162.001,220.621,-7.7309
IMG_1212,86.511,161.432,220.611,-9.2194
IMG_1213,87.417,173.969,211.081,-10.0875
IMG_1214,87.548,173.788,211.258,-9.9915
IMG_1215,87.558,173.465,211.396,-10.6399
IMG_1216,86.296,167.511,214.482,-9.6429
IMG_1217,86.349,165.854,216.058,-9.1454
IMG_1218,87.408,177.216,208.4,-6.1665
IMG_1219,86.173,174.294,207.751,-8.3578
IMG_1220,85.968,176.419,205.461,-7.8164
IMG_1221,86.002,175.849,205.095,-7.619
IMG_1222,85.864,178.759,202.226,-8.0807
IMG_1223,86.684,186.49,197.173,-7.7195
IMG_1224,87.085,188.352,196,-7.2554
IMG_1225,85.601,189.875,188.901,-7.895
IMG_1226,84.79,184.141,191.667,-8.4143
IMG_1227,85.134,186.453,190.006,-8.0577
IMG_1228,86.062,188.45,192.449,-7.8987
IMG_1229,87.257,195.766,187.17,-9.646
IMG_1230,85.489,191.423,183.871,-11.4081
IMG_1231,82.718,177.171,190.792,-8.2298
IMG_1232,82.924,178.119,188.325,-7.5385
IMG_1233,82.581,177.681,187.859,-7.8493
IMG_1234,84.476,186.335,185.6,-8.505
IMG_1235,84.911,189.555,179.98,-9.6329
IMG_1236,82.849,177.953,186.644,-7.7728
IMG_1237,83.735,184.872,181.106,-8.1185
IMG_1238,84.071,188.557,175.384,-9.1014
IMG_1239,84.057,188.491,174.064,-8.3022
IMG_1240,83.731,189.009,165.374,-9.7413
IMG_1241,85.569,194.319,174.209,-11.1015
IMG_1242,91.206,209.075,117.324,-21.9436
IMG_1243,90.557,212.209,122.065,-23.6583
IMG_1244,91.618,211.174,109.482,-21.6738
IMG_1245,89.088,204.321,121.971,-17.0477
IMG_1246,83.791,190.754,147.677,-10.001
IMG_1247,82.609,186.754,153.809,-8.2396
IMG_1248,83.461,189.678,144.264,-8.0295
IMG_1249,83.929,188.909,131.963,-10.9419
IMG_1250,83.759,188.911,128.821,-10.8462
IMG_1251,82.355,187.091,135.769,-11.2471
IMG_1252,83.044,183.786,129.917,-9.4045
IMG_1253,86.41,161.239,219.12,-12.8753
IMG_1254,86.084,151.98,227.611,-8.8132
IMG_1255,85.697,143.796,232.433,-11.33
IMG_1256,86.829,158.613,220.359,-9.5935
IMG_1257,87.498,171.291,210.615,-14.8045
IMG_1258,88.151,176.433,205.447,-13.0216
IMG_1259,87.703,174.688,205.904,-12.5019
IMG_1260,88.72,189.02,192.913,-15.0621
IMG_1261,89.944,197.811,186.505,-17.0267
IMG_1262,89.712,199.784,185.284,-14.8423
IMG_1263,90.208,202.607,185.032,-17.4135
IMG_1264,89.595,199.571,186.941,-15.092
IMG_1265,89.176,196.348,189.717,-15.1516
IMG_1266,88.818,191.033,195.952,-13.3021
IMG_1267,88.571,190.529,196.445,-11.2361
IMG_1268,87.661,184.193,202.568,-10.8387
IMG_1269,85.996,157.429,224.438,-6.6896
IMG_1270,85.6,154.343,226.3,-7.4401
IMG_1271,86.212,163.908,218.099,-8.7245
IMG_1272,87.514,185.135,197.114,-12.4002
IMG_1273,88.747,195.612,192.192,-12.6272
IMG_1274,87.315,188.283,198.07,-11.7864
IMG_1275,85.903,168.779,213.631,-7.7147
IMG_1276,85.955,166.762,216.232,-8.4396
IMG_1277,85.713,170.789,211.253,-8.2638
IMG_1278,86.389,178.208,204.478,-11.8577
IMG_1279,85.763,171.892,209.731,-6.5847
IMG_1280,83.799,154.031,222.256,-6.6718
IMG_1281,81.534,145.705,226.091,-2.7846
IMG_1282,80.278,143.951,225.838,-2.8136
IMG_1283,80.364,148.069,221.708,-4.0199
IMG_1284,81.082,149.439,221.332,-4.5444
IMG_1285,81.443,151.89,219.419,-4.6046
IMG_1286,81.162,155.052,214.797,-4.7215
IMG_1287,83.03,159.351,215.281,-5.5543
IMG_1288,82.37,163.734,207.31,-6.2937
IMG_1289,80.717,158.862,208.558,-5.7222
IMG_1290,80.616,157.691,209.282,-5.9381
IMG_1291,80.332,160.799,205.965,-5.94
IMG_1292,78.002,147.287,215.513,-5.0977
IMG_1293,78.255,145.534,218.078,-3.6183
IMG_1294,78.39,147.245,216.375,-4.6531
IMG_1295,74.23,125.757,232.919,-2.0254
IMG_1296,76.544,140.644,219.01,-1.8515
IMG_1297,75.978,134.509,224.51,-1.9112
IMG_1298,76.078,136.379,221.552,-1.6666
IMG_1299,74.738,126.559,229.286,-1.1639
IMG_1300,73.052,124.522,231.889,-0.8811
IMG_1301,72.831,126.275,229.049,-1.5986
IMG_1302,85.27,123.404,243.399,-3.1389
IMG_1303,85.753,127.347,241.585,-3.3692
IMG_1304,85.623,128.609,240.868,-3.563
IMG_1305,86.191,136.1,237.057,-3.7345
IMG_1306,88.699,173.838,213.219,-6.8656
IMG_1307,90.105,188.923,202.701,-7.969
IMG_1308,89.082,174.265,210.352,-7.9352
IMG_1309,88.743,173.02,214.038,-9.3341
IMG_1310,86.689,147.577,229.461,-6.8139
IMG_1311,87.38,153.072,226.85,-6.8799
IMG_1312,88.456,172.3,214.299,-7.3813
IMG_1313,88.022,165.414,217.305,-5.362
IMG_1314,87.986,170.255,214.682,-7.7869
IMG_1315,87.345,165.013,217.667,-8.1142
IMG_1316,88.192,167.779,217.016,-9.71
IMG_1317,88.963,182.602,207.002,-9.2628
IMG_1318,94.305,227.007,164.068,-12.981
IMG_1319,96.053,230.099,157.479,-17.8923
IMG_1320,91.684,212.75,180.547,-14.4575
IMG_1321,92.477,212.513,176.176,-5.0071
IMG_1322,87.573,165.639,217.68,-4.5388
IMG_1323,83.764,150.402,225.329,-1.4419
IMG_1324,82.564,143.338,229.042,-1.9007
IMG_1325,82.07,142.875,229.042,-1.5691
IMG_1326,80.124,137.493,230.3,-1.3997
IMG_1327,82.834,142.273,231.542,-1.1547
IMG_1328,80.742,137.265,231.854,-0.9064
IMG_1329,81.739,143.816,226.583,-0.7218
IMG_1330,80.426,141.937,225.966,-0.7142
IMG_1331,82.586,146.474,225.35,-0.6464
IMG_1332,78.872,140.008,225.397,-0.6788
IMG_1333,79.255,141.701,223.572,-0.6692
IMG_1334,80.426,138.888,228.541,-0.6526
IMG_1335,79.769,141.726,225.336,-0.7722
IMG_1336,80.031,144.446,223.033,-0.7446
IMG_1337,80.022,138.947,227.42,-0.8104
IMG_1338,78.275,134.885,227.713,-0.6683
IMG_1339,77.299,136.758,224.209,-0.6434
IMG_1340,76.346,136.741,221.999,-1.3546
IMG_1341,77.445,141.149,220.041,-0.9152
IMG_1342,78.853,144.079,219.611,-1.1117
IMG_1343,78.01,142.304,219.516,-0.9629
IMG_1344,74.846,129.487,226.588,-0.9566
IMG_1345,73.884,130.049,225.776,-0.9174
IMG_1346,75.828,136.929,221.496,-0.7616
IMG_1347,76.795,141.211,218.482,-0.7258
IMG_1348,77.492,140.158,221.015,-0.8255
IMG_1349,75.516,136.927,220.067,-0.7582
IMG_1350,75.332,134.26,222.915,-0.6966
IMG_1351,93.679,224.508,164.165,-26.4134
IMG_1352,90.969,199.55,186.28,-24.1711
IMG_1353,92.705,213.272,176.581,-21.073
IMG_1354,93.239,222.627,173.814,-21.2035
IMG_1355,96.021,234.947,158.033,-23.3326
IMG_1356,95.933,235.749,157.268,-25.4287
IMG_1357,95.997,236.58,157.355,-26.5249
IMG_1358,95.951,236.582,157.966,-26.449
IMG_1359,95.815,235.945,155.718,-26.083
IMG_1360,95.709,234.911,154.992,-26.8316
IMG_1361,96.013,235.857,156.285,-26.0865
IMG_1362,95.323,233.009,156.12,-26.2702
IMG_1363,95.265,232.838,154.993,-26.9615
IMG_1364,95.338,233.662,154.935,-25.2963
IMG_1365,95.356,233.964,155.637,-26.0602
IMG_1366,95.535,234.389,154.9,-25.593
IMG_1367,95.384,232.426,154.156,-25.7338
IMG_1368,94.048,226.029,159.921,-26.5282
IMG_1369,91.763,204.987,181.403,-27.0262
IMG_1370,92,217.875,169.506,-17.2173
IMG_1371,87.772,165.087,216.92,-24.1087
IMG_1372,86.635,160.483,220.16,-5.4502
IMG_1373,92.476,225.067,161.632,-11.4474
IMG_1374,95.204,234.308,140.646,-26.9044
IMG_1375,95.715,238.101,142.828,-19.9658
IMG_1376,96.219,239.618,140.499,-26.2959
IMG_1377,96.027,238.749,140.034,-26.4018
IMG_1378,96.289,238.391,138.713,-26.6942
IMG_1379,95.81,237.65,138.491,-26.3548
IMG_1380,95.746,238.011,136.252,-26.6523
IMG_1381,95.419,236.46,137.005,-25.6744
IMG_1382,95.63,237.155,136.451,-27.2324
IMG_1383,95.918,237.226,136.891,-26.2333
IMG_1384,95.71,236.466,136.414,-26.6375
IMG_1385,96.193,237.808,138.19,-26.9398
IMG_1386,95.957,238.252,137.985,-26.7335
IMG_1387,95.872,236.05,138.419,-26.6238
IMG_1388,94.814,234.466,136.311,-26.2189
IMG_1389,95.078,234.773,139.246,-25.848
IMG_1390,95.071,233.815,137.665,-25.2912
IMG_1391,95.59,235.184,137.006,-24.6392
IMG_1392,95.32,233.514,136.528,-25.6395
IMG_1393,94.993,234.027,136.898,-25.4812
IMG_1394,94.642,230.989,137.135,-25.6234
IMG_1395,93.957,228.585,139.723,-24.4493
IMG_1396,94.117,227.491,136.878,-24.8778
IMG_1397,93.597,226.155,141.131,-24.2221
IMG_1398,92.695,224.09,141.656,-23.4568
IMG_1399,91.425,218.346,152.968,-18.1358
IMG_1400,91.078,212.21,157.266,-20.7632
IMG_1401,91.895,217.14,150.085,-20.6755
IMG_1402,93.815,222.408,144.009,-21.1801
IMG_1403,94.704,225.94,138.93,-22.3952
IMG_1404,93.71,223.791,144.625,-22.217
IMG_1405,89.697,203.139,169.149,-16.9466
IMG_1406,86.81,178.306,202.658,-11.4243
IMG_1407,86.27,166.969,213.839,-9.5988
IMG_1408,86.008,165.574,214.108,-9.2307
IMG_1409,86.258,173.863,206.049,-9.8092
IMG_1410,87.281,186.41,194.628,-11.0737
IMG_1411,89.723,203.497,170.747,-15.2536
IMG_1412,88.338,196.565,178.076,-15.4757
IMG_1413,88.932,199.084,179.643,-15.2569
IMG_1414,88.411,196.685,179.824,-13.0218
IMG_1415,87.247,191.238,188.132,-10.1132
IMG_1416,86.31,179.735,200.523,-9.9769
IMG_1417,86.431,182.311,195.516,-9.074
IMG_1418,86.571,186.096,191.872,-10.7464
IMG_1419,86.853,188.789,190.064,-10.6762
IMG_1420,86.997,189.769,191.215,-10.8203
IMG_1421,87.382,194.873,179.044,-12.3071
IMG_1422,90.354,210.773,149.977,-15.3943
IMG_1423,94.111,223.79,129.968,-21.9523
IMG_1424,95.102,223.765,116.603,-22.533
IMG_1425,94.353,226.694,126.812,-23.7163
IMG_1426,93.823,223.526,130.737,-22.7127
IMG_1427,95.236,227.728,121.425,-21.7848
IMG_1428,97.777,232.149,108.643,-24.0091
IMG_1429,98.006,231.612,104.172,-25.9801
IMG_1430,98.36,234.157,105.59,-24.8376
IMG_1431,98.409,234.183,102.58,-25.6646
IMG_1432,98.541,232.289,100.475,-25.9514
IMG_1433,98.136,233.091,101.089,-27.3541
IMG_1434,98.569,234.955,101.557,-25.0661
IMG_1435,98.17,230.93,101.614,-23.549
IMG_1436,97.122,230.02,103.897,-24.5948
IMG_1437,88.745,204.14,165.404,-20.6222
IMG_1438,89.4,211.592,154.573,-13.879
IMG_1439,88.863,207.626,164.298,-12.1719
IMG_1440,92.374,214.967,128.996,-12.127
IMG_1441,94.176,223.553,119.292,-16.2991
IMG_1442,92.329,221.296,131.445,-16.5186
IMG_1443,94.191,224.234,113.67,-12.5679
IMG_1444,92.719,221.382,123.021,-18.319
IMG_1445,95.597,227.029,111.83,-20.6477
IMG_1446,96.083,226.326,107.332,-23.0774
IMG_1447,95.586,225.468,108.684,-20.3114
IMG_1448,94.683,224.416,110.818,-19.4759
IMG_1449,82.703,110.13,249.572,-3.0856
IMG_1450,82.797,109.275,249.556,-2.5824
IMG_1451,82.748,106.865,250.541,-2.545
IMG_1452,82.731,118.399,244.807,-2.7353
IMG_1453,83.41,123.171,243.636,-2.6791
IMG_1454,83.59,131.2,239.011,-5.5672
IMG_1455,83.587,132.29,238.923,-6.7416
IMG_1456,83.89,142.069,229.138,-5.2725
IMG_1457,84.731,156.113,215.94,-7.0616
IMG_1458,83.789,124.53,242.353,-4.0714
IMG_1459,82.185,110.279,248.318,-3.0242
IMG_1460,83.497,105.266,250.206,-3.9157
IMG_1461,81.586,120.543,242.391,-3.9555
IMG_1462,83.735,153.096,217.33,-6.6783
IMG_1463,82.994,137.869,231.069,-14.7181
IMG_1464,82.378,115.393,246.794,-2.5544
IMG_1465,81.37,112.491,247.151,-2.8075
IMG_1466,82.956,146.074,225.773,-4.6242
IMG_1467,83.739,149.077,224.408,-8.5381
IMG_1468,83.141,144.832,225.638,-8.9779
IMG_1469,85.503,174.513,187.177,-7.6176
IMG_1470,82.223,155.019,213.904,-9.25
IMG_1471,84.946,176.689,178.24,-20.8097
IMG_1472,85.288,182.016,171.584,-18.0568
IMG_1473,82.849,158.493,209.194,-16.6662
IMG_1474,88.298,197.324,143.637,-18.4146
IMG_1475,89.149,200.428,136.291,-16.9704
IMG_1476,89.234,200.296,140.179,-16.5973
IMG_1477,87.548,194.689,147.558,-15.0007
IMG_1478,83.954,176.244,188.077,-10.9184
IMG_1479,83.596,171.249,193.542,-10.1432
IMG_1480,83.511,168.807,197.273,-11.8061
IMG_1481,84.734,185.243,171.046,-11.1876
IMG_1482,85.091,187.033,164.978,-12.1381
IMG_1483,83.695,174.961,189.008,-2.597
IMG_1484,83.756,170.841,199.581,-7.1943
IMG_1485,84.437,173.276,197.957,-8.9853
IMG_1486,86.857,190.788,161.999,-9.75
IMG_1487,89.232,202.323,134.692,-9.3916
IMG_1488,89.238,203.022,133.108,-8.267
IMG_1489,89.572,204.874,132.903,-7.4878
IMG_1490,86.782,196.153,151.209,-8.375
IMG_1491,84.631,180.997,184.143,-4.5331
IMG_1492,79.428,146.656,219.451,-1.1458
IMG_1493,79.954,150.412,216.089,-2.1167
IMG_1494,82.92,163.234,209.466,-2.7427
IMG_1495,82.798,162.415,209.968,-3.5108
IMG_1496,81.848,161.699,209.023,-3.1536
IMG_1497,82.376,162.411,208.034,-2.763
IMG_1498,83.992,109.713,248.811,-4.7888
IMG_1499,83.937,104.703,251.067,-5.2252
IMG_1500,83.613,117.223,245.535,-5.9822
IMG_1501,83.383,117.737,245.052,-5.3799
IMG_1502,83.184,119.395,244.67,-4.9803
IMG_1503,83.274,116.714,246.08,-4.6747
IMG_1504,83.274,118.276,245.543,-4.6181
IMG_1505,82.908,114.227,247.081,-4.5607
IMG_1506,83.009,116.077,246.484,-4.5924
IMG_1507,83,120.263,244.184,-4.8355
IMG_1508,82.899,120.184,244.426,-4.9318
IMG_1509,82.888,121.023,244.071,-4.9372
IMG_1510,82.411,123.137,242.932,-5.4953
IMG_1511,82.229,124.02,242.372,-5.266
IMG_1512,81.934,125.199,241.747,-5.025
IMG_1513,81.531,125.951,240.481,-5.4658
IMG_1514,81.441,121.155,243.739,-5.1618
IMG_1515,81.639,121.18,243.949,-4.2737
IMG_1516,81.85,123.707,242.464,-4.1124
IMG_1517,80.926,123.586,241.412,-4.0991
IMG_1518,81.378,128.944,238.799,-4.5188
IMG_1519,79.34,134.463,232.947,-3.8338
IMG_1520,79.83,141.838,226.672,-3.492
IMG_1521,80.068,147.018,222.292,-4.207
IMG_1522,79.945,146.208,222.905,-4.1896
IMG_1523,80.212,146.568,222.533,-4.4419
IMG_1524,80.541,148.334,221.107,-4.8063
IMG_1525,79.867,146.316,221.925,-4.9383
IMG_1526,79.854,149.359,218.423,-5.0478
IMG_1527,79.394,146.401,220.45,-5.3678
IMG_1528,78.72,143.865,221.795,-5.0564
IMG_1529,80.635,152.865,216.117,-5.0431
IMG_1530,80.425,154.866,212.6,-5.6662
IMG_1531,78.546,145.583,219.636,-4.9754
IMG_1532,79.161,146.68,219.567,-5.3504
IMG_1533,78.876,147.305,218.593,-5.4266
IMG_1534,78.136,146.303,217.797,-5.6765
IMG_1535,77.933,146.013,218.181,-5.5316
IMG_1536,77.833,146.024,218.186,-5.4245
IMG_1537,77.771,147.138,216.562,-5.5412
IMG_1538,77.912,146.007,218.37,-5.477
IMG_1539,78.874,151.373,213.2,-5.4629
IMG_1540,78.763,152.369,211.79,-5.5822
IMG_1541,77.778,147.248,216.609,-5.2043
IMG_1542,77.881,147.036,216.577,-5.4544
IMG_1543,77.34,145.972,217.01,-5.4176
IMG_1544,77.085,144.973,217.622,-5.5368
IMG_1545,77.15,145.229,217.022,-5.4388
IMG_1546,77.039,146.011,216.276,-5.4836
IMG_1547,84.342,113.237,248.396,-4.7712
IMG_1548,84.319,116.857,246.952,-5.2035
IMG_1549,84.389,124.372,242.207,-5.0394
IMG_1550,84.607,125.883,241.891,-5.8323
IMG_1551,84.431,126.593,241.708,-5.4718
IMG_1552,84.384,122.052,244.641,-5.5368
IMG_1553,84.889,133.585,237.868,-5.969
IMG_1554,84.446,130.011,240.265,-6.4192
IMG_1555,84.258,128.455,240.357,-6.455
IMG_1556,84.223,130.492,239.465,-6.1344
IMG_1557,84.434,141.143,233.521,-6.1738
IMG_1558,84.389,141.907,233.387,-6.2488
IMG_1559,84.088,140.19,234.005,-6.3373
IMG_1560,84.024,138.781,234.851,-6.2634
IMG_1561,83.637,136.631,236.392,-6.19
IMG_1562,83.676,146.69,228.258,-6.1573
IMG_1563,83.165,144.148,229.463,-6.2796
IMG_1564,82.291,136.248,236.083,-6.2126
IMG_1565,82.259,139.494,232.987,-6.213
IMG_1566,82.201,145.24,227.37,-6.1189
IMG_1567,82.088,144.696,227.719,-5.9025
IMG_1568,80.711,150.356,219.04,-6.051
IMG_1569,80.303,148.624,220.375,-5.8629
IMG_1570,80.906,153.855,215.409,-5.9606
IMG_1571,81.097,157.729,211.398,-5.9252
IMG_1572,80.942,154.589,214.472,-5.9736
IMG_1573,80.893,153.709,215.572,-5.8508
IMG_1574,80.197,152.336,215.722,-5.67
IMG_1575,79.661,151.504,215.544,-5.8169
IMG_1576,79.584,151.884,213.938,-5.6077
IMG_1577,80.194,156.575,210.073,-5.7727
IMG_1578,80.458,157.431,209.185,-5.8234
IMG_1579,80.44,157.808,209.356,-5.8325
IMG_1580,80.213,156.029,210.208,-5.8683
IMG_1581,80.658,159.503,207.363,-5.8714
IMG_1582,80.38,158.153,208.662,-5.7524
IMG_1583,81.143,163.034,203.649,-5.6999
IMG_1584,80.721,160.628,206.131,-5.5756
IMG_1585,80.494,159.959,206.754,-5.5219
IMG_1586,79.955,156.927,208.621,-5.5127
IMG_1587,80.406,160.09,206.24,-5.4514
IMG_1588,79.821,156.776,209.142,-5.3959
IMG_1589,80.438,159.717,206.755,-5.3683
IMG_1590,80.964,163.089,204.087,-4.8652
IMG_1591,80.724,160.366,206.014,-4.9792
IMG_1592,79.748,156.801,208.657,-5.136
IMG_1593,79.637,157.549,207.295,-4.7677
IMG_1594,79.409,156.315,208.648,-4.8385
IMG_1595,79.382,156.08,208.57,-4.8917
IMG_1596,84.622,137.88,233.055,-5.0577
IMG_1597,84.831,143.777,229.551,-5.2813
IMG_1598,84.64,134.199,236.109,-4.8113
IMG_1599,84.778,135.964,234.538,-4.7787
IMG_1600,84.888,146.175,227.951,-5.0038
IMG_1601,84.739,143.986,229.166,-5.4531
IMG_1602,84.627,144.203,228.992,-4.5414
IMG_1603,84.536,142.406,229.951,-4.6898
IMG_1604,84.394,134.077,235.447,-4.6391
IMG_1605,84.299,139.237,232.287,-4.5807
IMG_1606,84.623,149.611,224.782,-4.863
IMG_1607,84.681,160.512,213.811,-5.9437
IMG_1608,84.051,149.767,225.438,-5.0423
IMG_1609,84.308,153.984,220.893,-4.3417
IMG_1610,83.86,148.759,225.418,-4.4492
IMG_1611,83.321,154.229,219.929,-4.4247
IMG_1612,82.821,150.614,222.395,-4.5884
IMG_1613,82.713,150.292,222.639,-4.2231
IMG_1614,82.639,152.061,220.988,-4.3403
IMG_1615,82.122,151.782,220.635,-3.8609
IMG_1616,82.077,150.9,221.762,-4.0066
IMG_1617,81.057,155.133,214.569,-4.0653
IMG_1618,81.128,157.672,210.423,-4.0807
IMG_1619,81.52,162.31,205.151,-4.4009
IMG_1620,82.284,169.798,193.369,-5.0039
IMG_1621,82.142,166.993,196.013,-8.4556
IMG_1622,82.404,169.518,191.577,-9.36
IMG_1623,82.975,178.789,176.431,-11.1861
IMG_1624,83.28,181.985,168.913,-13.6347
IMG_1625,82.777,176.696,175.289,-11.422
IMG_1626,83.267,182.997,168.43,-13.5418
IMG_1627,82.57,176.624,181.897,-10.4803
IMG_1628,83.016,179.176,174.07,-6.9865
IMG_1629,82.825,180.594,171.875,-11.4007
IMG_1630,82.306,177.401,178.829,-14.7463
IMG_1631,82.808,178.575,182.318,-8.4832
IMG_1632,83.586,185.362,165.904,-9.1691
IMG_1633,86.457,195.604,134.489,-13.8255
IMG_1634,86.193,197.005,135.896,-17.8021
IMG_1635,86.155,197.693,134.489,-16.0077
IMG_1636,85.462,196.152,144.267,-15.5126
IMG_1637,85.953,198.258,139.01,-13.5142
IMG_1638,85.521,196.603,142.44,-15.0632
IMG_1639,85.595,196.266,146.644,-14.3798
IMG_1640,85.22,195.91,149.721,-13.2334
IMG_1641,84.898,194.368,152.354,-12.4703
IMG_1642,84.975,194.008,153.889,-14.1956
IMG_1643,84.925,193.487,153.523,-13.8122
IMG_1644,83.877,187.196,165.475,-13.8516
IMG_1645,84.634,135.192,235.829,-12.085
IMG_1646,82.409,124.92,241.694,-2.8577
IMG_1647,82.339,121.464,243.545,-2.7482
IMG_1648,81.82,127.864,239.505,-2.7618
IMG_1649,81.814,130.587,237.244,-2.7835
IMG_1650,81.617,125.884,240.621,-2.8111
IMG_1651,80.981,129.476,237.522,-2.8335
IMG_1652,80.082,132.939,233.352,-2.5163
IMG_1653,80.639,129.263,237.263,-2.8469
IMG_1654,79.295,135.495,230.304,-2.6448
IMG_1655,79.806,144.987,222.247,-2.8035
IMG_1656,79.109,137.146,229.164,-2.8408
IMG_1657,79.647,149.422,213.998,-2.6759
IMG_1658,79.069,132.845,232.302,-2.7267
IMG_1659,78.89,136.764,228.255,-2.6033
IMG_1660,78.896,137.6,226.069,-2.8669
IMG_1661,77.909,139.492,222.25,-2.5045
IMG_1662,78.376,144.533,217.017,-2.1933
IMG_1663,77.4,141.624,217.766,-1.9722
IMG_1664,78.1,143.139,217.559,-1.8635
IMG_1665,78.759,150.993,207.875,-1.9363
IMG_1666,77.51,143.12,216.198,-1.8316
IMG_1667,77.001,137.909,221.637,-1.7065
IMG_1668,76.791,137.878,220.301,-1.4921
IMG_1669,77.22,139.197,218.338,-1.4831
IMG_1670,75.333,129.895,227.389,-1.5088
IMG_1671,75.433,129.501,228.762,-1.456
IMG_1672,76.252,137.089,221.043,-1.4861
IMG_1673,77.475,144.859,213.993,-1.7603
IMG_1674,79.267,156.649,199.208,-1.7224
IMG_1675,80.258,163.324,193.285,-3.2164
IMG_1676,78.335,150.392,208.824,-1.6624
IMG_1677,79.86,157.976,202.556,-1.6429
IMG_1678,80.152,164.073,193.193,-2.6539
IMG_1679,79.873,163.83,191.919,-2.3471
IMG_1680,79.75,161.166,198.608,-1.7161
IMG_1681,80.052,162.373,196.481,-1.7317
IMG_1682,86.191,180.251,197.459,-8.0461
IMG_1683,86.216,182.503,192.716,-10.0417
IMG_1684,85.688,170.893,204.831,-11.9208
IMG_1685,85.585,176.626,199.544,-11.1798
IMG_1686,85.462,167.677,209.727,-8.9174
IMG_1687,86.048,180.677,193.918,-8.8458
IMG_1688,85.788,173.483,201.067,-10.7555
IMG_1689,85.594,173.841,201.502,-10.1075
IMG_1690,85.317,170.871,204.24,-9.2648
IMG_1691,84.689,152.131,223.148,-6.4452
IMG_1692,84.911,164.708,211.716,-8.0295
IMG_1693,85.013,169.302,207.172,-8.9661
IMG_1694,84.993,170.709,204.291,-8.8484
IMG_1695,84.862,168.147,206.85,-6.386
IMG_1696,85.049,175.626,198.66,-5.4243
IMG_1697,84.278,164.694,210.048,-4.1051
IMG_1698,84.745,177.36,196.291,-5.7177
IMG_1699,84.428,173.253,200.177,-6.104
IMG_1700,85.01,186.061,174.496,-6.4035
IMG_1701,84.636,183.835,180.466,-7.1847
IMG_1702,84.867,188.39,169.894,-6.7769
IMG_1703,83.281,186.537,167.046,-6.9915
IMG_1704,83.949,188.796,152.743,-7.3217
IMG_1705,83.809,186.543,150.454,-8.6104
IMG_1706,83.117,184.86,164.757,-7.7426
IMG_1707,83.146,185.576,162.672,-7.9928
IMG_1708,83.155,185.901,156.957,-7.2287
IMG_1709,83.094,185.981,156.166,-8.8735
IMG_1710,82.847,185.267,152.784,-7.0221
IMG_1711,82.253,183.937,156.685,-7.0358
IMG_1712,82.3,183.56,162.004,-7.1918
IMG_1713,81.976,182.001,169.307,-7.8095
IMG_1714,81.932,180.935,169.36,-6.7969
IMG_1715,82.084,182.99,160.814,-6.9433
IMG_1716,81.816,180.021,167.637,-5.975
IMG_1717,82.545,183.256,156.802,-6.3057
IMG_1718,81.901,180.966,168.927,-7.0457
IMG_1719,82.05,182.528,163.838,-6.872
IMG_1720,81.787,180.221,172.502,-6.4804
IMG_1721,81.329,177.794,178.006,-4.8597
IMG_1722,81.307,178.781,174.534,-4.0604
IMG_1723,81.05,171.8,187.89,-4.813
IMG_1724,81.724,180.249,173.851,-6.5502
IMG_1725,81.974,181.11,171.271,-5.2795
IMG_1726,81.472,178.459,177.26,-5.3982
IMG_1727,82.591,183.91,159.05,-6.6051
IMG_1728,82.357,184.433,162.056,-4.1772
IMG_1729,82.352,183.19,162.196,-3.6024
IMG_1730,82.684,183.609,161.038,-3.5529
IMG_1731,92.689,215.533,126.532,-24.8224
IMG_1732,96.764,223.429,108.106,-22.9062
IMG_1733,99.568,230.698,95.566,-25.21
IMG_1734,99.291,228.929,94.627,-23.5878
IMG_1735,99.316,225.483,88.136,-24.868
IMG_1736,99.506,226.34,88.443,-26.3559
IMG_1737,99.849,228.446,89.519,-26.2448
IMG_1738,100.258,227.091,89.686,-25.8747
IMG_1739,100.037,226.634,87.693,-26.0732
IMG_1740,99.491,224.242,86.185,-25.8359
IMG_1741,100.345,224.844,85.076,-26.5117
IMG_1742,99.701,223.02,85.605,-26.2839
IMG_1743,98.091,217.793,89.139,-26.421
IMG_1744,96.572,212.921,95.423,-26.7147
IMG_1745,98.919,217.494,81.744,-27.6241
IMG_1746,96.646,209.243,81.787,-25.9874
IMG_1747,99.27,215.722,74.914,-26.6629
IMG_1748,97.934,209.868,77.214,-26.6028
IMG_1749,90.934,196.346,95.869,-26.3615
IMG_1750,88.574,197.723,106.283,-20.2281
IMG_1751,89.497,194.822,97.648,-18.8789
IMG_1752,88.079,194.549,105.694,-15.9355
IMG_1753,87.232,194.023,111.699,-14.2341
IMG_1754,87.069,192.348,112.342,-12.6324
IMG_1755,85.928,191.312,113.325,-11.1538
IMG_1756,86.102,191.307,111.591,-9.4491
IMG_1757,87.337,186.243,96.503,-10.8514
IMG_1758,83.709,185.94,140.679,-7.8109
IMG_1759,82.757,184.073,138.8,-6.8765
IMG_1760,82.055,179.223,162.536,-5.5761
IMG_1761,81.99,180.513,154.925,-6.1795
IMG_1762,82.773,183.717,134.242,-8.5375
IMG_1763,82.406,183.327,142.521,-8.7448
IMG_1764,82.186,183.687,144.332,-7.7076
IMG_1765,82.806,184.444,132.312,-8.2361
IMG_1766,82.731,184.202,140.944,-6.4314
IMG_1767,82.54,183.45,145.386,-6.5506
IMG_1768,82.221,183.199,139.826,-8.0567
IMG_1769,81.611,182.465,148.617,-7.9727
IMG_1770,82.473,184.728,130.731,-8.6312
IMG_1771,82.569,184.681,126.427,-10.2879
IMG_1772,83.745,184.317,120.51,-11.4277
IMG_1773,83,185.512,128.507,-16.1852
IMG_1774,83.011,184.997,133.254,-10.2885
IMG_1775,83.298,185.151,126.68,-9.3976
IMG_1776,83.135,187.127,130.674,-9.4443
IMG_1777,82.463,185.48,146.316,-8.1816
IMG_1778,82.953,185.004,140.11,-7.1586
IMG_1779,82.766,185.256,138.61,-7.7353
IMG_1780,86.888,196.61,154.278,-12.5165
IMG_1781,86.147,185.958,181.476,-11.4648
IMG_1782,86.032,190.92,170.673,-10.7878
IMG_1783,85.628,178.85,189.926,-11.0921
IMG_1784,85.576,183.792,181.899,-10.3746
IMG_1785,85.209,179.125,188.439,-10.3948
IMG_1786,85.438,176.856,192.954,-10.0353
IMG_1787,84.751,169.436,201.904,-10.907
IMG_1788,84.712,172.783,195.916,-8.572
IMG_1789,85.597,185.631,173.636,-9.6568
IMG_1790,86.503,196.689,146.278,-11.0798
IMG_1791,86.384,195.648,154.718,-13.1293
IMG_1792,86.441,195.04,154.625,-14.0091
IMG_1793,85.759,193.323,151.719,-14.9989
IMG_1794,85.912,193.152,141.147,-14.4299
IMG_1795,92.233,203.504,99.32,-18.1323
IMG_1796,93.897,203.621,90.578,-24.6614
IMG_1797,90.008,198.295,102.161,-21.7049
IMG_1798,87.521,195.734,115.261,-13.8954
IMG_1799,87.03,193.939,119.333,-15.7022
IMG_1800,88.749,193.45,111.011,-18.4084
IMG_1801,89.293,189.862,92.469,-23.0729
IMG_1802,85.686,189.986,110.223,-20.6577
IMG_1803,85.539,187.574,117.181,-16.5357
IMG_1804,85.497,188.242,116.332,-15.0912
IMG_1805,86.817,187.738,99.923,-14.085
IMG_1806,84.935,188.591,116.477,-11.203
IMG_1807,84.434,188.532,117.893,-10.0377
IMG_1808,84.004,186.608,122.391,-9.9428
IMG_1809,83.013,185.049,124.556,-9.8388
IMG_1810,82.947,185.114,126.094,-10.3981
IMG_1811,82.588,183.94,135.287,-9.0657
IMG_1812,82.473,183.281,138.837,-9.0962
IMG_1813,82.254,183.166,134.268,-9.7179
IMG_1814,82.352,182.919,136.404,-9.5902
IMG_1815,81.956,181.702,137.575,-9.4757
IMG_1816,82.116,182.148,138.504,-9.4404
IMG_1817,82.737,181.071,128.185,-10.4204
IMG_1818,84.743,180.735,102.488,-12.8736
IMG_1819,88.182,182.3,84.919,-14.1639
IMG_1820,89.393,180.333,74.301,-18.6609
IMG_1821,92.112,178.431,63.667,-22.4623
IMG_1822,90.899,174.922,62.081,-25.23
IMG_1823,93.898,174.864,56.633,-22.5449
IMG_1824,96.374,187.417,56.054,-24.4279
IMG_1825,96.344,190.096,58.765,-25.5486
IMG_1826,96.906,190.241,56.789,-25.0484
IMG_1827,96.942,190.235,57.12,-26.743
IMG_1828,96.586,189.741,57.802,-25.6286
IMG_1829,92.988,204.022,97.095,-21.1997
IMG_1830,91.883,201.931,101.758,-22.18
IMG_1831,87.935,195.533,117.48,-20.3299
IMG_1832,87.399,187.934,107.806,-18.2359
IMG_1833,85.261,187.891,129.233,-18.0308
IMG_1834,85.183,186.831,132.62,-17.6895
IMG_1835,83.125,185.567,152.571,-12.7758
IMG_1836,82.201,181.834,165.545,-7.5923
IMG_1837,82.996,180.72,159.132,-8.4288
IMG_1838,81.653,180.831,155.959,-13.0292
IMG_1839,82.818,183.797,148.758,-14.9129
IMG_1840,80.855,176.271,172.428,-14.7318
IMG_1841,82.417,181.591,153.281,-15.0353
IMG_1842,80.677,176.603,165.346,-17.2462
IMG_1843,79.854,168.462,184.343,-10.6251
IMG_1844,80.041,172.17,174.488,-10.5461
IMG_1845,80.19,173.577,176.114,-5.3488
IMG_1846,78.712,157.48,202.487,-2.8494
IMG_1847,77.929,154.35,205.555,-0.8621
IMG_1848,78.364,159.781,196.517,-3.6957
IMG_1849,78.367,162.447,193.86,-2.1895
IMG_1850,78.427,160.473,196.063,-1.1305
IMG_1851,77.965,159.967,198.086,-1.7282
IMG_1852,77.684,160.469,193.892,-2.4608
IMG_1853,78.334,165.598,181.622,-2.9097
IMG_1854,77.013,158.109,189.514,-7.3347
IMG_1855,78.183,163.416,175.895,-12.8635
IMG_1856,76.727,157.548,188.236,-14.1227
IMG_1857,75.328,139.042,217.117,-2.5677
IMG_1858,74.534,138.154,217.371,-0.6634
IMG_1859,75.195,142.29,212.421,-0.7518
IMG_1860,83.622,96.392,251.813,-4.6039
IMG_1861,83.258,101.199,251.342,-5.0432
IMG_1862,83.333,108.156,249.551,-5.4351
IMG_1863,83.142,107.436,249.662,-6.1978
IMG_1864,82.952,105.314,250.581,-5.0838
IMG_1865,82.821,110.576,248.579,-5.4317
IMG_1866,82.542,114.506,246.342,-5.0546
IMG_1867,82.583,105.122,250.632,-4.7894
IMG_1868,82.359,112.675,248.122,-5.2288
IMG_1869,82.157,115.484,246.156,-5.4812
IMG_1870,82.011,114.425,246.682,-5.8894
IMG_1871,82.105,117.102,246.194,-6.2039
IMG_1872,81.714,116.596,246.416,-5.529
IMG_1873,81.475,117.016,245.888,-5.5042
IMG_1874,81.025,121.164,243.297,-5.9907
IMG_1875,80.773,123.367,242.551,-5.6824
IMG_1876,80.562,127.443,239.373,-6.1639
IMG_1877,80.576,127.13,239.813,-5.982
IMG_1878,80.615,132.273,236.179,-6.7644
IMG_1879,79.919,132.45,235.429,-6.3598
IMG_1880,80.186,132.821,234.938,-6.6543
IMG_1881,79.874,137.581,232.158,-6.929
IMG_1882,79.861,139.505,229.737,-7.072
IMG_1883,79.589,141.827,226.778,-7.4483
IMG_1884,79.217,141.627,226.081,-7.24
IMG_1885,79.314,142.699,225.638,-7.642
IMG_1886,79.664,142.172,226.249,-7.5074
IMG_1887,79.563,143.651,224.258,-7.7899
IMG_1888,79.193,147.683,218.774,-8.2626
IMG_1889,79.152,148.11,217.685,-8.4745
IMG_1890,78.81,144.675,221.622,-8.316
IMG_1891,78.834,144.871,221.222,-8.2127
IMG_1892,78.516,145.915,219.85,-8.2283
IMG_1893,78.395,147.332,217.457,-8.3466
IMG_1894,78.42,145.819,219.202,-8.1655
IMG_1895,78.184,145.301,219.351,-8.2452
IMG_1896,78.139,146.625,217.505,-8.4285
IMG_1897,78.275,148.749,215.117,-8.7558
IMG_1898,78.155,149.1,213.947,-8.6247
IMG_1899,78.116,150.629,211.89,-8.7582
IMG_1900,77.899,149.317,214.158,-8.9506
IMG_1901,78.092,149.982,212.71,-9.2183
IMG_1902,78.395,151.965,209.989,-9.2061
IMG_1903,78.338,153.913,208.58,-9.1808
IMG_1904,78.641,155.127,206.109,-9.3139
IMG_1905,78.289,155.067,206.432,-9.0636
IMG_1906,78.434,157.122,204.343,-9.3745
IMG_1907,78.538,158.222,201.717,-9.7117
IMG_1908,78.556,159.127,201.156,-9.8801
IMG_1909,85.054,150.434,227.144,-9.0863
IMG_1910,84.216,126.291,242.052,-8.4968
IMG_1911,85.133,152.797,223.916,-13.5154
IMG_1912,86.884,181.426,192.617,-22.4404
IMG_1913,92.034,213.239,145.239,-34.8745
IMG_1914,92.792,217.223,140.483,-36.7755
IMG_1915,93.139,218.097,137.117,-34.4011
IMG_1916,93.299,218.096,134.081,-37.1081
IMG_1917,93.503,218.428,128.485,-35.1442
IMG_1918,93.275,216.625,124.817,-36.154
IMG_1919,93.083,216.575,126.466,-34.6384
IMG_1920,89.465,208.586,141.721,-23.7833
IMG_1921,85.986,189.31,181.349,-13.442
IMG_1922,84.93,175.916,196.511,-9.657
IMG_1923,85.733,189.716,170.614,-13.4281
IMG_1924,86.125,195.855,156.69,-16.8579
IMG_1925,86.136,195.832,151.005,-19.5473
IMG_1926,87.582,200.858,133.577,-19.6097
IMG_1927,85.042,191.128,166.004,-13.1822
IMG_1928,84.983,192.049,164.032,-17.4495
IMG_1929,87.38,198.367,132.115,-15.35
IMG_1930,83.649,187.227,160.515,-14.1295
IMG_1931,90.566,193.964,96.857,-25.9261
IMG_1932,90.471,193.031,96.216,-34.1527
IMG_1933,89.688,192.863,98.629,-30.475
IMG_1934,91.538,193.87,92.989,-35.8938
IMG_1935,92.116,194.216,92.796,-35.7317
IMG_1936,91.613,191.759,88.799,-36.1334
IMG_1937,91.487,189.049,86.552,-36.2131
IMG_1938,91.098,187.125,85.316,-36.4094
IMG_1939,91.007,186.607,85.357,-35.7154
IMG_1940,90.277,186.5,87.384,-34.6118
IMG_1941,90.058,185.128,89.338,-34.2554
IMG_1942,82.123,182.056,143.809,-33.2706
IMG_1943,81.14,178.498,167.265,-13.2293
IMG_1944,84.46,183.558,120.085,-24.144
IMG_1945,86.174,182.62,103.235,-28.2384
IMG_1946,85.718,180.11,109.704,-32.9695
IMG_1947,80.604,172.198,161.616,-12.2872
IMG_1948,87.267,177.096,100.394,-32.7057
IMG_1949,88.621,182.264,93.678,-31.7444
IMG_1950,89.793,179.628,84.647,-32.1894
IMG_1951,89.289,181.264,86.199,-29.0757
IMG_1952,90.077,180.902,81.908,-31.9501
IMG_1953,90.375,182.43,81.938,-33.7848
IMG_1954,90.476,182.039,82.576,-34.8357
IMG_1955,90.016,181.523,82.792,-32.9481
IMG_1956,88.62,181.258,88.014,-34
IMG_1957,88.726,180.142,84.969,-33.5347
IMG_1958,92.57,216.071,138.249,-31.8694
IMG_1959,92.623,217.363,136.143,-30.8271
IMG_1960,92.856,216.894,135.434,-31.3455
IMG_1961,92.821,216.604,133.705,-30.6309
IMG_1962,93.058,216.346,133.13,-32.5356
IMG_1963,92.956,217.11,132.362,-32.993
IMG_1964,92.947,214.501,126.797,-32.1215
IMG_1965,93.362,215.738,127.348,-33.0095
IMG_1966,92.783,213.059,125.819,-31.8323
IMG_1967,92.311,211.911,122.341,-30.8032
IMG_1968,93.186,213.958,119.723,-31.9964
IMG_1969,93.477,213.428,117.909,-30.6681
IMG_1970,93.368,211.822,115.14,-31.4168
IMG_1971,94.024,213.131,112.851,-31.0923
IMG_1972,94.173,213.813,109.704,-30.6039
IMG_1973,94.061,211.016,103.646,-31.5351
IMG_1974,93.972,208.947,100.047,-30.8555
IMG_1975,93.879,208.125,97.858,-30.9387
IMG_1976,93.899,206.548,96.355,-31.12
IMG_1977,93.712,203.469,92.78,-28.4266
IMG_1978,93.677,201.574,90.461,-27.205
IMG_1979,92.891,198.687,89.583,-30.4613
IMG_1980,91.682,196.286,91.188,-31.1946
IMG_1981,92.996,196.037,87.787,-26.4279
IMG_1982,92.713,195.716,87.489,-26.1827
IMG_1983,92.616,194.656,85.979,-24.0644
IMG_1984,92.5,193.015,85.333,-23.3872
IMG_1985,92.932,191.429,82.161,-24.1593
IMG_1986,91.77,187.458,78.934,-23.3998
IMG_1987,92.784,188.07,79.014,-24.6849
IMG_1988,92.932,189.163,78.78,-24.2263
IMG_1989,92.989,191.254,78.916,-24.1675
IMG_1990,92.525,186.719,78.452,-24.3129
IMG_1991,92.066,186.426,76.409,-26.3986
IMG_1992,93.923,190.882,76.793,-29.6394
IMG_1993,93.765,188.801,74.283,-27.8777
IMG_1994,93.951,188.909,72.686,-29.9057
IMG_1995,93.486,186.612,71.026,-28.2241
IMG_1996,93.31,185.462,71.496,-28.4138
IMG_1997,93.084,185.602,70.582,-25.9398
IMG_1998,92.474,185.446,72.252,-28.1145
IMG_1999,93.26,187.685,74.11,-26.9933
IMG_2000,93.409,186.208,72.801,-25.411
IMG_2001,93.036,185.217,71.815,-24.9464
IMG_2002,93.335,187.216,72.254,-25.0186
IMG_2003,92.87,184.986,70.866,-27.0679
IMG_2004,93.144,184.7,69.433,-26.2401
IMG_2005,93.177,184.05,68.636,-27.3812
IMG_2006,94.07,187.883,70.023,-28.3794
IMG_2007,93.695,216.653,121.275,-36.602
IMG_2008,93.883,217.967,120.703,-35.8109
IMG_2009,95.005,223.349,126.756,-37.2583
IMG_2010,93.936,220.18,122.092,-36.1961
IMG_2011,94.349,221.474,124.837,-36.0036
IMG_2012,94.374,221.802,122.486,-35.7564
IMG_2013,94.771,221.919,124.625,-35.4179
IMG_2014,94.156,217.192,119.021,-36.4636
IMG_2015,94.741,221.205,120.744,-38.7864
IMG_2016,94.71,219.848,118.473,-38.0934
IMG_2017,93.956,215.937,117.095,-37.6497
IMG_2018,93.773,215.381,116.69,-36.8259
IMG_2019,93.365,212.661,112.724,-36.815
IMG_2020,94.881,219.892,116.677,-36.8698
IMG_2021,94.835,219.591,112.671,-38.0299
IMG_2022,94.772,217.233,108.859,-38.0599
IMG_2023,94.555,215.725,106.157,-39.1546
IMG_2024,94.111,214.434,106.118,-36.3668
IMG_2025,94.309,212.697,105.709,-37.3555
IMG_2026,93.856,211.644,103.32,-36.7862
IMG_2027,94.262,211.962,102.015,-36.5326
IMG_2028,93.293,198.683,87.201,-38.0005
IMG_2029,93.138,198.898,88.143,-37.2566
IMG_2030,92.894,198.132,87.011,-37.2925
IMG_2031,93.411,197.197,86.101,-35.8217
IMG_2032,93.507,198.236,87.584,-37.8744
IMG_2033,93.067,196.543,86.806,-36.257
IMG_2034,92.706,193.272,83.502,-36.9141
IMG_2035,92.271,190.727,81.71,-36.6218
IMG_2036,92.699,191.841,82.514,-36.8363
IMG_2037,92.189,190.437,82.501,-37.246
IMG_2038,92.161,190.688,83.073,-37.1501
IMG_2039,91.253,187.673,82.408,-36.8836
IMG_2040,90.966,185.902,80.651,-37.0728
IMG_2041,90.951,185.387,80.456,-34.5645
IMG_2042,91.405,187.373,79.557,-35.5421
IMG_2043,91.759,186.994,80.174,-34.8782
IMG_2044,91.719,186.838,80.537,-36.1342
IMG_2045,91.339,185.986,79.428,-35.2966
IMG_2046,91.347,185.396,78.434,-35.6325
IMG_2047,92.011,185.82,77.725,-36.1194
IMG_2048,91.585,183.598,76.958,-36.5388
IMG_2049,91.567,183.442,75.892,-36.9864
IMG_2050,91.371,184.149,76.075,-36.9384
IMG_2051,90.935,181.791,75.417,-36.0738
IMG_2052,91.938,185.447,76.518,-35.9312
IMG_2053,91.788,182.306,75.494,-36.5811
IMG_2054,90.773,180.363,74.867,-36.9986
IMG_2055,91.507,183.069,75.529,-35.5655
IMG_2056,93.563,215.838,117.213,-35.8333
IMG_2057,93.842,216.919,118.222,-35.1702
IMG_2058,94.45,218.231,115.271,-35.0699
IMG_2059,94.182,214.327,112.922,-34.8841
IMG_2060,94.231,215.35,113.331,-35.4244
IMG_2061,94.154,213.749,110.498,-34.4757
IMG_2062,94.587,216.758,111.219,-34.9836
IMG_2063,94.714,216.398,110.547,-34.8506
IMG_2064,93.806,210.697,107.239,-34.767
IMG_2065,94.384,214.504,107.82,-33.5197
IMG_2066,94.498,213.666,106.971,-33.4343
IMG_2067,94.348,212.1,104.694,-35.4871
IMG_2068,94.076,210.747,102.829,-34.2435
IMG_2069,93.626,209.638,101.399,-34.2933
IMG_2070,94.043,209.165,100.327,-35.238
IMG_2071,93.637,200.787,94.563,-34.2576
IMG_2072,92.977,199.494,91.83,-32.6908
IMG_2073,92.065,193.614,90.56,-34.8254
IMG_2074,92.925,197.425,91.073,-34.0133
IMG_2075,92.655,194.836,89.207,-33.0482
IMG_2076,91.852,189.905,85.366,-34.9323
IMG_2077,91.464,186.555,82.524,-33.8121
IMG_2078,92.173,189.395,81.421,-34.5821
IMG_2079,91.793,185.734,79.118,-34.3885
IMG_2080,92.616,189.475,79.287,-33.1004
IMG_2081,92.123,189.182,78.401,-34.231
IMG_2082,91.734,183.063,77.158,-33.9731
IMG_2083,93.584,192.84,78.432,-32.6392
IMG_2084,93.031,188.277,76.183,-33.0508
IMG_2085,92.248,185.192,74.343,-32.7083
IMG_2086,92.752,187.089,75.17,-32.4879
IMG_2087,91.914,184.802,74.066,-32.5035
IMG_2088,93.534,187.578,74.179,-31.7249
IMG_2089,92.822,185.058,72.743,-33.1768
IMG_2090,92.658,183.8,72.484,-33.9832
IMG_2091,92.717,185.061,72.487,-33.8145
IMG_2092,93.536,187.287,72.42,-34.0546
IMG_2093,93.222,186.403,71.274,-32.5376
IMG_2094,93.034,182.41,70.546,-32.482
IMG_2095,92.709,182.786,69.541,-33.0232
IMG_2096,93.217,182.545,69.402,-32.1401
IMG_2097,93.103,181.964,69.39,-32.1869
IMG_2098,92.982,183.157,68.866,-32.3133
IMG_2099,91.87,180.368,68.166,-32.0655
IMG_2100,92.333,180.876,68.839,-32.6937
IMG_2101,92.661,183.007,69.473,-31.749
IMG_2102,92.536,181.054,68.485,-31.3508
IMG_2103,93.544,183.349,69.354,-32.9666
IMG_2104,92.34,179.032,67.873,-31.927
IMG_2105,83.182,113.839,246.844,-4.8098
IMG_2106,82.903,101.367,251.438,-3.691
IMG_2107,83.212,131.928,235.975,-3.3674
IMG_2108,84.422,165.672,205.186,-6.4433
IMG_2109,85.073,164.02,208.932,-6.5071
IMG_2110,85.75,185.158,175.389,-7.5096
IMG_2111,84.323,170.463,196.591,-6.9403
IMG_2112,82.632,130.5,237.363,-4.8006
IMG_2113,81.755,133.556,234.169,-4.3047
IMG_2114,83.747,170.152,184.581,-8.7353
IMG_2115,85.356,179.175,163.5,-9.78
IMG_2116,88.163,186.508,130.439,-16.1235
IMG_2117,91.142,188.728,114.361,-24.5516
IMG_2118,91.473,192.383,108.81,-24.4513
IMG_2119,92.461,190.459,103.304,-22.491
IMG_2120,91.045,186.174,108.005,-25.9426
IMG_2121,85.326,175.721,131.895,-25.3975
IMG_2122,80.759,155.885,209.134,-18.3664
IMG_2123,82.842,177.035,162.502,-13.7785
IMG_2124,84.194,182.603,143.047,-15.4113
IMG_2125,82.12,178.461,172.387,-7.8928
IMG_2126,80.229,164.362,192.624,-5.2243
IMG_2127,79.775,163.224,178.7,-4.1546
IMG_2128,79.149,144.688,217.775,-2.2442
IMG_2129,79.636,154.22,207.341,-5.0049
IMG_2130,79.874,166.079,168.463,-6.3046
IMG_2131,79.542,154.46,202.283,-5.2334
IMG_2132,78.293,138.01,223.543,-2.7752
IMG_2133,77.076,137.698,222.19,-3.0983
IMG_2134,76.911,135.884,224.318,-5.0401
IMG_2135,75.989,126.035,233.215,-2.3553
IMG_2136,77.273,162.792,172.024,-4.0778
IMG_2137,79.043,168.807,171.194,-8.6122
IMG_2138,78.478,161.471,188.334,-6.223
IMG_2139,84.33,163.622,114.622,-17.865
IMG_2140,77.679,145.471,213.003,-3.8476
IMG_2141,77.606,151.76,204.818,-1.6203
IMG_2142,78.75,169.416,169.657,-3.279
IMG_2143,79.064,169.346,182.305,-3.7755
IMG_2144,78.449,160.304,195.302,-3.5359
IMG_2145,76.877,150.231,203.784,-2.3927
IMG_2146,76.913,155.52,193.63,-3.1881
IMG_2147,76.49,147.875,205.06,-2.7256
IMG_2148,77.109,144.655,212.527,-2.3259
IMG_2149,75.006,132.694,225.065,-1.7463
IMG_2150,74.676,127.998,229.701,-1.7997
IMG_2151,74.995,138.558,216.697,-1.6943
IMG_2152,74.676,134.558,219.409,-1.6211
IMG_2153,76.055,133.603,225.364,-1.5092
IMG_2154,91.185,200.786,145.833,-19.269
IMG_2155,86.062,170.149,198.707,-23.0693
IMG_2156,84.604,150.364,223.161,-11.7575
IMG_2157,85.501,162.991,200.241,-12.9033
IMG_2158,85.357,162.409,210.789,-19.5424
IMG_2159,93.785,212.803,127.584,-24.5909
IMG_2160,94.136,216.923,126.284,-23.2228
IMG_2161,92.51,210.76,141.001,-26.4156
IMG_2162,93.52,213.414,133.72,-27.4591
IMG_2163,83.683,132.068,237.907,-20.9886
IMG_2164,83.519,123.142,243.644,-3.7902
IMG_2165,86.452,182.76,165.163,-17.8887
IMG_2166,86.184,177.971,176.533,-11.6636
IMG_2167,84.773,170.08,195.251,-3.2254
IMG_2168,84.247,162.09,201.694,-8.5283
IMG_2169,85.242,178.291,177.842,-3.8397
IMG_2170,89.319,186.226,131.147,-5.8476
IMG_2171,87.063,183.008,149.414,-10.8842
IMG_2172,83.135,167.593,197.877,-3.974
IMG_2173,85.901,184.749,153.861,-5.073
IMG_2174,84.229,179.269,165.341,-4.0029
IMG_2175,81.794,168.539,164.255,-4.0259
IMG_2176,80.706,164.876,192.167,-3.7744
IMG_2177,79.203,134.321,230.393,-2.177
IMG_2178,79.12,120.817,241.627,-1.1556
IMG_2179,80.216,146.2,219.012,-0.9252
IMG_2180,79.554,136.36,229.516,-1.2769
IMG_2181,78.066,137.37,222.053,-1.0694
IMG_2182,77.374,145.455,209.191,-1.1589
IMG_2183,77.125,140.024,217.49,-1.2511
IMG_2184,79.858,161.376,174.481,-1.2683
IMG_2185,77.713,149.951,204.876,-1.8442
IMG_2186,76.332,140.43,216.368,-1.1665
IMG_2187,75.115,129.331,228.435,-1.206
IMG_2188,76.324,138.241,220.307,-0.7199
IMG_2189,77.025,143.932,215.8,-0.797
IMG_2190,76.791,141.659,219.005,-0.8922
IMG_2191,77.258,151.273,205.328,-0.8812
IMG_2192,76.92,143.781,216.38,-0.9969
IMG_2193,76.782,143.496,215.954,-0.942
IMG_2194,77.479,155.683,201.367,-0.9376
IMG_2195,77.217,151.258,209.313,-1.0728
IMG_2196,77.858,162.539,190.23,-4.4486
IMG_2197,78.25,165.124,186.454,-6.4268
IMG_2198,78.351,162.206,195.787,-5.0163
IMG_2199,79.627,174.032,158.468,-4.3235
IMG_2200,78.624,168.136,180.577,-6.2284
IMG_2201,78.823,165.661,182.857,-6.2416
IMG_2202,78.899,166.57,184.753,-3.6106
IMG_2203,94.745,220.052,119.289,-30.6823
IMG_2204,94.755,219.887,119.429,-32.5032
IMG_2205,93.837,213.268,115.391,-31.6456
IMG_2206,94.969,219.361,118.607,-32.2457
IMG_2207,94.435,217.205,114.458,-33.0914
IMG_2208,94.137,214.622,112.751,-33.104
IMG_2209,94.313,214.707,113.565,-32.9209
IMG_2210,94.21,215.033,112.587,-33.8099
IMG_2211,94.257,214.501,112.489,-33.463
IMG_2212,93.727,212.478,110.699,-32.326
IMG_2213,94.096,212.731,110.891,-32.096
IMG_2214,93.821,212.347,107.385,-32.9358
IMG_2215,94.555,213.11,107.139,-33.3337
IMG_2216,93.935,208.655,103.83,-32.6811
IMG_2217,94.104,208.933,102.282,-32.9204
IMG_2218,93.854,203.709,95.592,-31.8034
IMG_2219,93.084,200.226,93.818,-33.5125
IMG_2220,93.932,204.117,96.384,-33.0874
IMG_2221,92.901,199.082,91.772,-32.6128
IMG_2222,92.343,193.506,88.961,-33.7458
IMG_2223,92.486,192.696,85.814,-32.627
IMG_2224,92.148,187.505,81.786,-32.7447
IMG_2225,90.488,181.462,79.336,-32.1496
IMG_2226,92.883,190.963,82.312,-33.0905
IMG_2227,91.884,185.49,83.087,-32.7823
IMG_2228,90.915,185.733,81.816,-31.9084
IMG_2229,90.968,182.456,81.145,-32.7157
IMG_2230,91.874,185.452,81.333,-32.6675
IMG_2231,92.43,186.865,80.05,-33.1479
IMG_2232,92.34,186.994,78.94,-33.2149
IMG_2233,92.527,187.265,78.719,-32.2245
IMG_2234,92.487,186.893,77.908,-33.1187
IMG_2235,92.089,183.762,77.388,-32.4495
IMG_2236,91.848,184.865,77.425,-32.2216
IMG_2237,92.591,185.726,77.663,-30.3034
IMG_2238,91.529,184.069,76.966,-30.0099
IMG_2239,92.148,184.214,76.352,-31.1896
IMG_2240,92.458,183.7,76.772,-31.3215
IMG_2241,91.149,181.72,76.458,-30.6259
IMG_2242,91.603,181.874,77.202,-31.3904
IMG_2243,91.786,183.179,76.881,-30.6457
IMG_2244,92.15,183.287,76.43,-31.308
IMG_2245,92.249,184.247,75.418,-32.3889
IMG_2246,92.604,184.342,76.187,-32.4643
IMG_2247,91.248,180.338,75.28,-32.9396
IMG_2248,92.181,184.357,77.032,-31.8537
IMG_2249,91.381,182.891,75.519,-32.668
IMG_2250,92.084,183.779,75.936,-32.0934
IMG_2251,91.454,181.284,75.323,-30.3311
IMG_2252,94.229,223.209,129.005,-31.7629
IMG_2253,94.485,223.09,128.848,-31.9407
IMG_2254,94.837,223.809,129.179,-31.2127
IMG_2255,94.328,221.754,128.318,-30.0737
IMG_2256,94.711,223.733,128.379,-32.3176
IMG_2257,94.221,220.251,124.157,-29.9258
IMG_2258,94.477,219.009,123.303,-30.4509
IMG_2259,94.044,218.149,119.725,-31.1921
IMG_2260,95.019,222.307,121.521,-31.653
IMG_2261,94.22,217.341,117.155,-31.5982
IMG_2262,94.15,217.192,114.01,-31.36
IMG_2263,95.276,220.838,115.499,-31.5376
IMG_2264,94.689,217.863,113.483,-31.0527
IMG_2265,94.532,217.931,110.772,-30.9818
IMG_2266,94.779,215.459,106.483,-31.2305
IMG_2267,94.418,212.469,102.135,-31.0763
IMG_2268,93.951,207.059,100.716,-31.5174
IMG_2269,94.846,210.665,99.507,-30.1415
IMG_2270,93.78,201.153,93.455,-30.8306
IMG_2271,94.428,208.213,94.274,-30.9607
IMG_2272,94.311,204.483,92.833,-30.2276
IMG_2273,92.842,190.187,79.504,-30.9323
IMG_2274,94.057,195.507,78.986,-30.6678
IMG_2275,93.297,191.665,75.759,-30.3246
IMG_2276,92.831,185.457,74.837,-30.2162
IMG_2277,94.049,191.809,75.001,-31.074
IMG_2278,92.762,184.642,73.213,-31.4617
IMG_2279,92.253,178.977,70.714,-30.1817
IMG_2280,93.72,184.401,71.734,-29.807
IMG_2281,91.754,175.641,67.591,-29.9493
IMG_2282,94.187,185.304,71.398,-30.4778
IMG_2283,93.76,186.76,70.997,-28.9521
IMG_2284,93.473,183.388,70.153,-29.2607
IMG_2285,93.797,182.375,69.598,-29.9997
IMG_2286,92.188,180.014,68.293,-30.1692
IMG_2287,91.512,175.126,67.983,-29.6995
IMG_2288,93.298,183.09,70.896,-29.5339
IMG_2289,90.28,169.664,66.488,-28.4162
IMG_2290,91.8,174.469,69.47,-27.8476
IMG_2291,91.113,172.819,68.564,-27.911
IMG_2292,92.351,179.019,70.652,-29.6167
IMG_2293,90.084,170.223,68.365,-27.7658
IMG_2294,91.542,175.032,68.126,-29.2735
IMG_2295,91.062,174.333,67.973,-29.2118
IMG_2296,90.035,170.309,69.164,-28.4359
IMG_2297,90.758,170.912,67.564,-28.5338
IMG_2298,90.05,169.218,68.949,-26.9903
IMG_2299,89.404,165.867,67.91,-29.1044
IMG_2300,91.438,171.47,68.761,-26.8755
IMG_2301,92.23,200.556,96.33,-30.2288
IMG_2302,91.798,194.073,92.47,-28.4822
IMG_2303,93.063,198.002,94.174,-28.8405
IMG_2304,91.819,192.94,90.859,-28.2748
IMG_2305,91.212,188.189,86.96,-27.7913
IMG_2306,92.324,191.057,87.945,-29.2732
IMG_2307,91.745,188.626,86.369,-29.88
IMG_2308,90.621,185.156,86.06,-29.3119
IMG_2309,91.571,190.056,86.698,-29.5656
IMG_2310,91.725,189.404,85.524,-30.0362
IMG_2311,90.968,183.942,84.93,-29.2127
IMG_2312,91.045,183.651,81.431,-30.4947
IMG_2313,92.121,187.273,82.304,-29.3269
IMG_2314,91.031,181.197,79.224,-29.9828
IMG_2315,90.364,178.698,78.998,-30.0953
IMG_2316,89.834,177.283,77.637,-29.5239
IMG_2317,91.43,183.93,78.978,-29.0259
IMG_2318,90.035,178.905,78.976,-29.119
IMG_2319,89.054,180.316,83.361,-25.9372
IMG_2320,90.494,183.282,80.897,-19.5492
IMG_2321,89.355,183.508,84.214,-18.1385
IMG_2322,89.23,177.281,79.396,-23.9712
IMG_2323,87.732,178.674,83.834,-16.7192
IMG_2324,89.514,177.475,77.538,-24.3076
IMG_2325,88.983,175.593,79.221,-19.8091
IMG_2326,88.733,182.652,86.236,-24.0171
IMG_2327,85.935,183.515,102.107,-14.3831
IMG_2328,81.934,182.809,129.061,-11.5798
IMG_2329,84.316,182.469,122.498,-8.7813
IMG_2330,80.956,178.83,157.208,-6.0111
IMG_2331,80.839,179.986,148.914,-7.3376
IMG_2332,80.088,177.789,155.361,-9.096
IMG_2333,95.656,223.834,118.695,-30.6364
IMG_2334,95.848,223.446,115.881,-30.0875
IMG_2335,95.433,219.621,109.224,-29.4134
IMG_2336,94.962,213.284,105.324,-31.1067
IMG_2337,96.157,223.486,108.97,-30.9129
IMG_2338,96.22,219.844,103.263,-29.4514
IMG_2339,94.677,208.08,95.02,-30.5513
IMG_2340,95.348,212.901,98.171,-29.1894
IMG_2341,95.407,210.99,95.61,-29.312
IMG_2342,94.876,206.461,94.011,-29.8539
IMG_2343,94.812,206.695,92.781,-28.5417
IMG_2344,93.723,187.015,77.032,-28.7428
IMG_2345,95.715,200.282,78.679,-29.2014
IMG_2346,92.987,184.517,73.654,-27.3133
IMG_2347,92.026,182.036,72.616,-26.8713
IMG_2348,93.054,188.502,78.752,-27.7184
IMG_2349,93.297,193.754,81.98,-27.7124
IMG_2350,92.445,185.13,79.497,-28.9327
IMG_2351,92.485,184.241,73.559,-27.9921
IMG_2352,92.391,181.547,74.108,-26.9397
IMG_2353,93.662,185.604,72.987,-26.9832
IMG_2354,90.553,172.69,69.587,-27.3105
IMG_2355,91.5,176.468,71.614,-26.9232
IMG_2356,89.843,171.138,72.352,-25.0658
IMG_2357,89.853,171.049,77.964,-27.0026
IMG_2358,91.363,179.511,80.436,-28.486
IMG_2359,89.092,171.075,81.598,-26.4863
IMG_2360,88.328,167.134,84.545,-25.6317
IMG_2361,87.489,170.672,89.501,-20.1196
IMG_2362,88.836,175.894,91.393,-17.7411
IMG_2363,87.211,170.715,91.58,-20.4384
IMG_2364,86.759,165.684,84.63,-23.2308
IMG_2365,86.12,173.486,100.815,-19.4528
IMG_2366,81.775,173.857,118.456,-17.5744
IMG_2367,83.736,170.758,106.102,-15.6616
IMG_2368,82.883,169.184,128.408,-16.7581
IMG_2369,79.23,167.695,137.81,-16.0746
IMG_2370,77.724,165.15,151.26,-13.4774
IMG_2371,78.43,166.844,154.771,-16.5587
IMG_2372,84.779,130.841,237.914,-11.2046
IMG_2373,85.73,160.574,206.921,-10.7655
IMG_2374,85.14,158.813,211.13,-10.6549
IMG_2375,84.486,133.299,236.475,-11.0257
IMG_2376,84.319,135.715,235.544,-9.1189
IMG_2377,83.961,119.487,245.041,-12.4182
IMG_2378,83.466,117.139,245.895,-3.9792
IMG_2379,83.143,113.754,247.369,-4.5857
IMG_2380,83.654,134.081,233.876,-5.5395
IMG_2381,83.323,119.725,244.74,-2.683
IMG_2382,83.176,113.608,246.944,-4.1274
IMG_2383,83.01,106.051,250.096,-2.0123
IMG_2384,83,120.192,244.262,-3.051
IMG_2385,82.604,121.282,243.289,-2.7263
IMG_2386,82.022,129.347,237.338,-3.7576
IMG_2387,81.464,121.476,242.625,-3.6003
IMG_2388,81.282,120.414,242.556,-2.1578
IMG_2389,81.678,111.601,247.925,-2.2357
IMG_2390,81.051,126.739,239.199,-2.7849
IMG_2391,80.124,126.691,236.427,-3.2025
IMG_2392,80.305,129.766,234.34,-3.5225
IMG_2393,78.06,131.529,229.856,-2.19
IMG_2394,77.7,129.881,231.792,-2.3562
IMG_2395,77.939,130.298,231.146,-2.4553
IMG_2396,78.241,137.069,223.024,-3.6557
IMG_2397,78.035,137.864,218.469,-2.224
IMG_2398,78.028,130.896,230.771,-2.8845
IMG_2399,77.071,124.949,234.843,-2.004
IMG_2400,74.166,125.482,231.486,-2.0449
IMG_2401,73.558,119.603,236.786,-1.9949
IMG_2402,73.547,121.988,234.832,-1.9305
IMG_2403,74.363,124.606,232.117,-2.0076
IMG_2404,73.762,126.255,229.841,-2.1037
IMG_2405,74.801,130.963,224.263,-2.2369
IMG_2406,74.546,131.084,224.808,-2.2486
IMG_2407,73.346,123.872,232.403,-2.2001
IMG_2408,73.179,122.549,234.193,-2.1899
IMG_2409,73.535,126.944,229.57,-2.3749
IMG_2410,73.643,128.941,227.487,-2.3462
IMG_2411,74.231,131.787,223.823,-2.5203
IMG_2412,73.395,126.922,229.649,-2.232
IMG_2413,73.023,127.171,228.892,-2.2007
IMG_2414,72.808,121.233,235.735,-2.1218
IMG_2415,72.515,122.867,232.869,-2.279
IMG_2416,72.532,125.188,230.777,-2.1335
IMG_2417,72.873,123.752,232.733,-2.0804
IMG_2418,71.456,119.471,236.939,-2.0606
IMG_2419,72.602,122.444,234.321,-1.9886
IMG_2420,73.435,124.724,232.031,-2.1782
IMG_2421,82.915,114.27,246.394,-5.185
IMG_2422,82.482,104.085,250.606,-4.5579
IMG_2423,81.931,112.753,247.894,-5.1422
IMG_2424,82.467,122.436,242.465,-4.5455
IMG_2425,82.836,118.442,244.77,-4.0802
IMG_2426,82.458,126.323,240.824,-5.2046
IMG_2427,83.139,129.343,237.841,-5.4747
IMG_2428,83.001,124.526,240.897,-5.6866
IMG_2429,83.226,131.498,236.97,-5.7924
IMG_2430,81.738,124.097,241.548,-4.8035
IMG_2431,81.595,126.194,240.12,-4.1985
IMG_2432,82.065,128.639,239.115,-5.2278
IMG_2433,82.309,127.04,239.814,-4.3193
IMG_2434,82.284,125.337,241.071,-4.517
IMG_2435,82.714,133.913,235.68,-2.823
IMG_2436,82.65,142.421,228.92,-3.1859
IMG_2437,82.723,148.251,224.282,-3.2674
IMG_2438,82.737,158.585,213.336,-3.6504
IMG_2439,80.52,140.163,226.813,-4.2603
IMG_2440,79.472,142.917,221.089,-2.9159
IMG_2441,80.868,158.034,209.129,-3.3187
IMG_2442,79.827,143.35,224.337,-2.9161
IMG_2443,80.211,147.175,220.392,-2.5492
IMG_2444,80.479,141.664,226.732,-2.7942
IMG_2445,78.714,128.076,235.842,-1.5581
IMG_2446,78.681,129.658,234.716,-1.4464
IMG_2447,78.326,128.573,234.597,-1.7033
IMG_2448,78.74,135.813,227.199,-1.8619
IMG_2449,77.169,133.019,226.98,-1.455
IMG_2450,78.432,143.174,217.808,-1.6004
IMG_2451,77.674,137.058,223.164,-2.185
IMG_2452,77.487,137.119,223.318,-1.8004
IMG_2453,77.333,142.105,218.62,-2.0284
IMG_2454,77.035,136.789,223.615,-1.7608
IMG_2455,78.287,144.058,217.458,-1.9065
IMG_2456,78.866,158.903,197.562,-1.6271
IMG_2457,78.74,150.139,212.257,-1.8975
IMG_2458,77.531,144.799,215.548,-2.0235
IMG_2459,77.851,146.37,214.603,-1.8497
IMG_2460,78.023,149.494,211.542,-2.0698
IMG_2461,78.243,152.633,208.221,-2.0356
IMG_2462,78.404,151.945,208.446,-1.9675
IMG_2463,77.937,148.615,212.517,-1.7573
IMG_2464,78.082,152.376,207.039,-2.4166
IMG_2465,78.354,153.413,207.42,-2.3908
IMG_2466,77.651,152.112,207.556,-2.1636
IMG_2467,78.143,152.013,208.469,-1.962
IMG_2468,78.101,157.034,199.839,-3.0586
IMG_2469,78.028,150.96,210.137,-2.8897
IMG_2470,88.997,192.955,178.264,-23.1828
IMG_2471,87.853,190.201,182.555,-12.6499
IMG_2472,90.448,208.463,158.077,-24.6622
IMG_2473,90.507,209.361,154.033,-22.7014
IMG_2474,86.987,185.564,184.482,-17.3086
IMG_2475,89.379,205.055,160.034,-19.1098
IMG_2476,95.756,225.487,116.307,-24.1688
IMG_2477,91.89,216.107,132.296,-29.0077
IMG_2478,97.076,225.691,106.771,-30.5628
IMG_2479,95.598,217.313,95.803,-29.9107
IMG_2480,97.386,219.896,90.852,-27.8082
IMG_2481,97.417,219.59,89.144,-29.8485
IMG_2482,96.827,217.379,88.443,-29.9759
IMG_2483,96.935,216.442,87.434,-30.2581
IMG_2484,97.47,215.837,84.137,-30.2285
IMG_2485,97.269,213.713,82.132,-30.0593
IMG_2486,97.056,212.132,80.34,-30.1544
IMG_2487,96.854,209.227,80.705,-30.0123
IMG_2488,93.198,203.415,85.972,-29.4357
IMG_2489,89.479,196.523,99.116,-26.8594
IMG_2490,89.191,195.691,99.722,-22.7157
IMG_2491,84.785,188.109,119.617,-17.5269
IMG_2492,86.408,188.141,108.845,-20.1311
IMG_2493,86.507,186.724,107.703,-20.7465
IMG_2494,84.503,184.224,113.339,-20.013
IMG_2495,86.487,184.525,101.981,-17.0611
IMG_2496,87.818,183.059,90.767,-20.8843
IMG_2497,85.881,180.551,99.838,-22.1555
IMG_2498,85.068,182.637,104.2,-20.2443
IMG_2499,86.057,181.272,96.339,-17.4624
IMG_2500,87.951,180.323,87.22,-20.5902
IMG_2501,91.059,183.433,79.038,-24.2224
IMG_2502,90.201,180.736,79.422,-25.0331
IMG_2503,90.037,180.846,76.418,-24.2987
IMG_2504,91.361,182.772,75.69,-25.0662
IMG_2505,90.997,182.418,77.165,-26.0441
IMG_2506,89.459,180.248,79.705,-26.1706
IMG_2507,98.076,237.928,121.61,-29.7319
IMG_2508,97.741,237.233,121.003,-29.692
IMG_2509,97.355,236.38,119.876,-30.2477
IMG_2510,97.857,237.598,120.902,-27.4512
IMG_2511,97.761,238.545,122.167,-28.3523
IMG_2512,97.857,236.823,119.936,-28.1166
IMG_2513,97.644,235.668,120.139,-28.7411
IMG_2514,95.983,230.433,128.402,-25.8169
IMG_2515,94.823,226.056,134.526,-24.038
IMG_2516,90.953,212.965,157.062,-22.1543
IMG_2517,95.621,229.892,118.958,-19.1091
IMG_2518,97.637,228.93,103.704,-23.8368
IMG_2519,97.796,231.994,103.93,-21.0076
IMG_2520,96.196,223.695,101.08,-19.5895
IMG_2521,96.216,224.836,102.859,-23.7217
IMG_2522,97.03,224.463,98.445,-21.0772
IMG_2523,96.891,220.78,95.061,-19.615
IMG_2524,96.541,219.912,97.266,-20.0444
IMG_2525,94.521,215.671,101.042,-23.8174
IMG_2526,92.054,210.836,109.367,-22.0734
IMG_2527,92.234,212.608,112.848,-16.8595
IMG_2528,92.362,211.325,110.796,-17.9489
IMG_2529,94.909,210.689,92.896,-18.7037
IMG_2530,95.3,214.247,95.127,-20.0435
IMG_2531,94.048,205.968,93.868,-19.512
IMG_2532,90.26,204.726,113.368,-16.7843
IMG_2533,93.826,208.719,94.063,-14.5042
IMG_2534,96.208,210.138,82.518,-18.1677
IMG_2535,95.097,202.258,80.005,-19.0764
IMG_2536,93.724,197.945,84.214,-24.826
IMG_2537,95.759,207.121,81.802,-19.4867
IMG_2538,92.737,194.583,84.626,-19.131
IMG_2539,91.087,192.89,92.757,-20.1983
IMG_2540,89.068,189.615,97.603,-14.1221
IMG_2541,86.669,188.08,104.528,-14.641
IMG_2542,84.315,186.663,117.583,-11.1437
IMG_2543,84.725,187.573,118.346,-11.3811
IMG_2544,85.046,185.309,104.856,-11.0297
IMG_2545,85.374,186.058,103.607,-11.3922
IMG_2546,84.204,179.316,96.238,-11.2396
IMG_2547,85.203,180.828,99.451,-13.0962
IMG_2548,82.468,177.56,103.706,-11.6668
IMG_2549,80.135,179.041,121.719,-10.9063
IMG_2550,79.887,179.147,136.151,-9.6988
IMG_2551,79.964,177.985,133.253,-9.0406
IMG_2552,80.785,179.309,132.032,-9.1217
IMG_2553,94.931,227.087,140.284,-18.7166
IMG_2554,95.213,228.061,140.275,-18.2587
IMG_2555,95.258,227.806,140.673,-17.5193
IMG_2556,94.988,226.643,141.17,-19.8251
IMG_2557,94.425,225.509,144.403,-19.6498
IMG_2558,94.261,224.983,147.07,-20.0531
IMG_2559,94.503,225.108,143.662,-18.51
IMG_2560,94.782,226.312,141.136,-21.5207
IMG_2561,94.578,225.257,143.071,-21.8405
IMG_2562,94.975,227.274,139.104,-21.0595
IMG_2563,94.973,227.102,140.118,-20.6501
IMG_2564,94.981,227.435,138.926,-18.7729
IMG_2565,95.647,231.374,138.416,-17.983
IMG_2566,95.435,229.38,137.344,-20.5656
IMG_2567,94.184,222.687,143.457,-19.7873
IMG_2568,93.308,220.25,147.589,-19.2348
IMG_2569,93.202,217.691,148.995,-17.5765
IMG_2570,92.711,214.892,150.135,-15.4933
IMG_2571,92.014,213.565,153.586,-13.5025
IMG_2572,91.413,210.191,155.517,-15.4211
IMG_2573,90.847,205.873,161.288,-11.8619
IMG_2574,88.408,198.644,152.1,-9.508
IMG_2575,87.531,195.334,156.325,-12.8352
IMG_2576,86.638,190.06,166.405,-13.4245
IMG_2577,82.652,152.323,215.338,-8.4205
IMG_2578,81.484,139.186,227.841,-2.9229
IMG_2579,82.507,153.011,215.098,-2.7015
IMG_2580,81.884,148.359,217.018,-3.904
IMG_2581,77.615,135.032,222.525,-4.1012
IMG_2582,77.029,135.364,220.447,-3.0335
IMG_2583,76.402,134.262,220.115,-2.1968
IMG_2584,77.308,139.515,215.526,-2.8607
IMG_2585,74.113,127.02,225.854,-2.232
IMG_2586,74.893,131.05,222.646,-2.2965
IMG_2587,76.387,138.84,213.06,-2.4706
IMG_2588,73.874,125.372,229.032,-1.9771
IMG_2589,73.912,126.812,227.57,-2.0205
IMG_2590,71.782,123.725,230.013,-2.055
IMG_2591,71.4,121.227,232.756,-1.8447
IMG_2592,72.088,123.252,230.914,-1.8644
IMG_2593,73.271,127.752,225.303,-1.9856
IMG_2594,73.76,129.423,224.611,-2.0229
IMG_2595,74.645,131.121,223.008,-2.1555
IMG_2596,73.838,129.344,224.318,-2.043
IMG_2597,73.641,128.949,225.862,-1.994
IMG_2598,73.634,129.998,224.196,-1.8829
IMG_2599,73.982,131.794,221.472,-1.8632
IMG_2600,73.339,129.301,223.91,-1.6188
IMG_2601,72.902,128.728,225.05,-1.6504
IMG_2602,90.448,197.606,175.265,-23.9737
IMG_2603,89.844,193.503,180.926,-26.407
IMG_2604,89.34,188.838,187.064,-23.2849
IMG_2605,89.077,186.664,189.243,-25.3321
IMG_2606,88.669,182.595,193.434,-25.1865
IMG_2607,88.917,186.653,185.755,-24.9273
IMG_2608,88.015,179.653,195.037,-25.348
IMG_2609,89.066,189.149,181.934,-26.6992
IMG_2610,86.774,155.862,218.206,-27.4903
IMG_2611,87.416,171.009,204.214,-18.2757
IMG_2612,88.072,180.916,192.901,-27.7373
IMG_2613,88.506,183.932,187.768,-27.6076
IMG_2614,88.713,186.408,185.735,-27.2044
IMG_2615,88.384,183.845,192.671,-25.2227
IMG_2616,86.053,148.476,226.263,-26.9263
IMG_2617,86.043,144.01,228.436,-19.1798
IMG_2618,84.551,119.651,244.734,-24.3547
IMG_2619,84.096,114.713,246.699,-9.3585
IMG_2620,83.388,128.528,238.806,-7.881
IMG_2621,83.498,139.78,230.818,-7.6399
IMG_2622,82.506,127.45,239.582,-4.1442
IMG_2623,82.319,137.021,232.586,-5.1718
IMG_2624,81.554,131.39,236.27,-6.6646
IMG_2625,82.774,144.52,227.991,-11.5991
IMG_2626,82.424,144.192,226.445,-10.9666
IMG_2627,80.717,133.869,233.699,-4.7324
IMG_2628,80.928,137.829,231.09,-3.5256
IMG_2629,81.209,142.836,225.475,-2.9734
IMG_2630,83.507,169.142,195.665,-9.1082
IMG_2631,83.57,166.097,198.501,-11.203
IMG_2632,83.041,158.082,207.925,-4.5841
IMG_2633,81.989,154.496,209.82,-8.1775
IMG_2634,75.65,122.425,235.634,-1.5996
IMG_2635,74.693,120.507,237.316,-2.0051
IMG_2636,77.699,134.309,227.658,-1.7962
IMG_2637,74.696,119.355,238.189,-1.7311
IMG_2638,74.012,124.501,232.881,-1.176
IMG_2639,76.486,130.869,228.663,-1.4788
IMG_2640,76.09,133.178,224.729,-1.6008
IMG_2641,77.124,136.717,223.213,-1.6647
IMG_2642,84.446,176.908,160.687,-10.5902
IMG_2643,77.577,144.986,213.403,-2.9074
IMG_2644,76.337,142.005,215.207,-1.7886
IMG_2645,78.769,152.59,207.117,-1.9193
IMG_2646,82.429,170.778,167.858,-18.9818
IMG_2647,77.787,153.596,201.152,-14.8146
IMG_2648,75.589,136.881,218.908,-1.5606
IMG_2649,75.416,136.446,220.43,-2.7913
IMG_2650,74.853,136.684,218.614,-3.3332
IMG_2651,84.096,100.322,251.127,-7.8014
IMG_2652,84.54,113.118,247.53,-7.6415
IMG_2653,84.501,112.901,247.588,-8.1943
IMG_2654,83.994,105.268,249.919,-7.6264
IMG_2655,83.77,105.823,250.182,-7.4378
IMG_2656,83.935,103.861,250.632,-7.8314
IMG_2657,83.884,106.644,249.593,-7.4666
IMG_2658,84.221,110.613,248.451,-7.8432
IMG_2659,84.319,115.615,246.767,-7.6523
IMG_2660,84.349,122.196,243.961,-7.818
IMG_2661,84.975,127.877,241.655,-7.9076
IMG_2662,84.045,122.155,244.129,-7.833
IMG_2663,83.667,118.709,245.574,-7.7573
IMG_2664,84.305,125.537,242.161,-8.0417
IMG_2665,84.068,127.537,241.292,-8.0133
IMG_2666,83.375,125.949,241.856,-7.8677
IMG_2667,82.751,128.363,240.423,-7.7935
IMG_2668,83.47,132.596,238.292,-7.9459
IMG_2669,83.147,133.563,237.664,-7.9391
IMG_2670,82.378,132.629,237.42,-7.9894
IMG_2671,83.333,137.177,235.262,-7.954
IMG_2672,82.65,143.34,229.876,-8.0025
IMG_2673,82.265,141.417,230.859,-7.9889
IMG_2674,82.203,141.945,230.247,-8.1721
IMG_2675,81.457,141.806,228.99,-8.0425
IMG_2676,82.848,147.103,226.255,-8.0379
IMG_2677,83.14,149.869,224.098,-8.408
IMG_2678,82.243,149.104,223.397,-8.5852
IMG_2679,82.195,148.784,223.768,-9.0765
IMG_2680,82.786,152.408,220.902,-9.0768
IMG_2681,83.619,155.982,219.134,-9.2882
IMG_2682,84.183,162.041,214.076,-9.091
IMG_2683,83.562,159.04,215.895,-9.2796
IMG_2684,84,162.651,212.731,-9.5292
IMG_2685,84.042,165.099,210.161,-9.2744
IMG_2686,83.997,164.066,211.021,-9.437
IMG_2687,83.423,162.685,210.846,-9.5373
IMG_2688,83.04,163.08,209.624,-9.5629
IMG_2689,83.891,166.7,207.66,-9.7055
IMG_2690,84.343,173.906,201.962,-10.4593
IMG_2691,84.042,172.256,201.858,-11.6264
IMG_2692,84.697,176.194,198.464,-10.0907
IMG_2693,81.672,160.025,208.819,-9.4497
IMG_2694,79.601,148.742,217.786,-8.5534
IMG_2695,78.535,144.469,220.481,-8.3501
IMG_2696,78.427,145.3,219.118,-8.0042
IMG_2697,78.848,148.345,216.807,-8.0249
IMG_2698,81.011,159.881,206.423,-8.1156
IMG_2699,81.268,165.461,201.166,-8.7557
IMG_2700,85.185,138.43,232.735,-8.5919
IMG_2701,85.606,143.92,230.623,-7.4474
IMG_2702,85.38,137.423,234.384,-9.5285
IMG_2703,89.01,192.182,193.736,-9.9569
IMG_2704,91.647,214.955,172.962,-27.5835
IMG_2705,92.818,220.898,164.703,-22.7813
IMG_2706,92.602,218.266,166.569,-29.0144
IMG_2707,92.559,215.243,167.62,-28.7166
IMG_2708,92.912,217.998,164.349,-29.5178
IMG_2709,91.994,214.556,169.321,-29.4364
IMG_2710,92.215,218.386,165.487,-26.2049
IMG_2711,91.035,207.616,173.806,-18.3083
IMG_2712,87.008,165.917,215.078,-18.9745
IMG_2713,87.163,169.525,212.489,-15.3937
IMG_2714,88.351,181.89,202.134,-8.2596
IMG_2715,87.813,177.794,206.909,-22.7536
IMG_2716,87.4,169.933,212.981,-17.4882
IMG_2717,86.844,172.846,209.82,-8.8185
IMG_2718,87.827,175.742,209.339,-17.8214
IMG_2719,87.314,174.128,210.396,-11.8495
IMG_2720,87.922,176.838,208.776,-7.8162
IMG_2721,87.659,177.017,209.126,-7.2936
IMG_2722,87.131,170.034,214.244,-7.3763
IMG_2723,87.921,182.138,204.562,-7.9619
IMG_2724,88.064,182.368,204.668,-9.1624
IMG_2725,87.468,173.997,211.151,-8.1121
IMG_2726,87.386,174.145,211.048,-7.9634
IMG_2727,87.659,175.432,210.271,-8.0396
IMG_2728,87.691,178.713,207.769,-8.0906
IMG_2729,87.932,180.67,205.949,-8.5806
IMG_2730,88.13,186.454,201.617,-10.1592
IMG_2731,87.743,183.911,203.35,-8.9721
IMG_2732,87.71,180.287,205.598,-8.6642
IMG_2733,87.755,185.918,200.547,-8.2458
IMG_2734,87.318,179.839,205.336,-8.5659
IMG_2735,87.12,174.359,209.256,-7.855
IMG_2736,87.251,187.417,197.361,-9.8746
IMG_2737,86.984,184.951,199.149,-7.5881
IMG_2738,86.983,184.879,198.996,-7.2639
IMG_2739,86.873,185.416,198.657,-8.0087
IMG_2740,88.094,200.136,183.654,-10.4832
IMG_2741,87.499,196.221,186.239,-12.8694
IMG_2742,88.123,200.265,181.473,-15.3264
IMG_2743,88.158,202.256,176.025,-10.4755
IMG_2744,88.995,208.296,167.253,-14.6815
IMG_2745,88.519,205.162,168.222,-12.7048
IMG_2746,88.441,204.937,170.818,-16.7913
IMG_2747,87.149,197.794,180.173,-14.1952
IMG_2748,87.374,201.493,172.725,-11.7938
IMG_2749,88.702,191.485,192.717,-22.9012
IMG_2750,89.067,197.576,187.001,-22.8221
IMG_2751,88.859,196.656,186.042,-17.2866
IMG_2752,89.614,202.137,179.414,-15.6254
IMG_2753,91.308,212.879,166.914,-17.7134
IMG_2754,88.738,192.255,187.567,-21.9501
IMG_2755,89.583,193.8,181.748,-20.0494
IMG_2756,92.173,214.911,165.087,-27.3412
IMG_2757,94.725,229.734,149.416,-29.5839
IMG_2758,95.242,231.894,145.807,-29.1603
IMG_2759,95.869,234.462,143.681,-28.1319
IMG_2760,93.596,225.855,154.999,-29.2932
IMG_2761,95.291,234.706,144.364,-28.8353
IMG_2762,96.852,238.404,140.472,-28.8109
IMG_2763,96.666,236.721,136.219,-29.4774
IMG_2764,97.076,238.456,135.331,-30.0111
IMG_2765,96.406,236.082,132.152,-29.6576
IMG_2766,96.518,236.797,136.75,-29.0888
IMG_2767,96.94,238.751,135.145,-28.5062
IMG_2768,97.205,239.76,132.096,-29.3643
IMG_2769,97.467,239.625,133.433,-29.2258
IMG_2770,96.967,238.441,132.891,-28.5201
IMG_2771,97.155,239.655,131.464,-28.1876
IMG_2772,96.842,238.496,130.363,-28.2384
IMG_2773,96.417,237.676,130.336,-28.4049
IMG_2774,96.427,238.345,132.002,-27.4376
IMG_2775,96.341,238.017,133.074,-25.7999
IMG_2776,95.739,236.54,134.412,-24.3911
IMG_2777,95.749,235.746,135.907,-24.8668
IMG_2778,95.004,234.251,135.289,-23.8191
IMG_2779,95.319,234.43,135.654,-25.0709
IMG_2780,95.476,235.153,136.432,-25.6756
IMG_2781,95.468,235.347,133.421,-24.2009
IMG_2782,95.785,236.577,133.268,-23.4191
IMG_2783,95.812,236.438,131.37,-23.926
IMG_2784,96.019,236.842,130.735,-23.1175
IMG_2785,95.931,236.578,129.534,-21.8695
IMG_2786,95.875,236.169,129.742,-22.4512
IMG_2787,96.016,235.893,131.75,-22.984
IMG_2788,95.69,235.548,133.014,-22.16
IMG_2789,94.908,234.369,136.014,-23.6373
IMG_2790,93.163,231.364,143.173,-21.7544
IMG_2791,93.77,232.071,139.439,-20.7084
IMG_2792,94.975,233.559,134.99,-20.7235
IMG_2793,95.201,233.188,134.833,-21.0759
IMG_2794,93.162,222.798,144.918,-20.9022
IMG_2795,89.066,208.332,170.601,-20.0014
IMG_2796,90.829,216.504,153.566,-15.0363
IMG_2797,88.47,207.838,168.635,-11.4253
IMG_2798,84.571,147.468,229.213,-4.607
IMG_2799,84.401,144.66,231.554,-4.7265
IMG_2800,84.482,142.756,232.999,-4.4049
IMG_2801,84.078,132.525,238.857,-4.202
IMG_2802,84.687,148.808,228.811,-3.9579
IMG_2803,84.981,150.858,226.526,-4.2993
IMG_2804,84.405,138.388,236.068,-4.3287
IMG_2805,84.605,141.869,234.274,-4.0761
IMG_2806,84.894,148.069,229.364,-4.2489
IMG_2807,84.124,136.6,237.017,-4.1729
IMG_2808,84.913,147.683,229.747,-4.4092
IMG_2809,84.96,148.709,229.251,-4.8529
IMG_2810,84.874,147.027,230.26,-4.8535
IMG_2811,87.798,185.849,195.206,-6.1019
IMG_2812,85.813,157.886,221.929,-6.9731
IMG_2813,84.188,145.376,230.877,-4.4044
IMG_2814,84.789,154.309,224.366,-3.9652
IMG_2815,84.526,154.174,223.985,-3.9386
IMG_2816,84.949,153.175,225.163,-3.3692
IMG_2817,84.773,153.475,224.353,-2.864
IMG_2818,83.572,145.236,230.647,-2.5388
IMG_2819,81.53,143.216,229.491,-2.0517
IMG_2820,83.793,161.12,214.919,-2.1821
IMG_2821,83.924,161.017,215.121,-2.8694
IMG_2822,85.422,173.747,206.809,-4.2232
IMG_2823,84.916,168.373,210.754,-3.8168
IMG_2824,84.026,157.96,218.379,-3.2374
IMG_2825,82.577,145.639,228.176,-2.3591
IMG_2826,80.316,138.748,230.514,-2.1193
IMG_2827,80.756,141.662,228.814,-2.3767
IMG_2828,81.09,142.033,228.938,-2.5131
IMG_2829,80.726,139.47,230.226,-2.4949
IMG_2830,81.826,145.745,225.9,-2.3062
IMG_2831,82.872,151.565,223.131,-2.6168
IMG_2832,82.227,149.146,224.388,-2.6144
IMG_2833,82.361,151.009,222.353,-2.8228
IMG_2834,82.326,148.582,225.116,-2.7838
IMG_2835,82.822,155.406,218.823,-2.1247
IMG_2836,81.859,151.449,220.688,-2.456
IMG_2837,82.718,154.431,219.323,-2.3808
IMG_2838,82.455,154.308,218.655,-2.6279
IMG_2839,82.927,151.574,222.893,-2.7462
IMG_2840,82.955,161.867,211.268,-2.2958
IMG_2841,82.793,161.469,210.984,-2.6327
IMG_2842,81.974,155.881,215.557,-2.0747
IMG_2843,82.305,155.476,217.068,-2.1376
IMG_2844,80.438,149.227,219.413,-1.9556
IMG_2845,80.794,152.617,215.745,-2.0913
IMG_2846,80.431,154.045,214.13,-2.3617
IMG_2847,83.039,107.676,247.408,-1.4289
IMG_2848,84.247,97.908,251.534,-0.9896
IMG_2849,83.785,99.634,250.368,-1.0118
IMG_2850,84.825,92.358,252.526,-1.2103
IMG_2851,84.474,99.364,250.672,-1.0384
IMG_2852,83.802,95.727,251.922,-1.0384
IMG_2853,84.032,99.77,251.828,-1.0596
IMG_2854,82.499,105.215,249.05,-0.9964
IMG_2855,83.114,103.944,249.527,-1.0756
IMG_2856,82.98,107.181,247.489,-0.4671
IMG_2857,82.272,119.152,243.421,-1.2327
IMG_2858,82.83,104.998,249.016,-0.5308
IMG_2859,83.43,106.31,249.992,-1.2835
IMG_2860,82.651,110.523,247.747,-1.4461
IMG_2861,82.244,117.801,243.7,-0.5563
IMG_2862,81.796,111.816,246.05,-0.6379
IMG_2863,82.415,108.519,247.577,-0.719
IMG_2864,82.562,115.98,244.985,-1.3007
IMG_2865,82.361,123.834,240.539,-0.5052
IMG_2866,82.324,129.776,236.504,-1.1064
IMG_2867,81.953,131.235,235.517,-0.5373
IMG_2868,78.803,126.946,235.608,-0.5522
IMG_2869,78.667,125.233,237.048,-0.6159
IMG_2870,79.276,133.818,230.318,-0.8148
IMG_2871,77.515,121.72,236.974,-0.6249
IMG_2872,79.272,129.898,234.197,-1.1414
IMG_2873,80.174,132.123,234.111,-0.7647
IMG_2874,80.679,137.668,229.212,-1.1764
IMG_2875,80.423,137.779,228.968,-0.5085
IMG_2876,79.591,130.917,232.784,-0.5025
IMG_2877,78.424,129.629,232.115,-0.8307
IMG_2878,77.632,128.841,231.686,-0.56
IMG_2879,79.779,138.108,227.583,-1.1993
IMG_2880,76.894,127.111,232.385,-0.91
IMG_2881,78.208,131.297,230.292,-0.5934
IMG_2882,77.82,128.783,231.628,-0.5409
IMG_2883,80.336,139.503,226.734,-0.5252
IMG_2884,77.909,131.697,229.048,-1.144
IMG_2885,79.416,138.455,226.326,-1.2744
IMG_2886,78.323,131.939,228.629,-1.0869
IMG_2887,75.557,126.055,229.093,-0.7887
IMG_2888,74.862,125.851,228.604,-0.65
IMG_2889,75.154,129.735,224.763,-0.6165
IMG_2890,75.641,127.727,229.403,-0.6954
IMG_2891,75.74,126.877,229.283,-0.8946
IMG_2892,76.164,128.294,229.053,-0.7093
IMG_2893,76.699,129.959,228.447,-0.4996
IMG_2894,74.689,122,231.674,-0.4741
IMG_2895,74.729,124.34,230.235,-1.2198
IMG_2896,83.797,116.86,246.204,-1.937
IMG_2897,83.996,123.253,242.481,-1.9811
IMG_2898,84.03,123.447,241.974,-2.0397
IMG_2899,83.984,119.944,244.562,-2.3761
IMG_2900,84.239,121.9,242.531,-3.19
IMG_2901,84.438,131.992,238.078,-3.1986
IMG_2902,84.506,127.794,239.772,-3.0361
IMG_2903,84.558,131.041,237.642,-3.0946
IMG_2904,84.503,132.829,237.434,-3.1512
IMG_2905,84.489,135.191,236.234,-3.1162
IMG_2906,84.628,136.542,235.37,-2.9846
IMG_2907,84.552,136.048,235.938,-2.9243
IMG_2908,85.112,133.928,237.198,-2.8887
IMG_2909,84.436,136.935,235.579,-2.7609
IMG_2910,84.365,138.212,234.353,-3.0993
IMG_2911,84.121,140.765,231.582,-3.2924
IMG_2912,84.266,150.002,222.94,-3.1713
IMG_2913,84.69,157.586,215.484,-3.2401
IMG_2914,86.594,178.321,184.047,-4.2202
IMG_2915,84.985,169.165,199.841,-7.6882
IMG_2916,84.517,162.258,207.462,-6.1213
IMG_2917,83.329,166.59,203.175,-5.9628
IMG_2918,82.435,158.758,211.199,-4.15
IMG_2919,82.735,162.61,206.374,-4.4404
IMG_2920,82.615,161.231,205.652,-4.1248
IMG_2921,82.285,156.723,211.624,-3.7587
IMG_2922,82.963,164.103,206.871,-3.7865
IMG_2923,82.874,168.078,201.213,-3.5177
IMG_2924,83.046,171.13,195.01,-3.7878
IMG_2925,83.513,172.573,193.475,-4.8822
IMG_2926,81.938,157.478,210.957,-3.2766
IMG_2927,81.8,155.793,213.191,-2.451
IMG_2928,82.387,165.233,205.143,-3.2388
IMG_2929,83.117,168.301,201.582,-3.4753
IMG_2930,82.745,166.219,204.529,-4.3837
IMG_2931,80.889,149.817,217.574,-3.4738
IMG_2932,80.35,147.979,218.795,-1.9223
IMG_2933,80.427,148.084,218.501,-3.8749
IMG_2934,82.16,160.061,209.281,-3.1166
IMG_2935,81.48,155.72,213.061,-3.1972
IMG_2936,81.454,157.199,211.356,-2.6814
IMG_2937,81.259,156.433,211.644,-2.6008
IMG_2938,81.082,154.77,213.124,-2.3453
IMG_2939,80.95,154.954,212.652,-2.2221
IMG_2940,81.233,157.238,211.186,-2.2808
IMG_2941,80.491,152.254,214.84,-2.2306
IMG_2942,81.315,155.842,212.633,-2.1184
IMG_2943,81.384,156.373,212.157,-2.2156
IMG_2944,79.638,144.35,221.968,-1.9191
IMG_2945,84.584,75.222,254.073,-0.8479
IMG_2946,85.392,73.571,254.221,-0.8548
IMG_2947,84.392,76.28,253.661,-0.8308
IMG_2948,84.463,82.388,253.245,-0.836
IMG_2949,84.596,81.027,253.405,-0.8273
IMG_2950,84.129,94.685,250.991,-0.9045
IMG_2951,81.573,106.247,246.203,-0.9348
IMG_2952,82.808,101.729,247.929,-0.819
IMG_2953,78.079,117.347,239.068,-0.7341
IMG_2954,78.039,122.684,235.904,-0.733
IMG_2955,78.269,121.419,236.506,-0.8943
IMG_2956,78.498,123.472,234.624,-0.9481
IMG_2957,78.609,123.33,234.489,-0.9841
IMG_2958,78.932,125.262,232.823,-1.031
IMG_2959,78.515,128.083,230.243,-1.0948
IMG_2960,71.845,129.209,219.321,-1.1635
IMG_2961,71.772,128.434,220.704,-1.1322
IMG_2962,71.379,130.341,218.49,-1.0551
IMG_2963,71.605,131.74,216.495,-0.9057
IMG_2964,70.859,131.249,216.601,-1.0215
IMG_2965,70.866,131.303,217.076,-0.9082
IMG_2966,71.123,130.1,218.921,-0.9865
IMG_2967,69.919,128.639,220.528,-0.9551
IMG_2968,69.668,127.263,221.526,-0.9013
IMG_2969,69.505,127.518,221.957,-0.8101
IMG_2970,70.088,124.182,225.899,-0.7423
IMG_2971,70.681,123.953,226.29,-0.7157
IMG_2972,71.572,126.333,223.253,-0.5887
IMG_2973,73.449,128.996,220.901,-0.7404
IMG_2974,73.089,132.23,215.149,-0.6958
IMG_2975,71.583,130.621,216.668,-0.8315
IMG_2976,69.986,129.053,218.504,-0.824
IMG_2977,73.2,133.636,213.798,-0.9483
IMG_2978,70.238,127.708,220.024,-0.9849
IMG_2979,69.894,127.064,220.419,-1.0314
IMG_2980,70.568,128.771,218.452,-0.9909
IMG_2981,84.931,155.552,215.586,-5.8018
IMG_2982,84.324,95.73,253.018,-2.8146
IMG_2983,84.023,102.191,251.353,-2.9231
IMG_2984,84.23,125.779,240.541,-4.9299
IMG_2985,83.797,118.166,245.774,-3.9158
IMG_2986,85.495,82.853,254.208,-2.8221
IMG_2987,84.401,101.381,251.527,-1.7674
IMG_2988,83.507,112.925,247.373,-2.6256
IMG_2989,83.632,115.681,246.517,-2.5642
IMG_2990,83.646,121.039,244.048,-3.4137
IMG_2991,83.555,130.374,237.653,-3.8545
IMG_2992,83.953,135.051,233.941,-4.3228
IMG_2993,83.813,132.583,236.524,-4.4772
IMG_2994,83.357,138.957,230.798,-4.3445
IMG_2995,83.223,132.607,236.72,-4.5875
IMG_2996,82.81,130.131,238.937,-3.0973
IMG_2997,82.657,138.524,232.74,-3.0656
IMG_2998,82.412,137.003,234.489,-2.0477
IMG_2999,81.821,136.128,233.529,-2.1915
IMG_3000,82.148,139.739,231.474,-1.5327
IMG_3001,82.381,146.453,225.299,-1.3365
IMG_3002,80.536,144.598,224.419,-0.7949
IMG_3003,80.428,145.981,222.834,-0.9236
IMG_3004,80.783,151.972,215.333,-0.448
IMG_3005,80.508,150.897,216.371,-0.5359
IMG_3006,80.213,147.646,219.924,-1.0999
IMG_3007,79.994,147.146,220.465,-1.8687
IMG_3008,79.771,148.211,218.528,-2.2391
IMG_3009,79.447,149.711,215.328,-2.3922
IMG_3010,79.294,149.462,216.097,-2.2899
IMG_3011,79.555,152.059,212.585,-2.5046
IMG_3012,79.792,153.581,211.223,-2.6943
IMG_3013,79.341,150.481,213.736,-2.7707
IMG_3014,79.58,155.418,208.55,-2.9782
IMG_3015,79.011,149.333,215.265,-2.9195
IMG_3016,79.275,152.96,211.289,-2.81
IMG_3017,79.337,152.423,211.708,-3.0072
IMG_3018,78.731,146.817,217.947,-2.7886
IMG_3019,80.492,160.749,203.193,-3.0847
IMG_3020,78.683,147.313,217.019,-3.2033
IMG_3021,79.228,150.189,214.171,-3.0445
IMG_3022,78.246,144.415,219.934,-2.8384
IMG_3023,78.455,144.745,220.112,-2.8721
IMG_3024,78.529,145.123,218.684,-3.0702
IMG_3025,77.642,141.04,223.096,-2.9276
IMG_3026,77.981,143.726,219.777,-2.2141
IMG_3027,77.867,142.742,220.409,-1.9558
IMG_3028,78.148,141.524,221.616,-2.2479
IMG_3029,78.109,142.844,220.203,-2.7709
IMG_3030,82.257,105.083,249.083,-2.994
IMG_3031,82.516,111.087,247.933,-2.9315
IMG_3032,82.505,114.947,245.234,-2.4855
IMG_3033,82.368,122.307,242.378,-5.3285
IMG_3034,83.163,142.306,226.867,-4.4646
IMG_3035,82.686,138.068,230.801,-5.2863
IMG_3036,82.118,123.993,240.469,-4.382
IMG_3037,82.148,122.505,241.691,-4.1325
IMG_3038,82.06,125.095,240.222,-3.4895
IMG_3039,82.362,129.606,237.964,-3.8737
IMG_3040,82.169,133.411,234.783,-3.1994
IMG_3041,82.117,117.995,244.065,-3.5328
IMG_3042,81.61,137.135,230.993,-2.7683
IMG_3043,82.001,132.591,235.073,-2.6807
IMG_3044,81.925,149.895,218.545,-3.9766
IMG_3045,81.151,136.194,229.75,-4.2124
IMG_3046,81.001,133.571,233.779,-3.7087
IMG_3047,80.941,142.612,224.682,-3.1106
IMG_3048,81.197,147.669,218.983,-4.0886
IMG_3049,80.195,138.332,227.643,-3.7495
IMG_3050,80.694,144.712,222.876,-3.8171
IMG_3051,80.344,149.148,217.612,-4.3002
IMG_3052,80.067,153.515,209.327,-3.332
IMG_3053,79.456,144.544,218.174,-3.4769
IMG_3054,79.267,143.227,219.602,-2.1608
IMG_3055,79.395,148.115,214.864,-2.7714
IMG_3056,79.3,149.613,214.57,-4.0562
IMG_3057,78.758,147.022,213.738,-3.1632
IMG_3058,78.786,150.007,211.235,-2.8677
IMG_3059,79.377,155.786,202.164,-3.7248
IMG_3060,79.639,153.64,207.859,-3.369
IMG_3061,78.504,146.353,214.192,-3.0416
IMG_3062,78.706,148.1,212.79,-3.0032
IMG_3063,79.195,157.456,201.215,-2.4445
IMG_3064,78.57,144.522,216.975,-2.9649
IMG_3065,78.581,151.42,209.027,-2.6911
IMG_3066,78.568,147.678,214.13,-2.6679
IMG_3067,79.18,154.131,206.26,-2.1521
IMG_3068,79.678,158.618,202.685,-3.6379
IMG_3069,79.253,153.959,205.623,-3.3358
IMG_3070,80.524,168.376,183.241,-3.7913
IMG_3071,80.507,166.341,188.036,-4.6255
IMG_3072,80.27,163.961,196.36,-4.0085
IMG_3073,80.007,161.804,196.446,-4.7815
IMG_3074,81.066,171.812,186.782,-6.0439
IMG_3075,81.515,173.802,180.621,-7.9678
IMG_3076,79.464,155.758,205.753,-4.2249
IMG_3077,79.195,153.893,207.632,-3.4239
IMG_3078,78.745,151.274,209.536,-3.2056
IMG_3079,82.462,126.852,240.239,-3.8044
IMG_3080,82.891,132.579,235.974,-3.4332
IMG_3081,82.646,122.906,243.068,-2.9831
IMG_3082,83.117,134.842,234.742,-3.084
IMG_3083,82.684,133.768,235.774,-3.1313
IMG_3084,82.496,130.709,236.792,-2.9358
IMG_3085,82.437,120.033,244.318,-3.1677
IMG_3086,82.368,129.21,238.129,-3.3611
IMG_3087,81.908,126.144,239.354,-3.4954
IMG_3088,82.146,128.594,238.613,-3.3562
IMG_3089,81.53,123.882,241.005,-4.3018
IMG_3090,81.71,120.08,244.109,-3.6144
IMG_3091,81.488,130.417,237.333,-3.3326
IMG_3092,81.168,126.96,239.372,-4.191
IMG_3093,81.649,135.543,234.12,-3.8085
IMG_3094,80.984,137.909,230.427,-3.7144
IMG_3095,79.839,131.308,235.395,-3.2621
IMG_3096,79.702,130.127,235.855,-3.4402
IMG_3097,79.972,127.578,238.083,-3.4728
IMG_3098,78.951,134.322,230.185,-3.3187
IMG_3099,79.28,131.972,232.883,-4.014
IMG_3100,78.943,139.393,225.889,-3.4832
IMG_3101,78.441,138.462,226.405,-3.3764
IMG_3102,78.703,141.437,223.869,-3.5358
IMG_3103,78.762,141.071,223.455,-3.5072
IMG_3104,79.371,148.808,215.503,-3.3545
IMG_3105,79.451,145.502,219.472,-3.294
IMG_3106,79.356,152.743,210.314,-3.0576
IMG_3107,78.802,144.773,218.159,-3.4679
IMG_3108,78.196,139.68,223.466,-3.2252
IMG_3109,77.976,137.657,224.585,-3.085
IMG_3110,78.019,136.393,226.594,-2.3337
IMG_3111,78.083,145.963,215.389,-2.2645
IMG_3112,77.818,140.024,221.777,-2.2893
IMG_3113,77.726,142.509,219.643,-3.277
IMG_3114,77.765,146.04,215.657,-3.6562
IMG_3115,78.736,155.305,203.066,-3.5847
IMG_3116,77.229,141.034,218.728,-3.2157
IMG_3117,78.024,145.121,216.796,-2.9958
IMG_3118,77.647,146.452,213.998,-3.1581
IMG_3119,77.72,145.105,216.046,-3.2181
IMG_3120,77.954,153.388,205.951,-3.2615
IMG_3121,77.843,150.291,210.088,-3.5509
IMG_3122,77.642,148.309,212.344,-3.3128
IMG_3123,78.068,149.412,212.259,-3.0693
IMG_3124,78.112,151.456,209.416,-3.1853
IMG_3125,77.719,148.041,213.292,-2.8765
IMG_3126,78.823,157.342,200.684,-2.591
IMG_3127,78.175,151.656,208.394,-2.8556
IMG_3128,85.149,179.661,172.618,-6.7993
IMG_3129,86.958,180.742,153.203,-18.9184
IMG_3130,86.154,186.917,143.191,-18.6968
IMG_3131,87.445,189.591,133.398,-17.7332
IMG_3132,88.736,191.478,127.678,-22.9103
IMG_3133,86.59,178.467,122.381,-15.8448
IMG_3134,80.061,155.994,205.679,-15.1447
IMG_3135,81.017,169.569,177.737,-2.1355
IMG_3136,80.642,164.145,195.809,-8.724
IMG_3137,80.766,167.383,186.575,-4.3464
IMG_3138,82.251,177.193,148.841,-7.9316
IMG_3139,79.846,160.195,194.918,-3.7609
IMG_3140,79.504,157.089,201.309,-2.8101
IMG_3141,79.827,163.807,184.676,-4.0415
IMG_3142,78.902,160.797,185.587,-12.3843
IMG_3143,78.033,140.481,221.878,-2.3625
IMG_3144,77.996,147.075,212.972,-2.1602
IMG_3145,77.962,148.162,211.868,-2.3043
IMG_3146,79.012,152.667,208.768,-2.6193
IMG_3147,78.364,148.779,213.071,-2.9033
IMG_3148,78.522,150.696,209.659,-3.9896
IMG_3149,79.197,157.445,203.03,-5.2402
IMG_3150,79.286,159.736,198.972,-4.1336
IMG_3151,78.829,155.983,203.843,-4.8334
IMG_3152,77.577,146.237,215.337,-3.0894
IMG_3153,77.54,143.984,217.813,-2.9846
IMG_3154,77.601,148.399,210.991,-2.7349
IMG_3155,78.485,154.977,200.25,-2.3266
IMG_3156,77.924,152.962,205.374,-2.9313
IMG_3157,78.87,159.596,195.552,-2.2663
IMG_3158,77.797,147.528,212.418,-2.1811
IMG_3159,78.842,157.091,202.187,-2.7802
IMG_3160,79.35,164.92,189.478,-4.2866
IMG_3161,84.088,95.406,253.012,-3.1438
IMG_3162,83.659,100.682,250.824,-3.5029
IMG_3163,84.689,86.134,253.672,-3.3016
IMG_3164,85.261,81.409,254.358,-3.1643
IMG_3165,83.602,106.27,248.432,-2.859
IMG_3166,83.401,139.906,229.963,-4.4902
IMG_3167,84.114,158.28,209.422,-5.3938
IMG_3168,84.578,161.659,207.615,-10.5752
IMG_3169,83.338,147.785,223.098,-7.8383
IMG_3170,82.894,144.431,225.613,-6.3556
IMG_3171,83.195,153.874,216.263,-8.2828
IMG_3172,82.714,149.63,222.374,-5.2384
IMG_3173,83.253,160.069,205.541,-6.1481
IMG_3174,84.709,180.098,176.294,-12.6748
IMG_3175,88.958,197.082,133.41,-18.6022
IMG_3176,90.455,198.958,122.52,-18.5531
IMG_3177,90.98,197.452,116.195,-18.863
IMG_3178,90.392,195.284,116.218,-22.7339
IMG_3179,89.89,189.299,117.197,-20.4912
IMG_3180,85.477,174.086,142.77,-19.981
IMG_3181,82.22,169.039,160.911,-21.3371
IMG_3182,79.813,160.467,185.034,-19.4272
IMG_3183,80.041,166.043,178.23,-12.3871
IMG_3184,79.106,155.965,202.351,-4.4454
IMG_3185,84.865,171.003,131.746,-16.9169
IMG_3186,86.366,177.762,107.776,-9.9456
IMG_3187,92.94,183.66,81.324,-13.2204
IMG_3188,90.915,175.346,87.834,-13.2941
IMG_3189,78.353,158.983,178.019,-9.0407
IMG_3190,79.016,163.026,165.7,-8.7828
IMG_3191,80.975,159.404,141.6,-3.6613
IMG_3192,77.071,150.201,198.867,-3.7455
IMG_3193,75.097,129.868,227.141,-1.9351
IMG_3194,75.75,132.091,226.59,-2.011
IMG_3195,75.487,129.036,228.815,-2.026
IMG_3196,74.716,125.92,231.892,-1.7031
IMG_3197,76.001,141.105,213.499,-1.8992
IMG_3198,75.646,136.762,220.782,-2.1996
IMG_3199,76.62,151.922,203.372,-2.6068
IMG_3200,77.333,155.042,197.717,-3.0276
IMG_3201,76.8,149.974,203.623,-2.47
IMG_3202,77.16,155.468,193.885,-2.6473
IMG_3203,77.864,158.758,189.577,-3.2145
IMG_3204,76.39,143.736,212.114,-2.9155
IMG_3205,76.165,145.42,210.403,-3.0001
IMG_3206,76.865,145.916,211.736,-2.8504
IMG_3207,77.451,148.067,210.304,-2.9031
IMG_3208,77.917,154.036,202.522,-4.4705
IMG_3209,76.141,137.64,220.348,-2.721
IMG_3210,84.666,136.023,233.479,-6.2794
IMG_3211,84.253,123.423,242.473,-5.8015
IMG_3212,84.269,128.952,239.73,-5.1457
IMG_3213,84.462,134.294,235.758,-5.9519
IMG_3214,83.755,117.441,244.945,-4.9066
IMG_3215,83.591,114.424,247.123,-4.3759
IMG_3216,83.476,117.432,245.766,-4.9734
IMG_3217,83.785,119.448,245.015,-5.142
IMG_3218,83.99,129.485,238.924,-5.2052
IMG_3219,84.059,133.405,237.049,-6.0044
IMG_3220,83.938,135.682,235.264,-5.8257
IMG_3221,84.101,137.321,234.941,-5.7813
IMG_3222,84.148,144.09,230.526,-6.1301
IMG_3223,84.609,156.55,217.074,-8.1654
IMG_3224,84.511,159.252,214.401,-7.307
IMG_3225,85.431,172.771,187.579,-11.341
IMG_3226,85.087,180.642,179.961,-13.2271
IMG_3227,83.743,165.256,207.947,-5.8531
IMG_3228,82.241,147.223,224.175,-4.2892
IMG_3229,81.389,119.96,243.969,-4.2414
IMG_3230,80.71,113.584,245.857,-3.2187
IMG_3231,78.464,118.118,242.588,-3.1057
IMG_3232,78.003,121.737,238.764,-3.4091
IMG_3233,78.511,125.444,236.849,-3.5963
IMG_3234,78.582,140.712,222.335,-3.8165
IMG_3235,78.405,135.549,228.433,-4.034
IMG_3236,78.531,133.507,230.767,-3.8846
IMG_3237,78.267,131.89,232.383,-4.0207
IMG_3238,77.698,134.213,229.529,-3.9923
IMG_3239,77.585,133.943,229.376,-4.1435
IMG_3240,77.526,133.989,229.127,-4.2137
IMG_3241,77.609,135.926,228.232,-4.1634
IMG_3242,77.331,133.877,229.159,-4.0663
IMG_3243,76.692,133.966,227.558,-3.8747
IMG_3244,77.171,134.869,227.939,-4.1161
IMG_3245,77.382,137.601,225.692,-4.2075
IMG_3246,77.557,136.321,227.564,-4.0589
IMG_3247,77.171,137.674,225.525,-4.1549
IMG_3248,76.843,134.852,227.747,-4.1613
IMG_3249,76.772,137.449,224.981,-3.922
IMG_3250,76.692,138.421,223.634,-3.915
IMG_3251,76.27,132.536,228.383,-3.7184
IMG_3252,76.508,137.099,223.749,-3.8411
IMG_3253,76.41,136.245,224.724,-3.9933
IMG_3254,76.668,140.436,220.951,-3.7861
IMG_3255,76.954,141.668,219.835,-4.0672
IMG_3256,76.691,139.008,222.586,-3.7368
IMG_3257,76.809,141.175,219.803,-3.7506
IMG_3258,76.843,141.38,219.676,-3.893
IMG_3259,84.879,153.587,220.911,-16.0767
IMG_3260,85.349,168.359,204.668,-18.0562
IMG_3261,85.408,167.812,201.791,-19.5528
IMG_3262,85.899,174.975,193.816,-18.0045
IMG_3263,85.306,169.409,202.351,-19.9549
IMG_3264,85.227,167.967,203.699,-15.9579
IMG_3265,85.264,169.545,200.291,-16.952
IMG_3266,85.784,177.62,189.643,-19.5684
IMG_3267,87.023,185.977,173.268,-24.5384
IMG_3268,86.65,185.678,174.2,-22.148
IMG_3269,86.204,184.794,176.601,-23.3492
IMG_3270,86.879,188.421,168.297,-24.3174
IMG_3271,86.794,189.723,163.63,-24.5809
IMG_3272,87.539,192.001,158.033,-25.2967
IMG_3273,87.207,192.272,152.45,-27.557
IMG_3274,88.016,194.217,144.046,-27.7133
IMG_3275,87.497,191.17,144.224,-27.9967
IMG_3276,85.753,185.535,158.088,-26.2837
IMG_3277,84.575,182.88,164.195,-22.8266
IMG_3278,84.428,183.234,157.958,-20.6868
IMG_3279,83.522,181.478,165.779,-20.6158
IMG_3280,83.097,181.621,161.911,-14.9927
IMG_3281,83.146,182.139,160.483,-15.0987
IMG_3282,84.148,185.768,141.725,-12.446
IMG_3283,84.157,185.929,140.766,-19.9422
IMG_3284,84.656,183.848,133.85,-20.2236
IMG_3285,85.918,184.378,127.236,-22.9385
IMG_3286,84.733,182.404,130.155,-23.2635
IMG_3287,84.013,181.222,130.708,-21.859
IMG_3288,84.715,181.247,122.229,-22.9187
IMG_3289,84.911,180.872,119.571,-25.6728
IMG_3290,83.885,180.782,126.977,-23.2554
IMG_3291,83.767,181.08,128.594,-20.0902
IMG_3292,83.736,179.707,128.438,-19.9632
IMG_3293,84.252,179.783,122.591,-21.1879
IMG_3294,84.523,179.312,124.308,-23.2943
IMG_3295,83.694,180.29,126.05,-22.7858
IMG_3296,83.308,179.29,127.713,-21.4865
IMG_3297,83.138,180.266,127.937,-20.2457
IMG_3298,83.859,180.094,120.313,-20.9434
IMG_3299,85.558,181.521,110.349,-22.877
IMG_3300,86.179,180.037,106.725,-25.9459
IMG_3301,86.912,180.351,101.715,-26.0899
IMG_3302,87.861,181.392,100.573,-24.094
IMG_3303,87.455,179.821,99.244,-27.6158
IMG_3304,84.537,182.137,111.848,-26.0128
IMG_3305,84.273,181.584,113.717,-23.6604
IMG_3306,83.397,179.459,119.407,-18.5097
IMG_3307,82.213,181.392,131.504,-16.435
IMG_3308,90.846,207.813,145.575,-25.1518
IMG_3309,89.295,200.483,155.558,-22.8685
IMG_3310,88.709,196.114,164.317,-22.2121
IMG_3311,91.516,206.623,145.711,-22.5515
IMG_3312,89.156,204.635,149.403,-25.2525
IMG_3313,87.634,195.741,163.57,-19.857
IMG_3314,86.179,180.157,189.815,-16.7889
IMG_3315,85.081,162.393,213.148,-9.5359
IMG_3316,85.195,163.648,211.38,-7.386
IMG_3317,84.681,156.099,219.84,-6.8017
IMG_3318,84.329,153.418,220.827,-6.1021
IMG_3319,84.462,153.177,221.676,-6.166
IMG_3320,84.243,152.29,222.559,-6.7843
IMG_3321,83.82,148.627,225.255,-6.5946
IMG_3322,83.227,141.496,230.136,-6.7708
IMG_3323,83.091,149.835,223.693,-6.9762
IMG_3324,83.275,157.598,214.98,-6.9833
IMG_3325,82.868,155.778,216.943,-7.1727
IMG_3326,82.889,155.708,215.881,-6.6255
IMG_3327,82.455,153.214,217.792,-5.6439
IMG_3328,82.92,162.18,207.796,-6.9584
IMG_3329,81.153,153.054,214.59,-5.6781
IMG_3330,80.701,150.051,217.221,-6.1272
IMG_3331,80.795,153.914,212.037,-4.8245
IMG_3332,80.354,148.891,217.477,-5.7292
IMG_3333,80.04,146.441,220.27,-5.0192
IMG_3334,79.893,144.216,222.676,-5.6722
IMG_3335,91.737,190.874,88.687,-27.9058
IMG_3336,92.217,189.734,88.164,-26.4288
IMG_3337,92.089,188.361,86.687,-27.8676
IMG_3338,91.667,188.964,87.237,-28.1852
IMG_3339,91.532,189.001,87.245,-26.2164
IMG_3340,91.854,188.577,86.002,-28.5418
IMG_3341,91.587,188.42,87.27,-26.9975
IMG_3342,91.459,186.681,84.624,-27.3957
IMG_3343,91.338,184.876,83.79,-27.4989
IMG_3344,91.126,184.763,88.942,-29.005
IMG_3345,90.064,181.959,92.382,-27.8518
IMG_3346,90.016,181.176,88.589,-28.5809
IMG_3347,88.512,178.391,94.155,-26.4792
IMG_3348,86.055,177.61,106.706,-27.9219
IMG_3349,83.19,177.491,129.335,-20.7144
IMG_3350,86.169,178.374,105.477,-25.1215
IMG_3351,86.013,178.889,110.947,-28.1872
IMG_3352,80.644,174.276,148.666,-26.5273
IMG_3353,81.144,168.182,149.04,-22.0208
IMG_3354,79.002,166.787,171.248,-24.4897
IMG_3355,80.222,170.528,157.235,-13.118
IMG_3356,76.924,149.787,206.512,-9.6693
IMG_3357,90.339,210.696,142.414,-25.8787
IMG_3358,95.142,219.272,115.88,-25.3787
IMG_3359,87.957,195.497,162.706,-21.6972
IMG_3360,87.983,192.369,169.721,-20.2285
IMG_3361,89.743,202.294,148.173,-15.0332
IMG_3362,94.237,216.603,113.849,-26.0896
IMG_3363,95.701,223.175,114.647,-24.7284
IMG_3364,93.147,212.73,123.597,-23.7575
IMG_3365,88.914,200.144,145.823,-23.6156
IMG_3366,87.226,188.381,167.631,-18.542
IMG_3367,85.261,178.261,191.908,-16.4006
IMG_3368,85.975,188.745,169.921,-6.4407
IMG_3369,87.56,195.438,144.839,-19.3048
IMG_3370,91.456,205.966,116.712,-22.5756
IMG_3371,87.264,195.173,140.294,-26.8733
IMG_3372,86.68,190.777,138.555,-11.7903
IMG_3373,91.738,199.888,104.582,-17.8494
IMG_3374,84.445,185.289,154.613,-17.4579
IMG_3375,82.207,160.392,204.895,-8.8568
IMG_3376,80.582,151.661,213.939,-2.5191
IMG_3377,80.94,155.361,208.015,-2.7288
IMG_3378,79.645,144.882,221.302,-3.052
IMG_3379,79.255,144.548,220.314,-2.3349
IMG_3380,79.113,148.431,214.346,-2.4369
IMG_3381,78.649,144.896,218.473,-2.4091
IMG_3382,79.098,146.801,215.25,-2.614
IMG_3383,78.594,141.165,221.531,-1.6432
IMG_3384,78.391,136.563,225.828,-1.5347
IMG_3385,77.262,134.593,224.939,-1.577
IMG_3386,76.53,133.894,225.174,-1.4158
IMG_3387,76.119,130.331,229.129,-1.5457
IMG_3388,76.637,133.998,223.96,-1.5385
IMG_3389,77.029,137.807,221.903,-1.566
IMG_3390,76.301,138.871,218.498,-1.3599
IMG_3391,77.241,143.053,215.117,-1.5699
IMG_3392,77.685,147.638,209.242,-1.703
IMG_3393,77.893,154.672,198.226,-1.7684
IMG_3394,77.12,149.092,205.35,-1.9563
IMG_3395,76.666,139.458,217.84,-1.4395
IMG_3396,75.678,133.683,224.077,-1.3971
IMG_3397,75.813,133.378,224.808,-1.468
IMG_3398,75.601,132.716,224.675,-1.4745
IMG_3399,75.191,132.972,223.809,-1.5142
IMG_3400,73.953,131.941,222.994,-1.7119
IMG_3401,74.504,130.807,225.34,-1.6865
IMG_3402,74.459,132.773,222.341,-1.684
IMG_3403,74.102,131.02,223.572,-1.7734
IMG_3404,74.716,137.262,217.122,-1.9642
IMG_3405,74.953,138.858,215.394,-2.0343
IMG_3406,88.129,191.022,174.498,-10.0558
IMG_3407,87.901,189.845,180.735,-17.2444
IMG_3408,90.301,202.896,155.315,-16.0713
IMG_3409,88.571,198.001,166.378,-12.552
IMG_3410,87.202,184.693,189.969,-7.9036
IMG_3411,86.216,170.693,206.406,-5.5301
IMG_3412,85.975,165.121,211.735,-5.5821
IMG_3413,85.815,165.452,211.542,-5.021
IMG_3414,85.425,158.406,217.618,-4.1426
IMG_3415,85.63,170.059,206.2,-4.0171
IMG_3416,85.503,169.489,207.585,-3.2504
IMG_3417,85.376,169.276,206.705,-3.2677
IMG_3418,84.854,158.3,218.637,-2.6975
IMG_3419,84.397,149.602,225.542,-2.4423
IMG_3420,84.485,154.217,222.097,-2.3105
IMG_3421,83.408,147.983,226.216,-2.6187
IMG_3422,82.085,136.625,233.043,-3.2103
IMG_3423,81.826,134.673,234.802,-1.8136
IMG_3424,82.771,142.98,226.037,-2.7428
IMG_3425,82.533,133.364,232.604,-2.1507
IMG_3426,82.331,127.531,237.949,-1.9449
IMG_3427,80.289,145.094,222.425,-1.6837
IMG_3428,80.646,152.553,214.925,-2.1126
IMG_3429,80.867,157.192,208.861,-2.1161
IMG_3430,80.975,160.433,205.81,-2.0772
IMG_3431,81.023,163.408,201.079,-2.1538
IMG_3432,80.76,161.486,202.86,-2.1761
IMG_3433,80.178,159.147,200.572,-2.0407
IMG_3434,76.729,130.798,229.958,-1.8012
IMG_3435,76.201,121.29,236.979,-1.3085
IMG_3436,75.45,119.632,237.148,-1.142
IMG_3437,76.105,129.079,229.199,-1.0959
IMG_3438,75.502,129.078,227.538,-1.0203
IMG_3439,75.431,127.796,229.014,-1.0245
IMG_3440,76.056,135.895,219.712,-0.9909
IMG_3441,77.11,137.339,221.644,-1.1736
IMG_3442,77.38,140.876,219.184,-1.5788
IMG_3443,78.006,143.764,216.058,-2.0366
IMG_3444,78.936,150.864,209.619,-1.6226
IMG_3445,78.241,147.035,214.66,-1.5147
IMG_3446,76.872,128.431,231.539,-1.2187
IMG_3447,77.201,132.035,228.705,-2.3389
IMG_3448,78.754,144.943,218.466,-3.0994
IMG_3449,78.546,148.667,213.254,-2.5188
IMG_3450,79.211,156.838,204.015,-3.1254
IMG_3451,79.081,154.04,207.167,-3.1209
IMG_3452,78.751,149.907,211.887,-3.2954
IMG_3453,77.625,147.587,212.085,-2.8408
IMG_3454,76.229,136.637,221.348,-1.7642
IMG_3455,82.505,130.39,236.242,-3.8587
IMG_3456,82.21,115.393,245.759,-3.179
IMG_3457,82.188,109.243,248.053,-3.1437
IMG_3458,82.685,105.313,248.596,-2.7728
IMG_3459,82.355,102.976,250.081,-2.3169
IMG_3460,82.296,108.194,248.244,-3.2935
IMG_3461,82.438,116.593,244.568,-3.4651
IMG_3462,83.36,141.653,227.488,-3.3126
IMG_3463,82.972,122.558,242.905,-3.248
IMG_3464,82.134,113.801,246.917,-3.029
IMG_3465,82.469,118.426,244.761,-3.0872
IMG_3466,83.134,130.723,238.155,-3.2775
IMG_3467,83,131.358,237.782,-3.7123
IMG_3468,82.912,131.314,237.776,-4.1444
IMG_3469,82.188,122.767,242.974,-3.6254
IMG_3470,82.146,133.509,235.19,-4.0506
IMG_3471,82.93,161.46,206.931,-3.1063
IMG_3472,82.756,160.391,209.756,-3.5799
IMG_3473,82.597,158.604,210.233,-3.4458
IMG_3474,82.085,149.047,219.915,-3.2111
IMG_3475,80.403,130.041,235.073,-3.0808
IMG_3476,79.378,135.024,230.538,-2.9808
IMG_3477,81.707,162.883,203.012,-3.573
IMG_3478,81.562,169.14,186.701,-4.7053
IMG_3479,80.902,162.381,200.11,-9.2559
IMG_3480,81.34,167.41,190.004,-4.5666
IMG_3481,79.549,134.632,231.755,-3.9678
IMG_3482,80.92,165.465,198.111,-4.3662
IMG_3483,80.063,154.005,209.095,-4.646
IMG_3484,79.038,140.742,224.06,-4.1526
IMG_3485,81.1,165.936,197.231,-6.3179
IMG_3486,80.242,157.72,204.635,-5.1691
IMG_3487,79.999,148.879,216.174,-5.1598
IMG_3488,80.029,157.7,202.47,-4.9087
IMG_3489,79.813,156.432,202.804,-3.6174
IMG_3490,79.871,156.44,206.622,-3.825
IMG_3491,79.552,157.089,202.45,-3.6662
IMG_3492,79.127,150.755,211.76,-3.2139
IMG_3493,78.581,144.553,219.901,-3.0511
IMG_3494,79.515,162.666,198.581,-3.2988
IMG_3495,77.66,146.013,212.508,-3.0238
IMG_3496,78.88,164.584,189.311,-3.1379
IMG_3497,78.676,164.676,189.524,-3.0854
IMG_3498,78.289,153.291,207.413,-3.3511
IMG_3499,78.522,153.902,207.425,-3.5504
IMG_3500,78.682,155.222,205.223,-3.4082
IMG_3501,78.517,157.452,200.812,-3.4312
IMG_3502,78.978,161.497,196.966,-3.4493
IMG_3503,78.5,152.51,208.819,-3.437
IMG_3504,89.488,199.017,164.787,-20.1454
IMG_3505,89.53,200.642,162.517,-18.7668
IMG_3506,88.792,198.373,167.738,-20.2916
IMG_3507,89.153,198.531,163.632,-21.9666
IMG_3508,89.53,200.547,159.297,-22.22
IMG_3509,88.248,196.327,167.65,-18.3426
IMG_3510,86.948,189.006,179.811,-19.5733
IMG_3511,87.003,188.947,177.817,-17.0401
IMG_3512,85.11,162.485,212.705,-10.7934
IMG_3513,84.72,156.945,217.293,-7.229
IMG_3514,84.527,153.506,221.374,-7.6139
IMG_3515,84.399,158.108,215.234,-7.3578
IMG_3516,84.461,156.016,218.471,-6.6529
IMG_3517,86.242,185.178,175.806,-7.6219
IMG_3518,85.306,177.794,194.51,-12.1754
IMG_3519,84.485,170.507,200.449,-8.7829
IMG_3520,83.658,167.713,203.371,-7.5675
IMG_3521,83.639,167.963,203.616,-5.5953
IMG_3522,85.128,187.402,170.512,-9.3614
IMG_3523,88.286,197.489,133.007,-18.6799
IMG_3524,91.621,199.819,117.723,-18.9735
IMG_3525,91.927,194.443,97.935,-27.3583
IMG_3526,88.157,189.888,110.056,-28.959
IMG_3527,84.653,184.914,132.544,-22.0888
IMG_3528,81.501,168.309,194.555,-8.5151
IMG_3529,80.367,148.874,218.168,-4.721
IMG_3530,81.162,163.74,198.053,-4.9904
IMG_3531,81.046,171.497,183.25,-10.1977
IMG_3532,80.358,165.303,194.275,-9.7455
IMG_3533,80.538,165.647,195.859,-5.6416
IMG_3534,80.905,174.532,176.029,-5.6748
IMG_3535,80.989,175.111,175.46,-5.348
IMG_3536,82.37,183.205,143.925,-6.6804
IMG_3537,82.406,181.805,134.753,-10.0515
IMG_3538,83.094,180.048,126.634,-10.8234
IMG_3539,82.161,179.876,138.169,-12.5673
IMG_3540,81.023,178.359,163.461,-8.9675
IMG_3541,81.222,177.84,155.387,-9.8295
IMG_3542,83.354,178.939,131.676,-10.556
IMG_3543,80.936,178.482,158.63,-14.286
IMG_3544,80.495,176.571,172.42,-7.4332
IMG_3545,80.892,178.075,162.671,-6.4919
IMG_3546,80.561,176.484,167.12,-6.7928
IMG_3547,80.259,175.697,172.481,-7.2157
IMG_3548,80.397,176.623,172.474,-7.322
IMG_3549,80.431,176.328,170.794,-6.9069
IMG_3550,80.307,174.12,176.439,-6.1528
IMG_3551,80.702,176.661,174.273,-5.3951
IMG_3552,80.42,176.365,171.046,-6.6917
IMG_3553,90.778,199.154,153.582,-27.1018
IMG_3554,91.721,204.251,144.438,-28.1106
IMG_3555,89.322,192.035,161.564,-30.2211
IMG_3556,88.849,190.851,164.97,-29.2247
IMG_3557,89.643,194.021,156.052,-29.8883
IMG_3558,91.275,201.417,146.709,-30.166
IMG_3559,92.605,209.255,135.114,-30.421
IMG_3560,92.279,206.595,139.21,-30.0326
IMG_3561,92.341,207.679,135.061,-30.7786
IMG_3562,92.131,207.544,132.501,-30.142
IMG_3563,93.338,209.436,127.876,-29.4922
IMG_3564,93.241,209.065,124.47,-29.4227
IMG_3565,93.15,208.312,125.43,-29.5562
IMG_3566,93.272,209.526,121.375,-29.054
IMG_3567,92.607,206.426,119.001,-28.7014
IMG_3568,92.951,205.511,113.821,-27.991
IMG_3569,92.437,204.451,109.065,-29.1891
IMG_3570,92.32,201.07,108.47,-28.6346
IMG_3571,91.153,198.832,108.926,-28.2305
IMG_3572,91.688,195.889,103.378,-28.4502
IMG_3573,91.655,196.778,101.363,-26.7458
IMG_3574,91.051,192.932,99.744,-28.3388
IMG_3575,89.754,189.149,101.849,-25.7511
IMG_3576,87,185.921,115.335,-24.5915
IMG_3577,87.929,186.789,112.331,-25.7784
IMG_3578,88.537,184.696,105.935,-24.9977
IMG_3579,87.217,181.052,120.074,-25.1652
IMG_3580,84.174,178.299,137.021,-24.1823
IMG_3581,81.489,174.613,169.319,-11.9489
IMG_3582,82.099,173.472,159.239,-8.1852
IMG_3583,82.327,178.65,154.837,-9.955
IMG_3584,81.627,172.686,165.487,-10.9577
IMG_3585,81.167,175.047,168.155,-11.1156
IMG_3586,80.859,175.679,167.31,-12.8704
IMG_3587,80.7,173.144,172.722,-13.5223
IMG_3588,80.853,170.923,170.889,-7.1257
IMG_3589,81.079,170.33,165.241,-10.2867
IMG_3590,79.331,162.233,194.637,-10.4963
IMG_3591,79.299,164.984,189.269,-5.0655
IMG_3592,78.657,160.828,194.46,-3.8438
IMG_3593,78.486,160.757,193.709,-3.4786
IMG_3594,78.657,161.092,192.356,-3.7581
IMG_3595,78.659,160.897,192.442,-3.5781
IMG_3596,78.119,156.369,200.644,-5.2382
IMG_3597,78.27,158.609,194.802,-6.1115
IMG_3598,77.856,152.89,204.927,-4.5907
IMG_3599,77.299,147.475,212.547,-2.9306
IMG_3600,77.365,146.524,213.964,-2.9736
IMG_3601,77.234,142.984,218.226,-3.0289
IMG_3602,81.931,102.943,250.845,-2.3559
IMG_3603,81.981,104.01,250.321,-2.6721
IMG_3604,81.951,105.255,250.214,-2.5023
IMG_3605,81.774,105.631,249.828,-2.3514
IMG_3606,81.807,105.906,249.714,-2.228
IMG_3607,81.738,107.487,249.061,-2.7109
IMG_3608,81.684,110.695,247.842,-2.6138
IMG_3609,81.657,110.242,248.206,-2.5708
IMG_3610,81.761,110.059,248.091,-2.943
IMG_3611,81.697,112.409,247.527,-3.2606
IMG_3612,81.621,115.575,245.864,-3.2913
IMG_3613,81.618,116.14,245.845,-3.4858
IMG_3614,81.602,116.632,245.464,-3.829
IMG_3615,81.337,121.311,242.851,-3.8899
IMG_3616,81.277,119.707,243.866,-3.8131
IMG_3617,80.325,125.039,239.894,-3.7826
IMG_3618,80.377,126.84,238.685,-3.8049
IMG_3619,79.936,129.192,236.569,-3.7751
IMG_3620,79.88,134.519,232.29,-3.7917
IMG_3621,79.631,136.91,230.033,-3.9184
IMG_3622,79.717,138.129,228.645,-3.7759
IMG_3623,79.06,137.961,228.19,-3.5385
IMG_3624,79.124,142.335,223.028,-3.5196
IMG_3625,78.546,142.008,222.304,-3.4621
IMG_3626,78.206,137.822,225.632,-3.6001
IMG_3627,78.224,137.139,226.474,-3.7553
IMG_3628,78.081,131.521,232.089,-3.8393
IMG_3629,78.45,136.117,227.375,-3.3499
IMG_3630,77.174,133.439,228.086,-3.3569
IMG_3631,77.741,136.874,225.846,-3.2964
IMG_3632,77.679,145.345,212.756,-3.3627
IMG_3633,77.17,138.146,222.377,-3.4626
IMG_3634,76.679,134.68,225.964,-3.472
IMG_3635,76.602,136.688,222.974,-3.5698
IMG_3636,76.667,136.769,223.649,-3.3456
IMG_3637,76.618,136.581,222.918,-3.3663
IMG_3638,76.585,131.78,228.529,-3.1123
IMG_3639,76.243,129.175,230.298,-3.0113
IMG_3640,75.891,129.793,229.336,-2.889
IMG_3641,75.767,133.635,224.937,-2.7135
IMG_3642,75.6,132.054,226.256,-2.8835
IMG_3643,75.641,129.911,228.385,-2.7556
IMG_3644,75.544,130.804,227.294,-2.7421
IMG_3645,75.402,131.437,227.322,-2.7375
IMG_3646,75.255,132.314,225.951,-2.6275
IMG_3647,75.094,132.231,225.882,-2.6603
IMG_3648,74.892,129.29,228.861,-2.6875
IMG_3649,75.016,131.451,226.614,-2.8241
IMG_3650,75.452,135.608,221.26,-2.5898
IMG_3651,83.827,100.236,251.733,-4.282
IMG_3652,84.184,91.349,252.537,-4.1117
IMG_3653,83.726,92.923,252.932,-4.0104
IMG_3654,83.253,95.112,252.851,-4.0173
IMG_3655,85.347,75.631,254.751,-3.5005
IMG_3656,84.702,80.868,254.384,-3.0182
IMG_3657,85.26,79.689,254.494,-1.927
IMG_3658,84.366,85.117,253.8,-1.8505
IMG_3659,83.991,90.12,252.247,-1.4281
IMG_3660,84.555,86.568,253.632,-1.5438
IMG_3661,83.344,92.952,252.145,-1.5365
IMG_3662,84.525,87.319,253.529,-1.6437
IMG_3663,85.677,77.731,254.731,-1.8614
IMG_3664,83.85,97.922,252.05,-1.7443
IMG_3665,83.669,95.778,252.596,-1.8341
IMG_3666,81.821,109.397,247.778,-1.8901
IMG_3667,81.827,114.074,245.481,-1.873
IMG_3668,81.72,111.919,247.395,-1.9102
IMG_3669,81.492,123.268,240.874,-1.982
IMG_3670,81.906,109.496,246.839,-1.9857
IMG_3671,81.496,122.646,240.737,-1.7038
IMG_3672,78.891,129.047,233.869,-1.7371
IMG_3673,79.204,131.777,232.431,-1.7136
IMG_3674,79.427,138.64,226.833,-1.6117
IMG_3675,79.562,128.97,235.781,-1.8099
IMG_3676,79.286,125.493,238.37,-2.0218
IMG_3677,78.639,121.791,239.902,-1.8354
IMG_3678,78.127,120.97,239.233,-1.7137
IMG_3679,76.007,125.38,232.239,-1.7381
IMG_3680,75.982,124.722,232.512,-1.7234
IMG_3681,76.511,123.6,234.863,-1.4748
IMG_3682,74.118,120.07,235.316,-2.7685
IMG_3683,73.428,121.196,233.613,-2.3871
IMG_3684,73.391,120.932,233.273,-2.0945
IMG_3685,74.013,124.339,229.418,-2.4925
IMG_3686,74.025,124.673,230.55,-2.2808
IMG_3687,75.177,127.524,229.063,-2.3295
IMG_3688,75.062,127.363,228.278,-2.3694
IMG_3689,76.144,131.739,225.391,-2.5878
IMG_3690,76.606,135.833,223.675,-2.5216
IMG_3691,76.626,136.018,222.795,-2.4774
IMG_3692,75.784,130.76,227.792,-2.4117
IMG_3693,75.962,130.208,227.857,-2.4005
IMG_3694,75.516,130.896,225.754,-1.519
IMG_3695,75.896,133.594,223.847,-1.3661
IMG_3696,75.013,127.172,229.02,-1.4137
IMG_3697,74.953,126.671,228.812,-1.8
IMG_3698,74.365,128.552,225.148,-2.0464
IMG_3699,74.936,129.97,225.274,-2.4399
IMG_3700,83.257,111.647,248.035,-6.1211
IMG_3701,83.147,112.32,247.583,-6.0823
IMG_3702,83.295,112.507,247.697,-6.3217
IMG_3703,83.273,120.048,243.914,-6.4225
IMG_3704,83.167,118.647,244.881,-6.61
IMG_3705,83.38,122.889,242.512,-6.6964
IMG_3706,83.554,127.018,240.053,-6.7026
IMG_3707,83.726,130.997,237.839,-6.9413
IMG_3708,83.914,135.872,234.847,-6.9238
IMG_3709,83.983,141.763,230.534,-7.1143
IMG_3710,83.562,139.874,231.934,-7.1893
IMG_3711,83.91,148.209,225.527,-7.5189
IMG_3712,84.675,162.798,212.624,-8.4935
IMG_3713,85.508,177.38,196.156,-13.7837
IMG_3714,84.552,169.452,204.248,-20.9203
IMG_3715,83.685,163.375,209.083,-11.0941
IMG_3716,82.942,155.384,215.848,-7.9818
IMG_3717,83.023,158.74,213.109,-6.582
IMG_3718,83.187,165.728,203.968,-6.1153
IMG_3719,84.027,178.581,187.75,-7.4659
IMG_3720,84.531,186.986,173.188,-13.2873
IMG_3721,83.115,178.132,186.694,-11.7565
IMG_3722,81.899,167.507,198.645,-5.7568
IMG_3723,81.548,164.09,201.325,-4.4789
IMG_3724,81.361,163.019,203.241,-4.5385
IMG_3725,81.035,161.105,205.707,-4.2844
IMG_3726,80.913,161.093,204.47,-4.3942
IMG_3727,80.537,159.715,205.161,-4.5936
IMG_3728,80.277,158.093,205.529,-4.4048
IMG_3729,79.946,158.062,205.893,-4.1566
IMG_3730,79.883,155.555,208.236,-3.9746
IMG_3731,79.991,158.269,204.036,-4.0963
IMG_3732,79.837,156.922,206.683,-4.1688
IMG_3733,79.297,154.03,209.715,-3.8809
IMG_3734,79.204,150.296,214.818,-3.7142
IMG_3735,79.238,150.986,213.331,-4.1754
IMG_3736,79.153,152.431,211.111,-4.0818
IMG_3737,79.147,156.946,204.449,-3.9869
IMG_3738,78.928,150.99,212.414,-3.9562
IMG_3739,78.816,150.301,214.035,-4.2184
IMG_3740,78.665,151.972,210.957,-4.7394
IMG_3741,78.596,151.886,210.352,-3.6342
IMG_3742,78.443,150.339,212.183,-4.1804
IMG_3743,78.417,149.804,212.515,-4.7372
IMG_3744,78.594,151.046,211.821,-5.0436
IMG_3745,78.935,155.409,206.43,-2.217
IMG_3746,79.216,156.071,206.974,-2.7827
IMG_3747,79.266,157.009,206.009,-3.4515
IMG_3748,79.088,156.867,204.718,-2.42
IMG_3749,85.432,150.138,225.267,-8.7393
IMG_3750,86.595,168.282,208.606,-15.756
IMG_3751,85.352,147.838,228.724,-8.7164
IMG_3752,85.664,152.65,225.225,-7.5234
IMG_3753,85.301,147.628,229.334,-9.156
IMG_3754,85.775,155.138,221.478,-10.5864
IMG_3755,85.272,151.931,225.07,-10.0384
IMG_3756,85.105,152.729,224.749,-11.677
IMG_3757,85.155,154.139,223.658,-14.4684
IMG_3758,85.376,159.576,217.945,-13.3589
IMG_3759,85.247,162.602,215.224,-8.3267
IMG_3760,84.964,156.458,220.89,-8.3382
IMG_3761,84.895,157.687,219.505,-7.9216
IMG_3762,84.986,164.983,212.652,-8.2561
IMG_3763,85.011,168.481,208.378,-10.0415
IMG_3764,85.088,176.511,199.196,-9.0869
IMG_3765,85.173,178.988,195.098,-9.8919
IMG_3766,84.616,171.309,202.46,-8.3469
IMG_3767,84.588,171.443,202.278,-7.8607
IMG_3768,84.65,177.785,195.491,-9.1125
IMG_3769,84.528,178.204,193.143,-12.5119
IMG_3770,82.367,164.599,204.168,-9.5244
IMG_3771,82.072,163.597,203.537,-10.2144
IMG_3772,80.871,156.085,210.937,-7.4234
IMG_3773,82.282,172.933,189.358,-8.0682
IMG_3774,82.62,175.512,183.786,-10.3453
IMG_3775,81.907,168.172,194.132,-7.7509
IMG_3776,82.519,176.672,177.689,-11.2422
IMG_3777,81.863,176.038,181.801,-12.5944
IMG_3778,81.892,177.401,177.567,-10.4801
IMG_3779,82.052,180.624,169.131,-8.4099
IMG_3780,81.896,179.66,166.56,-8.8216
IMG_3781,81.418,176.703,176.328,-6.6548
IMG_3782,80.043,164.264,197.772,-5.4693
IMG_3783,79.433,155.48,206.931,-5.046
IMG_3784,78.864,152.941,209.276,-4.7937
IMG_3785,78.385,148.126,214.958,-4.766
IMG_3786,77.664,147.754,213.616,-4.7468
IMG_3787,78.001,153.318,207.8,-4.8323
IMG_3788,77.755,146.194,215.503,-4.7103
IMG_3789,78.058,150.281,210.883,-4.8791
IMG_3790,77.889,145.097,217.454,-4.4625
IMG_3791,78.342,153.321,203.473,-5.3134
IMG_3792,78.402,161.621,191.518,-7.3798
IMG_3793,78.862,165.449,186.827,-6.8189
IMG_3794,78.805,162.388,193.398,-7.2801
IMG_3795,79.058,163.445,193.628,-7.0509
IMG_3796,78.925,160.049,198.464,-6.7747
IMG_3797,78.591,155.512,204.721,-6.5251
IMG_3798,84.548,125.22,242.14,-7.2186
IMG_3799,84.657,126.336,241.276,-7.3408
IMG_3800,84.839,175.878,195.611,-16.4351
IMG_3801,83.36,165.462,205.953,-17.5504
IMG_3802,81.42,149.113,220.345,-7.3921
IMG_3803,81.138,147.071,222.141,-9.876
IMG_3804,81.642,151.8,216.518,-9.2475
IMG_3805,81.999,156.237,212.896,-9.434
IMG_3806,82.174,158.267,210.742,-11.8454
IMG_3807,81.78,158.991,208.721,-15.9692
IMG_3808,81.165,157.773,208.39,-9.5588
IMG_3809,81.434,160.231,206.349,-9.7685
IMG_3810,81.765,164.109,199.76,-9.7146
IMG_3811,80.768,158.49,205.584,-9.3719
IMG_3812,80.841,160.153,203.199,-7.7286
IMG_3813,80.324,159.576,202.532,-8.3991
IMG_3814,80.422,160.89,200.567,-7.0149
IMG_3815,79.855,158.982,201.871,-7.7242
IMG_3816,79.976,158.501,201.84,-7.213
IMG_3817,80.255,163.628,193.756,-10.3422
IMG_3818,79.743,160.414,197.271,-8.4665
IMG_3819,79.692,164.003,192.767,-8.6374
IMG_3820,80.116,166.131,185.817,-8.4624
IMG_3821,79.806,165.959,184.438,-9.0013
IMG_3822,79.435,167.37,183.044,-11.0139
IMG_3823,80.019,169.203,173.871,-10.7676
IMG_3824,79.049,166.638,180.802,-10.9097
IMG_3825,78.921,165.065,184.373,-11.4468
IMG_3826,79.502,169.57,170.749,-17.0065
IMG_3827,79.362,168.716,172.739,-15.3046
IMG_3828,79.605,170.211,166.213,-15.7559
IMG_3829,87.992,188.206,195.273,-15.4641
IMG_3830,87.983,187.317,194.824,-15.3642
IMG_3831,86.857,171.96,209.49,-12.8067
IMG_3832,86.804,168.705,212.976,-10.5223
IMG_3833,86.434,163.019,217.065,-10.7796
IMG_3834,86.532,165.397,215.784,-11.1713
IMG_3835,86.312,162.706,218.01,-11.5771
IMG_3836,87.914,186.203,195.711,-17.9135
IMG_3837,87.641,185.313,195.821,-13.114
IMG_3838,86.547,175.165,205.428,-12.6663
IMG_3839,87.188,182.658,197.922,-15.9857
IMG_3840,85.687,159.79,219.927,-7.7155
IMG_3841,85.782,163.094,216.872,-9.0538
IMG_3842,86.04,170.52,210.543,-8.8537
IMG_3843,85.734,170.838,209.662,-8.614
IMG_3844,86.793,188.895,190.84,-10.5603
IMG_3845,85.278,169.344,209.161,-7.7724
IMG_3846,85.195,174.706,203.751,-7.415
IMG_3847,83.932,160.265,215.539,-8.6572
IMG_3848,84.313,168.266,207.575,-7.1558
IMG_3849,83.157,156.442,218.186,-6.6094
IMG_3850,84.101,171.06,204.126,-5.8041
IMG_3851,84.442,174.231,201.552,-6.1457
IMG_3852,84.114,174.385,199.941,-8.213
IMG_3853,84.689,182.177,192.259,-8.721
IMG_3854,84.787,184.958,190.048,-8.225
IMG_3855,81.917,158.119,212.305,-6.7614
IMG_3856,80.975,155.514,212.711,-4.9442
IMG_3857,80.182,150.745,217.043,-4.158
IMG_3858,82.302,168.332,200.622,-3.4055
IMG_3859,82.741,172.557,196.369,-5.2461
IMG_3860,81.045,163.929,201.584,-4.1263
IMG_3861,79.759,149.041,217.026,-2.7338
IMG_3862,78.73,144.519,220.736,-3.0352
IMG_3863,79.824,152.434,213.06,-2.9492
IMG_3864,78.943,147.204,217.766,-2.679
IMG_3865,79.404,151.536,213.016,-2.4886
IMG_3866,80.349,163.199,198.542,-3.1983
IMG_3867,81.935,175.708,185.183,-6.4265
IMG_3868,80.949,167.559,194.635,-5.7229
IMG_3869,77.998,144.836,218.422,-3.067
IMG_3870,77.991,144.816,218.389,-3.1696
IMG_3871,77.867,146.128,216.219,-3.3949
IMG_3872,77.016,139.307,223.081,-3.2923
IMG_3873,76.757,137.224,224.568,-3.5271
IMG_3874,76.641,135.055,226.863,-3.4867
IMG_3875,76.7,138.7,223.052,-3.3424
IMG_3876,77.938,147.058,214.075,-2.4438
IMG_3877,77.794,149.659,209.962,-2.5362
IMG_3878,90.521,202.967,167.007,-25.6539
IMG_3879,90.835,205.963,163.925,-25.5928
IMG_3880,91.675,211.604,159.45,-26.6793
IMG_3881,91.57,209.513,159.898,-27.1172
IMG_3882,89.686,196.282,173.121,-26.111
IMG_3883,87.55,185.18,188.495,-24.7348
IMG_3884,87.229,182.003,195.053,-19.1509
IMG_3885,88.617,192.499,179.695,-19.223
IMG_3886,86.889,175.561,200.794,-21.2946
IMG_3887,89.515,200.02,169.981,-19.3991
IMG_3888,91.19,209.892,160.092,-26.4264
IMG_3889,90.797,209.358,159.354,-26.7051
IMG_3890,91.345,212.489,154.772,-25.3848
IMG_3891,91.828,214.877,151.516,-23.7475
IMG_3892,92.582,218.136,149.033,-24.8441
IMG_3893,92.874,219.378,144.547,-25.0973
IMG_3894,93.067,220.879,138.454,-25.7524
IMG_3895,93.44,222.637,136.188,-27.4388
IMG_3896,93.78,224.332,133.966,-26.9731
IMG_3897,94.002,224.759,130.652,-27.4883
IMG_3898,94.396,225.908,129.271,-27.0055
IMG_3899,94.367,225.442,126.086,-27.2133
IMG_3900,94.483,225.422,125.162,-26.3338
IMG_3901,94.741,226.205,125.049,-26.4487
IMG_3902,94.773,227.711,123.625,-27.4341
IMG_3903,94.781,226.089,123.28,-27.33
IMG_3904,94.74,225.528,122.626,-27.9563
IMG_3905,94.225,223.724,122.013,-26.9368
IMG_3906,94.084,223.008,120.473,-26.9141
IMG_3907,94.189,222.915,119.809,-26.4168
IMG_3908,94.613,223.867,119.127,-26.8784
IMG_3909,93.591,220.362,121.827,-25.0177
IMG_3910,92.753,217.54,125.707,-25.9842
IMG_3911,91.747,213.265,130.203,-23.0249
IMG_3912,91.945,213.856,126.7,-20.0162
IMG_3913,90.25,208.748,133.906,-19.3068
IMG_3914,89.077,206.204,140.162,-15.5091
IMG_3915,89.634,207.137,137.61,-19.1328
IMG_3916,86.173,195.894,158.536,-16.4446
IMG_3917,84.225,186.177,176.186,-11.1085
IMG_3918,83.141,179.132,185.322,-5.0186
IMG_3919,82.563,178.174,185.377,-5.5474
IMG_3920,83.27,183.337,174.015,-6.3916
IMG_3921,81.689,176.79,181.129,-7.5674
IMG_3922,81.802,177.497,181.312,-6.3804
IMG_3923,81.304,175.258,181.446,-9.0246
IMG_3924,81.575,176.755,178.188,-7.6885
IMG_3925,81.263,176.012,176.696,-9.7283
IMG_3926,83.074,183.384,156.189,-9.2002
IMG_3927,83.164,97.496,252.689,-3.3234
IMG_3928,82.964,99.652,251.863,-3.2887
IMG_3929,82.968,98.764,251.951,-3.406
IMG_3930,82.913,99.681,251.809,-3.3622
IMG_3931,82.969,102.16,251.67,-3.3088
IMG_3932,83.063,100.909,251.618,-3.3413
IMG_3933,82.757,103.153,251.156,-3.2243
IMG_3934,82.858,105.251,250.592,-3.126
IMG_3935,82.711,104.628,250.639,-3.1258
IMG_3936,82.407,106.784,250.106,-3.1688
IMG_3937,82.968,109.928,249.381,-3.1638
IMG_3938,82.9,110.373,249.01,-3.2535
IMG_3939,82.832,113.852,247.937,-3.1724
IMG_3940,82.292,113.485,247.68,-3.2385
IMG_3941,81.979,110.668,248.634,-3.1562
IMG_3942,81.846,112.842,248.046,-3.2381
IMG_3943,81.473,110.33,248.455,-3.1634
IMG_3944,81.433,110.674,248.635,-3.2064
IMG_3945,82.523,117.582,245.79,-3.253
IMG_3946,81.454,119.911,244.224,-3.2458
IMG_3947,81.769,123.855,242.343,-3.1757
IMG_3948,80.912,124.885,240.831,-3.4332
IMG_3949,80.986,119.875,243.66,-3.0613
IMG_3950,80.446,117.81,244.643,-2.8341
IMG_3951,80.816,124.271,240.661,-2.8764
IMG_3952,81.674,125.831,240.526,-2.7756
IMG_3953,81.586,125.744,240.494,-2.7908
IMG_3954,79.504,121.976,240.676,-2.777
IMG_3955,79.656,126.23,237.702,-2.8526
IMG_3956,80.478,129.329,236.746,-2.9701
IMG_3957,80.555,130.561,235.539,-3.1966
IMG_3958,81.405,133.966,234.893,-3.2774
IMG_3959,81.069,135.62,233.161,-3.147
IMG_3960,81.018,133.68,234.175,-3.2572
IMG_3961,82.604,141.877,230.496,-3.1733
IMG_3962,81.667,145.104,224.855,-3.6082
IMG_3963,82.998,151.229,221.732,-3.3812
IMG_3964,81.581,148.444,219.77,-4.6554
IMG_3965,80.175,132.772,233.395,-3.2572
IMG_3966,80.731,142.287,225.852,-3.5582
IMG_3967,80.159,141.935,224.595,-3.3661
IMG_3968,78.21,128.875,233.672,-2.9225
IMG_3969,80.338,143.52,223.238,-3.4226
IMG_3970,80.054,138.941,226.742,-3.3472
IMG_3971,78.187,132.36,229.9,-2.9303
IMG_3972,74.395,118.21,236.561,-2.4589
IMG_3973,76.89,126.022,233.25,-2.357
IMG_3974,75.655,123.606,233.361,-2.3412
IMG_3975,74.406,121.387,234.605,-2.1521
IMG_3976,84.613,110.743,247.25,-2.1514
IMG_3977,84.615,117.438,245.422,-2.2002
IMG_3978,84.48,123.36,242.651,-3.3706
IMG_3979,84.767,121.463,243.497,-2.9559
IMG_3980,84.898,114.527,246.96,-2.4646
IMG_3981,84.087,112.09,247.301,-2.7299
IMG_3982,85.018,116.745,245.774,-2.6476
IMG_3983,85.034,120.13,244.564,-2.7851
IMG_3984,84.615,107.145,248.936,-2.4157
IMG_3985,84.769,112.606,247.156,-2.4419
IMG_3986,86.869,136.223,236.692,-2.5454
IMG_3987,84.836,116.88,245.934,-2.1879
IMG_3988,85.349,116.215,246.418,-2.0733
IMG_3989,84.278,118.054,245.307,-2.3759
IMG_3990,83.493,106.235,249.989,-1.8606
IMG_3991,83.246,112.159,247.853,-2.0823
IMG_3992,83.509,112.432,247.795,-1.7558
IMG_3993,83.759,119.131,244.777,-1.8076
IMG_3994,83.823,126.059,241.248,-1.8901
IMG_3995,83.047,121.202,243.258,-2.0384
IMG_3996,83.74,115.264,246.254,-1.8074
IMG_3997,81.227,125.789,239.282,-1.839
IMG_3998,80.945,124.164,240.531,-1.8977
IMG_3999,82.21,129.045,238.487,-1.7684
IMG_4000,81.54,124.637,240.539,-1.8042
IMG_4001,81.544,124.03,241.502,-1.8152
IMG_4002,82.027,126.942,239.986,-1.5713
IMG_4003,82.247,133.186,235.646,-1.9235
IMG_4004,82.036,135.225,233.307,-1.7575
IMG_4005,81.645,134.591,233.593,-1.6029
IMG_4006,84.034,139.355,232.808,-1.6622
IMG_4007,83.141,138.868,232.489,-1.7763
IMG_4008,81.585,136.087,232.301,-1.9972
IMG_4009,83.127,140.629,230.654,-1.8501
IMG_4010,83.477,143.452,228.825,-1.9791
IMG_4011,83.732,147.712,226.886,-1.8815
IMG_4012,85.255,154.868,222.926,-2.7729
IMG_4013,85.387,162.008,215.374,-5.1239
IMG_4014,84.101,147.566,226.817,-2.5022
IMG_4015,86.168,148.178,230.783,-2.1301
IMG_4016,84.267,144.577,229.103,-2.0508
IMG_4017,84.332,141.584,231.887,-1.8126
IMG_4018,84.159,150.009,224.313,-2.0921
IMG_4019,84.351,158.135,216.245,-2.0458
IMG_4020,86.651,176.293,202.555,-4.8007
IMG_4021,83.792,151.635,222.208,-2.5142
IMG_4022,85.653,166.78,212.099,-2.1047
IMG_4023,84.046,155.487,219.508,-2.0572
IMG_4024,85.577,161.615,217.559,-3.9647
IMG_4025,85.213,142.301,232.869,-8.4387
IMG_4026,85.483,149.384,226.659,-9.0572
IMG_4027,85.874,153.838,223.829,-5.9374
IMG_4028,85.328,142.624,231.546,-6.5135
IMG_4029,84.976,133.554,236.703,-4.6012
IMG_4030,84.724,127.23,240.48,-4.3876
IMG_4031,85.004,132.991,236.94,-4.3506
IMG_4032,85.201,137.045,234.741,-4.6849
IMG_4033,85.126,136.263,235.064,-4.3301
IMG_4034,84.847,134.609,236.003,-4.2248
IMG_4035,85.356,142.465,231.1,-4.3337
IMG_4036,85.598,146.423,229.839,-4.5295
IMG_4037,85.271,142.274,232.041,-4.2045
IMG_4038,86.006,154.226,223.855,-4.795
IMG_4039,86.564,162.515,218.058,-6.7382
IMG_4040,87.763,176.109,202.503,-6.7654
IMG_4041,86.613,165.918,212.577,-11.4215
IMG_4042,85.919,160.022,219.511,-7.4749
IMG_4043,87.652,183.119,200.532,-7.2346
IMG_4044,87.859,182.712,200.945,-11.5257
IMG_4045,90.039,208.577,173.084,-11.6258
IMG_4046,90.348,210.987,170.232,-18.5524
IMG_4047,90.462,213.871,168.526,-12.2347
IMG_4048,88.978,199.733,184.576,-15.5224
IMG_4049,93.347,222.421,152.325,-10.4553
IMG_4050,89.575,205.28,177.115,-21.9272
IMG_4051,89.092,196.898,185.662,-18.1382
IMG_4052,87.4,180.976,203.066,-14.0171
IMG_4053,87.544,180.437,203.624,-7.0555
IMG_4054,86.139,165.945,215.554,-6.5774
IMG_4055,84.401,150.285,226.246,-5.6381
IMG_4056,85.223,153.296,225.244,-5.5801
IMG_4057,85.163,154.519,224.406,-5.0849
IMG_4058,85.23,155.441,223.809,-4.6598
IMG_4059,85.299,157.476,221.546,-6.1298
IMG_4060,85.616,160.274,220.187,-5.9514
IMG_4061,84.545,151.931,225.332,-7.6656
IMG_4062,85.724,161.049,219.516,-7.1961
IMG_4063,85.37,160.873,218.978,-6.8463
IMG_4064,83.957,152.01,224.562,-6.8142
IMG_4065,84.472,153.008,224.09,-6.5932
IMG_4066,85.13,158.08,220.816,-9.5565
IMG_4067,84.583,149.723,227.051,-7.9123
IMG_4068,86.167,160.038,220.881,-10.2386
IMG_4069,84.689,151.284,226.179,-6.3582
IMG_4070,82.97,147.881,225.59,-5.9416
IMG_4071,83.272,145.395,228.194,-5.1212
IMG_4072,82.439,145.206,226.801,-3.1883
IMG_4073,81.117,139.573,229.562,-3.706
IMG_4074,95.822,231.446,140.553,-28.8043
IMG_4075,96.667,234.189,140.248,-28.0014
IMG_4076,96.364,231.833,140.833,-28.7798
IMG_4077,96.483,231.619,141.442,-28.299
IMG_4078,94.784,225.915,148.745,-30.6552
IMG_4079,94.114,220.896,153.464,-27.9776
IMG_4080,92.939,217.474,158.188,-28.7684
IMG_4081,93.068,218.171,157.931,-26.3668
IMG_4082,92.511,215.022,162.276,-26.1629
IMG_4083,94.583,224.908,148.464,-26.9085
IMG_4084,95.589,228.409,144.519,-29.1887
IMG_4085,94.441,224.699,147.464,-28.6075
IMG_4086,92.21,215.083,160.31,-25.0795
IMG_4087,93.955,222.078,150.861,-26.8119
IMG_4088,96.35,231.249,138.439,-29.0043
IMG_4089,97.545,236.003,131.015,-29.8247
IMG_4090,96.044,230.209,132.43,-30.2201
IMG_4091,94.715,225.706,138.986,-29.7501
IMG_4092,93.496,219.519,147.509,-29.1442
IMG_4093,91.76,214.061,150.867,-26.2461
IMG_4094,93.281,217.794,142.874,-26.8157
IMG_4095,95.081,225.556,123.396,-28.128
IMG_4096,95.689,228.766,122.663,-26.6533
IMG_4097,96.29,229.585,118.787,-26.0719
IMG_4098,95.064,226.521,123.974,-27.1451
IMG_4099,94.441,225.205,123.412,-23.4991
IMG_4100,94.827,226.712,124.87,-25.0205
IMG_4101,96.428,230.398,116.816,-23.4403
IMG_4102,96.295,230.39,116.274,-26.9016
IMG_4103,95.524,226.166,118.922,-28.3499
IMG_4104,92.363,218.519,133.178,-27.41
IMG_4105,93.633,222.86,127.949,-25.2314
IMG_4106,91.911,218.966,138.482,-20.7511
IMG_4107,87.009,191.373,181.786,-12.4302
IMG_4108,85.924,175.788,202.222,-7.2054
IMG_4109,85.487,168.031,210.527,-4.482
IMG_4110,86.288,181.558,197.427,-3.9357
IMG_4111,84.882,167.971,207.153,-4.1597
IMG_4112,86.532,186.215,191.372,-6.8228
IMG_4113,89.148,208.058,155.544,-5.8765
IMG_4114,91.385,217.026,141.561,-15.404
IMG_4115,89.591,209.739,157.652,-10.9241
IMG_4116,87.582,196.433,177.44,-17.811
IMG_4117,87.568,197.203,173.495,-13.1724
IMG_4118,85.83,176.283,196.644,-7.0993
IMG_4119,85.756,181.632,195.393,-9.197
IMG_4120,86.937,191.352,181.166,-16.0531
IMG_4121,87.245,195.341,176.421,-15.4589
IMG_4122,83.743,157.843,215.631,-4.3971
IMG_4123,85.568,163.089,214.293,-9.7477
IMG_4124,85.742,164.795,212.215,-9.5299
IMG_4125,85.745,166.617,210.661,-9.8937
IMG_4126,86.039,173.022,205.357,-9.5749
IMG_4127,86.191,176.563,197.674,-9.6801
IMG_4128,85.967,172.327,203.593,-9.5624
IMG_4129,86.927,184.51,183.072,-12.6765
IMG_4130,85.481,165.43,211.744,-6.746
IMG_4131,85.711,176.839,200.538,-8.1199
IMG_4132,85.334,167.965,209.124,-7.4818
IMG_4133,85.993,181.253,193.98,-7.1149
IMG_4134,85.33,170.104,206.54,-6.7883
IMG_4135,85.301,172.46,203.876,-7.6164
IMG_4136,85.049,168.433,207.164,-6.9517
IMG_4137,85.615,178.144,196.133,-8.7856
IMG_4138,85.149,178.564,195.413,-7.3784
IMG_4139,84.448,168.758,205.873,-7.1167
IMG_4140,85.806,188.597,184.996,-6.8292
IMG_4141,85.984,191.045,181.487,-7.1313
IMG_4142,86.42,192.76,174.222,-6.658
IMG_4143,84.947,180.915,190.426,-7.7882
IMG_4144,84.786,181.269,188.806,-6.2675
IMG_4145,84.529,180.668,190.762,-5.8884
IMG_4146,85.876,191.339,179.951,-5.8628
IMG_4147,84.569,181.819,189.181,-8.1948
IMG_4148,83.719,174.673,195.358,-6.291
IMG_4149,83.513,171.871,200.099,-5.5187
IMG_4150,82.981,166.323,203.176,-3.6062
IMG_4151,85.617,190.416,180.696,-5.7828
IMG_4152,85.34,187.403,184.408,-6.8841
IMG_4153,83.809,178.885,189.51,-6.3594
IMG_4154,84.604,179.058,195.906,-6.2954
IMG_4155,86.284,195.015,177.809,-6.4875
IMG_4156,87.211,199.967,164.203,-8.1909
IMG_4157,84.36,184.048,187.522,-8.5865
IMG_4158,83.486,178.46,187.916,-6.5032
IMG_4159,81.877,162.201,206.624,-4.9472
IMG_4160,82.124,159.926,208.529,-3.3241
IMG_4161,83.679,172.844,197.671,-4.8866
IMG_4162,84.88,185.033,187.843,-6.507
IMG_4163,85.714,191.109,182.989,-8.2105
IMG_4164,85.897,192.087,181.126,-10.6358
IMG_4165,84.34,187.793,179.097,-10.4065
IMG_4166,82.109,177.329,184.218,-7.2789
IMG_4167,81.825,171.612,194.858,-6.0557
IMG_4168,81.139,162.323,204.644,-4.3072
IMG_4169,81.081,159.255,206.711,-3.8227
IMG_4170,80.669,158.903,206.751,-3.5016
IMG_4171,81.162,160.6,205.407,-4.5014
IMG_4172,86.137,170.819,207.789,-2.693
IMG_4173,86.335,177.383,199.422,-2.4439
IMG_4174,85.84,164.263,214.255,-2.4208
IMG_4175,85.832,168.22,209.517,-2.006
IMG_4176,85.94,168.502,209.412,-1.5979
IMG_4177,86.204,178.432,195.829,-2.3287
IMG_4178,86.698,190.309,182.691,-1.5963
IMG_4179,86.434,181.858,192.692,-1.213
IMG_4180,86.323,178.803,196.202,-1.6846
IMG_4181,86.428,185.581,186.425,-0.9837
IMG_4182,86.533,188.417,183.406,-1.1868
IMG_4183,86.834,193.65,173.323,-1.6337
IMG_4184,86.656,192.1,177.468,-1.2503
IMG_4185,87.395,198.563,158.942,-0.8844
IMG_4186,86.322,191.525,176.606,-0.1697
IMG_4187,85.938,187.188,181.847,-0.4726
IMG_4188,85.65,188.919,182.568,-1.0064
IMG_4189,85.906,192.597,170.307,-1.7539
IMG_4190,85.495,189.631,176.381,-1.9289
IMG_4191,85.295,188.003,178.104,-2.0068
IMG_4192,85.497,189.821,177.069,-1.7266
IMG_4193,84.925,191.298,164.781,-1.5127
IMG_4194,84.827,190.156,165.977,-1.3509
IMG_4195,84.652,190.828,167.164,-0.8912
IMG_4196,84.779,192.799,161.041,-0.8623
IMG_4197,84.239,187.106,173.385,-1.6356
IMG_4198,84.176,187.66,171.444,-2.0881
IMG_4199,83.742,185.254,173.055,-1.9301
IMG_4200,83.653,183.24,173.147,-1.5737
IMG_4201,83.366,184.536,178.339,-1.6541
IMG_4202,83.142,181.25,178.528,-1.4139
IMG_4203,83.149,180.035,180.822,-1.4998
IMG_4204,83.141,180.277,181.917,-1.1953
IMG_4205,82.596,176.338,187.918,-1.8746
IMG_4206,83.568,183.995,176.591,-0.698
IMG_4207,84.321,189.888,169.152,-1.9295
IMG_4208,82.946,181.058,178.333,-2.1429
IMG_4209,82.516,175.411,186.862,-1.5719
IMG_4210,82.122,171.271,194.28,-3.2089
IMG_4211,81.885,167.23,198.582,-2.948
IMG_4212,83.425,179.39,186.798,-1.8754
IMG_4213,83.158,180.844,182.571,-2.3269
IMG_4214,83.544,182.771,180.452,-2.1785
IMG_4215,82.664,176.938,184.039,-5.1206
IMG_4216,82.571,175.312,188.703,-4.3963
IMG_4217,83.268,176.338,192.85,-3.4398
IMG_4218,82.402,174.032,191.926,-3.2018
IMG_4219,83.66,182.688,181.739,-3.1971
IMG_4220,82.984,178.301,185.941,-5.8449
IMG_4221,83.548,131.101,238.717,-1.9597
IMG_4222,82.556,122.635,240.521,-1.8277
IMG_4223,82.808,120.669,240.362,-0.8172
IMG_4224,81.339,141.959,217.194,-0.7063
IMG_4225,82.229,145.011,221.131,-0.7125
IMG_4226,81.841,134.993,231.452,-0.7198
IMG_4227,82.63,147.166,222.702,-0.7549
IMG_4228,82.34,147.563,220.016,-0.9241
IMG_4229,82.276,137.554,230.863,-0.972
IMG_4230,81.537,113.234,246.468,-1.3843
IMG_4231,82.778,137.776,232.228,-1.2605
IMG_4232,82.87,141.297,230.043,-1.2003
IMG_4233,83.065,147.802,222.777,-0.6155
IMG_4234,82.891,151.329,218.997,-1.5535
IMG_4235,82.367,149.123,219.224,-0.6693
IMG_4236,81.711,144.315,222.696,-0.6929
IMG_4237,81.219,153.518,203.528,-0.7575
IMG_4238,80.931,139.915,223.333,-0.0969
IMG_4239,80.42,141.545,218.648,-0.6243
IMG_4240,80.976,141.115,221.236,-0.5842
IMG_4241,81.905,154.02,205.911,-0.5707
IMG_4242,78.728,151.309,199.164,-0.5868
IMG_4243,78.003,142.624,214.209,-0.7627
IMG_4244,79.298,150.95,206.464,-0.4412
IMG_4245,78.921,144.334,216.613,-0.4189
IMG_4246,79.934,155.51,193.028,-0.6702
IMG_4247,78.534,149.146,203.284,-0.2594
IMG_4248,78.317,154.803,175.085,-0.6244
IMG_4249,81.983,170.815,154.047,-1.424
IMG_4250,86.625,183.063,123.879,-1.2261
IMG_4251,86.565,186.992,127.443,-1.0643
IMG_4252,85.106,191.563,141.627,-0.6296
IMG_4253,85.103,188.596,149.542,-0.2847
IMG_4254,86.705,197.132,129.177,0.4019
IMG_4255,90.31,200.089,107.02,-1.4298
IMG_4256,89.215,198.079,115.611,-0.7678
IMG_4257,91.546,199.142,105.674,0.2639
IMG_4258,92.629,200.339,102.359,-1.1018
IMG_4259,89.6,200.922,114.946,0.5096
IMG_4260,86.62,196.998,137.208,-0.8977
IMG_4261,85.981,197.579,147.79,-0.9204
IMG_4262,84.559,190.298,163.255,-1.5953
IMG_4263,86.395,197.427,139.407,-1.0452
IMG_4264,87.596,198.716,133.815,-1.0362
IMG_4265,87.85,201.941,131.711,0.0364
IMG_4266,88.092,203.287,134.814,0.4561
IMG_4267,86.096,196.004,155.298,-0.6894
IMG_4268,86.028,197.298,149.05,-0.5495
IMG_4269,87.592,203.469,139.084,-0.5767
IMG_4270,82.798,117.529,241.518,-1.6629
IMG_4271,82.369,116.624,241.567,-1.6274
IMG_4272,82.109,122.845,237.743,-1.6204
IMG_4273,82.076,131.042,231.745,-1.4691
IMG_4274,82.158,126.949,232.629,-1.5909
IMG_4275,83.381,118.486,239.993,-1.4311
IMG_4276,83.74,119.9,239.429,-1.1919
IMG_4277,84.205,112.411,243.966,-1.3423
IMG_4278,84.789,113.418,243.693,-1.1446
IMG_4279,83.663,121.851,238.125,-1.1776
IMG_4280,83.383,116.479,240.88,-1.4063
IMG_4281,83.614,113.595,242.687,-1.4397
IMG_4282,82.777,112.68,242.252,-1.2904
IMG_4283,84.066,109.242,245.064,-1.2297
IMG_4284,83.46,109.168,244.624,-1.1555
IMG_4285,82.495,112.122,242.153,-1.247
IMG_4286,83.115,106.086,246.476,-1.1535
IMG_4287,82.093,105.763,245.873,-1.1526
IMG_4288,82.819,109.621,243.615,-1.2373
IMG_4289,81.138,114.19,239.945,-1.3368
IMG_4290,82.482,113.995,239.77,-1.2451
IMG_4291,73.682,128.213,219.993,-1.3306
IMG_4292,73.577,130.641,215.561,-1.4645
IMG_4293,73.181,134.838,208.683,-1.3315
IMG_4294,73.095,128.948,219.145,-1.1757
IMG_4295,73.898,125.778,224.111,-1.1759
IMG_4296,76.863,137.228,218.922,-1.1021
IMG_4297,74.213,123.444,228.777,-1.329
IMG_4298,70.333,125.307,222.957,-1.1894
IMG_4299,71.704,127.907,222.84,-1.1276
IMG_4300,72.218,126.638,223.484,-1.7999
IMG_4301,70.659,123.07,226.525,-1.8198
IMG_4302,72.035,126.648,224.801,-1.6309
IMG_4303,72.79,128.174,222.54,-1.6369
IMG_4304,72.324,124.464,226.97,-1.7107
IMG_4305,70.197,124.101,225.044,-1.6667
IMG_4306,70.903,126.473,223.233,-1.5305
IMG_4307,70.21,127.054,221.198,-1.4605
IMG_4308,72.097,128.046,220.782,-1.5496
IMG_4309,71.89,127.493,222.512,-1.5164
IMG_4310,70.53,130.988,216.557,-1.452
IMG_4311,72.267,125.417,224.043,-1.517
IMG_4312,71.558,123.319,226.154,-1.5578
IMG_4313,69.724,123.155,225.088,-1.5315
IMG_4314,69.51,124.393,223.981,-1.3016
IMG_4315,69.547,124.798,223.583,-1.3184
IMG_4316,69.633,125.96,222.078,-1.2894
IMG_4317,69.355,128.722,218.463,-1.3017
IMG_4318,69.683,126.938,219.475,-1.3769
IMG_4319,83.699,120.322,243.829,-2.5582
IMG_4320,83.558,123.03,242.878,-2.4963
IMG_4321,83.964,132.405,237.245,-1.9344
IMG_4322,83.299,123.339,242.908,-2.4364
IMG_4323,83.372,133.717,234.786,-2.1517
IMG_4324,83.075,121.706,243.608,-2.0699
IMG_4325,83.032,127.969,239.644,-2.0283
IMG_4326,83.068,120.36,244.511,-1.8917
IMG_4327,83.106,121.871,243.236,-1.7692
IMG_4328,82.998,127.106,240.354,-1.7552
IMG_4329,83.16,130.705,237.789,-1.8274
IMG_4330,82.724,128.079,239.878,-1.94
IMG_4331,82.903,137.897,232.387,-1.8774
IMG_4332,82.46,127.9,240.138,-1.9839
IMG_4333,82.501,135.218,234.859,-1.9832
IMG_4334,82.707,153.558,214.547,-2.0059
IMG_4335,82.177,146.985,223.48,-2.0051
IMG_4336,81.574,137.22,231.463,-1.9575
IMG_4337,81.889,144.603,223.9,-1.9125
IMG_4338,81.834,153.393,213.391,-1.838
IMG_4339,81.493,143.029,224.869,-2.017
IMG_4340,79.855,137.494,228.849,-1.732
IMG_4341,80.685,150.049,215.469,-2.542
IMG_4342,81.652,165.736,195.993,-2.2797
IMG_4343,81.965,171.727,182.726,-2.9526
IMG_4344,81.417,168.61,190.995,-3.3778
IMG_4345,81.541,167.04,186.833,-3.989
IMG_4346,81.048,167.989,182.491,-4.8032
IMG_4347,81.694,174.727,172.064,-6.4267
IMG_4348,82.309,176.552,165.478,-5.5489
IMG_4349,81.721,172.281,170.916,-9.4208
IMG_4350,81.605,177.057,167.938,-8.1388
IMG_4351,81.136,174.481,177.531,-6.2512
IMG_4352,80.123,158.428,203.147,-3.3359
IMG_4353,82.255,177.654,160.144,-5.7082
IMG_4354,85.44,180.729,126.557,-14.9472
IMG_4355,82.284,178.469,159.391,-8.8925
IMG_4356,81.36,173.532,173.194,-12.0353
IMG_4357,82.139,176.125,158.366,-12.718
IMG_4358,82.866,182.279,148.565,-12.1357
IMG_4359,81.832,180.272,164.779,-9.0429
IMG_4360,80.508,169.246,189.028,-6.039
IMG_4361,81.156,174.561,185.654,-4.1179
IMG_4362,80.179,166.219,192.863,-4.7281
IMG_4363,80.045,162.236,200.309,-4.2216
IMG_4364,81.542,175.807,175.869,-7.5754
IMG_4365,81.972,176.111,170.545,-6.0909
IMG_4366,80.513,166.59,193.229,-7.2107
IMG_4367,81.293,172.744,183.39,-5.2247
IMG_4368,85.187,166.095,204.184,-21.0709
IMG_4369,84.945,161.91,212.504,-11.6665
IMG_4370,84.849,162.221,212.286,-8.107
IMG_4371,84.832,161.615,213.298,-6.6135
IMG_4372,85.093,164.022,211.442,-6.9957
IMG_4373,84.731,157.765,217.608,-6.4037
IMG_4374,84.696,155.645,220.105,-6.179
IMG_4375,84.855,156.106,219.303,-5.9043
IMG_4376,85.015,162.18,213.314,-6.1923
IMG_4377,85.668,175.602,197.414,-8.2765
IMG_4378,89.967,205.783,141.937,-11.315
IMG_4379,92.3,209.749,123.095,-18.048
IMG_4380,90.054,203.553,136.435,-21.4312
IMG_4381,90.572,206.506,129.98,-20.0862
IMG_4382,90.772,202.322,128.847,-19.2163
IMG_4383,88.806,197.137,138.268,-20.9623
IMG_4384,87.533,189.041,146.689,-15.8713
IMG_4385,86.139,187.374,159.357,-18.2272
IMG_4386,86.704,186.21,152.479,-17.2112
IMG_4387,87.921,193.944,134.719,-19.1835
IMG_4388,88.625,197.524,122.631,-15.0849
IMG_4389,89.659,194.911,108.053,-18.218
IMG_4390,87.45,190.166,118.595,-22.5114
IMG_4391,86.837,189.818,120.071,-22.0878
IMG_4392,92.423,192.79,86.443,-22.9929
IMG_4393,91.012,194.556,95.019,-23.2043
IMG_4394,91.713,191.012,94.43,-20.712
IMG_4395,87.431,181.988,111.275,-21.4605
IMG_4396,83.185,176.142,157.443,-20.2465
IMG_4397,81.086,166.13,188.512,-8.8666
IMG_4398,80.57,163.861,192.85,-7.9503
IMG_4399,80.337,162.783,194.307,-6.5244
IMG_4400,78.961,145.58,218.654,-2.4669
IMG_4401,78.717,146.617,217.013,-1.6778
IMG_4402,78.443,146.427,216.647,-1.2839
IMG_4403,79.065,152.272,209.526,-1.47
IMG_4404,79.995,165.718,181.146,-7.7464
IMG_4405,79.235,154.831,205.275,-8.2262
IMG_4406,79.096,156.677,202.115,-5.6876
IMG_4407,79.352,159.134,196.775,-4.2405
IMG_4408,78.892,154.188,204.124,-4.8608
IMG_4409,78.598,151.599,208.182,-4.173
IMG_4410,79.595,160.531,192.79,-3.6787
IMG_4411,79.476,161.128,185.199,-5.8122
IMG_4412,79.767,161.892,188.18,-8.2688
IMG_4413,78.867,153.162,204.704,-8.8675
IMG_4414,78.778,151.908,207.245,-2.9068
IMG_4415,80.334,170.033,176.517,-4.7774
IMG_4416,79.25,162.8,191.165,-5.3659
IMG_4417,78.356,124.467,232.439,-1.6118
IMG_4418,78.042,125.709,230.914,-1.2909
IMG_4419,78.263,122.903,234.114,-1.41
IMG_4420,78.151,123.166,233.747,-1.3582
IMG_4421,78.112,122.482,234.255,-1.3395
IMG_4422,77.679,122.434,234.155,-1.4802
IMG_4423,73.184,126.122,225.643,-1.5375
IMG_4424,72.755,124.812,226.866,-1.5505
IMG_4425,73.04,128.761,223.419,-1.5372
IMG_4426,72.899,132.332,218.661,-1.4935
IMG_4427,74.102,131.757,219.079,-1.5705
IMG_4428,74.948,128.314,227.347,-1.4668
IMG_4429,72.142,125.168,226.527,-1.3627
IMG_4430,71.229,127.043,223.353,-0.9992
IMG_4431,71.862,125.448,225.631,-1.1725
IMG_4432,71.24,126.01,225.361,-1.0822
IMG_4433,72.09,126.251,225.203,-0.9338
IMG_4434,71.836,125.296,225.338,-0.9466
IMG_4435,72.471,126.177,224.765,-0.9955
IMG_4436,72.244,125.094,225.06,-0.9049
IMG_4437,72.316,125.994,224.714,-0.8518
IMG_4438,73.053,124.837,227.061,-0.9428
IMG_4439,67.908,126.955,219.767,-0.9237
IMG_4440,67.777,127.42,218.604,-0.9942
IMG_4441,67.729,128.567,217.045,-0.9953
IMG_4442,68.301,128.454,217.426,-1.0939
IMG_4443,68.27,127.291,218.374,-1.0968
IMG_4444,69.163,125.053,222.014,-1.124
IMG_4445,83.197,92.754,252.971,-2.5518
IMG_4446,83.373,99.076,251.069,-2.3426
IMG_4447,82.945,99.246,250.966,-2.5534
IMG_4448,83.131,106.144,248.79,-2.4313
IMG_4449,82.732,111.271,247.196,-2.3427
IMG_4450,82.872,110.898,246.845,-7.4009
IMG_4451,82.972,105.222,248.686,-2.1661
IMG_4452,83.276,95.569,252.311,-2.0961
IMG_4453,83.056,97.217,251.922,-2.1163
IMG_4454,83.034,108.795,248.184,-2.2411
IMG_4455,82.889,107.405,249.043,-2.3477
IMG_4456,83.363,99.393,251.802,-1.9419
IMG_4457,82.849,121.588,242.195,-2.3924
IMG_4458,82.614,114.011,246.186,-2.7329
IMG_4459,82.277,103.451,249.831,-2.2214
IMG_4460,82.045,113.787,246.561,-2.3548
IMG_4461,82.246,132.786,233.949,-4.4614
IMG_4462,82.035,130.75,235.141,-4.0237
IMG_4463,81.147,121.982,241.746,-2.9779
IMG_4464,80.305,114.238,245.108,-2.037
IMG_4465,79.697,118.712,242.475,-2.1839
IMG_4466,78.235,123.714,237.567,-2.1705
IMG_4467,78.324,127.324,235.052,-2.1849
IMG_4468,77.686,132.525,228.447,-1.9691
IMG_4469,77.805,119.885,240.903,-2.0105
IMG_4470,78.152,126.293,235.065,-1.857
IMG_4471,78.181,116.874,243.139,-1.9402
IMG_4472,76.702,118.356,240.103,-1.7628
IMG_4473,75.376,116.637,240.202,-1.6301
IMG_4474,75.421,116.444,239.911,-1.6426
IMG_4475,75.528,121.635,235.845,-1.8367
IMG_4476,75.495,118.43,238.475,-1.7337
IMG_4477,74.997,118.402,238.196,-1.8022
IMG_4478,74.94,115.521,240.428,-1.8328
IMG_4479,74.744,116.436,240.152,-1.7621
IMG_4480,74.867,115.588,240.552,-1.6759
IMG_4481,74.718,116.052,240.229,-1.6859
IMG_4482,74.496,116.241,239.785,-1.7005
IMG_4483,74.423,119.79,236.845,-1.5789
IMG_4484,74.852,123.559,233.268,-1.4369
IMG_4485,74.94,123.915,232.955,-1.266
IMG_4486,75.123,130.159,225.695,-1.1691
IMG_4487,74.029,128.913,226.785,-1.1622
IMG_4488,74.73,126.897,228.531,-1.0242
IMG_4489,74.008,127.991,227.204,-0.9981
IMG_4490,74.911,130.405,224.863,-1.0775
IMG_4491,74.267,126.502,228.952,-1.0745
IMG_4492,73.897,127.287,227.895,-1.1588
IMG_4493,73.982,128.005,227.316,-1.0989
IMG_4494,84.686,151.162,222.021,-9.9994
IMG_4495,84.647,145.286,227.24,-4.9352
IMG_4496,84.038,135.452,232.506,-11.1286
IMG_4497,83.694,120.775,242.415,-8.4852
IMG_4498,85.274,163.711,203.003,-9.0205
IMG_4499,85.611,167.538,198.957,-9.1122
IMG_4500,84.095,146.952,222.562,-8.2302
IMG_4501,85.047,161.728,211.481,-9.4084
IMG_4502,83.824,135.204,233.499,-3.2261
IMG_4503,85.164,160.599,214.012,-5.6785
IMG_4504,86.943,192.597,164.109,-9.5127
IMG_4505,83.932,140.098,230.938,-10.2335
IMG_4506,86.036,181.072,185.585,-5.7783
IMG_4507,84.027,116.563,245.413,-5.3264
IMG_4508,82.847,100.822,251.087,-3.4469
IMG_4509,81.418,105.445,249.385,-2.2639
IMG_4510,81.282,122.205,242.142,-2.2463
IMG_4511,81.766,120.61,242.26,-2.239
IMG_4512,82.857,141.981,224.702,-4.0656
IMG_4513,83.93,173.598,186.642,-5.6822
IMG_4514,80.884,131.186,234.839,-2.5913
IMG_4515,79.956,143.407,222.473,-2.9398
IMG_4516,79.456,132.71,231.625,-2.0589
IMG_4517,80.371,147.079,220.698,-2.5644
IMG_4518,79.766,131.83,232.618,-2.1241
IMG_4519,80.127,148.915,212.865,-1.7042
IMG_4520,80.466,149.909,215.658,-4.1477
IMG_4521,80.462,155.317,206.356,-4.1618
IMG_4522,80.139,156.51,202.955,-2.72
IMG_4523,80.098,160.333,197.375,-3.0691
IMG_4524,80.993,166.108,192.443,-4.5311
IMG_4525,78.791,144.003,218.613,-2.4489
IMG_4526,77.508,131.537,228.492,-1.4841
IMG_4527,77.81,136.977,223.084,-1.2955
IMG_4528,77.254,136.136,223.126,-1.4711
IMG_4529,77.836,145.592,213.857,-1.432
IMG_4530,77.423,137.778,221.884,-1.491
IMG_4531,77.714,143.204,214.946,-1.4399
IMG_4532,76.411,134.278,223.138,-1.2998
IMG_4533,78.129,150.591,208.034,-1.1824
IMG_4534,78.108,146.641,212.719,-2.1384
IMG_4535,77.161,139.674,219.986,-2.6859
IMG_4536,77.639,142.298,216.871,-2.5222
IMG_4537,77.208,141.702,216.855,-2.4355
IMG_4538,77.574,140.264,218.608,-2.2929
IMG_4539,76.621,139.646,216.731,-2.2038
IMG_4540,74.383,128.748,224.908,-1.9609
IMG_4541,74.431,127.188,226.495,-1.6776
IMG_4542,73.757,126.562,227.326,-2.0499
IMG_4543,82.096,103.085,249.452,-2.5747
IMG_4544,81.588,113.882,245.692,-3.1977
IMG_4545,81.642,120.207,243.386,-2.7871
IMG_4546,82.067,112.505,247.116,-3.128
IMG_4547,82.021,127.876,238.48,-2.7687
IMG_4548,82.072,120.36,243.054,-3.0191
IMG_4549,82.047,111.298,247.501,-2.6468
IMG_4550,82.249,117.898,245.225,-2.6831
IMG_4551,82.551,101.763,250.356,-2.4334
IMG_4552,82.198,104.168,249.545,-2.3597
IMG_4553,81.813,103.288,249.697,-2.2786
IMG_4554,81.46,119.59,243.995,-2.5302
IMG_4555,81.513,123.205,239.537,-2.5215
IMG_4556,82.199,110.877,247.74,-2.1377
IMG_4557,82.165,103.906,249.938,-2.3035
IMG_4558,79.77,114.552,244.258,-2.1313
IMG_4559,80.283,119.588,242.573,-2.3681
IMG_4560,80.197,118.136,243.483,-1.9863
IMG_4561,79.864,129.456,233.911,-2.2729
IMG_4562,79.323,140.233,223.691,-2.5932
IMG_4563,79.807,129.385,234.99,-2.6402
IMG_4564,78.152,128.695,231.881,-2.4574
IMG_4565,78.325,128.288,233.033,-2.2444
IMG_4566,78.396,127.078,235.54,-2.5843
IMG_4567,78.433,130.97,231.823,-2.4483
IMG_4568,78.985,136.268,226.666,-2.4588
IMG_4569,78.342,127.84,233.544,-2.3173
IMG_4570,78.053,132.391,228.885,-2.4513
IMG_4571,77.116,128.663,230.557,-2.8381
IMG_4572,76.924,132.019,225.869,-2.4008
IMG_4573,76.193,130.096,226.687,-2.5478
IMG_4574,76.541,136.567,219.904,-2.3434
IMG_4575,76.675,134.587,222.176,-2.6174
IMG_4576,76.381,136.409,220.12,-2.4347
IMG_4577,76.358,135.132,222.189,-2.4874
IMG_4578,77.04,135.279,222.837,-2.1987
IMG_4579,75.348,129.745,226.726,-2.0927
IMG_4580,73.448,126.889,226.972,-2.0304
IMG_4581,73.259,126.598,228.22,-1.9674
IMG_4582,73.476,129.21,224.51,-1.9865
IMG_4583,72.793,125.478,227.723,-1.8268
IMG_4584,74.474,130.192,223.97,-1.4784
IMG_4585,74.886,133.479,219.971,-1.5762
IMG_4586,74.995,133.126,221.596,-1.6286
IMG_4587,75.189,132.637,223.191,-1.7169
IMG_4588,74.326,132.954,220.355,-1.7038
IMG_4589,75.128,134.13,220.718,-1.7615
IMG_4590,76.894,146.663,207.931,-1.9753
IMG_4591,76.827,142.829,215.017,-1.8696
IMG_4592,84.042,118.698,243.508,0.7283
IMG_4593,83.364,105.295,248.144,1.2857
IMG_4594,84.951,94.24,251.908,1.693
IMG_4595,83.815,94.553,250.391,1.5251
IMG_4596,84.058,92.171,250.491,1.8635
IMG_4597,84.513,109.302,246.08,1.7913
IMG_4598,83.972,137.721,231.121,1.136
IMG_4599,83.48,135.731,232.673,0.5857
IMG_4600,82.85,123.584,238.726,1.5556
IMG_4601,83.096,99.096,248.432,1.7453
IMG_4602,83.015,110.392,242.623,1.7803
IMG_4603,82.724,118.691,239.328,1.4781
IMG_4604,81.019,115.191,242.717,1.3939
IMG_4605,79.309,126.49,235.404,1.3693
IMG_4606,79.086,133.368,230.318,1.512
IMG_4607,78.66,123.208,238.469,1.6996
IMG_4608,79.181,131.574,232.375,1.7028
IMG_4609,78.846,125.866,236.888,1.6823
IMG_4610,79.043,126.388,236.434,1.8483
IMG_4611,77.52,129.346,230.901,1.8373
IMG_4612,77.287,131.078,228.587,2.0197
IMG_4613,76.976,130.498,229.222,1.8875
IMG_4614,76.811,130.477,228.15,1.8324
IMG_4615,76.085,129.004,228.796,1.6823
IMG_4616,75.59,121.859,234.693,1.7153
IMG_4617,75.847,123.666,234.1,1.7562
IMG_4618,75.602,124.635,232.433,1.8099
IMG_4619,75.894,126.116,230.973,1.5719
IMG_4620,75.881,129.857,227.362,1.504
IMG_4621,76.384,131.275,226.608,1.4293
IMG_4622,76.223,133.139,224.64,1.3272
IMG_4623,75.942,133.505,223.792,1.2786
IMG_4624,76.169,135.462,221.784,1.156
IMG_4625,76.536,137.915,221.392,1.2413
IMG_4626,73.176,120.047,233.86,1.1629
IMG_4627,73.472,125.028,228.894,1.6975
IMG_4628,71.871,124.737,227.193,2.0263
IMG_4629,71.23,129.511,220.517,2.4137
IMG_4630,71.393,130.418,219.161,2.3619
IMG_4631,71.002,130.424,219.031,2.2677
IMG_4632,71.055,131.603,217.771,2.3296
IMG_4633,84.151,125.614,241.489,0.8465
IMG_4634,83.834,120.428,244.643,1.5055
IMG_4635,83.271,121.482,243.809,1.2118
IMG_4636,84.012,126.22,241.239,-0.1204
IMG_4637,83.716,124.756,241.828,0.4501
IMG_4638,84.413,137.785,234.615,-0.4704
IMG_4639,84.881,145.21,228.623,-1.0417
IMG_4640,85.459,149.99,226.885,-2.261
IMG_4641,85.351,156.197,219.067,-3.9454
IMG_4642,85.673,166.402,210.216,-3.6655
IMG_4643,85.458,155.156,221.826,-6.3854
IMG_4644,84.324,145.678,227.898,-1.3633
IMG_4645,83.387,136.955,234.215,-0.1569
IMG_4646,84.844,152.447,223.685,-0.7711
IMG_4647,84.968,164.393,209.652,-9.307
IMG_4648,85.246,172.475,203.046,-8.6689
IMG_4649,87.245,196.775,170.982,-10.2235
IMG_4650,86.933,195.742,178.258,-11.7553
IMG_4651,85.962,187.911,186.276,-8.6857
IMG_4652,85.681,187.355,188.105,-5.9402
IMG_4653,85.256,184.357,189.03,-5.774
IMG_4654,85.278,186.72,184.368,-5.785
IMG_4655,84.807,181.006,188.667,-7.0502
IMG_4656,87.951,200.624,151.967,-15.8436
IMG_4657,87.692,201.028,147.306,-17.2213
IMG_4658,87.118,199.358,155.185,-17.6437
IMG_4659,86.6,197.729,157.908,-16.7805
IMG_4660,89.248,203.408,131.879,-17.7165
IMG_4661,90.624,205.755,120.523,-17.2341
IMG_4662,87.773,199.966,138.447,-16.0141
IMG_4663,85.541,194.278,151.325,-12.3105
IMG_4664,87.849,202.677,135.541,-8.8556
IMG_4665,86.47,199.087,143.986,-13.6027
IMG_4666,85.94,194.14,150.932,-11.1109
IMG_4667,86.453,193.415,140.473,-10.8912
IMG_4668,85.34,191.243,148.879,-12.1529
IMG_4669,84.732,190.578,154.54,-5.3243
IMG_4670,84.308,187.704,152.444,-8.997
IMG_4671,86.025,194.196,134.917,-13.8681
IMG_4672,89.139,196.746,111.689,-17.4365
IMG_4673,91.307,199.178,100.938,-16.4471
IMG_4674,92.258,196.644,92.902,-18.9229
IMG_4675,86.81,190.767,110.298,-13.3285
IMG_4676,86.027,190.498,112.732,-10.7426
IMG_4677,83.31,185.574,128.171,-9.3113
IMG_4678,82.305,182.163,145.877,-9.8937
IMG_4679,83.605,180.761,132.241,-7.4938
IMG_4680,83.851,181.788,114.636,-14.1729
IMG_4681,85.2,181.472,106.976,-15.0839
IMG_4682,83.173,89.871,253.235,1.3726
IMG_4683,82.377,95.503,251.315,1.1869
IMG_4684,82.654,98.477,251.18,1.3722
IMG_4685,82.28,92.858,252.14,1.0348
IMG_4686,82.187,101.816,250.077,1.1716
IMG_4687,82.608,100.517,250.597,0.8676
IMG_4688,82.668,112.179,245.897,1.2275
IMG_4689,82.842,103.272,249.967,1.6791
IMG_4690,82.704,109.093,247.492,0.856
IMG_4691,82.798,103.924,249.896,0.7121
IMG_4692,82.633,108.639,247.43,1.0526
IMG_4693,81.782,109.292,247.064,0.6561
IMG_4694,81.696,105.506,248.93,0.8669
IMG_4695,80.927,108.92,247.361,1.5061
IMG_4696,81.923,114.354,245.711,1.6684
IMG_4697,82.148,118.528,243.155,1.1679
IMG_4698,81.107,125.703,239.445,0.4011
IMG_4699,80.51,110.61,246.347,1.1025
IMG_4700,82.022,108.582,246.675,1.1079
IMG_4701,82.352,112.88,246.741,1.3692
IMG_4702,79.08,122.82,239.73,0.7677
IMG_4703,79.449,128.955,233.835,1.0817
IMG_4704,78.175,125.306,236.011,1.5422
IMG_4705,78.349,127.579,233.586,1.4687
IMG_4706,78.541,129.577,232.569,1.3613
IMG_4707,77.294,123.383,235.554,1.0418
IMG_4708,76.992,122.661,235.521,1.0929
IMG_4709,78.048,130.079,230.888,1.0877
IMG_4710,76.264,127.315,230.921,0.6513
IMG_4711,77.622,131.491,228.307,0.7046
IMG_4712,77.552,131.23,229.269,0.6901
IMG_4713,76.746,130.677,227.387,0.5459
IMG_4714,78.702,137.76,224.311,0.1514
IMG_4715,77.484,132.424,227.919,0.6029
IMG_4716,76.608,129.944,228.229,0.6882
IMG_4717,76.978,132.415,226.696,0.8121
IMG_4718,75.773,128.189,228.642,1.1964
IMG_4719,75.606,129.523,227.463,0.8099
IMG_4720,77.619,135.735,224.344,0.9775
IMG_4721,77.192,136.028,222.635,0.9202
IMG_4722,75.436,128.674,226.921,0.9162
IMG_4723,76.02,131.328,225.719,1.2016
IMG_4724,76.891,134.714,224.373,0.9833
IMG_4725,75.168,128.418,227.232,0.8733
IMG_4726,75.976,134.395,221.554,0.9272
IMG_4727,76.607,133.22,225.808,0.9779
IMG_4728,75.801,131.27,225.817,0.9815
IMG_4729,77.43,140.441,218.632,1.1638
IMG_4730,75.661,131.229,224.649,0.9828
IMG_4731,95.35,229.053,139.22,-32.5157
IMG_4732,94.787,227.762,139.944,-31.6691
IMG_4733,94.841,226.935,140.635,-30.8108
IMG_4734,94.615,226.96,138.944,-30.4936
IMG_4735,94.263,225.448,137.698,-31.12
IMG_4736,93.965,225.292,127.648,-30.0261
IMG_4737,94.001,224.932,127.656,-30.2762
IMG_4738,94.166,225.857,127.51,-29.3481
IMG_4739,94.273,225.426,127.381,-29.2523
IMG_4740,94.192,224.993,125.995,-30.0704
IMG_4741,94.197,225.852,127.856,-29.3088
IMG_4742,94.024,223.773,125.077,-29.4941
IMG_4743,94.026,223.515,123.435,-29.1999
IMG_4744,94.238,223.798,123.471,-29.0635
IMG_4745,94.113,223.864,122.304,-28.9447
IMG_4746,94.202,224.119,122.683,-29.088
IMG_4747,94.144,223.553,121.779,-29.4705
IMG_4748,94.092,223.939,120.228,-28.9909
IMG_4749,94.432,224.229,120.055,-29.0973
IMG_4750,94.367,222.859,118.305,-28.5291
IMG_4751,94.521,223.113,117.12,-28.6209
IMG_4752,93.249,219.333,122.761,-28.7205
IMG_4753,91.403,216.34,131.499,-26.676
IMG_4754,93.757,220.389,119.64,-24.2004
IMG_4755,92.485,216.156,122.189,-26.2299
IMG_4756,91.325,213.733,128.449,-25.4275
IMG_4757,91.209,211.814,126.662,-24.0859
IMG_4758,91.345,209.06,125.538,-20.9469
IMG_4759,88.779,202.86,138.372,-16.8925
IMG_4760,86.83,194.149,152.135,-7.4262
IMG_4761,82.74,175.751,188.312,-4.0281
IMG_4762,80.165,159.264,205.745,-3.2846
IMG_4763,79.891,158.802,206.205,1.703
IMG_4764,84.64,122.681,243.283,-1.4694
IMG_4765,84.164,104.855,250.727,-1.1337
IMG_4766,84.788,126.022,242.28,-1.4016
IMG_4767,84.723,117.724,245.934,-2.0409
IMG_4768,84.86,117.754,246.054,-1.6363
IMG_4769,84.83,125.738,241.801,-2.7061
IMG_4770,84.934,122.318,243.56,-4.6098
IMG_4771,86.268,148.598,226.973,-11.6122
IMG_4772,85.405,130.094,240.389,-4.521
IMG_4773,84.311,116.231,246.979,-3.4303
IMG_4774,84.094,116.105,246.64,-1.987
IMG_4775,85.072,132.585,238.849,-1.5398
IMG_4776,84.618,125.059,242.736,-0.7844
IMG_4777,84.631,123.599,243.458,-0.7601
IMG_4778,86.925,159.061,219.515,-4.0957
IMG_4779,84.784,137.361,236.036,-2.1556
IMG_4780,84.717,139.299,235.278,-1.4213
IMG_4781,84.593,138.26,235.371,-7.1133
IMG_4782,82.185,123.224,243.178,-0.242
IMG_4783,83.402,128.705,240.399,0.0107
IMG_4784,85.172,138.698,235.439,-0.4111
IMG_4785,83.324,132.422,238.347,-5.8766
IMG_4786,82.458,129.377,239.778,0.1179
IMG_4787,81.866,126.485,241.138,0.3366
IMG_4788,81.379,126.432,240.422,-0.3242
IMG_4789,81.14,126.556,239.858,0.0567
IMG_4790,79.874,119.5,243.462,0.3124
IMG_4791,79.013,119.687,242.395,0.5976
IMG_4792,77.966,120.088,240.642,0.8568
IMG_4793,77.312,120.158,239.462,0.5791
IMG_4794,77.072,122.686,237.622,1.3045
IMG_4795,77.849,127.965,233.487,1.4204
IMG_4796,77.701,126.608,234.337,1.3748
IMG_4797,78.734,130.191,232.943,1.39
IMG_4798,79.081,129.325,234.166,1.4563
IMG_4799,79.424,132.612,232.13,1.4009
IMG_4800,79.686,135.318,229.753,1.5531
IMG_4801,79.944,139.76,226.335,1.4717
IMG_4802,80.005,140.62,226.455,1.4499
IMG_4803,80.359,147.494,219.943,1.6584
IMG_4804,80.248,146.672,221.035,1.6951
IMG_4805,81.332,149.816,219.126,1.7226
IMG_4806,80.933,148.047,220.494,1.8202
IMG_4807,80.925,145.382,223.046,1.7868
IMG_4808,79.957,142.878,224.48,1.9252
IMG_4809,80.053,146.332,219.52,1.878
IMG_4810,78.656,140.389,222.426,2.0179
IMG_4811,78.539,141.204,221.663,2.0845
IMG_4812,78.884,143.435,220.344,2.083
IMG_4813,89.923,201.374,190.605,-16.0657
IMG_4814,91.426,217.584,177.197,-21.9438
IMG_4815,91.832,220.421,174.524,-25.3734
IMG_4816,91.885,221.21,173.995,-23.9763
IMG_4817,92.572,227.538,167.397,-24.998
IMG_4818,92.701,227.406,170.379,-24.8397
IMG_4819,92.534,228.025,169.122,-25.5958
IMG_4820,92.683,228.32,168.117,-25.2101
IMG_4821,92.492,227.704,170.51,-24.6661
IMG_4822,92.316,226.782,172.272,-24.3029
IMG_4823,91.799,221.016,180.285,-22.0926
IMG_4824,91.681,220.283,180.056,-16.3529
IMG_4825,93.135,231.849,168.54,-21.2172
IMG_4826,94.512,238.683,156.802,-26.3341
IMG_4827,94.992,240.284,155.241,-27.766
IMG_4828,95.195,240.496,153.805,-27.9928
IMG_4829,94.416,237.512,156.521,-26.9808
IMG_4830,93.795,234.127,158.859,-26.9833
IMG_4831,93.382,231.201,162.766,-25.88
IMG_4832,91.69,213.33,175.853,-16.7032
IMG_4833,90.759,208.145,180.385,-16.3328
IMG_4834,88.892,194.206,192.423,-11.847
IMG_4835,87.726,182.685,203.682,-7.187
IMG_4836,89.134,198.69,190.414,-12.8556
IMG_4837,89.825,206.844,177.284,-16.7196
IMG_4838,92.102,222.954,162.528,-23.7323
IMG_4839,93.538,228.298,152.841,-25.6006
IMG_4840,94.094,231.26,148.138,-26.7515
IMG_4841,86.086,69.379,254.581,-0.726
IMG_4842,84.587,85.864,253.697,0.1141
IMG_4843,83.966,91.735,252.388,-0.4185
IMG_4844,84.141,89.501,253.29,-0.3041
IMG_4845,83.923,89.672,253.061,-0.0676
IMG_4846,84.192,91.357,252.493,-0.3981
IMG_4847,83.79,92.139,252.614,-0.4471
IMG_4848,83.522,103.441,249.752,-0.3436
IMG_4849,83.232,103.601,250.41,-0.3129
IMG_4850,83.673,89.82,252.97,-0.6892
IMG_4851,83.339,90.428,253.064,-0.2427
IMG_4852,83.329,98.866,251.752,-0.1285
IMG_4853,82.88,103.99,250.362,-0.1265
IMG_4854,83.842,92.594,253.053,0.0576
IMG_4855,83.613,110.794,247.641,0.222
IMG_4856,83.392,119.039,244.799,0.0053
IMG_4857,82.081,113.304,247.239,0.3317
IMG_4858,82.235,105.921,249.809,0.7454
IMG_4859,81.809,111.713,247.393,0.1755
IMG_4860,81.551,119.567,243.622,0.3354
IMG_4861,80.094,114.417,246.169,0.395
IMG_4862,79.594,117.778,243.652,0.4472
IMG_4863,80.052,120.788,242.442,0.3705
IMG_4864,80.066,116.233,245.192,0.4138
IMG_4865,80.251,117.287,244.4,0.5702
IMG_4866,80.699,122.26,242.031,0.5256
IMG_4867,82.089,129.061,238.262,0.3289
IMG_4868,80.985,129.185,236.94,0.5267
IMG_4869,79.13,119.25,242.022,0.8201
IMG_4870,78.908,121.494,240.357,0.7859
IMG_4871,78.774,120.554,240.431,0.8571
IMG_4872,79.76,124.386,239.238,0.2626
IMG_4873,78.795,123.283,239.433,0.5183
IMG_4874,79.413,129.087,235.498,0.5405
IMG_4875,78.639,123.509,238.526,0.3836
IMG_4876,77.336,118.576,240.487,0.6907
IMG_4877,77.399,120.736,238.804,0.7286
IMG_4878,77.956,124.659,236.085,0.6256
IMG_4879,77.264,126.427,234.247,0.7562
IMG_4880,77.823,129.134,232.342,1.2504
IMG_4881,77.633,129.485,231.836,1.1527
IMG_4882,77.66,131.028,229.858,1.1333
IMG_4883,78.518,132.523,230.499,1.033
IMG_4884,80.146,134.939,230.624,1.0449
IMG_4885,79.993,138.56,226.823,1.0671
IMG_4886,76.834,125.869,232.307,1.2128
IMG_4887,79.379,135.87,227.55,1.1225
IMG_4888,78.823,136.376,226.27,0.9002
IMG_4889,77.571,134.255,225.908,0.7609
IMG_4890,84.91,115.629,242.27,1.4035
IMG_4891,85.808,83.883,253.763,1.6753
IMG_4892,85.811,87.38,253.563,1.569
IMG_4893,85.22,94.829,252.16,1.6381
IMG_4894,85.434,93.067,252.744,1.6694
IMG_4895,86.14,82.551,254.022,1.6436
IMG_4896,82.189,74.386,253.904,1.7478
IMG_4897,81.208,83.444,252.57,1.8958
IMG_4898,81.583,104.647,247.203,1.9695
IMG_4899,81.076,90.8,250.91,2.2266
IMG_4900,83.743,100.547,249.221,2.25
IMG_4901,84.044,109.876,246.303,1.891
IMG_4902,83.178,107.432,246.662,1.9782
IMG_4903,82.941,96.138,249.402,2.019
IMG_4904,82.696,99.317,248.479,2.1127
IMG_4905,83.529,102.707,247.33,2.1712
IMG_4906,83.17,105.011,246.117,1.8032
IMG_4907,83.618,108.279,244.85,1.7014
IMG_4908,83.025,108.208,244.566,1.6799
IMG_4909,82.611,104.555,245.785,1.9165
IMG_4910,79.104,103.895,246.187,1.8759
IMG_4911,76.005,128.58,226.221,1.8447
IMG_4912,75.642,130.702,223.254,1.8955
IMG_4913,76.298,130.583,225.426,2.0148
IMG_4914,75.279,127.555,226.29,2.337
IMG_4915,75.359,129.26,224.295,2.7715
IMG_4916,76.25,128.625,228.549,2.9217
IMG_4917,75.153,124.016,229.71,3.1416
IMG_4918,74.475,128.979,223.597,3.0791
IMG_4919,74.552,126.538,226.517,2.6282
IMG_4920,75.133,125.171,229.673,2.4226
IMG_4921,76.29,129.843,226.783,2.7354
IMG_4922,76.295,128.432,228.637,2.4229
IMG_4923,72.359,126.316,223.962,2.4549
IMG_4924,72.499,129.493,220.301,2.067
IMG_4925,73.018,132.37,217.145,1.8077
IMG_4926,73.974,130.723,220.518,1.9422
IMG_4927,73.824,128.121,222.453,1.94
IMG_4928,72.354,127.231,222.32,2.1878
IMG_4929,72.169,128.876,220.147,2.4162
IMG_4930,71.928,128.395,220.775,1.8953
IMG_4931,71.824,129.747,218.802,1.9001
IMG_4932,72.31,126.873,222.143,1.9496
IMG_4933,73.242,131.069,218.416,2.1355
IMG_4934,71.516,129.452,218.453,1.9559
IMG_4935,75.481,132.602,221.075,1.7958
IMG_4936,73.764,127.901,221.909,1.9928
IMG_4937,71.973,128.293,220.594,2.1551
IMG_4938,71.623,127.554,221.745,2.2284
IMG_4939,83.406,120.666,243.366,-1.0792
IMG_4940,83.401,121.907,241.448,-0.5913
IMG_4941,83.345,112.152,246.73,-0.9974
IMG_4942,83.217,111.294,246.625,-1.055
IMG_4943,83.019,116.812,244.567,-0.6322
IMG_4944,83.161,121.607,242.336,-1.2295
IMG_4945,83.692,102.158,250.642,-0.3045
IMG_4946,83.56,108.426,248.584,-0.2664
IMG_4947,83.074,114.258,245.88,-0.7666
IMG_4948,82.904,105.757,249.325,-0.7212
IMG_4949,82.346,113.19,245.796,-0.4522
IMG_4950,82.842,122.119,242.919,-0.6266
IMG_4951,82.353,115.92,245.723,-0.7419
IMG_4952,82.608,125.717,240.177,-0.4387
IMG_4953,82.195,118.451,243.903,-0.1925
IMG_4954,81.775,129.752,236.407,-0.651
IMG_4955,82.094,130.975,236.673,-0.4875
IMG_4956,81.65,123.002,241.84,-0.2224
IMG_4957,81.818,131.061,235.189,-0.5876
IMG_4958,81.216,127.865,237.115,0.061
IMG_4959,81.589,134.119,233.681,-0.1038
IMG_4960,80.372,140.562,225.039,-0.067
IMG_4961,79.248,129.11,233.754,0.1318
IMG_4962,79.55,133.393,230.829,-0.1087
IMG_4963,78.834,134.94,227.073,-0.1282
IMG_4964,79.411,130.597,233.653,-0.7782
IMG_4965,79.5,132.211,232.247,-0.544
IMG_4966,78.736,129.507,233.373,-0.1206
IMG_4967,78.922,136.313,227.302,0.0375
IMG_4968,79.627,136.13,228.42,-0.216
IMG_4969,79.807,145.002,220.05,-0.4591
IMG_4970,77.758,136.343,224.597,-0.6739
IMG_4971,79.791,143.249,222.876,-1.2519
IMG_4972,79.765,143.804,220.736,-0.259
IMG_4973,81.006,149.229,218.241,-0.8757
IMG_4974,80.8,147.432,220.496,-0.606
IMG_4975,79.56,137.782,227.59,-1.741
IMG_4976,80.747,147.805,219.038,-1.5027
IMG_4977,79.322,141.832,223.251,-1.0381
IMG_4978,80.477,145.879,221.437,-1.1906
IMG_4979,79.357,142.178,222.841,-1.2276
IMG_4980,80.004,147.258,219.294,-2.1402
IMG_4981,79.257,144.055,220.939,-2.3031
IMG_4982,79.755,143.117,222.565,-1.2741
IMG_4983,77.958,139.886,221.941,-0.7119
IMG_4984,78.847,146.618,216.202,-1.4639
IMG_4985,78.611,144.698,218.189,-1.053
IMG_4986,79.167,148.203,215.387,-1.7811
IMG_4987,77.371,135.344,225.734,-1.5462
IMG_4988,83.139,140.581,228.13,-2.9144
IMG_4989,82.766,122.597,241.66,-2.7729
IMG_4990,82.348,115.163,246.135,-1.9427
IMG_4991,82.833,133.147,235.396,-1.7041
IMG_4992,83.045,129.436,238.166,-1.6728
IMG_4993,82.359,118.497,243.748,-1.2495
IMG_4994,82.375,119.768,243.21,-1.1438
IMG_4995,82.581,122.001,242.232,-0.6276
IMG_4996,82.903,123.722,241.617,-0.6074
IMG_4997,82.581,130.243,237.539,-1.1124
IMG_4998,82.811,128.043,238.603,-1.0891
IMG_4999,82.865,139.153,231.158,-0.8495
IMG_5000,83.092,141.38,229.472,-0.5
IMG_5001,81.897,129.456,237.113,-0.0894
IMG_5002,82.202,136.016,232.6,0.0119
IMG_5003,82.566,148.071,220.942,-0.9533
IMG_5004,81.885,136.819,232.336,-1.2032
IMG_5005,82.525,151.023,219.072,0.0891
IMG_5006,81.844,147.285,221.382,-2.2275
IMG_5007,81.611,150.636,217.258,-0.7875
IMG_5008,80.929,144.121,223.046,-1.6586
IMG_5009,81.82,160.118,207.492,-2.5629
IMG_5010,81.561,161.611,206.522,-1.2979
IMG_5011,82.042,167.143,197.818,-0.1533
IMG_5012,81.015,154.792,212.157,0.0727
IMG_5013,80.027,144.262,222.478,-0.1405
IMG_5014,81.058,154.702,212.354,-1.0687
IMG_5015,80.369,148.93,217.322,-1.8043
IMG_5016,81.06,153.312,213.713,-0.48
IMG_5017,80.332,150.413,216.02,-0.5977
IMG_5018,80.574,154.755,211.463,-0.1082
IMG_5019,80.767,158.707,207.181,-0.272
IMG_5020,80.377,153.611,213.614,-0.136
IMG_5021,79.923,150.67,214.715,-1.4593
IMG_5022,80.014,149.45,215.679,-0.8852
IMG_5023,79.61,146.543,219.423,-1.001
IMG_5024,79.715,147.494,217.97,-0.038
IMG_5025,80.514,154.423,210.95,-0.4235
IMG_5026,81.033,160.977,204.74,0.3612
IMG_5027,80.629,158.043,208.168,-0.5789
IMG_5028,80.069,151.778,214.016,-0.221
IMG_5029,80.432,156.427,208.353,-0.4595
IMG_5030,79.244,145.763,219.046,-0.7532
IMG_5031,80.128,151.807,213.215,-0.1508
IMG_5032,78.794,142.734,221.703,-0.2343
IMG_5033,79.228,146.06,217.58,0.4467
IMG_5034,79.592,149.377,215.702,0.6243
IMG_5035,79.865,152.267,212.035,-0.4124
IMG_5036,79.78,150.349,214.625,-0.5665
IMG_5037,80.513,163.366,196.561,-5.5687
IMG_5038,81.01,169.111,187.677,-7.7132
IMG_5039,80.834,169.435,186.421,-7.515
IMG_5040,80.354,168.145,184.7,-7.342
IMG_5041,80.347,165.565,193.03,-6.1952
IMG_5042,79.863,167.363,185.912,-6.7818
IMG_5043,80.081,170.336,180.978,-7.3861
IMG_5044,79.742,168.755,180.073,-7.5833
IMG_5045,79.543,169.804,177.216,-8.005
IMG_5046,79.116,168.073,179.289,-7.5572
IMG_5047,79.079,162.566,193.57,-6.0339
IMG_5048,78.769,161.03,192.675,-6.0262
IMG_5049,78.404,158.867,196.136,-5.5156
IMG_5050,77.626,153.349,204.065,-4.8353
IMG_5051,77.802,151.96,206.222,-4.7613
IMG_5052,77.723,149.4,211.622,-4.5504
IMG_5053,77.658,149.316,210.555,-4.4129
IMG_5054,77.614,148.956,211.162,-4.623
IMG_5055,77.154,151.55,205.066,-4.3528
IMG_5056,76.246,143.169,215.36,-3.7083
IMG_5057,76.177,142.724,215.127,-3.7881
IMG_5058,76.285,148.741,207.617,-3.1595
IMG_5059,77.146,153.514,199.797,-2.9384
IMG_5060,75.443,137.709,219.72,-1.7434
IMG_5061,75.746,135.533,223.684,-1.3299
IMG_5062,76.174,144.37,211.749,-1.4893
IMG_5063,74.575,124.78,232.646,-1.203
IMG_5064,74.148,125.865,231.424,-0.7937
IMG_5065,71.53,117.691,237.656,-0.646
IMG_5066,88.234,189.828,138.358,-24.5268
IMG_5067,87.686,189.172,136.631,-25.6726
IMG_5068,87.166,188.16,134.515,-25.2968
IMG_5069,86.902,186.126,128.597,-25.5728
IMG_5070,86.67,184.707,131.336,-25.0948
IMG_5071,86.262,184.804,131.91,-24.1499
IMG_5072,86.513,184.961,133.627,-24.348
IMG_5073,85.768,184.632,133.477,-22.8512
IMG_5074,85.907,187.308,133.055,-22.0925
IMG_5075,85.251,183.072,130.853,-21.9851
IMG_5076,84.017,182.096,143.978,-23.0255
IMG_5077,84.184,180.001,139.818,-20.7237
IMG_5078,81.868,178.921,160.088,-20.5481
IMG_5079,82.371,179.812,160.335,-13.5066
IMG_5080,83.463,181.137,144.52,-17.3696
IMG_5081,82.641,180.784,149.883,-16.9005
IMG_5082,81.877,177.549,160.167,-18.3407
IMG_5083,80.96,172.158,176.592,-17.0831
IMG_5084,80.937,171.569,175.263,-13.2591
IMG_5085,80.584,168.497,186.57,-9.3101
IMG_5086,80.307,166.096,190.894,-4.8389
IMG_5087,80.252,168.343,188.288,-3.5797
IMG_5088,80.015,166.909,193.463,-1.8693
IMG_5089,80.048,167.664,188.692,-2.6022
IMG_5090,80.06,166.3,189.455,-2.1747
IMG_5091,79.913,165.982,188.406,-4.5652
IMG_5092,79.876,167.672,186.841,-6.314
IMG_5093,79.721,164.312,193.079,-3.8808
IMG_5094,80.239,168.625,181.979,-4.9588
IMG_5095,80.367,170.679,172.7,-6.899
IMG_5096,80.576,172.214,164.727,-10.0157
IMG_5097,86.451,176.168,192.645,-16.2318
IMG_5098,86.766,176.95,193.509,-16.4935
IMG_5099,86.62,179.612,189.052,-18.4999
IMG_5100,87.383,186.001,178.506,-18.8175
IMG_5101,87.556,190.169,170.046,-17.8561
IMG_5102,86.663,186.791,177.914,-18.1412
IMG_5103,86.529,184.145,181.609,-17.3731
IMG_5104,86.466,183.359,180.576,-18.5863
IMG_5105,86.517,186.136,176.204,-16.4444
IMG_5106,86.069,183.096,177.715,-16.1402
IMG_5107,85.932,183.9,174.254,-16.7682
IMG_5108,85.373,182.558,178.858,-18.634
IMG_5109,85.608,183.717,174.957,-17.8047
IMG_5110,86.106,186.534,167.799,-16.2502
IMG_5111,85.261,186.03,166.039,-15.7851
IMG_5112,85.358,186.948,160.014,-14.9012
IMG_5113,85.455,186.951,154.219,-16.3199
IMG_5114,85.887,186.741,148.601,-15.3765
IMG_5115,84.81,183.304,144.012,-13.6442
IMG_5116,85.627,185.378,137.899,-12.7598
IMG_5117,85.141,185.003,134.708,-12.4612
IMG_5118,85.21,183.745,128.433,-11.7346
IMG_5119,82.88,180.818,144.069,-11.5337
IMG_5120,81.583,176.213,176.929,-6.9932
IMG_5121,81.249,172.096,183.763,-3.7721
IMG_5122,81.28,171.896,186.511,-3.3104
IMG_5123,80.919,173.152,182.45,-4.1184
IMG_5124,80.789,171.91,182.957,-4.3874
IMG_5125,80.807,176.599,168.137,-6.1842
IMG_5126,80.643,175.476,152.901,-9.9041
IMG_5127,81.177,175.564,156.104,-11.3472
IMG_5128,80.421,173.122,153.203,-12.7951
IMG_5129,81.475,174.956,144.447,-15.7469
IMG_5130,81.55,176.114,142.954,-16.7241
IMG_5131,82.137,174.692,142.042,-17.3212
IMG_5132,81.452,172.141,133.821,-17.899
IMG_5133,83.747,176.784,127.538,-20.788
IMG_5134,82.898,175.558,122.102,-18.8964
IMG_5135,85.091,176.989,113.515,-18.1473
IMG_5136,83.486,175.681,115.542,-16.9858
IMG_5137,85.268,179.977,114.68,-16.6217
IMG_5138,84.418,177.734,115.527,-16.1499
IMG_5139,84.905,177.949,115.319,-17.9796
IMG_5140,83.09,175.886,118.92,-19.4432
IMG_5141,84.73,179.532,119.648,-19.2289
IMG_5142,82.353,173.635,118.079,-16.6663
IMG_5143,81.752,172.856,121.877,-15.6644
IMG_5144,83.164,175.861,123.384,-14.8485
IMG_5145,84.159,176.758,118.655,-18.1538
IMG_5146,89.4,204.226,152.422,-16.8753
IMG_5147,89.417,203.394,153.114,-18.2687
IMG_5148,88.903,202.371,150.798,-20.5298
IMG_5149,88.574,202.224,148.886,-19.8395
IMG_5150,88.931,203.2,148.932,-18.76
IMG_5151,88.942,202.109,148.574,-18.9461
IMG_5152,88.231,200.873,152.082,-17.1245
IMG_5153,87.678,198.155,157.129,-14.8734
IMG_5154,87.55,198.292,154.753,-14.1516
IMG_5155,87.241,196.564,153.375,-14.9128
IMG_5156,87.557,197.552,147.138,-14.8788
IMG_5157,87.217,197.108,152.494,-14.3381
IMG_5158,86.615,196.343,154.504,-10.7919
IMG_5159,87.3,194.066,149.039,-13.3287
IMG_5160,85.759,191.307,161.947,-16.3917
IMG_5161,85.231,189.881,157.608,-10.7645
IMG_5162,85.197,188.688,155.632,-15.4326
IMG_5163,84.328,187.963,158.339,-12.8616
IMG_5164,84.812,188.783,147.176,-12.0719
IMG_5165,83.016,183.951,161.234,-12.9142
IMG_5166,82.938,183.244,160.564,-8.4468
IMG_5167,80.758,174.766,174.149,-7.7598
IMG_5168,80.608,174.114,177.192,-8.517
IMG_5169,80.854,175.825,167.704,-7.8534
IMG_5170,80.974,176.1,162.073,-11.9654
IMG_5171,80.774,176.95,160.743,-12.2612
IMG_5172,80.255,173.978,166.537,-12.1602
IMG_5173,81.476,178.26,147.596,-12.5864
IMG_5174,80.001,175.282,139.21,-15.4608
IMG_5175,81.245,175.665,137.539,-18.0634
IMG_5176,80.676,179.712,142.237,-12.5825
IMG_5177,80.8,176.981,154.033,-14.5197
IMG_5178,80.098,173.506,164.034,-14.3761
IMG_5179,80.233,174.807,158.35,-17.401
IMG_5180,80.822,174.401,146.656,-19.1
IMG_5181,81.056,175.725,145.058,-18.748
IMG_5182,82.655,177.915,132.036,-19.3431
IMG_5183,81.165,176.184,139.96,-20.1781
IMG_5184,81.373,176.041,138.166,-18.4674
IMG_5185,81.153,176.603,148.317,-15.1607
IMG_5186,79.393,173.294,153.552,-15.6223
IMG_5187,81.085,174.866,142.664,-16.4938
IMG_5188,81.414,174.695,137.656,-20.7469
IMG_5189,83.734,176.978,125.609,-20.9997
IMG_5190,82.333,173.388,127.321,-20.7382
IMG_5191,82.172,171.545,127.704,-20.1859
IMG_5192,81.079,169.498,131.882,-18.8555
IMG_5193,81.638,169.818,129.384,-20.8306
IMG_5194,81.467,171.228,126.655,-18.278
IMG_5195,89.123,204.035,142.501,-23.2178
IMG_5196,88.901,204.147,144.017,-20.3757
IMG_5197,89.53,205.582,139.776,-20.0959
IMG_5198,89.234,205.895,141.797,-20.3428
IMG_5199,89.251,203.067,142.2,-21.2155
IMG_5200,89.794,204.995,137.281,-22.6504
IMG_5201,87.326,198.024,147.846,-21.2001
IMG_5202,88.662,200.583,139.744,-22.5772
IMG_5203,89.739,204.009,136.633,-22.5379
IMG_5204,88.525,202.808,142.939,-23.782
IMG_5205,85.28,186.243,178.171,-17.8534
IMG_5206,84.557,174.338,193.259,-8.0124
IMG_5207,84.654,176.054,189.308,-9.2251
IMG_5208,84.623,180.475,180.392,-14.3773
IMG_5209,84.555,179.39,183.195,-10.8412
IMG_5210,84.429,186.828,173.097,-8.506
IMG_5211,84.005,185.332,171.732,-6.2592
IMG_5212,83.704,182.11,179.677,-7.0736
IMG_5213,83.153,174.446,191.88,-8.415
IMG_5214,82.022,163.73,203.066,-5.0574
IMG_5215,81.606,164.299,202.672,-3.0358
IMG_5216,81.159,160.066,205.479,-3.9938
IMG_5217,81.436,165.653,196.221,-7.341
IMG_5218,83.18,179.987,156.82,-15.6926
IMG_5219,83.16,185.789,142.63,-17.109
IMG_5220,82.825,182.709,159.569,-11.3091
IMG_5221,82.823,182.638,157.416,-8.7939
IMG_5222,80.89,176.811,165.032,-9.7867
IMG_5223,82.406,182.094,142.767,-13.6613
IMG_5224,81.89,180.079,149.974,-17.9054
IMG_5225,81.154,176.174,169.992,-13.8606
IMG_5226,80.717,172.077,178.252,-12.1588
IMG_5227,80.703,172.716,175.609,-7.7662
IMG_5228,80.338,170.958,172.873,-6.6887
IMG_5229,80.861,176.658,154.143,-7.7847
IMG_5230,80.474,171.062,178.391,-11.2196
IMG_5231,79.938,173.336,168.715,-10.2135
IMG_5232,80.534,178.125,156.21,-13.3947
IMG_5233,80.314,176.934,155.749,-11.3044
IMG_5234,81.61,178.844,149.408,-12.616
IMG_5235,80.065,175.375,161.27,-11.5191
IMG_5236,79.863,174.876,163.641,-6.5267
IMG_5237,80.247,173.736,172.833,-9.524
IMG_5238,79.345,171.313,172.748,-6.0833
IMG_5239,79.828,170.384,178.042,-8.1865
IMG_5240,80.279,175.628,165.238,-3.9569
IMG_5241,80.518,176.534,161.012,-10.7971
IMG_5242,78.861,170.48,173.452,-8.0757
IMG_5243,79.553,173.994,168.963,-4.1791
IMG_5244,83.501,121.331,242.641,-2.2416
IMG_5245,83.579,121.189,242.37,-2.2442
IMG_5246,83.677,129.38,237.494,-2.2653
IMG_5247,83.368,124.538,240.232,-2.0075
IMG_5248,83.342,127.581,238.997,-2.7159
IMG_5249,83.305,119.493,242.641,-1.8966
IMG_5250,83.487,129.513,236.86,-2.313
IMG_5251,83.311,129.259,236.994,-2.1016
IMG_5252,83.207,122.044,241.257,-2.0732
IMG_5253,83.203,124.314,240.483,-2.3254
IMG_5254,83.112,125.573,239.963,-2.514
IMG_5255,82.791,123.008,241.449,-1.7572
IMG_5256,82.735,131.607,236.758,-2.0612
IMG_5257,82.29,128.644,238.346,-2.6089
IMG_5258,82.196,139.096,230.217,-2.6601
IMG_5259,82.004,138.954,230.021,-3.1922
IMG_5260,81.569,131.254,236.931,-2.7151
IMG_5261,80.956,123.037,241.955,-1.7717
IMG_5262,79.918,120.967,242.313,-1.3207
IMG_5263,79.561,123.438,240.154,-1.3
IMG_5264,79.234,123.585,239.756,-1.4999
IMG_5265,78.882,129.66,234.732,-1.473
IMG_5266,79.333,138.453,227.52,-1.5338
IMG_5267,79.176,138.367,227.537,-1.8679
IMG_5268,79.153,141.871,223.468,-1.9729
IMG_5269,80.05,152.758,211.485,-3.0446
IMG_5270,79.465,143.779,221.887,-3.252
IMG_5271,78.884,144.134,218.868,-2.4544
IMG_5272,79.184,153.962,204.931,-2.1784
IMG_5273,78.234,140.192,223.695,-3.1273
IMG_5274,77.98,137.738,226.103,-1.6515
IMG_5275,77.416,128.902,233.368,-1.1601
IMG_5276,77.662,135.271,227.799,-1.3678
IMG_5277,77.858,142.369,221.812,-2.1303
IMG_5278,78.169,143.434,220.281,-2.4655
IMG_5279,78.117,141.442,223.123,-3.033
IMG_5280,77.658,137.267,226.7,-2.197
IMG_5281,77.142,129.505,232.744,-2.0047
IMG_5282,76.674,129.865,230.588,-0.9958
IMG_5283,78.243,148.023,214.605,-0.8897
IMG_5284,77.19,130.621,230.607,-0.0878
IMG_5285,78.332,153.989,206.399,-0.4891
IMG_5286,75.165,117.803,238.734,-0.0002
IMG_5287,76.28,123.722,235.51,0.1174
IMG_5288,76.171,131.888,227.371,-0.2514
IMG_5289,77.169,131.197,229.443,-0.5778
IMG_5290,73.485,120.026,235.223,-0.6929
IMG_5291,72.891,126.001,226.589,-0.5427
IMG_5292,71.111,124.228,228.705,-0.356
IMG_5293,84.763,153.591,222.218,-3.1895
IMG_5294,86.696,176.185,184.229,-2.9172
IMG_5295,86.758,185.875,176.713,-3.3265
IMG_5296,85.96,181.09,189.232,-3.2806
IMG_5297,90.083,194.675,150.445,-2.7949
IMG_5298,89.722,201.581,144.723,-2.5554
IMG_5299,89.801,195.584,147.704,-2.2701
IMG_5300,85.987,169.612,194.118,-3.78
IMG_5301,93.405,199.319,132.956,-2.4446
IMG_5302,94.396,209.503,118.586,-1.7641
IMG_5303,94.502,207.813,119.418,-2.2296
IMG_5304,94.889,212.133,106.873,1.1304
IMG_5305,89.019,194.863,143.317,-0.8747
IMG_5306,92.248,200.961,120.636,-3.5357
IMG_5307,87.749,190.654,144.832,-1.5016
IMG_5308,84.232,177.329,189.288,-3.3988
IMG_5309,83.321,167.234,201.486,-3.7413
IMG_5310,82.366,158.611,210.541,-3.0799
IMG_5311,81.821,153.05,216.438,-1.8395
IMG_5312,81.851,154.381,214.639,-1.4255
IMG_5313,81.318,148.383,220.837,-1.5413
IMG_5314,81.047,155.153,212.242,-1.4809
IMG_5315,80.77,148.12,220.38,-1.2149
IMG_5316,80.503,153.432,212.914,-1.4373
IMG_5317,80.497,153.271,211.635,-1.0972
IMG_5318,79.633,146.822,219.417,-1.3326
IMG_5319,79.555,144.963,221.454,-0.7616
IMG_5320,79.466,143.538,223.31,-0.9022
IMG_5321,79.819,152.449,212.878,-0.6636
IMG_5322,79.334,148.323,216.611,-0.2892
IMG_5323,80.072,156.247,208.784,-0.4919
IMG_5324,79.388,147.556,217.554,-0.4046
IMG_5325,80.122,155.203,209.627,-0.5068
IMG_5326,79.247,146.307,219.017,-0.7039
IMG_5327,79.562,151.859,213.143,-1.0344
IMG_5328,80.318,164.71,194.936,-1.412
IMG_5329,80.16,169.121,187.656,-1.0436
IMG_5330,79.968,164.914,196.713,-1.089
IMG_5331,80.531,172.042,179.459,-2.275
IMG_5332,80.147,172.779,172.846,-2.6287
IMG_5333,81.775,174.59,148.624,-2.9845
IMG_5334,80.317,169.524,186.693,-6.1525
IMG_5335,81.422,178.468,157.774,-8.4566
IMG_5336,83.291,180.009,126.699,-12.092
IMG_5337,88.111,179.191,92.358,-18.5855
IMG_5338,88.213,174.704,97.829,-24.6713
IMG_5339,85.92,178.282,102.572,-26.7536
IMG_5340,89.057,181.717,94.88,-24.2617
IMG_5341,93.069,181.977,74.354,-31.1413
IMG_5342,96.807,229.196,118.81,-37.1811
IMG_5343,96.703,228.35,117.494,-35.0897
IMG_5344,96.728,227.131,117.307,-37.1154
IMG_5345,97.087,230.232,117.667,-37.5164
IMG_5346,96.444,227.009,115.838,-36.3294
IMG_5347,96.666,227.831,114.351,-37.5877
IMG_5348,96.834,227.851,114.576,-35.1597
IMG_5349,96.853,227.46,113.26,-36.9031
IMG_5350,96.876,227.784,112.906,-36.2485
IMG_5351,97.018,225.631,110.713,-36.4599
IMG_5352,96.624,225.403,108.624,-35.7905
IMG_5353,97.101,225.657,107.6,-35.0164
IMG_5354,96.893,223.883,104.89,-35.0846
IMG_5355,96.528,222.001,102.836,-35.8565
IMG_5356,96.517,220.832,101.308,-31.7781
IMG_5357,96.829,219.06,96.307,-35.3211
IMG_5358,96.506,215.902,92.581,-34.4553
IMG_5359,96.618,212.362,87.877,-34.2342
IMG_5360,96.596,209.921,85.232,-32.4979
IMG_5361,96.434,207.165,82.094,-33.2673
IMG_5362,95.745,204.655,79.908,-31.7098
IMG_5363,96.463,203.376,77.68,-31.2581
IMG_5364,96.839,203.777,76.502,-30.0143
IMG_5365,95.984,200.871,74.474,-29.895
IMG_5366,95.973,199.606,73.79,-28.8791
IMG_5367,96.146,198.608,73.15,-28.7869
IMG_5368,96.405,199.673,72.931,-28.5988
IMG_5369,96.171,195.782,70.682,-29.0916
IMG_5370,95.823,192.807,69.592,-30.9453
IMG_5371,96,194.667,69.605,-27.9812
IMG_5372,95.86,193.94,68.854,-28.9236
IMG_5373,95.738,194.396,68.583,-28.4157
IMG_5374,95.434,191.765,68.455,-29.7909
IMG_5375,94.534,189.903,66.772,-27.3544
IMG_5376,95.366,192.595,69.787,-28.9969
IMG_5377,94.175,190.087,70.407,-29.6843
IMG_5378,94.904,192.12,72.028,-28.7691
IMG_5379,94.353,188.136,70.932,-30.0472
IMG_5380,93.534,188.23,69.789,-30.3929
IMG_5381,93.889,189.416,70.153,-30.2688
IMG_5382,93.979,189.073,69.468,-27.7453
IMG_5383,94.225,188.381,69.944,-29.089
IMG_5384,94.565,188.56,69.993,-29.2118
IMG_5385,94.355,186.609,69.295,-29.5518
IMG_5386,94.184,188.839,69.55,-28.8935
IMG_5387,94.152,187.425,69.475,-28.4842
IMG_5388,94.156,189.554,70.331,-29.1704
IMG_5389,93.22,185.782,70.534,-29.2834
IMG_5390,93.195,184.398,71.399,-27.9003
IMG_5391,89.906,205.463,155.376,-22.9054
IMG_5392,90.26,207.987,150.627,-24.4595
IMG_5393,90.503,210.74,149.466,-24.9045
IMG_5394,90.891,211.825,147.825,-24.6722
IMG_5395,91.013,212.213,146.006,-22.8214
IMG_5396,90.442,208.159,150.297,-22.4711
IMG_5397,90.373,207.738,149.506,-24.0608
IMG_5398,90.802,210.169,145.88,-25.1847
IMG_5399,91.608,213.372,142.518,-24.6606
IMG_5400,90.798,209.028,135.438,-24.8749
IMG_5401,91.363,209.529,134.159,-25.763
IMG_5402,91.489,208.689,133.284,-25.2131
IMG_5403,91.548,208.763,132.653,-24.9328
IMG_5404,91.796,208.232,131.163,-23.7758
IMG_5405,91.633,206.83,131.142,-23.8615
IMG_5406,90.813,203.453,126.545,-22.4802
IMG_5407,91.113,203.427,129.616,-24.9612
IMG_5408,91.262,203.073,127.185,-27.3355
IMG_5409,90.974,200.327,124.307,-25.7481
IMG_5410,90.174,196.461,122.82,-24.7417
IMG_5411,90.485,195.738,115.695,-19.6586
IMG_5412,90.383,195.018,108.807,-16.7858
IMG_5413,90.573,194.622,106.801,-13.5434
IMG_5414,90.154,193.695,105.699,-12.5956
IMG_5415,90.545,193.766,102.084,-10.5683
IMG_5416,90.295,192.127,99.691,-12.2055
IMG_5417,89.532,186.75,96.591,-7.476
IMG_5418,90.325,189.018,96.628,-10.5689
IMG_5419,90.462,188.627,94.52,-6.2469
IMG_5420,89.5,184.042,91.432,-7.7205
IMG_5421,88.395,179.567,90.61,-7.7204
IMG_5422,90.755,186.783,90.879,-7.0752
IMG_5423,89.827,185.281,86.559,-6.0574
IMG_5424,90.77,187.015,86.601,-7.1508
IMG_5425,89.217,179.078,81.842,-6.5961
IMG_5426,91.164,186.767,84.637,-6.5058
IMG_5427,89.313,178.4,81.446,-7.9894
IMG_5428,89.795,177.979,79.651,-4.9328
IMG_5429,91.025,182.794,81.147,-3.6797
IMG_5430,90.017,178.986,78.866,-4.4895
IMG_5431,90.642,180.625,79.169,-7.403
IMG_5432,90.213,178.305,79.084,-3.5033
IMG_5433,89.992,177.105,78.156,-5.2332
IMG_5434,89.175,174.364,76.745,-5.4685
IMG_5435,87.189,167.928,75.732,-3.9364
IMG_5436,90.329,178.252,79.304,-5.1957
IMG_5437,90.838,181.193,77.196,-4.6171
IMG_5438,90.341,206.871,155.194,-21.6362
IMG_5439,90.09,206.762,155.141,-20.7013
IMG_5440,90.595,206.987,155.857,-20.2841
IMG_5441,91.018,208.856,154.009,-20.6739
IMG_5442,91.027,209.342,152.594,-20.1377
IMG_5443,90.371,207.604,153.24,-19.8558
IMG_5444,90.691,207.073,152.958,-19.9769
IMG_5445,89.869,205.203,150.521,-19.7463
IMG_5446,90.098,205.307,152.225,-19.2883
IMG_5447,89.877,204.73,147.823,-19.7592
IMG_5448,89.706,204.065,145.308,-20.1958
IMG_5449,89.495,202.764,143.54,-20.4389
IMG_5450,89.748,205.043,142.839,-23.0642
IMG_5451,90.244,206.697,142.701,-21.2697
IMG_5452,89.731,204.185,141.455,-24.0984
IMG_5453,88.671,200.993,139.269,-22.5449
IMG_5454,89.454,202.975,134.917,-22.2281
IMG_5455,89.812,203.8,127.941,-21.2998
IMG_5456,89.39,201.593,123.248,-19.7558
IMG_5457,89.914,203.165,124.098,-23.9582
IMG_5458,89.528,199.399,122.641,-21.3129
IMG_5459,89.561,199.627,119.829,-21.3333
IMG_5460,89.033,196.797,123.639,-21.8875
IMG_5461,87.72,195.31,129.172,-20.4751
IMG_5462,88.537,194.614,117.225,-18.7207
IMG_5463,88.514,190.422,113.324,-20.8107
IMG_5464,89.583,195.074,117.371,-24.2631
IMG_5465,87.918,188.289,116.463,-20.9786
IMG_5466,87.249,186.156,115.804,-20.3815
IMG_5467,87.522,187.523,118.143,-20.1183
IMG_5468,86.651,184.57,119.786,-18.7492
IMG_5469,87.286,186.125,117.537,-18.4606
IMG_5470,87.446,185.743,114.551,-18.1633
IMG_5471,86.672,184.01,112.99,-17.3299
IMG_5472,86.991,184.535,112.225,-16.6315
IMG_5473,86.372,184.322,110.74,-18.1239
IMG_5474,87.774,187.558,111.972,-18.076
IMG_5475,87.019,183.837,112.809,-19.5586
IMG_5476,85.79,179.821,112.819,-19.0488
IMG_5477,86.246,182.72,109.496,-20.2923
IMG_5478,86.571,179.108,102.785,-19.6088
IMG_5479,88.325,184.495,103.942,-21.4514
IMG_5480,85.426,177.192,105.998,-19.3227
IMG_5481,83.078,171.184,106.88,-18.3552
IMG_5482,82.951,172.15,106.266,-18.0972
IMG_5483,83.008,170.883,109.645,-22.2778
IMG_5484,83.445,172.448,113.423,-21.1919
IMG_5485,82.458,171.765,118.717,-18.2965
IMG_5486,81.354,170.782,130.747,-17.6194
IMG_5487,92.912,219.328,134.894,-20.808
IMG_5488,92.936,219.863,134.528,-21.2617
IMG_5489,92.942,219.457,133.358,-23.1806
IMG_5490,92.936,219.268,133.627,-20.729
IMG_5491,93.147,219.929,133.399,-20.65
IMG_5492,93.181,220.148,132.407,-24.1563
IMG_5493,92.844,219.885,129.785,-23.3796
IMG_5494,93.838,222.946,133.436,-23.1323
IMG_5495,93.845,224.354,133.042,-23.5042
IMG_5496,93.069,221.31,128.899,-24.6011
IMG_5497,93.511,222.035,130.697,-23.2438
IMG_5498,93.503,223.122,129.992,-22.4878
IMG_5499,92.954,219.373,126.741,-24.3239
IMG_5500,93.267,220.023,125.908,-24.5701
IMG_5501,93.53,221.225,125.484,-24.849
IMG_5502,92.835,216.196,119.62,-24.874
IMG_5503,93.16,217.591,119.989,-25.6106
IMG_5504,92.979,216.417,118.47,-25.4932
IMG_5505,92.655,214.489,115.217,-25.8717
IMG_5506,93.403,217.926,116.232,-24.9532
IMG_5507,92.303,213.906,112.219,-25.1534
IMG_5508,92.235,212.767,110.706,-22.0426
IMG_5509,91.832,208.591,108.956,-24.5637
IMG_5510,91.919,209.376,106.347,-23.2146
IMG_5511,91.739,207.463,106.792,-24.4786
IMG_5512,92.498,210.05,104.356,-21.1261
IMG_5513,92.593,207.773,103.547,-23.1153
IMG_5514,92.691,208.227,102.604,-23.3367
IMG_5515,92.202,204.344,99.627,-19.7294
IMG_5516,91.397,200.132,96.728,-22.776
IMG_5517,92.294,205.788,101.076,-23.1299
IMG_5518,91.442,200.807,97.59,-23.4198
IMG_5519,91.679,201.436,100.046,-25.6905
IMG_5520,89.093,194.757,107.06,-24.6673
IMG_5521,88.513,190.15,107.665,-24.9222
IMG_5522,85.317,186.289,127.289,-23.9453
IMG_5523,82.067,181.735,155.199,-16.2825
IMG_5524,81.657,180.069,152.756,-9.7264
IMG_5525,81.746,181.749,144.698,-13.4436
IMG_5526,83.482,183.705,135.439,-15.1971
IMG_5527,81.581,180.296,148.435,-16.455
IMG_5528,82.858,182.065,134.426,-15.47
IMG_5529,84.848,183.461,111.798,-17.7123
IMG_5530,87.751,185.538,99.051,-16.4274
IMG_5531,87.222,183.852,93.588,-18.5116
IMG_5532,85.53,176.532,95.074,-16.0636
IMG_5533,84.891,178.077,102.623,-14.3018
IMG_5534,84.372,178.233,105.534,-16.0074
IMG_5535,83.037,179.598,115.964,-14.2817
IMG_5536,89.819,213.019,138.678,-19.6777
IMG_5537,90.47,215.057,137.016,-15.6985
IMG_5538,90.146,213.884,134.47,-15.7788
IMG_5539,91.375,217.346,133.444,-16.2063
IMG_5540,90.064,212.449,129.449,-16.5732
IMG_5541,91.303,216.175,124.409,-16.7464
IMG_5542,90.483,213.067,123.637,-16.0444
IMG_5543,89.45,209.948,123.165,-15.7686
IMG_5544,90.705,211.591,121.904,-18.0201
IMG_5545,89.778,210.052,123.521,-15.0021
IMG_5546,90.259,210.256,121.079,-16.906
IMG_5547,89.489,210.174,125.123,-15.6542
IMG_5548,90.481,210.197,120.473,-17.0368
IMG_5549,90.098,208.227,117.785,-16.5718
IMG_5550,89.607,206.283,115.213,-16.1878
IMG_5551,90.173,207.179,117.701,-17.3407
IMG_5552,89.028,203.467,117.402,-16.144
IMG_5553,88.188,200.424,120.653,-15.7558
IMG_5554,88.801,201.108,121.876,-20.7583
IMG_5555,87.552,197.968,120.312,-19.6173
IMG_5556,85.489,193.706,138.133,-15.4684
IMG_5557,87.087,196.886,121.631,-17.0192
IMG_5558,87.651,200.932,121.107,-16.0369
IMG_5559,88.384,198.046,114.828,-13.0921
IMG_5560,86.293,194.654,122.299,-10.9505
IMG_5561,82.73,186.716,137.282,-12.3156
IMG_5562,82.39,184.044,149.829,-9.9675
IMG_5563,84.436,188.792,132.223,-12.4899
IMG_5564,88.147,191.724,104.612,-18.1864
IMG_5565,88.963,189.905,97.607,-20.3626
IMG_5566,89.163,186.798,89.734,-19.0442
IMG_5567,89.042,186.279,88.871,-17.2714
IMG_5568,88.886,181.793,86.975,-19.191
IMG_5569,90.036,198.166,172.296,-24.7931
IMG_5570,90.096,199.981,172.767,-24.1848
IMG_5571,90.029,197.445,177.562,-23.8682
IMG_5572,90.563,200.927,174.5,-23.0642
IMG_5573,90.497,202.625,173.575,-21.988
IMG_5574,91.632,220.023,130.034,-22.9361
IMG_5575,92.368,222.083,130.153,-20.3096
IMG_5576,91.913,220.213,128.775,-23.2938
IMG_5577,91.725,220.156,127.7,-22.9391
IMG_5578,91.76,219.718,127.815,-22.6273
IMG_5579,92.272,221.85,128.506,-20.9565
IMG_5580,92.034,220.493,127.586,-19.7754
IMG_5581,91.584,218.401,123.881,-18.3977
IMG_5582,91.861,217.709,121.534,-19.165
IMG_5583,92.193,218.296,122.222,-17.297
IMG_5584,91.794,217.382,120.466,-17.2845
IMG_5585,91.526,216.43,119.806,-16.8422
IMG_5586,91.384,215.945,122.339,-16.6796
IMG_5587,91.279,215.123,121.44,-15.6434
IMG_5588,91.654,215.152,121.663,-17.7702
IMG_5589,91.226,212.533,118.409,-13.3423
IMG_5590,91.134,212.218,118.132,-11.5778
IMG_5591,91.389,213.176,118.481,-12.1012
IMG_5592,90.974,210.162,116.405,-14.4028
IMG_5593,91.005,210.702,121.695,-12.9927
IMG_5594,89.948,206.477,117.527,-8.9311
IMG_5595,90.361,206.65,117.421,-10.2663
IMG_5596,90.213,206.211,117.499,-9.2705
IMG_5597,89.464,204.008,118.326,-9.6556
IMG_5598,89.267,202.427,118.161,-10.0644
IMG_5599,88.246,201.255,119.518,-9.3436
IMG_5600,87.999,196.82,117.154,-8.3411
IMG_5601,86.485,193.381,117.009,-8.5467
IMG_5602,87.214,195.967,116.256,-7.7102
IMG_5603,87.585,175.94,205.762,-16.2027
IMG_5604,87.556,172.334,210.737,-16.9696
IMG_5605,87.182,169.261,213.307,-13.5693
IMG_5606,86.802,166.914,215.003,-14.2541
IMG_5607,86.711,171.869,210.783,-13.9394
IMG_5608,86.663,175.424,207.639,-13.6585
IMG_5609,86.481,171.776,210.286,-14.3948
IMG_5610,86.155,170.857,210.193,-12.2896
IMG_5611,86.068,174.133,207.443,-11.0913
IMG_5612,85.53,175.706,204.621,-10.1174
IMG_5613,85.656,180.111,200.723,-10.1341
IMG_5614,86.858,189.479,193.705,-12.749
IMG_5615,87.803,196.086,190.971,-15.8808
IMG_5616,87.244,195.111,187.833,-16.5176
IMG_5617,87.04,192.033,190.17,-13.807
IMG_5618,87.035,191.237,194.135,-12.6792
IMG_5619,86.887,188.57,196.042,-11.0474
IMG_5620,86.696,189.526,192.929,-12.0302
IMG_5621,86.752,190.466,191.249,-13.3561
IMG_5622,86.374,187.228,195.422,-13.8461
IMG_5623,85.897,188.599,190.63,-13.7943
IMG_5624,85.307,184.266,194,-11.2719
IMG_5625,85.098,183.983,193.871,-10.3091
IMG_5626,85.438,184.442,193.222,-10.6415
IMG_5627,85.31,186.969,190.98,-11.8901
IMG_5628,85.539,188.334,189.34,-10.6558
IMG_5629,83.557,167.326,206.4,-14.4497
IMG_5630,80.078,147.526,218.156,-11.0469
IMG_5631,75.47,122.457,235.437,0.716
IMG_5632,78.534,141.114,221.836,-5.5937
IMG_5633,80.414,151.035,214.355,-4.5969
IMG_5634,78.444,141.093,221.603,-2.6349
IMG_5635,81.235,158.714,206.288,-5.9962
IMG_5636,80.942,159.22,204.475,-12.3434
IMG_5637,81.447,165.635,194.605,-12.7129
IMG_5638,80.926,165.101,193.22,-13.2856
IMG_5639,77.926,146.624,213.293,-9.8052
IMG_5640,75.721,133.71,224.369,-6.1259
IMG_5641,74.581,128.072,228.807,-0.2779
IMG_5642,84.678,111.089,248.204,-1.7027
IMG_5643,84.471,113.993,247.187,-1.936
IMG_5644,84.958,117.58,245.813,-1.8877
IMG_5645,84.81,99.509,251.105,-1.4313
IMG_5646,84.426,117.545,245.201,-1.0266
IMG_5647,83.889,117.133,245.68,-1.8093
IMG_5648,83.897,121.227,243.846,-1.6629
IMG_5649,83.952,120.347,244.24,-1.6254
IMG_5650,85.088,133.001,238.222,-1.9026
IMG_5651,84.722,134.24,236.96,-2.2207
IMG_5652,84.727,132.034,239.18,-2.2662
IMG_5653,84.621,138.209,235.277,-1.1566
IMG_5654,84.741,141.744,233.103,-1.3365
IMG_5655,85.249,145.581,231.232,-1.8555
IMG_5656,84.77,145.564,230.967,-1.7557
IMG_5657,83.456,139.889,233.76,-1.5395
IMG_5658,83.673,150.266,225.882,-1.6573
IMG_5659,84.507,153.462,224.248,-3.3145
IMG_5660,84.458,162.626,214.79,-3.9722
IMG_5661,85.418,172.468,207.857,-3.8039
IMG_5662,86.254,177.351,205.331,-4.5025
IMG_5663,88.021,182.893,204.265,-5.3332
IMG_5664,87.544,180.031,206.08,-10.6329
IMG_5665,89.003,197.409,195.731,-9.6591
IMG_5666,88.875,194.31,197.69,-11.7843
IMG_5667,88.901,198.557,192.86,-12.0955
IMG_5668,88.311,199.117,191.004,-12.0146
IMG_5669,89.151,204.315,188.43,-12.4775
IMG_5670,89.231,197.941,196.876,-13.6124
IMG_5671,87.677,185.317,203.149,-9.1466
IMG_5672,88.497,186.022,205.258,-8.0907
IMG_5673,89.282,192.412,202.829,-10.1217
IMG_5674,89.567,197.654,200.278,-5.6772
IMG_5675,89.061,200.416,190.273,-7.5511
IMG_5676,84.063,165.367,211.894,-4.4338
IMG_5677,83.797,162.598,213.644,-1.5695
IMG_5678,84.436,166.15,211.229,-1.9267
IMG_5679,83.458,162.83,213.239,-2.4198
IMG_5680,82.442,152.747,219.622,-2.4954
IMG_5681,81.75,140.085,231.456,-4.4258
IMG_5682,78.387,134.763,229.997,-2.2764
IMG_5683,80.724,143.575,224.956,-2.6206
IMG_5684,79.544,144.108,221.237,-1.8632
IMG_5685,82.868,160.563,212.453,-2.2381
IMG_5686,80.983,153.77,214.885,-1.9791
IMG_5687,80.335,152.847,214.116,-1.9475
IMG_5688,80.854,156.809,210.487,-2.1392
IMG_5689,81.986,166.969,201.553,-3.2742
IMG_5690,82.953,175.161,193.405,-2.4295
IMG_5691,85.51,150.296,226.29,-14.2229
IMG_5692,86.097,156.493,222.061,-9.8745
IMG_5693,86.402,161.025,218.785,-9.5435
IMG_5694,86.748,168.013,208.865,-16.9033
IMG_5695,90.313,198.899,185.613,-19.7595
IMG_5696,91.254,205.548,172.662,-22.3466
IMG_5697,90.791,198.471,184.54,-23.5748
IMG_5698,90.219,193.855,188.83,-23.0192
IMG_5699,90.535,197.564,184.749,-22.8808
IMG_5700,89.596,188.451,196.456,-22.7486
IMG_5701,90.536,199.877,187.829,-21.6931
IMG_5702,92.191,215.651,175.945,-23.3316
IMG_5703,92.452,219.09,178.383,-24.3196
IMG_5704,92.313,218.446,174.652,-23.5487
IMG_5705,92.626,220.973,174.291,-24.3586
IMG_5706,92.356,222.261,171.02,-25.0054
IMG_5707,92.573,222.775,172.489,-24.5233
IMG_5708,92.855,224.614,172.841,-23.167
IMG_5709,92.953,223.653,176.044,-24.6655
IMG_5710,91.328,204.804,189.062,-24.7703
IMG_5711,89.42,183.823,203.462,-21.5441
IMG_5712,90.332,194.888,195.712,-20.6919
IMG_5713,91.931,212.464,184.044,-23.0003
IMG_5714,93.213,227.168,177.943,-24.8503
IMG_5715,92.832,224.678,180.456,-25.0709
IMG_5716,92.42,223.338,180.787,-24.9161
IMG_5717,91.506,213.866,192.228,-24.1053
IMG_5718,91.846,216.356,190.933,-24.1574
IMG_5719,91.685,217.178,190.257,-22.9138
IMG_5720,92.555,226.98,184.598,-24.5652
IMG_5721,92.596,226.313,186.359,-23.7813
IMG_5722,92.238,225.698,187.144,-22.9671
IMG_5723,92.594,226.646,188.104,-22.8183
IMG_5724,92.426,226.981,185.858,-22.6394
IMG_5725,92.773,230.199,184.16,-23.488
IMG_5726,92.99,230.476,184.697,-24.0214
IMG_5727,92.884,230.573,184.595,-23.4063
IMG_5728,92.955,230.388,185.043,-23.3354
IMG_5729,92.677,228.157,185.628,-23.0962
IMG_5730,92.487,227.173,184.44,-22.8096
IMG_5731,92.192,223.965,186.826,-23.2968
IMG_5732,91.903,221.419,187.157,-21.1506
IMG_5733,92.043,222.791,184.915,-22.0536
IMG_5734,92.307,224.673,182.579,-23.7518
IMG_5735,92.2,222.521,181.673,-22.7025
IMG_5736,92.037,221.418,182.372,-24.7015
IMG_5737,92.132,222.448,178.18,-24.0845
IMG_5738,91.891,220.019,176.759,-22.1519
IMG_5739,91.811,220.503,173.681,-25.1273
IMG_5740,84.99,155.847,219.49,-11.767
IMG_5741,84.642,151.81,224.948,-10.3085
IMG_5742,85.305,161.868,216.083,-6.5165
IMG_5743,87.004,182.635,192.44,-10.1268
IMG_5744,88.521,194.804,174.899,-19.5387
IMG_5745,88.26,191.865,178.737,-21.5224
IMG_5746,86.449,172.69,200.601,-20.2282
IMG_5747,85.77,165.577,212.698,-12.0228
IMG_5748,85.094,158.238,219.337,-6.9531
IMG_5749,85.219,158.471,220.145,-7.3758
IMG_5750,85.64,164.588,213.57,-5.4695
IMG_5751,86.517,177.958,198.633,-11.2413
IMG_5752,86.87,179.2,196.686,-14.6404
IMG_5753,86.461,179.065,198.664,-15.7149
IMG_5754,87.159,187.065,186.406,-15.3205
IMG_5755,88.714,196.49,174.927,-17.9446
IMG_5756,87.49,190.73,181.661,-20.4726
IMG_5757,87.908,192.384,181.052,-18.2018
IMG_5758,89.129,200.592,173.205,-19.5086
IMG_5759,88.375,195.87,181.483,-19.3381
IMG_5760,87.847,193.622,182.661,-15.5657
IMG_5761,86.114,179.207,200.327,-13.5724
IMG_5762,85.188,171.099,208.612,-10.2337
IMG_5763,84.766,168.118,210.496,-4.88
IMG_5764,85.801,174.564,202.137,-6.5408
IMG_5765,84.746,168.068,211.241,-8.7618
IMG_5766,86.091,171.14,211.073,-8.048
IMG_5767,86.173,173.58,207.241,-9.188
IMG_5768,85.314,167.401,212.482,-8.9627
IMG_5769,84.023,164.498,212.904,-3.4812
IMG_5770,83.087,159.47,215.975,-4.3823
IMG_5771,82.944,159.969,214.845,-2.5881
IMG_5772,83.838,162.867,213.262,-2.3979
IMG_5773,83.918,161.788,214.478,-2.9121
IMG_5774,82.078,158.151,214.351,-2.3867
IMG_5775,82.066,156.638,215.626,-2.5242
IMG_5776,83.917,163.772,212.5,-2.135
IMG_5777,86.445,167.986,213.903,-6.6787
IMG_5778,84.42,166.693,210.893,-9.5708
IMG_5779,83.757,166.021,209.877,-4.0237
IMG_5780,83.184,165.207,209.427,-3.1875
IMG_5781,82.727,163.399,211.093,-3.1692
IMG_5782,83.464,165.091,210.633,-2.1782
IMG_5783,82.954,165.929,207.327,-5.2755
IMG_5784,82.21,162.233,210.489,-4.641
IMG_5785,83.852,167.104,209.239,-3.3872
IMG_5786,81.822,162.359,209.003,-5.0728
IMG_5787,82.88,166.611,206.996,-6.1961
IMG_5788,84.386,170.759,206.102,-4.8936
IMG_5789,84.03,133.068,232.47,-7.4895
IMG_5790,84.574,85.295,253.779,-4.0229
IMG_5791,85.71,71.772,254.826,-1.5643
IMG_5792,85.422,71.57,254.76,-1.8071
IMG_5793,85.411,73.55,254.765,-1.873
IMG_5794,84.965,77.817,254.807,-1.7742
IMG_5795,84.32,78.903,254.665,-1.8076
IMG_5796,84.178,81.576,254.507,-1.6452
IMG_5797,84.192,82.583,254.391,-1.5167
IMG_5798,84.296,79.79,254.619,-1.8349
IMG_5799,84.017,80.894,254.627,-1.7996
IMG_5800,83.714,83.249,254.479,-1.889
IMG_5801,83.506,85.04,254.3,-1.8894
IMG_5802,83.243,84.583,254.238,-2.1251
IMG_5803,82.974,87.07,253.979,-2.1641
IMG_5804,82.761,90.818,253.655,-1.9995
IMG_5805,82.171,95.592,252.865,-2.1451
IMG_5806,82.235,97.79,252.495,-2.1205
IMG_5807,82.043,104.876,250.404,-2.2635
IMG_5808,81.307,105.285,249.807,-2.3545
IMG_5809,78.812,108.272,248.715,-2.4314
IMG_5810,78.843,119.55,242.361,-2.2692
IMG_5811,78.824,122.824,240.028,-2.1274
IMG_5812,78.98,122.891,240.26,-2.2046
IMG_5813,78.652,120.89,241.282,-1.8214
IMG_5814,78.999,120.708,241.547,-1.9862
IMG_5815,78.567,123.645,239.099,-1.9483
IMG_5816,77.809,125.031,236.445,-1.9803
IMG_5817,76.755,123.198,236.675,-1.5238
IMG_5818,76.733,122.474,237.273,-1.7709
IMG_5819,76.701,120.186,239.079,-1.4496
IMG_5820,75.9,119.088,238.682,-1.2426
IMG_5821,75.144,118.799,238.665,-1.4584
IMG_5822,76.054,124.881,233.853,-1.6262
IMG_5823,75.708,127.211,231.541,-1.7258
IMG_5824,77.649,136.22,225.009,-1.5969
IMG_5825,79.35,143.363,220.829,-2.7179
IMG_5826,80.634,141.885,225.146,-3.6395
IMG_5827,78.317,133.353,229.567,-1.6865
IMG_5828,76.96,134.131,226.43,-1.6831
IMG_5829,78.31,144.752,217.057,-2.9173
IMG_5830,76.749,134.639,225.696,-1.8618
IMG_5831,75.596,129.538,228.236,-1.5107
IMG_5832,74.508,124.973,231.044,-1.2313
IMG_5833,74.557,126.067,230.702,-1.0392
IMG_5834,73.686,122.955,233.132,-0.8686
IMG_5835,74.123,122.362,233.361,-1.1858
IMG_5836,70.782,124.774,227.276,-1.1273
IMG_5837,72.137,126.707,227.562,-1.1543
IMG_5838,84.028,175.377,184.045,-8.5791
IMG_5839,83.396,173.281,188.599,-5.5457
IMG_5840,84.257,181.574,164.696,-10.594
IMG_5841,85.491,186.075,156.942,-15.7874
IMG_5842,84.686,183.258,166.092,-17.1266
IMG_5843,83.066,173.074,188.193,-14.9776
IMG_5844,81.611,162.173,202.612,-7.3859
IMG_5845,81.859,163.803,194.865,-8.7729
IMG_5846,79.278,146.957,216.435,-4.2414
IMG_5847,77.721,137.662,223.953,-1.7478
IMG_5848,77.409,132.686,228.464,-1.2013
IMG_5849,79.761,150.136,211.364,-4.9659
IMG_5850,78.228,134.71,227.687,-0.5751
IMG_5851,75.163,122.342,235.556,-0.5966
IMG_5852,75.418,125.567,232.946,-0.4703
IMG_5853,76.069,126.705,232.749,-0.205
IMG_5854,75.566,125.292,233.524,0.06
IMG_5855,75.821,127.271,231.446,-0.1637
IMG_5856,76.292,127.3,232.447,0.3147
IMG_5857,76.829,132.831,226.77,0.3138
IMG_5858,75.231,123.739,234.556,0.3388
IMG_5859,73.855,119.253,238.04,0.5294
IMG_5860,70.669,119.136,235.818,0.5171
IMG_5861,68.765,119.493,234.032,0.8047
IMG_5862,68.711,118.965,234.57,0.4838
IMG_5863,69.766,119.783,235.141,0.3901
IMG_5864,70.256,117.384,237.444,0.1654
IMG_5865,70.367,117.796,237.842,-0.0161
IMG_5866,70.881,118.1,236.391,0.0232
IMG_5867,69.605,121.185,232.799,0.1486
IMG_5868,83.119,111.133,246.81,-1.385
IMG_5869,83.502,102.656,249.829,-1.5425
IMG_5870,83.582,101.609,250.575,-1.7058
IMG_5871,83.2,106.425,249.243,-1.3886
IMG_5872,83.372,108.333,248.666,-1.8435
IMG_5873,83.107,107.448,249.136,-1.5761
IMG_5874,83.544,105.619,249.921,-1.7032
IMG_5875,83.024,113.445,246.481,-1.7396
IMG_5876,82.527,114.405,245.469,-1.634
IMG_5877,82.391,124.44,241.113,-2.014
IMG_5878,82.465,116.687,245.228,-2.0426
IMG_5879,82.372,115.608,246.223,-1.9605
IMG_5880,81.908,131.577,235.842,-1.7779
IMG_5881,81.99,114.956,245.225,-1.5335
IMG_5882,81.076,114.447,245.343,-1.7863
IMG_5883,81.079,109.825,247.625,-1.0531
IMG_5884,81.254,112.832,246.499,-0.9796
IMG_5885,80.602,120.155,242.223,-1.0779
IMG_5886,81.164,125.519,239.649,-1.1988
IMG_5887,81.652,128.343,238.131,-1.1949
IMG_5888,81.017,140.897,228.486,-1.1823
IMG_5889,80.638,139.536,229.405,-0.7113
IMG_5890,79.643,139.391,227.28,-1.0143
IMG_5891,78.636,133.624,230.077,-1.0696
IMG_5892,78.663,138.261,224.717,-0.9659
IMG_5893,76.378,127.088,233.689,-1.039
IMG_5894,77.719,125.117,236.037,-0.7047
IMG_5895,77.989,130.235,232.342,-1.5824
IMG_5896,76.308,125.506,233.661,-1.3931
IMG_5897,75.612,123.714,234.242,-0.9967
IMG_5898,74.274,121.072,235.97,-0.7558
IMG_5899,74.053,122.77,233.875,-0.8963
IMG_5900,74.065,122.384,233.694,-0.8195
IMG_5901,73.936,122.42,233.953,-0.8986
IMG_5902,73.456,123.344,232.861,-0.872
IMG_5903,73.994,126.27,229.811,-0.8944
IMG_5904,75.372,130.701,227.731,-0.9336
IMG_5905,76.552,138.491,220.363,-1.6548
IMG_5906,76.473,132.487,226.509,-1.4683
IMG_5907,75.665,130.759,227.632,-1.8155
IMG_5908,74.064,127.388,229.928,-1.6011
IMG_5909,75.621,133.165,225.629,-1.5605
IMG_5910,73.777,125.065,231.199,-1.4618
IMG_5911,74.141,126.877,230.072,-1.3764
IMG_5912,73.005,123.242,232.026,-1.0132
IMG_5913,72.914,125.478,230.874,-0.9579
IMG_5914,74.654,127.378,230.321,-0.4249
IMG_5915,74.357,125.281,232.041,-0.6764
IMG_5916,75.299,125.629,232.2,-0.9416
IMG_5917,83.393,116.19,246.343,-1.7597
IMG_5918,83.652,109.672,248.159,-2.3379
IMG_5919,83.315,112.626,247.567,-1.1502
IMG_5920,83.304,110.123,248.797,-1.1518
IMG_5921,83.637,113.569,246.626,-1.1573
IMG_5922,83.914,131.295,237.709,-1.3246
IMG_5923,83.378,119.282,244.563,-1.1614
IMG_5924,83.204,114.515,246.73,-1.9422
IMG_5925,83.338,121.12,242.78,-2.5115
IMG_5926,83.339,129.769,239.125,-1.7291
IMG_5927,82.613,117.906,245.447,-1.8269
IMG_5928,82.413,117.907,245.288,-1.1683
IMG_5929,83.212,135.889,235.211,-1.9665
IMG_5930,82.291,120.724,243.978,-1.8677
IMG_5931,82.002,120.784,243.652,-2.0309
IMG_5932,81.643,130.642,236.452,-1.9046
IMG_5933,81.419,130.273,236.415,-1.2388
IMG_5934,81.86,145.224,223.961,-1.647
IMG_5935,81.639,140.76,228.366,-1.9073
IMG_5936,81.93,146.211,223.692,-1.752
IMG_5937,81.768,153.715,217.097,-1.504
IMG_5938,81.909,164.242,203.902,-1.5064
IMG_5939,81.252,154.88,213.51,-1.2681
IMG_5940,81.134,155.927,211.199,-1.7146
IMG_5941,81.148,156.321,211.096,-1.738
IMG_5942,81.808,171.351,186.771,-1.4182
IMG_5943,82.06,171.694,184.801,-1.2492
IMG_5944,80.842,161.884,202.795,-1.3891
IMG_5945,80.606,163.612,198.723,-1.459
IMG_5946,80.524,166.662,197.069,-1.2695
IMG_5947,80.591,166.78,194.51,-1.3681
IMG_5948,80.363,167.474,188.794,-1.1691
IMG_5949,80.333,163.466,196.78,-1.0991
IMG_5950,79.545,157.495,205.291,-1.1011
IMG_5951,78.47,147.062,215.929,-1.4691
IMG_5952,78.561,149.271,213.386,-1.6348
IMG_5953,78.632,149.552,214.471,-1.3995
IMG_5954,78.217,145.487,218.462,-1.4587
IMG_5955,78.873,151.849,212.478,-1.4509
IMG_5956,79.094,155.024,208.529,-1.2228
IMG_5957,78.901,151.995,211.967,-1.2081
IMG_5958,78.195,147.474,216.045,-1.1055
IMG_5959,78.679,150.719,212.994,-1.4766
IMG_5960,78.605,152.775,210.468,-1.1026
IMG_5961,79.187,156.489,206.176,-0.8389
IMG_5962,79.748,162.581,197.358,-0.8811
IMG_5963,79.52,163.055,198.534,-1.0676
IMG_5964,79.172,158.252,204.393,-0.7021
IMG_5965,79.293,157.937,204.682,-0.778
IMG_5966,85.404,165.346,213.373,-5.3444
IMG_5967,85.227,163.037,214.391,-4.5427
IMG_5968,85.514,175.718,202.903,-3.0894
IMG_5969,85.296,176.759,203.034,-3.3679
IMG_5970,84.595,152.855,223.822,-3.0248
IMG_5971,84.943,169.337,209.581,-2.8036
IMG_5972,85.34,176.915,202.024,-4.8754
IMG_5973,85.349,179.441,198.425,-6.0312
IMG_5974,85.582,186.939,187.113,-4.9178
IMG_5975,85.107,181.984,193.938,-5.4252
IMG_5976,85.024,177.161,198.904,-5.6006
IMG_5977,85.067,179.583,190.68,-5.2955
IMG_5978,85.322,187.602,174.015,-8.5756
IMG_5979,86.084,196.546,157.15,-8.9318
IMG_5980,85.943,197.097,158.357,-8.299
IMG_5981,85.367,194.216,158.259,-7.3294
IMG_5982,85.08,194.796,155.125,-6.9292
IMG_5983,84.988,193.623,152.984,-6.5872
IMG_5984,84.81,193.814,146.96,-6.7147
IMG_5985,84.588,192.373,153.39,-5.973
IMG_5986,84.258,190.97,156.056,-6.0991
IMG_5987,85.024,192.869,130.984,-5.7825
IMG_5988,84.411,190.883,132.143,-6.0197
IMG_5989,83.95,191.178,136.477,-5.1452
IMG_5990,83.846,189.931,137.504,-5.2902
IMG_5991,83.504,188.705,135.679,-6.3156
IMG_5992,83.7,189.492,136.528,-6.1434
IMG_5993,83.039,187.875,142.356,-6.2241
IMG_5994,82.795,187.282,142.412,-5.8474
IMG_5995,82.775,187.2,139.668,-6.0011
IMG_5996,82.775,187.634,142.078,-6.2299
IMG_5997,82.606,185.819,149.723,-5.8509
IMG_5998,82.341,185.594,147.839,-5.7932
IMG_5999,82.238,186.127,147.164,-5.663
IMG_6000,82.36,185.724,150.992,-5.5723
IMG_6001,82.357,185.086,145.102,-5.4215
IMG_6002,82.133,185.631,147.306,-4.4187
IMG_6003,82.156,185.696,147.26,-4.7978
IMG_6004,81.671,183.355,161.292,-4.2842
IMG_6005,81.493,181.455,165.503,-3.9964
IMG_6006,81.289,180.861,166.631,-3.7484
IMG_6007,81.399,180.811,169.973,-3.7273
IMG_6008,81.121,177.132,175.655,-3.8255
IMG_6009,80.834,178.95,174.137,-4.073
IMG_6010,80.418,175.948,181.85,-3.6445
IMG_6011,81.048,179.737,173.142,-2.4306
IMG_6012,80.903,180.189,168.818,-2.6966
IMG_6013,81.714,184.558,147.421,-1.9343
IMG_6014,81.926,184.071,151.528,-2.5176
IMG_6015,84.172,135.165,236.569,-6.0787
IMG_6016,84.524,144.203,228.748,-4.9735
IMG_6017,84.139,139.065,231.327,-6.4917
IMG_6018,84.775,155.961,217.941,-7.5814
IMG_6019,84.949,159.713,214.427,-8.1199
IMG_6020,84.436,149.873,224.297,-7.1689
IMG_6021,84.218,144.561,227.283,-6.7149
IMG_6022,84.182,146.817,226.626,-6.7325
IMG_6023,83.7,135.404,233.975,-6.9334
IMG_6024,83.539,145.488,225.734,-2.8762
IMG_6025,82.829,138.388,230.574,-4.7917
IMG_6026,83.674,152.165,219.955,-6.6022
IMG_6027,83.603,158.779,212.113,-6.744
IMG_6028,83.773,161.797,209.257,-6.6201
IMG_6029,83.085,156.152,214.935,-6.9362
IMG_6030,81.627,145.29,225.046,-4.2737
IMG_6031,82.922,170.256,193.954,-6.8566
IMG_6032,82.189,161.294,208.75,-5.3623
IMG_6033,82.103,166.02,200.825,-4.4676
IMG_6034,82.752,172.161,183.211,-2.9703
IMG_6035,82.774,177.404,163.614,-6.1169
IMG_6036,81.702,175.701,154.304,-5.3731
IMG_6037,82.82,177.229,143.291,-8.0568
IMG_6038,83.848,174.908,134.026,-8.1843
IMG_6039,83.702,174.737,130.681,-8.7523
IMG_6040,84.232,175.172,129.415,-7.438
IMG_6041,82.861,174.861,134.139,-7.6548
IMG_6042,82.15,175.001,134.271,-8.1429
IMG_6043,83.055,173.439,122.61,-7.7892
IMG_6044,82.211,172.073,115.562,-9.3875
IMG_6045,81.794,171.808,121.136,-9.4016
IMG_6046,80.19,175.794,153.216,-3.9687
IMG_6047,83.107,174.634,113.797,-2.8711
IMG_6048,80.797,177.69,140.598,-5.2392
IMG_6049,80.307,175.417,171.678,-2.69
IMG_6050,79.874,174.474,175.338,-2.0204
IMG_6051,80.686,178.757,165.843,-1.9208
IMG_6052,80.994,180.577,153.262,-1.9832
IMG_6053,79.858,174.303,177.07,-2.5264
IMG_6054,80.772,176.851,170.248,-1.9425
IMG_6055,80.891,179.402,162.512,-1.5321
IMG_6056,81.072,181.515,161.577,-0.5486
IMG_6057,80.911,179.696,163.097,0.8832
IMG_6058,81.353,182.462,133.768,0.6092
IMG_6059,82.331,183.375,134.787,-2.2261
IMG_6060,84.027,184.271,113.392,-1.5534
IMG_6061,83.363,182.902,128.355,0.6115
IMG_6062,82.301,183.964,136.051,1.3445
IMG_6063,81.082,178.568,162.747,0.1891
IMG_6064,81.737,103.172,250.572,-1.8225
IMG_6065,82.978,119.63,244.848,-3.8141
IMG_6066,82.766,121.214,244.743,-2.9695
IMG_6067,82.873,124.749,242.084,-4.028
IMG_6068,82.566,116.211,245.635,-3.7265
IMG_6069,82.496,121.774,243.85,-3.9963
IMG_6070,81.974,114.765,246.366,-3.6513
IMG_6071,82.111,119.342,245.11,-3.5748
IMG_6072,81.831,108.305,249.014,-3.3845
IMG_6073,82.944,83.729,254.544,-2.6152
IMG_6074,81.694,94.665,252.689,-2.8289
IMG_6075,81.655,101.355,251.297,-1.7488
IMG_6076,81.871,95.853,252.536,-3.4891
IMG_6077,81.194,105.51,249.592,-3.5483
IMG_6078,80.758,114.329,245.996,-3.3617
IMG_6079,80.818,114.208,245.688,-3.3699
IMG_6080,81.139,107.97,248.774,-3.4797
IMG_6081,80.44,115.863,244.821,-3.7385
IMG_6082,79.737,131.819,232.75,-3.1869
IMG_6083,80.334,123.993,238.677,-3.989
IMG_6084,78.418,127.534,235.997,-3.8014
IMG_6085,77.133,124.381,236.708,-3.6063
IMG_6086,76.278,122.54,237.022,-3.1708
IMG_6087,76.052,122.105,237.55,-3.5936
IMG_6088,78.179,138.68,225.786,-2.9495
IMG_6089,79.349,136.533,230.291,-1.7084
IMG_6090,79.297,138.535,228.105,-1.0805
IMG_6091,78.9,131.494,232.997,-1.4657
IMG_6092,76.078,126.639,233.424,-1.8503
IMG_6093,78.427,137.704,225.794,-2.1562
IMG_6094,77.819,140.187,221.256,-1.8721
IMG_6095,77.253,133.43,228.588,-2.2493
IMG_6096,77.591,135,227.401,-2.3535
IMG_6097,76.809,132.288,228.004,-2.321
IMG_6098,77.324,135.473,226.837,-2.645
IMG_6099,78.164,141.888,221.517,-2.7322
IMG_6100,78.554,149.146,214.762,-2.8153
IMG_6101,78.014,146.26,216.131,-1.8479
IMG_6102,78.094,146.067,216.746,-3.4599
IMG_6103,77.389,143.873,217.101,-2.354
IMG_6104,77.865,146.476,215.803,-2.6155
IMG_6105,79.367,164.023,171.014,-2.7609
IMG_6106,77.787,157.265,198.934,-3.8224
IMG_6107,76.771,144.426,215.705,-3.9561
IMG_6108,73.854,128.623,227.853,-3.4335
IMG_6109,73.644,130.303,226.433,-3.0195
IMG_6110,76.972,139.906,220.764,-3.1041
IMG_6111,76.889,141.094,220.406,-3.4673
IMG_6112,76.601,138.61,222.157,-3.9212
IMG_6113,82.772,107.746,248.638,-3.125
IMG_6114,82.684,106.998,249.084,-1.8559
IMG_6115,82.424,112.705,245.769,-2.1902
IMG_6116,82.795,112.399,247.989,-3.5609
IMG_6117,82.786,109.27,248.375,-2.8807
IMG_6118,83.333,102.669,250.42,-2.5604
IMG_6119,84.079,126.217,239.522,-2.703
IMG_6120,84.135,152.929,217.877,-3.0966
IMG_6121,83.532,141.221,229.756,-2.8438
IMG_6122,83.227,136.121,233.467,-3.0333
IMG_6123,82.316,121.518,242.763,-3.8533
IMG_6124,82.87,129.3,238.806,-4.1296
IMG_6125,82.787,134.647,234.629,-4.3232
IMG_6126,83.085,137.952,233.323,-4.4659
IMG_6127,82.676,135.359,235.235,-3.8584
IMG_6128,82.417,148.486,224.171,-2.7531
IMG_6129,82.686,155.187,215.821,-2.4331
IMG_6130,82.415,156.303,215.593,-2.0235
IMG_6131,82.185,151.697,220.269,-2.0976
IMG_6132,82.115,151.001,220.968,-2.4978
IMG_6133,81.682,154.981,216.158,-2.7296
IMG_6134,81.816,161.494,207.664,-2.3932
IMG_6135,81.62,161.293,207.566,-1.3243
IMG_6136,81.653,162.112,206.607,-1.2331
IMG_6137,81.379,160.046,208.313,-2.0799
IMG_6138,80.942,155.97,213.593,-2.0081
IMG_6139,80.658,155.623,212.644,-3.4587
IMG_6140,80.352,156.027,211.836,-3.4483
IMG_6141,80.401,156.928,210.59,-3.6644
IMG_6142,79.804,154.491,213.031,-3.7452
IMG_6143,79.742,150.14,216.983,0.9998
IMG_6144,79.521,150.996,214.944,-4.3496
IMG_6145,79.819,153.036,213.271,-4.1361
IMG_6146,80.039,159.351,206.226,-3.7139
IMG_6147,80.3,160.754,204.532,-4.286
IMG_6148,79.849,157.01,208.317,-3.8059
IMG_6149,79.607,154.488,211.233,-4.7046
IMG_6150,79.554,154.565,212.106,-4.0211
IMG_6151,79.447,152.233,213.944,-3.6883
IMG_6152,78.913,148.644,216.612,-3.7176
IMG_6153,79.222,154.37,211.532,-3.4798
IMG_6154,79.297,154.378,211.077,-3.1743
IMG_6155,78.598,150.819,213.592,-3.4274
IMG_6156,79.829,163.89,196.548,-3.9826
IMG_6157,79.805,165.824,194.507,-3.6928
IMG_6158,79.674,165.176,192.585,-4.0295
IMG_6159,80.028,170.697,184.231,-3.9929
IMG_6160,79.926,171.146,185.607,-3.1323
IMG_6161,79.816,166.398,194.216,-3.2184
IMG_6162,83.978,125.811,241.329,-2.7294
IMG_6163,83.887,106.164,249.908,-1.8668
IMG_6164,84.118,121.656,243.515,-1.3481
IMG_6165,84.271,130.076,239.927,-1.7076
IMG_6166,84.249,129.469,240.284,-1.7322
IMG_6167,84.67,133.033,238.247,-1.5834
IMG_6168,83.664,116.275,246.608,-1.7071
IMG_6169,84.011,130.183,239.613,-1.7818
IMG_6170,83.872,127.605,240.1,-1.7739
IMG_6171,84.443,145.997,228.923,-1.6667
IMG_6172,84.548,151.59,224.548,-3.2602
IMG_6173,84.25,147.542,228.14,-3.0827
IMG_6174,84.015,144.076,231.39,-3.2406
IMG_6175,84.088,151.562,224.665,-2.5984
IMG_6176,83.79,148.822,226.768,-3.0015
IMG_6177,83.252,153.63,220.98,-2.0917
IMG_6178,83.192,155.37,218.572,-2.9293
IMG_6179,82.512,143.574,228.768,-1.8451
IMG_6180,82.819,154.698,218.567,-1.0486
IMG_6181,82.817,155.867,217.093,-1.4534
IMG_6182,82.667,159.077,213.914,-2.621
IMG_6183,82.489,165.567,205.981,-1.9092
IMG_6184,82.421,167.599,201.915,-2.9028
IMG_6185,81.843,161.014,209.151,-2.9878
IMG_6186,82.115,171.189,196.513,-3.5457
IMG_6187,82.218,170.384,198.201,-3.5725
IMG_6188,81.857,164.41,204.335,-1.5466
IMG_6189,81.613,168.179,198.726,-2.2499
IMG_6190,81.453,166.814,199.427,-3.4385
IMG_6191,81.033,164.138,201.366,-1.8986
IMG_6192,81.388,171.389,193.43,-2.4054
IMG_6193,81.215,170.166,193.917,-2.2861
IMG_6194,81.486,173.545,188.818,-4.555
IMG_6195,81.134,174.097,188.606,-4.1425
IMG_6196,80.689,166.049,197.338,-3.8637
IMG_6197,80.826,166.262,197.299,-2.3303
IMG_6198,80.777,174.315,186.009,-2.211
IMG_6199,80.941,170.875,190.445,-3.828
IMG_6200,80.795,170.118,192.621,-3.5423
IMG_6201,80.776,167.306,196.595,-3.2541
IMG_6202,80.494,168.27,194.851,-1.7387
IMG_6203,80.724,173.966,184.285,-3.3905
IMG_6204,81.051,177.927,180.56,-2.5352
IMG_6205,81.146,177.473,177.584,-1.9748
IMG_6206,80.571,174.931,182.805,-1.4799
IMG_6207,80.657,177.061,175.85,-2.1799
IMG_6208,81.144,179.616,167.979,-4.4686
IMG_6209,81.372,181.282,165.995,-3.984
IMG_6210,81.263,181.068,158.177,-2.4463
IMG_6211,88.272,204.663,149.6,-12.1546
IMG_6212,87.818,202.586,152.021,-11.7083
IMG_6213,86.628,194.706,177.444,-9.5582
IMG_6214,86.378,188.337,183.314,-6.7896
IMG_6215,85.211,172.816,202.776,-6.292
IMG_6216,85.461,175.976,199.121,-4.2469
IMG_6217,85.975,192.372,178.58,-4.9142
IMG_6218,86.092,188.701,180.869,-8.2812
IMG_6219,85.861,181.853,189.539,-7.5117
IMG_6220,87.155,201.707,141.056,-12.1587
IMG_6221,88.23,202.15,139.261,-16.5884
IMG_6222,87.198,202.2,140.82,-15.6326
IMG_6223,86.78,201.054,151.687,-11.0074
IMG_6224,87.63,203.871,135.541,-10.1958
IMG_6225,84.598,180.231,186.387,-6.8862
IMG_6226,86.236,196.491,135.404,-5.7063
IMG_6227,87.348,196.114,120.648,-12.4856
IMG_6228,87.846,199.921,111.683,-14.3437
IMG_6229,86.758,195.824,113.228,-14.5979
IMG_6230,89.363,197.862,99.395,-14.7879
IMG_6231,87.796,193.923,100.999,-15.4721
IMG_6232,87.345,193.139,101.179,-15.1818
IMG_6233,88.651,187.899,86.74,-14.4843
IMG_6234,86.951,188.069,92.035,-17.2162
IMG_6235,88.901,188.782,89.915,-14.0572
IMG_6236,89.535,193.723,91.003,-14.5621
IMG_6237,87.387,191.098,95.961,-15.279
IMG_6238,84.399,190.409,110.469,-13.4919
IMG_6239,83.414,188.208,115.527,-11.7461
IMG_6240,82.302,186.567,120.083,-11.5395
IMG_6241,82.411,186.411,113.954,-9.8285
IMG_6242,84.063,183.102,98.168,-11.2636
IMG_6243,87.117,183.958,85.938,-10.9608
IMG_6244,86.378,179.761,85.815,-14.3462
IMG_6245,86.891,183.037,86.522,-12.918
IMG_6246,83.04,184.999,116.503,-13.2423
IMG_6247,82.686,185.846,126.188,-7.0766
IMG_6248,81.578,183.671,135.13,-7.8115
IMG_6249,81.26,184.372,141.13,-6.7099
IMG_6250,80.75,179.432,159.976,-4.8634
IMG_6251,81.319,183.541,154.615,-4.4785
IMG_6252,83.317,185.832,118.025,-5.5216
IMG_6253,83.561,180.028,116.92,-9.3258
IMG_6254,85.868,175.633,98.56,-15.0597
IMG_6255,81.9,173.102,121.502,-17.174
IMG_6256,79.306,166.086,148.471,-15.8716
IMG_6257,76.002,147.53,202.499,-9.6998
IMG_6258,75.649,148.028,202.81,-7.4485
IMG_6259,77.231,156.864,183.373,-8.332
IMG_6260,87.26,182.869,173.038,-20.8035
IMG_6261,89.31,192.666,155.967,-22.1178
IMG_6262,87.044,187.983,175.068,-19.9492
IMG_6263,86.289,179.529,186.017,-17.038
IMG_6264,86.817,83.528,253.582,-1.1135
IMG_6265,86.525,89.702,252.776,-1.3453
IMG_6266,86.379,91.931,252.296,-1.4729
IMG_6267,86.164,91.249,252.217,-1.3099
IMG_6268,86.258,89.908,252.389,-1.4448
IMG_6269,85.551,88.723,252.708,-1.4188
IMG_6270,85.567,90.327,252.154,-1.4203
IMG_6271,85.211,88.325,252.274,-1.517
IMG_6272,85.085,87.245,252.478,-1.5139
IMG_6273,83.594,105.18,248.004,-1.7676
IMG_6274,83.515,110.348,246.495,-2.2862
IMG_6275,79.828,106.659,248.089,-1.5664
IMG_6276,79.842,128.908,233.944,-1.3555
IMG_6277,81.601,136.899,230.862,-1.1263
IMG_6278,81.025,134.419,230.911,-1.1008
IMG_6279,80.997,134.601,230.597,-1.2567
IMG_6280,80.665,136.285,228.937,-1.2451
IMG_6281,80.441,137.89,226.515,-1.2877
IMG_6282,75.713,141.377,214.605,-1.2415
IMG_6283,73.536,144.992,205.05,-1.3619
IMG_6284,73.076,145.149,201.446,-1.349
IMG_6285,73.272,148.346,195.185,-1.3022
IMG_6286,72.652,141.808,207.536,-1.3061
IMG_6287,71.985,142.09,206.006,-1.1551
IMG_6288,71.774,139.778,208.749,-1.1427
IMG_6289,72.179,135.93,214.019,-1.3329
IMG_6290,71.682,139.73,209.694,-1.5106
IMG_6291,71.328,141.445,206.373,-1.3686
IMG_6292,71.043,143.823,201.405,-1.3939
IMG_6293,71.361,137.276,213.897,-1.4599
IMG_6294,73.062,130.296,225.343,-1.4128
IMG_6295,73.446,134.56,221.365,-1.4186
IMG_6296,74.105,138.446,213.749,-2.5177
IMG_6297,75.508,148.254,198.14,-4.9648
IMG_6298,76.004,146.125,206.694,-3.75
IMG_6299,72.565,138.592,208.42,-6.6219
IMG_6300,72.461,146.577,183.395,-13.9227
IMG_6301,81.203,156.542,98.705,-20.9287
IMG_6302,71.254,147.167,175.021,-18.5314
IMG_6303,70.765,149.657,161.39,-17.1075
IMG_6304,84.765,80.632,254.26,-2.1258
IMG_6305,83.819,92.13,252.907,-2.1486
IMG_6306,83.261,104.41,249.744,-2.5125
IMG_6307,83.889,91.774,252.566,-2.2177
IMG_6308,83.105,97.107,252.149,-2.1847
IMG_6309,82.708,97.122,252.426,-2.1647
IMG_6310,84.182,83.713,254.097,-2.1464
IMG_6311,82.565,99.69,251.668,-2.4344
IMG_6312,82.378,102.485,251.058,-2.3673
IMG_6313,82.279,102.023,251.686,-2.1661
IMG_6314,82.326,100.505,251.541,-2.4643
IMG_6315,82.054,108.093,249.026,-2.4263
IMG_6316,81.522,112.697,247.27,-2.6525
IMG_6317,81.399,112.154,248.021,-2.5638
IMG_6318,81.506,106.403,250.071,-2.3327
IMG_6319,80.942,111.047,248.71,-2.4087
IMG_6320,80.842,112.967,247.626,-2.4556
IMG_6321,80.633,132.981,235.945,-2.5568
IMG_6322,80.64,129.164,237.63,-2.3529
IMG_6323,80.284,118.691,243.662,-2.3691
IMG_6324,78.831,125.858,238.916,-2.3294
IMG_6325,78.952,129.78,236.406,-2.2468
IMG_6326,79.129,133.355,232.043,-2.4293
IMG_6327,79.125,132.218,233.25,-2.4899
IMG_6328,79.013,136.891,228.643,-2.536
IMG_6329,78.886,131.926,232.824,-2.9599
IMG_6330,78.846,130.97,233.693,-2.9503
