Year,Month,Day,Time,Min,image_name,Clear,Cirrus,Cirrostratus,Stratus,Stratocumulus,Cumulus,Cirrocumulus,Nimbus,Clear_weighted,Cirrus_weighted,Cirrostratus_weighted,Stratus_weighted,Stratocumulus_weighted,Cumulus_weighted,Cirrocumulus_weighted,Nimbus_weighted,label,Temperature(C),Absolute_Humidity(g/m^3),Radiation Value
2025,12,1,19,30,IMG_0001,0.765,0,0.028,0.205,0,0,0.002,0,0.411970215,1.67E-05,0.01400785,0.112719351,0,0,0.001084292,0,1,21.48,16.19338834,-28.849
2025,12,1,19,40,IMG_0002,0.776,0,0.009,0.2,0,0.01,0.005,0,0.41979538,0,0.004469561,0.112460584,0,0.00519511,0.002391031,0,1,21.43,16.16535471,-29.3484
2025,12,1,19,50,IMG_0003,0.714,0,0.031,0.255,0,0,0,0,0.38692829,0,0.015357219,0.141057782,0,0,0,0,1,21.5,16.13673936,-28.8846
2025,12,1,20,0,IMG_0004,0.749,0,0.025,0.226,0,0,0,0,0.409104567,0,0.011603448,0.124626164,0,0,0,0,1,21.37,16.16540359,-28.8949
2025,12,1,20,10,IMG_0005,0.791,0,0.011,0.137,0,0.056,0.005,0,0.419027299,0,0.005127411,0.075703891,0,0.031029087,0.002417931,0,1,21.3,16.23040092,-28.4081
2025,12,1,20,20,IMG_0006,0.773,0,0.051,0.176,0,0,0,0,0.426754778,0,0.024819178,0.095394366,0,0,0,0,1,21.31,16.31439144,-27.7456
2025,12,1,20,30,IMG_0007,0.883,0,0.016,0.101,0,0,0,0,0.482829612,9.39E-07,0.007340925,0.053544434,0,0,0,0,1,21.31,16.25845638,-28.4439
2025,12,1,20,40,IMG_0008,0.824,0,0.033,0.143,0,0,0,0,0.459760765,0,0.015358984,0.0760391,0,0,0,0,1,21.29,16.22099519,-28.0941
2025,12,1,20,50,IMG_0009,0.849,0,0.023,0.127,0,0,0.002,0,0.474571169,0,0.011025669,0.068024985,0,0,0.001092188,0,1,21.3,16.26766934,-28.6687
2025,12,1,21,0,IMG_0010,0.9,0,0.03,0.071,0,0,0,0,0.511143773,0,0.013190986,0.036478779,0,0,0,0,1,21.34,16.32410344,-28.6371
2025,12,1,21,10,IMG_0011,0.87,0,0.04,0.091,0,0,0,0,0.501352667,9.99E-07,0.017864288,0.046835968,0,0,0,0,1,21.42,16.34363839,-28.5739
2025,12,1,21,20,IMG_0012,0.818,0,0.044,0.077,0,0.054,0.008,0,0.471162215,0,0.019376563,0.038566264,0,0.028467285,0.003773858,0,1,21.38,16.36197923,-28.3648
2025,12,1,21,30,IMG_0013,0.913,0,0.023,0.048,0,0.011,0.006,0,0.519052456,0,0.009142188,0.02417648,0,0.005413394,0.002711223,0,1,21.43,16.428206,-28.5214
2025,12,1,21,40,IMG_0014,0.834,0,0.049,0.069,0,0.043,0.006,0,0.486090835,0,0.022573588,0.033470846,4.09E-06,0.021489446,0.003065347,0,1,21.43,16.48453128,-28.4386
2025,12,1,21,50,IMG_0015,0.891,0,0.057,0.026,0,0.009,0.017,0,0.508828538,3.79E-05,0.021851698,0.013003568,0,0.005298918,0.00829813,0,1,21.48,16.56997876,-28.8863
2025,12,1,22,0,IMG_0016,0.822,0,0.112,0.049,0,0.016,0.001,0,0.493589686,0,0.044538026,0.023734037,0,0.007978651,0.000350353,0,1,21.42,16.56880907,-28.2611
2025,12,1,22,10,IMG_0017,0.977,0,0.014,0.008,0,0,0.001,0,0.587371439,0,0.005388507,0.003881273,0,0,0.000512883,0,1,21.38,16.58662883,-28.6361
2025,12,1,22,20,IMG_0018,0.958,0,0.014,0.028,0,0,0,0,0.601969118,0,0.005281535,0.012257347,0,0,0,0,1,21.4,16.53088564,-28.4431
2025,12,1,22,30,IMG_0019,0.968,0,0.011,0.02,0,0,0.001,0,0.604174564,0,0.004336877,0.008750503,0,0,0.000478651,0,1,21.43,16.52208147,-28.4221
2025,12,1,22,40,IMG_0020,0.698,0,0.009,0.058,0.001,0.209,0.025,0,0.417168202,0,0.003355484,0.026405011,0.000558691,0.09597023,0.009717931,0,1,21.38,16.58662883,-20.1934
2025,12,1,22,50,IMG_0021,0.215,0,0.002,0.164,0.163,0.455,0.002,0,0.130827855,0,0.000737237,0.074735074,0.106140174,0.250886215,0.000706986,0,1,21.44,16.73829697,-23.9989
2025,12,1,23,0,IMG_0022,0.399,0,0.002,0.055,0.003,0.537,0.003,0,0.257277997,0,0.000729169,0.022552141,0.001180386,0.254517991,0.001028087,0,1,21.32,16.67831059,-23.7916
2025,12,1,23,10,IMG_0023,0.589,0,0.002,0.084,0.031,0.292,0.002,0,0.405481273,0,0.000638522,0.036610044,0.0171013,0.150042954,0.001198302,0,1,21.32,16.58503145,-26.4738
2025,12,1,23,20,IMG_0024,0.877,0,0.003,0.016,0,0.102,0.001,0,0.592702118,0,0.001052569,0.006437034,0.000125879,0.053655672,0.000553974,0,1,21.39,16.59623983,-27.1947
2025,12,1,23,30,IMG_0025,0.874,0,0.036,0.053,0,0.035,0.001,0,0.589646402,0,0.01519502,0.021920838,2.32E-05,0.017340775,0.000643179,0,1,21.38,16.60534963,-27.5085
2025,12,1,23,40,IMG_0026,0.918,0,0.006,0.043,0,0.032,0,0,0.619731423,0,0.001646252,0.017476405,0,0.013070763,0.000101164,0,1,21.25,16.5736052,-26.4441
2025,12,1,23,50,IMG_0027,0.928,0,0.016,0.04,0.001,0.013,0.003,0,0.649060201,0,0.00531256,0.015950406,0.000542571,0.005073175,0.000988995,0,1,21.03,16.54677732,-27.1037
2025,12,2,0,0,IMG_0028,0.523,0,0.001,0.05,0.068,0.356,0.002,0,0.370946161,0,0.00028569,0.020220793,0.044151908,0.193830071,0.000653576,0,1,20.87,16.44813156,-25.3375
2025,12,2,0,10,IMG_0029,0,0,0,0.022,0.977,0,0,0.001,0,0,0,0.012066722,0.817748986,4.80E-05,0,0.000678703,2,20.76,16.46960423,-11.1037
2025,12,2,0,20,IMG_0030,0.001,0,0,0.105,0.894,0,0,0,0.000611478,0,0,0.039287034,0.691304733,0,0,0,2,20.74,16.54062858,-14.6042
2025,12,2,0,30,IMG_0031,0,0,0,0.004,0.004,0,0,0.992,0,0,0,0.00314683,0.002756911,0,0,0.88038765,3,20.84,16.60088464,-1.9638
2025,12,2,0,40,IMG_0032,0,0,0,0.027,0.973,0,0,0,0,0,0,0.010717473,0.705934112,0,1.41E-05,0,2,20.94,16.64295606,-6.2643
2025,12,2,0,50,IMG_0033,0,0,0,0,0.998,0,0,0.002,0,0,0,1.43E-05,0.82752678,0,0,0.001811959,2,20.98,16.66340115,-2.8866
2025,12,2,1,0,IMG_0034,0,0,0,0.001,0.003,0,0,0.995,0,0,0,0.000870718,0.00218276,0,0,0.906823272,3,20.98,16.69998381,-1.3404
2025,12,2,1,10,IMG_0035,0,0,0,0.002,0.003,0,0,0.995,0,0,0,0.001219449,0.002005386,0,0,0.909600654,3,20.98,16.73656647,-1.4186
2025,12,2,1,20,IMG_0036,0,0,0,0.615,0.139,0,0,0.247,0,0,0,0.495503628,0.088263897,0,0,0.206429755,2,20.99,16.85610643,-3.2525
2025,12,2,1,30,IMG_0037,0,0,0,0.002,0.003,0,0,0.996,0,0,0,0.001055101,0.00185444,0,0,0.906137169,3,20.99,16.96591819,-1.8616
2025,12,2,1,40,IMG_0038,0,0,0,0,0.003,0,0,0.997,0,0,0,0.000274204,0.002268307,0,0,0.908068848,3,20.98,17.01093641,-1.847
2025,12,2,1,50,IMG_0039,0,0,0,0,0.003,0,0,0.996,0,0,0,0.000302599,0.002336974,0,0,0.904339558,3,20.92,17.07930833,-2.0786
2025,12,2,2,0,IMG_0040,0,0,0,0,0.002,0,0,0.998,0,0,0,0.000147003,0.001722078,0,0,0.93235456,3,20.93,17.14395514,-1.8295
2025,12,2,2,10,IMG_0041,0,0,0,0,0.002,0,0,0.998,0,0,0,2.62E-05,0.001497897,0,0,0.905096124,3,20.88,17.16692718,-1.9216
2025,12,2,2,20,IMG_0042,0,0,0,0,0.002,0,0,0.998,0,0,0,0.000413867,0.001446109,0,0,0.933790212,3,20.84,17.18146203,-1.9456
2025,12,2,2,30,IMG_0043,0,0,0,0,0.002,0,0,0.998,0,0,0,4.84E-05,0.001936629,0,0,0.947098272,3,20.78,17.15774104,-1.8908
2025,12,2,2,40,IMG_0044,0,0,0,0,0.008,0,0,0.992,0,0,0,0.000197198,0.006932707,0,0,0.904074549,3,20.52,16.98883788,-2.0015
2025,12,2,2,50,IMG_0045,0,0,0,0.001,0.002,0,0,0.997,0,0,0,0.000449399,0.00186398,0,0,0.893887958,3,20.3,16.82481409,-2.2676
2025,12,2,3,0,IMG_0046,0,0,0,0.001,0.003,0,0,0.996,0,0,0,0.000690107,0.002536914,0,0,0.911330566,3,20.26,16.83815661,-2.465
2025,12,2,3,10,IMG_0047,0,0,0,0,0.002,0,0,0.997,0,0,0,0.000291406,0.001912177,0,0,0.916361914,3,20.25,16.82831911,-2.6423
2025,12,2,3,20,IMG_0048,0,0,0,0,0.004,0,0,0.996,0,0,0,0.00018892,0.002980093,0,0,0.900824053,3,20.23,16.72111394,-2.5825
2025,12,2,3,30,IMG_0049,0,0,0,0.001,0.003,0,0,0.997,0,0,0,0.000385322,0.002014986,0,0,0.881780912,3,20.13,16.46695969,-2.4446
2025,12,2,19,30,IMG_0050,0.354,0,0.007,0.639,0,0,0,0,0.182392007,0,0.003668487,0.386100819,0,0,0,0,1,20.11,13.1859815,-30.2879
2025,12,2,19,40,IMG_0051,0.229,0,0.002,0.764,0,0,0.004,0,0.119468412,0,0.001086591,0.459289656,0,0,0.002280469,0,1,20.33,13.24394098,-30.0987
2025,12,2,19,50,IMG_0052,0.307,0,0.005,0.688,0,0,0,0,0.152548843,0,0.002949189,0.421381475,0,0,3.74E-06,0,1,20.43,13.38526342,-29.2677
2025,12,2,20,0,IMG_0053,0.124,0,0.001,0.87,0,0,0.005,0,0.066956746,0,0.0006045,0.513425421,6.56E-05,0.000201059,0.00252669,0,1,20.39,13.56436178,-29.1998
2025,12,2,20,10,IMG_0054,0.14,0,0.004,0.856,0,0,0,0,0.073716564,0,0.002321334,0.513601082,0,0,1.35E-05,0,1,20.43,13.73247247,-28.5084
2025,12,2,20,20,IMG_0055,0.172,0,0.005,0.823,0,0,0,0,0.087590054,0,0.002927802,0.497588492,0,0,0,0,1,20.42,13.88202936,-28.5545
2025,12,2,20,30,IMG_0056,0.079,0,0,0.914,0,0,0.006,0,0.041616113,0,0.000215783,0.546801149,0,9.30E-05,0.00350788,0,1,20.47,14.04333398,-28.5128
2025,12,2,20,40,IMG_0057,0.085,0,0.005,0.91,0,0,0,0,0.043111245,0,0.002877456,0.552676104,0,0,0,0,1,20.55,14.1660981,-28.1809
2025,12,2,20,50,IMG_0058,0.031,0,0.001,0.963,0,0,0.006,0,0.016393142,0,0.000351713,0.569595207,0,0,0.003145801,0,1,20.46,14.19485486,-27.4655
2025,12,2,21,0,IMG_0059,0.003,0,0.018,0.962,0.01,0,0.006,0,0.001403335,0,0.009522649,0.556127389,0.005395808,0.000155927,0.003543555,0,1,20.51,14.15444971,-23.4311
2025,12,2,21,10,IMG_0060,0.01,0,0.022,0.954,0.003,0,0.011,0,0.005298475,0,0.012233459,0.554715482,0.001746943,0,0.006277306,0,1,20.52,14.18229611,-27.1169
2025,12,2,21,20,IMG_0061,0.046,0,0.039,0.895,0.003,0.01,0.007,0,0.020976563,0,0.025034555,0.526103854,0.001749564,0.00726742,0.004237425,0,1,20.34,14.09753009,-27.4484
2025,12,2,21,30,IMG_0062,0.112,0,0,0.879,0,0.005,0.004,0,0.058504372,0,4.87E-05,0.500857399,0,0.002870267,0.002153418,0,1,20.29,13.99667608,-27.6828
2025,12,2,21,40,IMG_0063,0.103,0,0.004,0.892,0,0,0.001,0,0.053911584,0,0.002464476,0.512401547,4.00E-06,0,0.000260389,0,1,20.26,13.96690012,-27.3306
2025,12,2,21,50,IMG_0064,0.09,0,0.004,0.905,0,0,0.001,0,0.046510832,0,0.002173415,0.518276209,1.65E-05,0,0.000571417,0,1,20,13.94091995,-27.6319
2025,12,2,22,0,IMG_0065,0.14,0,0.004,0.856,0,0,0,0,0.075116864,0,0.002139273,0.477880844,3.80E-06,0,0.000144817,0,1,19.97,13.8647141,-27.4527
2025,12,2,22,10,IMG_0066,0.081,0,0.003,0.913,0,0,0.003,0,0.044758939,0,0.001319524,0.488587207,0,0,0.001469884,0,1,20.05,13.7426954,-27.0946
2025,12,2,22,20,IMG_0067,0.059,0,0.003,0.936,0,0,0.002,0,0.033165505,0,0.001568773,0.502915017,0,0,0.000867946,0,1,19.84,13.67563399,-27.068
2025,12,2,22,30,IMG_0068,0.078,0,0.005,0.857,0.016,0.04,0.006,0,0.042704357,0,0.002393359,0.46080317,0.008198032,0.020632745,0.00303771,0,1,19.78,13.54744579,-24.735
2025,12,2,22,40,IMG_0069,0.002,0,0,0.625,0.34,0.032,0.001,0,0.001183391,0,0,0.335229282,0.26474079,0.016085029,0.000438439,0,2,19.97,13.41980164,-14.8916
2025,12,2,22,50,IMG_0070,0,0,0,0.191,0.74,0,0,0.069,0,0,0,0.137039618,0.605589881,0,2.37E-05,0.053717683,2,20.01,13.41151852,-11.1338
2025,12,2,23,0,IMG_0071,0,0,0,0.03,0.006,0,0,0.964,0,0,0,0.022337154,0.004325331,0,6.42E-06,0.803052381,2,20.15,13.41554318,-9.928
2025,12,2,23,10,IMG_0072,0,0,0,0.281,0.001,0,0,0.718,0,0,0,0.227932129,0.001014829,0,3.96E-05,0.636394674,2,19.93,13.4606509,-8.5457
2025,12,2,23,20,IMG_0073,0,0,0,0.029,0.03,0,0,0.942,0,0,0,0.022821575,0.026509533,0,0,0.811631227,2,19.98,13.44836954,-8.3986
2025,12,2,23,30,IMG_0074,0,0,0,0.243,0.004,0,0,0.754,0,0,0,0.206655942,0.002487951,0,1.89E-05,0.641016654,2,20.11,13.42417763,-7.9641
2025,12,2,23,40,IMG_0075,0,0,0,0.034,0.002,0,0,0.964,0,0,0,0.026908939,0.001544291,0,7.90E-06,0.82810803,2,20.14,13.44079108,-7.6613
2025,12,2,23,50,IMG_0076,0,0,0,0.009,0.011,0,0,0.98,0,0,0,0.006842593,0.008766617,0,0,0.877617188,2,20.2,13.62436589,-7.1447
2025,12,3,0,0,IMG_0077,0,0,0,0.005,0.018,0,0,0.977,0,0,0,0.003659383,0.015283308,0,0,0.860524279,2,20.2,13.70127058,-8.1486
2025,12,3,0,10,IMG_0078,0,0,0,0.014,0.388,0,0,0.598,0,0,0,0.011288386,0.325073355,0,0,0.53011881,2,20.25,13.63269143,-7.6809
2025,12,3,0,20,IMG_0079,0,0,0,0.002,0.002,0,0,0.996,0,0,0,0.001322912,0.001689235,0,0,0.929536373,3,20.25,13.75013907,-3.6559
2025,12,3,0,30,IMG_0080,0,0,0,0.001,0.002,0,0,0.996,0,0,0,0.000976472,0.001789926,0,0,0.927258083,3,20,14.0963949,-4.0161
2025,12,3,0,40,IMG_0081,0,0,0,0.001,0.002,0,0,0.996,0,0,0,0.000997446,0.00179375,0,0,0.924214596,3,19.83,14.17902038,-3.8873
2025,12,3,0,50,IMG_0082,0,0,0,0.001,0.003,0,0,0.996,0,0,0,0.000723362,0.002165084,0,0,0.927004056,3,19.64,13.95415844,-3.9431
2025,12,3,1,0,IMG_0083,0,0,0,0.001,0.003,0,0,0.996,0,0,0,0.000973084,0.001903726,0,0,0.931779733,3,19.52,13.95689796,-4.3059
2025,12,3,1,10,IMG_0084,0,0,0,0.001,0.003,0,0,0.996,0,0,0,0.000831596,0.002026773,0,0,0.928202622,3,19.46,13.63997254,-4.0555
2025,12,3,1,20,IMG_0085,0,0,0,0.001,0.003,0,0,0.996,0,0,0,0.000761215,0.001982467,0,0,0.933686366,3,19.46,13.60650021,-4.2346
2025,12,3,1,30,IMG_0086,0,0,0,0.001,0.003,0,0,0.995,0,0,0,0.000850008,0.002543127,0,0,0.930289521,3,19.37,13.4014696,-4.3613
2025,12,3,1,40,IMG_0087,0,0,0,0.001,0.002,0,0,0.997,0,0,0,0.000854988,0.001654349,0,0,0.930090407,3,19.33,13.35334725,-4.4831
2025,12,3,1,50,IMG_0088,0,0,0,0.002,0.002,0,0,0.996,0,0,0,0.001212117,0.001749564,0,0,0.93304372,3,19.25,13.22446813,-4.3024
2025,12,3,2,0,IMG_0089,0,0,0,0.002,0.003,0,0,0.995,0,0,0,0.001253065,0.002357685,0,0,0.930447716,3,19.24,13.13738039,-4.2386
2025,12,3,2,10,IMG_0090,0,0,0,0.001,0.003,0,0,0.996,0,0,0,0.000863972,0.001913063,0,0,0.931172198,3,19.2,13.04052832,-4.2274
2025,12,3,2,20,IMG_0091,0,0,0,0.002,0.002,0,0,0.996,0,0,0,0.001446312,0.001701255,0,0,0.933033263,3,19.2,12.95317392,-4.1612
2025,12,3,2,30,IMG_0092,0,0,0,0.002,0.002,0,0,0.996,0,0,0,0.001195883,0.001864956,0,0,0.931534217,3,19.05,12.71169159,-4.2763
2025,12,3,2,40,IMG_0093,0,0,0,0.002,0.002,0,0,0.996,0,0,0,0.001556107,0.001656535,0,0,0.928708256,3,18.98,12.74389114,-4.3488
2025,12,3,2,50,IMG_0094,0,0,0,0.002,0.002,0,0,0.996,0,0,0,0.001108774,0.001836553,0,0,0.924641218,3,18.98,12.73250249,-4.2569
2025,12,3,3,0,IMG_0095,0,0,0,0.002,0.002,0,0,0.996,0,0,0,0.001143419,0.001711328,0,0,0.92811905,3,18.96,12.55172562,-4.0792
2025,12,3,3,10,IMG_0096,0,0,0,0.001,0.003,0,0,0.996,0,0,0,0.000898377,0.00214378,0,0,0.924269802,3,18.96,12.3615972,-4.0083
2025,12,3,3,20,IMG_0097,0,0,0,0.002,0.002,0,0,0.996,0,0,0,0.001278989,0.001776931,0,0,0.922463679,3,19.01,12.42421124,-4.3712
2025,12,3,3,30,IMG_0098,0,0,0,0.001,0.002,0,0,0.996,0,0,0,0.000868127,0.001791309,0,0,0.930208271,3,18.97,12.50710612,-4.5753
2025,12,3,19,30,IMG_0099,0.002,0,0.002,0.429,0.411,0.001,0.154,0,6.70E-05,0,0.002175774,0.422368262,0.409416481,0.001218742,0.153387891,0.000383023,2,16.08,9.391835351,-6.2715
2025,12,3,19,40,IMG_0100,0,0,0,0.427,0.512,0.003,0.055,0.002,2.53E-06,0,0,0.420905889,0.511197386,0.003211756,0.05460133,0.002005266,2,16.09,9.307148585,-6.0872
2025,12,3,19,50,IMG_0101,0.001,0,0,0.471,0.5,0.002,0.023,0.004,1.54E-05,0,0,0.463360847,0.499521086,0.001545883,0.022498377,0.003761343,2,16.09,9.282504767,-6.3125
2025,12,3,20,0,IMG_0102,0,0,0,0.459,0.496,0.004,0.038,0.003,0,0,0,0.452329582,0.494788867,0.004231242,0.037593682,0.002875804,2,16.1,9.238794761,-6.4107
2025,12,3,20,10,IMG_0103,0,0,0,0.516,0.454,0.001,0.027,0.002,0,0,0,0.508542135,0.45337201,0.000730995,0.027078027,0.001643427,2,16.14,9.273493718,-6.3293
2025,12,3,20,20,IMG_0104,0,0,0,0.607,0.387,0,0,0.006,0,0,0,0.598607858,0.386941429,0,0.000195313,0.005621462,2,16.19,9.34697567,-6.3651
2025,12,3,20,30,IMG_0105,0,0,0,0.434,0.554,0.001,0,0.011,0,0,0,0.426758166,0.553939243,0.000525841,0,0.010980011,2,16.17,9.350833833,-6.2729
2025,12,3,20,40,IMG_0106,0,0,0,0.572,0.4,0,0,0.028,0,0,0,0.562563664,0.399265678,0,0,0.027756348,2,16.17,9.301307569,-6.364
2025,12,3,20,50,IMG_0107,0,0,0,0.468,0.447,0,0,0.084,0,0,0,0.456908819,0.4462282,0.000240385,0,0.08426111,2,16.21,9.231389361,-6.2647
2025,12,3,21,0,IMG_0108,0,0,0,0.559,0.414,0,0,0.027,0,0,0,0.549442698,0.413404597,0.000428185,0,0.026720403,2,16.23,9.16935658,-5.9431
2025,12,3,21,10,IMG_0109,0,0,0,0.674,0.284,0,0,0.042,0,0,0,0.661905581,0.283581468,0,0,0.041576465,2,16.28,9.219208278,-6.0866
2025,12,3,21,20,IMG_0110,0,0,0,0.711,0.176,0,0,0.112,0,0,0,0.697366226,0.175758301,0,0,0.112309608,2,16.22,9.105871349,-6.0884
2025,12,3,21,30,IMG_0111,0,0,0,0.568,0.09,0,0,0.342,0,0,0,0.552603463,0.089274016,0,0,0.341567037,2,16.24,8.985616795,-6.3304
2025,12,3,21,40,IMG_0112,0,0,0,0.425,0.009,0,0,0.566,0,0,0,0.408654199,0.00865812,0,0,0.561107918,3,16.32,8.856928203,-6.2371
2025,12,3,21,50,IMG_0113,0,0,0,0.069,0.621,0,0,0.309,0,0,0,0.064882429,0.578495177,0,0,0.291566474,2,16.36,8.807336392,-7.5726
2025,12,3,22,0,IMG_0114,0,0,0,0.082,0.905,0,0,0.014,0,0,0,0.067106167,0.810083782,0,1.98E-05,0.012108489,2,16.29,8.944852662,-14.7553
2025,12,3,22,10,IMG_0115,0,0,0,0.286,0.013,0,0,0.7,0,0,0,0.268777749,0.012144959,0,0,0.677187913,2,16.23,9.158310826,-6.9471
2025,12,3,22,20,IMG_0116,0,0,0,0.574,0.004,0,0,0.422,0,0,0,0.552475578,0.003174377,0,0,0.414233684,3,16.22,9.322513537,-6.2706
2025,12,3,22,30,IMG_0117,0,0,0,0.428,0.003,0,0,0.569,0,0,0,0.411250323,0.002619659,0,0,0.559013011,3,16.1,9.293591883,-6.0051
2025,12,3,22,40,IMG_0118,0,0,0,0.229,0.004,0,0,0.767,0,0,0,0.218547055,0.003088559,0,0,0.743250526,3,16.05,9.284688885,-6.016
2025,12,3,22,50,IMG_0119,0,0,0,0.146,0.003,0,0,0.851,0,0,0,0.136669464,0.002421229,0,0,0.82704689,3,15.95,9.097061372,-6.1404
2025,12,3,23,0,IMG_0120,0,0,0,0.094,0.003,0,0,0.904,0,0,0,0.086435592,0.002342045,0,0,0.870624677,3,15.95,8.955874328,-6.4148
2025,12,3,23,10,IMG_0121,0,0,0,0.039,0.003,0,0,0.958,0,0,0,0.035914904,0.002831062,0,0,0.922722889,2,15.82,8.943641217,-6.5283
2025,12,3,23,20,IMG_0122,0,0,0,0.004,0.003,0,0,0.994,0,0,0,0.00282346,0.002281588,0,0,0.941322701,3,15.77,8.930040918,-6.6192
2025,12,3,23,30,IMG_0123,0,0,0,0.003,0.003,0,0,0.994,0,0,0,0.002711959,0.002317593,0,0,0.945694373,3,15.75,8.845464883,-6.53
2025,12,3,23,40,IMG_0124,0,0,0,0.008,0.003,0,0,0.989,0,0,0,0.007171154,0.002091023,0,0,0.942212305,3,15.69,8.709139743,-6.4613
2025,12,3,23,50,IMG_0125,0,0,0,0.006,0.003,0,0,0.991,0,0,0,0.00495646,0.002492338,0,0,0.94131896,3,15.59,8.571503097,-6.427
2025,12,4,0,0,IMG_0126,0,0,0,0.009,0.003,0,0,0.989,0,0,0,0.00753267,0.002063597,0,0,0.942246327,3,15.47,8.476367182,-6.4624
2025,12,4,0,10,IMG_0127,0,0,0,0.002,0.002,0,0,0.996,0,0,0,0.001228966,0.001933534,0,0,0.945480649,3,15.4,8.531024667,-6.6435
2025,12,4,0,20,IMG_0128,0,0,0,0.003,0.003,0,0,0.994,0,0,0,0.002271928,0.002646409,0,0,0.933519689,3,15.36,8.358377969,-6.9472
2025,12,4,0,30,IMG_0129,0,0,0,0.005,0.003,0,0,0.992,0,0,0,0.003777194,0.002471687,0,0,0.930395455,3,15.31,8.326495665,-7.0587
2025,12,4,0,40,IMG_0130,0,0,0,0.005,0.003,0,0,0.992,0,0,0,0.004420688,0.002185705,0,0,0.921642601,3,15.29,8.23681735,-7.0572
2025,12,4,0,50,IMG_0131,0,0,0,0.003,0.003,0,0,0.994,0,0,0,0.002237695,0.002412447,0,0,0.92509559,3,15.27,8.325818575,-7.0289
2025,12,4,1,0,IMG_0132,0,0,0,0.003,0.003,0,0,0.995,0,0,0,0.002013371,0.00194402,0,0,0.926343975,3,15.22,8.418736094,-6.8586
2025,12,4,1,10,IMG_0133,0,0,0,0.03,0.005,0,0,0.966,0,0,0,0.025501187,0.00343155,0,0,0.887815918,2,15.19,8.47080321,-7.3213
2025,12,4,1,20,IMG_0134,0,0,0,0.012,0.003,0,0,0.985,0,0,0,0.009714393,0.002020147,0,0,0.894020613,3,15.14,8.496773926,-7.6308
2025,12,4,1,30,IMG_0135,0,0,0,0.007,0.004,0,0,0.989,0,0,0,0.00568922,0.002497964,0,0,0.88705797,2,15.18,8.469538952,-7.8443
2025,12,4,1,40,IMG_0136,0,0,0,0.01,0.005,0,0,0.986,0,0,0,0.007765775,0.003313717,0,0,0.872723212,2,15.34,8.3586952,-7.9752
2025,12,4,1,50,IMG_0137,0,0,0,0.014,0.004,0,0,0.982,0,0,0,0.010712613,0.002626202,0,8.19E-06,0.860196725,2,15.36,8.400294298,-8.1727
2025,12,4,2,0,IMG_0138,0,0,0,0.027,0.005,0,0,0.968,0,0,0,0.021566474,0.003411516,0,0,0.841371019,2,15.32,8.429559836,-8.146
2025,12,4,2,10,IMG_0139,0,0,0,0.019,0.004,0,0,0.977,0,0,0,0.013895553,0.002663762,0,3.61E-05,0.850942511,3,15.26,8.404083581,-7.8751
2025,12,4,2,20,IMG_0140,0,0,0,0.014,0.005,0,0,0.98,0,0,0,0.010609413,0.003408924,0,0,0.841475068,2,15.36,8.324320952,-8.2648
2025,12,4,2,30,IMG_0141,0,0,0,0.119,0.007,0,0,0.874,0,0,0,0.095803966,0.004385074,0,0,0.744774407,2,15.46,8.228737321,-9.0587
2025,12,4,2,40,IMG_0142,0,0,0,0.014,0.006,0,0,0.981,0,0,0,0.010206475,0.003760517,0,0,0.84026875,2,15.55,8.261869018,-8.0324
2025,12,4,2,50,IMG_0143,0,0,0,0.038,0.007,0,0,0.955,0,0,0,0.030918765,0.005079011,0,0,0.825837282,2,15.49,8.307105418,-8.0613
2025,12,4,3,0,IMG_0144,0,0,0,0.054,0.009,0,0,0.937,0,0,0,0.043445425,0.006069358,0,0,0.791751773,3,15.45,8.236914759,-7.9365
2025,12,4,3,10,IMG_0145,0,0,0,0.064,0.008,0,0,0.928,0,0,0,0.049789401,0.005868036,0,0,0.773515715,2,15.49,8.329549918,-8.2521
2025,12,4,3,20,IMG_0146,0,0,0,0.095,0.028,0,0,0.877,0,0,0,0.075085021,0.021121327,0,0,0.730876578,3,15.6,8.24442589,-8.5053
2025,12,4,3,30,IMG_0147,0,0,0,0.407,0.065,0,0,0.528,0,0,0,0.338492233,0.048723723,0,0,0.452308902,2,15.67,8.275475397,-8.1364
2025,12,4,19,30,IMG_0148,0,0,0,0.004,0.941,0,0,0.055,0,0,0,0.003723633,0.88867373,0,0,0.052527749,2,17.67,10.05376565,-11.4468
2025,12,4,19,40,IMG_0149,0,0,0,0,0.988,0,0,0.012,0,0,0,0.000334533,0.94317838,0,0,0.011238544,3,17.74,9.956749958,-10.6385
2025,12,4,19,50,IMG_0150,0,0,0,0,0.991,0,0,0.008,0,0,0,3.23E-05,0.957841399,0,0,0.008323821,2,17.83,9.969257649,-11.0598
2025,12,4,20,0,IMG_0151,0,0,0,0,0.999,0,0,0,0,0,0,0.000244599,0.946338379,0,0,0.000265219,2,17.91,9.926771348,-12.9187
2025,12,4,20,10,IMG_0152,0,0,0,0,0.992,0,0,0.008,0,0,0,0.000306904,0.941491121,0,0,0.007398039,2,17.93,9.889674945,-11.286
2025,12,4,20,20,IMG_0153,0,0,0,0.001,0.999,0,0,0,0,0,0,0.00052337,0.952622281,0,0,0,2,17.83,9.826405481,-10.1823
2025,12,4,20,30,IMG_0154,0,0,0,0,0.999,0,0,0.001,0,0,0,8.77E-05,0.952337357,0,0,0.000780394,2,17.84,9.842904428,-9.6104
2025,12,4,20,40,IMG_0155,0,0,0,0,0.999,0.001,0,0,0,0,0,0,0.93745139,0.000694877,2.62E-06,0,2,17.84,9.894605147,-9.8898
2025,12,4,20,50,IMG_0156,0,0,0,0.001,0.998,0.001,0,0,0,0,0,0.000686366,0.935068818,0.001062049,0,0,3,17.88,9.983744972,-12.4045
2025,12,4,21,0,IMG_0157,0,0,0,0.021,0.968,0.011,0,0,0,0,0,0.017192623,0.875869539,0.009848347,2.43E-05,0,2,17.83,10.04980196,-13.2863
2025,12,4,21,10,IMG_0158,0,0,0,0.035,0.965,0,0,0,0,0,0,0.028182294,0.882848114,0.000104252,2.77E-06,6.33E-05,2,17.83,10.23064672,-11.8312
2025,12,4,21,20,IMG_0159,0,0,0,0.014,0.985,0.001,0,0,0,0,0,0.011623009,0.917718938,0.000628268,5.38E-05,0,2,17.73,10.38286953,-10.7991
2025,12,4,21,30,IMG_0160,0,0,0,0.001,0.999,0,0,0,0,0,0,0.000804642,0.945460795,0,0,0,2,17.68,10.62006162,-9.153
2025,12,4,21,40,IMG_0161,0,0,0,0.002,0.998,0,0,0,0,0,0,0.001373287,0.930842526,0.000358308,3.13E-05,0,2,17.63,10.66952687,-10.1053
2025,12,4,21,50,IMG_0162,0,0,0,0.019,0.963,0.017,0.001,0,0,0,0,0.013505934,0.886491031,0.014505326,0.000568382,0,2,17.65,10.55446806,-9.8818
2025,12,4,22,0,IMG_0163,0.049,0,0,0.105,0.517,0.326,0.003,0,0.014079612,0,0,0.078351097,0.456091895,0.287313169,0.001921424,0,2,17.69,10.49075978,-11.3389
2025,12,4,22,10,IMG_0164,0.004,0,0.012,0.298,0.641,0.041,0.003,0,0.001194674,0,0.008455146,0.207994231,0.485901645,0.031329124,0.002190002,0,2,17.64,10.43848491,-14.5365
2025,12,4,22,20,IMG_0165,0,0,0.001,0.024,0.975,0,0,0,0,0,0.00080794,0.017118682,0.855753561,0.000109675,0.000282129,0,2,17.63,10.38570695,-11.5232
2025,12,4,22,30,IMG_0166,0,0,0,0.018,0.975,0,0,0.007,0,0,0,0.014364866,0.899702907,0,1.95E-05,0.006475947,2,17.6,10.36863207,-9.8723
2025,12,4,22,40,IMG_0167,0,0,0,0.125,0.782,0,0,0.094,0,0,0,0.110816248,0.730660494,0,0,0.088092007,2,17.66,10.31254236,-10.0996
2025,12,4,22,50,IMG_0168,0,0,0,0.026,0.968,0,0,0.005,0,0,0,0.02143768,0.89440655,0,1.66E-05,0.004674392,2,17.64,10.31076486,-11.4407
2025,12,4,23,0,IMG_0169,0,0,0,0.106,0.892,0,0,0.001,0,0,0,0.092346402,0.831446109,0,0,0.001189198,2,17.65,10.26128839,-10.9139
2025,12,4,23,10,IMG_0170,0,0,0,0.176,0.815,0,0,0.009,0,0,0,0.154785892,0.747530311,0,9.37E-05,0.008411223,2,17.64,10.27470272,-10.1841
2025,12,4,23,20,IMG_0171,0,0,0,0.095,0.886,0,0,0.019,0,0,0,0.081313957,0.795203591,4.01E-05,0.00010785,0.017749842,2,17.69,10.26017707,-10.9261
2025,12,4,23,30,IMG_0172,0,0,0,0.012,0.986,0.001,0.001,0,0,0,0,0.008749527,0.894552194,0.001112365,0.00029665,0,2,17.68,10.30677658,-11.3204
2025,12,4,23,40,IMG_0173,0,0,0,0.032,0.967,0,0,0.001,0,0,0,0.024014423,0.881326007,0,1.32E-05,0.000649715,2,17.68,10.19682558,-12.2042
2025,12,4,23,50,IMG_0174,0,0,0,0.013,0.987,0,0,0,0,0,0,0.009641722,0.886480544,9.02E-05,0.000109473,6.10E-06,2,17.64,10.32128298,-13.7213
2025,12,5,0,0,IMG_0175,0.001,0,0,0.045,0.943,0.01,0.001,0,0.000236734,0,0,0.031587718,0.832649474,0.008075714,0.0004362,0,2,17.5,10.33820997,-14.5784
2025,12,5,0,10,IMG_0176,0.001,0,0,0.021,0.966,0.011,0.001,0,0.000273437,0,0,0.014970921,0.843225601,0.00901386,0.000271109,0,2,17.55,10.30485529,-15.7539
2025,12,5,0,20,IMG_0177,0,0,0,0.036,0.963,0,0.001,0,0,0,0,0.026704492,0.831116549,5.99E-05,0.000300218,0,2,17.51,10.28027374,-14.491
2025,12,5,0,30,IMG_0178,0,0,0,0.155,0.844,0,0.001,0,4.68E-05,0,0,0.113226014,0.7301561,0.000100954,0.000251022,0,2,17.5,10.35013065,-14.2273
2025,12,5,0,40,IMG_0179,0,0,0,0.085,0.913,0.001,0.001,0,0,0,8.31E-05,0.055055056,0.78901392,0.000731701,0.000422175,0,2,17.54,10.44060171,-15.8734
2025,12,5,0,50,IMG_0180,0,0,0,0.12,0.871,0.007,0.002,0,8.65E-05,0,0,0.073903508,0.718457918,0.005089821,0.000963131,0,2,17.51,10.49050124,-16.6435
2025,12,5,1,0,IMG_0181,0.017,0,0,0.189,0.729,0.06,0.005,0,0.005691872,0,0,0.113007249,0.5704955,0.043150864,0.003014911,0,1,17.45,10.50496969,-18.4344
2025,12,5,1,10,IMG_0182,0.116,0.004,0.145,0.213,0.076,0.121,0.325,0,0.049859863,0.002213161,0.086488792,0.119247679,0.052685945,0.084623099,0.224458519,0,1,17.41,10.51397916,-16.7196
2025,12,5,1,20,IMG_0183,0.054,0,0.007,0.168,0.276,0.064,0.432,0,0.020636433,0,0.004400188,0.097427351,0.192825608,0.044952689,0.292971665,0,2,17.32,10.5283178,-18.745
2025,12,5,1,30,IMG_0184,0.001,0,0,0.164,0.825,0.007,0.002,0,0.000520275,0,0,0.096933827,0.571021312,0.004755371,0.001311155,0,2,17.35,10.57528129,-23.4857
2025,12,5,1,40,IMG_0185,0.001,0,0.005,0.146,0.84,0,0.008,0,0.000495027,0,0.003109653,0.083813574,0.586195328,0.000189213,0.004909029,0,2,17.19,10.53303802,-25.6135
2025,12,5,1,50,IMG_0186,0.024,0,0,0.124,0.848,0,0.004,0,0.012320508,0,0.000129056,0.063865888,0.599392443,0.000168269,0.002672273,0,2,17.11,10.52782305,-26.9556
2025,12,5,2,0,IMG_0187,0,0,0.004,0.05,0.945,0,0.001,0,0,0,0.002766752,0.034222934,0.699634623,0,0.000496206,0,2,17.18,10.47556924,-26.1988
2025,12,5,2,10,IMG_0188,0,0,0.002,0.27,0.727,0,0.001,0,3.17E-05,0,0.000904597,0.147236929,0.499353463,0,0.000489986,0,2,17.14,10.48259092,-26.9266
2025,12,5,2,20,IMG_0189,0.132,0,0.001,0.295,0.542,0.025,0.005,0,0.071339731,0,0.000348265,0.15745649,0.382030131,0.015847506,0.002811704,0,2,17.1,10.46041397,-27.4298
2025,12,5,2,30,IMG_0190,0.004,0,0,0.184,0.806,0.004,0.003,0,0.001690325,0,0.000257324,0.097476405,0.566439243,0.002281445,0.001258864,0,1,17.07,10.49681319,-26.6636
2025,12,5,2,40,IMG_0191,0.083,0,0.002,0.088,0.816,0.003,0.008,0,0.045375511,0,0.001198948,0.050298625,0.567714874,0.001466992,0.004739701,0,2,17.01,10.47794226,-21.4406
2025,12,5,2,50,IMG_0192,0,0,0,0.088,0.909,0,0.003,0,0,0,0.000148648,0.051686523,0.646626074,0,0.001417593,0,2,17.01,10.46926008,-15.9711
2025,12,5,3,0,IMG_0193,0.001,0,0,0.169,0.829,0,0.001,0,0.000427509,0,2.08E-05,0.091236155,0.605653726,8.64E-05,0.0002955,6.73E-05,2,17.05,10.45958079,-20.1373
2025,12,5,3,10,IMG_0194,0,0,0,0.149,0.85,0,0.001,0,0,0,0,0.108157136,0.672238401,0,0.000513236,0,2,17.12,10.43799587,-17.9021
2025,12,5,3,20,IMG_0195,0,0,0,0.092,0.791,0,0,0.117,0,0,0,0.0691859,0.651371845,0,0.000205386,0.095974264,2,17.18,10.43609947,-14.1822
2025,12,5,3,30,IMG_0196,0,0,0,0.013,0.986,0,0,0,0,0,0,0.008599144,0.799057227,3.33E-05,3.06E-05,0,2,17.29,10.44616827,-11.0268
2025,12,5,19,30,IMG_0197,0,0,0,0.004,0.994,0,0.002,0,0,0,0,0.002665144,0.760886418,0,0.001360209,0,2,17.2,11.54044435,-16.3199
2025,12,5,19,40,IMG_0198,0,0,0.001,0.002,0.994,0.002,0,0,0,0,0.001036508,0.001814461,0.900186388,0.001585036,4.59E-05,0,2,17.18,11.59534122,-9.6187
2025,12,5,19,50,IMG_0199,0,0,0,0,1,0,0,0,0,0,0,0.0002372,0.927825023,0,0,0,2,17.19,11.66079421,-8.549
2025,12,5,20,0,IMG_0200,0,0,0,0.001,0.999,0,0,0,0,0,0,0.00046893,0.836896973,0,5.66E-05,0,2,17.18,11.67720445,-14.0572
2025,12,5,20,10,IMG_0201,0,0,0.001,0.009,0.989,0,0,0,0,0,0.000825173,0.007807813,0.879906971,0,6.30E-05,0,2,17.13,11.74723063,-12.7126
2025,12,5,20,20,IMG_0202,0,0,0,0.848,0.023,0,0,0.129,0,0,6.27E-06,0.77978925,0.019644697,0,0,0.125599226,3,17.14,11.76885208,-9.8636
2025,12,5,20,30,IMG_0203,0,0,0,0.017,0.978,0,0,0.005,0,0,0,0.014209473,0.849268622,0,7.52E-05,0.004040227,2,17.19,11.81876784,-10.2818
2025,12,5,20,40,IMG_0204,0,0,0,0.083,0.915,0.001,0.001,0,1.74E-05,0,1.07E-05,0.051759165,0.712628884,0.000875781,0.000484803,0,1,17.14,11.84176937,-22.7567
2025,12,5,20,50,IMG_0205,0,0,0,0.01,0.99,0,0,0,0,0,0,0.007385464,0.859217661,0,0.000113296,0,2,17.04,11.84351292,-17.803
2025,12,5,21,0,IMG_0206,0,0,0,0.05,0.95,0,0,0,0,0,0,0.03581872,0.822628643,6.10E-05,0.000136629,0,2,17.01,11.86564377,-17.1664
2025,12,5,21,10,IMG_0207,0,0,0,0.013,0.987,0,0,0,0,0,0,0.008824887,0.85144508,0,0.000104988,0.000114363,2,17.01,11.88011407,-16.3938
2025,12,5,21,20,IMG_0208,0,0,0,0.009,0.99,0,0,0.001,0,0,0,0.006840565,0.888902329,0,4.69E-05,0.001164776,2,17,11.9308399,-15.102
2025,12,5,21,30,IMG_0209,0,0,0,0.01,0.99,0,0,0,0,0,0,0.007599775,0.866239453,0,0.000114566,1.97E-05,2,16.96,11.88782871,-15.6651
2025,12,5,21,40,IMG_0210,0,0,0,0.004,0.996,0,0,0,0,0,0,0.003057189,0.896053598,0,8.26E-05,0.000144877,2,16.96,11.94553662,-15.2043
2025,12,5,21,50,IMG_0211,0,0,0,0.014,0.986,0,0,0,0,0,0,0.009684202,0.854902344,0,0.000106107,0,2,16.97,11.93826743,-15.5927
2025,12,5,22,0,IMG_0212,0,0,0,0.051,0.948,0.001,0,0,0,0,0,0.035806145,0.814005589,0.000745343,0.000195373,0,2,16.95,11.92395558,-16.5653
2025,12,5,22,10,IMG_0213,0,0,0,0.045,0.953,0.002,0,0,0,0,0,0.032466917,0.824741001,0.001354785,0.000140137,0,2,16.97,11.96713869,-16.5142
2025,12,5,22,20,IMG_0214,0,0,0,0.006,0.994,0,0,0,0,0,0,0.004432677,0.874724324,0,1.97E-05,0,2,16.94,12.00326332,-14.9291
2025,12,5,22,30,IMG_0215,0,0,0,0.071,0.925,0.004,0.001,0,0,0,0,0.047920853,0.773622799,0.003517157,0.000243773,0,2,16.95,11.99604721,-18.3464
2025,12,5,22,40,IMG_0216,0,0,0,0.034,0.937,0.028,0.001,0,0.000110119,0,0,0.023290941,0.761684758,0.022030777,0.000351179,0,2,16.91,12.01044671,-17.9418
2025,12,5,22,50,IMG_0217,0.001,0,0,0.11,0.824,0.064,0.001,0,0.00031851,0,0,0.070759187,0.653924895,0.048389513,0.000404853,0,2,16.93,11.99606486,-19.7767
2025,12,5,23,0,IMG_0218,0,0,0,0.028,0.95,0.02,0.001,0,4.06E-05,0,0,0.016696627,0.711246642,0.014719817,0.000707752,0,2,16.93,12.05366901,-21.1644
2025,12,5,23,10,IMG_0219,0,0,0,0,1,0,0,0,0,0,0,2.45E-05,0.893408661,0,4.92E-05,0,2,16.92,12.03204735,-13.853
2025,12,5,23,20,IMG_0220,0,0,0,0.002,0.998,0,0,0,0,0,0,0.001049474,0.883633428,0,0,9.15E-05,2,17,11.97422477,-12.2161
2025,12,5,23,30,IMG_0221,0,0,0,0.006,0.005,0,0,0.989,0,0,0,0.005150443,0.00375,0,0,0.91783898,2,17.09,11.98083245,-6.2858
2025,12,5,23,40,IMG_0222,0,0,0,0.004,0.007,0,0,0.99,0,0,0,0.003004072,0.005530965,0,0,0.922036644,2,17.16,12.0165715,-7.5239
2025,12,5,23,50,IMG_0223,0,0,0,0,0.537,0,0,0.463,0,0,0,3.73E-05,0.472189799,0,0,0.433860825,2,17.14,11.98760397,-13.6741
2025,12,6,0,0,IMG_0224,0,0,0,0.003,0.007,0,0,0.99,0,0,0,0.002696079,0.00597002,0,0,0.931144712,2,17.14,11.94385359,-6.4216
2025,12,6,0,10,IMG_0225,0,0,0,0,1,0,0,0,0,0,0,0,0.865659262,0,0,0,2,17.13,11.834679,-11.8814
2025,12,6,0,20,IMG_0226,0,0,0,0,0.995,0,0.004,0,6.59E-05,0,5.66E-05,0.000229958,0.666418773,0.000117691,0.002441023,0,2,17.09,11.79181446,-24.474
2025,12,6,0,30,IMG_0227,0,0,0,0,0.999,0,0,0,0,0,1.60E-05,0.000125083,0.794895155,0,0.000158368,0,2,16.94,11.74388909,-21.8662
2025,12,6,0,40,IMG_0228,0.003,0,0.012,0.034,0.918,0.001,0.033,0,0.001221544,0,0.007690272,0.019810697,0.643638529,0.000358954,0.019185667,0,2,17,11.78622366,-21.4916
2025,12,6,0,50,IMG_0229,0,0,0,0.078,0.907,0.013,0.002,0,9.54E-05,0,0,0.041065385,0.636140941,0.009693217,0.000904124,0,2,16.94,11.75829877,-22.1741
2025,12,6,1,0,IMG_0230,0,0,0,0.001,0.999,0,0,0,0,0,0,0.000509225,0.731927351,0,0.000110352,0,2,16.97,11.86608927,-18.3118
2025,12,6,1,10,IMG_0231,0.033,0,0,0.415,0.276,0.241,0.034,0,0.015350323,0,0,0.216969501,0.162476525,0.150091526,0.020528583,0,2,16.9,11.8882411,-27.7392
2025,12,6,1,20,IMG_0232,0.048,0,0.007,0.281,0.336,0.025,0.303,0,0.024671094,0,0.003648422,0.153636614,0.206374902,0.01718149,0.187852975,0,1,16.92,12.01765495,-28.5084
2025,12,6,1,30,IMG_0233,0.151,0,0.001,0.263,0.066,0.194,0.325,0,0.069205814,0,0.000544434,0.144024354,0.040871777,0.132699144,0.19871259,0,1,16.82,12.13172286,-27.8002
2025,12,6,1,40,IMG_0234,0.231,0,0.002,0.382,0.025,0.324,0.036,0,0.11754369,0,0.000933083,0.205153425,0.014859691,0.192315264,0.020773678,0,1,16.79,12.19557014,-28.7839
2025,12,6,1,50,IMG_0235,0.171,0,0,0.269,0.031,0.519,0.01,0,0.087155919,0,0,0.148402975,0.018478538,0.318300428,0.005031641,0,1,16.74,12.17323354,-28.4723
2025,12,6,2,0,IMG_0236,0.177,0,0,0.208,0.039,0.567,0.009,0,0.086350015,0,0,0.111155529,0.021968029,0.359103298,0.004754815,0,1,16.67,12.05124008,-27.813
2025,12,6,2,10,IMG_0237,0.342,0,0,0.154,0.046,0.417,0.04,0,0.177507835,0,0,0.08161084,0.026263642,0.256147483,0.022167465,0,1,16.6,12.05709387,-28.6074
2025,12,6,2,20,IMG_0238,0.205,0,0,0.179,0.056,0.375,0.186,0,0.107631648,0,0,0.096720485,0.03175646,0.223880176,0.105536831,0,1,16.59,12.00751396,-28.5199
2025,12,6,2,30,IMG_0239,0.423,0,0,0.107,0.026,0.254,0.189,0,0.224787162,0,8.96E-05,0.058764581,0.01529061,0.143602201,0.108978305,0,1,16.54,11.99958157,-30.0918
2025,12,6,2,40,IMG_0240,0.34,0,0,0.168,0.061,0.334,0.098,0,0.179516256,0,0,0.088340317,0.03346416,0.196237305,0.054113845,0,1,16.6,12.01473874,-29.5121
2025,12,6,2,50,IMG_0241,0.23,0,0.001,0.077,0.078,0.071,0.542,0,0.127987342,0,0.000685892,0.041474121,0.045344494,0.042633774,0.306098821,0,1,16.59,11.96518429,-28.5457
2025,12,6,3,0,IMG_0242,0.287,0,0,0.108,0.025,0.572,0.008,0,0.150718855,0,0,0.056655386,0.014193945,0.329251187,0.003977569,0,2,16.59,11.99340407,-26.7303
2025,12,6,3,10,IMG_0243,0.239,0,0,0.153,0.005,0.6,0.004,0,0.128008519,0,0,0.080534383,0.002717849,0.328250233,0.00158424,0,1,16.64,12.07198041,-27.3631
2025,12,6,3,20,IMG_0244,0.409,0,0,0.141,0.006,0.433,0.011,0,0.224426465,0,0,0.072706182,0.003660119,0.234042909,0.005572416,0,1,16.64,12.08613279,-26.3934
2025,12,6,3,30,IMG_0245,0.503,0,0,0.076,0.044,0.351,0.025,0,0.276550744,0,0,0.037228478,0.025240798,0.193914941,0.013423212,0,1,16.69,12.09412682,-28.9983
2025,12,6,19,30,IMG_0246,0.715,0,0.008,0.278,0,0,0,0,0.396197003,0,0.003624684,0.154498167,0,0,0,0,1,19.63,12.67646067,-31.4397
2025,12,6,19,40,IMG_0247,0.691,0,0.008,0.299,0,0,0.001,0,0.377580364,0,0.004051863,0.169149872,0,0,0.000525691,0,1,19.56,12.72881707,-31.0521
2025,12,6,19,50,IMG_0248,0.758,0,0.011,0.231,0,0,0,0,0.397760066,0,0.005444208,0.13422355,0,0,0,0,1,19.56,12.74733539,-31.5921
2025,12,6,20,0,IMG_0249,0.742,0,0.004,0.249,0,0,0.006,0,0.395863379,5.12E-06,0.001697919,0.14317829,0,0,0.00288762,0,1,19.55,12.79368677,-31.2602
2025,12,6,20,10,IMG_0250,0.798,0,0.011,0.191,0,0,0,0,0.413217233,0,0.005557039,0.11211845,0,0,0,0,1,19.64,12.80907174,-31.6753
2025,12,6,20,20,IMG_0251,0.756,0,0.006,0.235,0,0,0.003,0,0.406160915,0,0.003265257,0.134972604,0,0,0.001355844,0,1,19.62,12.85316556,-31.0055
2025,12,6,20,30,IMG_0252,0.679,0,0.008,0.312,0,0,0,0,0.372734465,0,0.00402482,0.17662669,0,0,0,0,1,19.6,12.85832462,-31.2738
2025,12,6,20,40,IMG_0253,0.755,0,0.006,0.235,0,0,0.004,0,0.406701367,0,0.003098077,0.135389243,3.65E-06,0,0.001974632,0,1,19.6,12.89713584,-30.6827
2025,12,6,20,50,IMG_0254,0.73,0,0.008,0.261,0,0,0,0,0.404960464,0,0.003893727,0.146695065,0,0,0,0,1,19.7,12.87633806,-31.3121
2025,12,6,21,0,IMG_0255,0.8,0,0.011,0.189,0,0,0,0,0.437996943,0,0.005015963,0.108040986,0,0,0,0,1,19.7,12.89670664,-30.6347
2025,12,6,21,10,IMG_0256,0.831,0,0.012,0.157,0,0,0,0,0.455863266,0,0.005299684,0.089104748,0,0,0,0,1,19.64,12.88518534,-30.2348
2025,12,6,21,20,IMG_0257,0.749,0,0.011,0.239,0,0,0.001,0,0.42806087,0,0.005057767,0.131812282,0,0,0.000456528,0,1,19.65,12.8775222,-31.0666
2025,12,6,21,30,IMG_0258,0.819,0,0.004,0.172,0,0,0.005,0,0.452682084,0,0.001833053,0.097613679,0,0,0.002516406,0,1,19.64,12.90886512,-30.3219
2025,12,6,21,40,IMG_0259,0.78,0,0.011,0.209,0,0,0,0,0.440706986,0,0.004621274,0.115879109,0,0,0,0,1,19.74,12.97635641,-30.3629
2025,12,6,21,50,IMG_0260,0.793,0,0.013,0.194,0,0,0,0,0.441517225,0,0.005803846,0.109087124,0,0,0,0,1,19.74,12.97295366,-29.8531
2025,12,6,22,0,IMG_0261,0.767,0,0.008,0.225,0,0,0,0,0.441847544,0,0.003486756,0.12238605,0,0,0,0,1,19.69,12.97904721,-30.0355
2025,12,6,22,10,IMG_0262,0.825,0,0.012,0.163,0,0,0,0,0.470152389,0,0.005036997,0.088649219,0,0,0,0,1,19.7,13.02061551,-30.2626
2025,12,6,22,20,IMG_0263,0.742,0,0.007,0.251,0,0,0,0,0.45233889,0,0.002952456,0.128225541,0,0,0,0,1,19.72,13.08858897,-30.0905
2025,12,6,22,30,IMG_0264,0.787,0,0.01,0.203,0,0,0,0,0.464361215,0,0.0044503,0.106641624,0,0,0,0,1,19.72,13.06309834,-29.8663
2025,12,6,22,40,IMG_0265,0.765,0,0.008,0.227,0,0,0,0,0.461598175,0,0.003041369,0.115626735,0,0,0,0,1,19.67,13.08242516,-30.6449
2025,12,6,22,50,IMG_0266,0.792,0,0.012,0.196,0,0,0,0,0.465019974,0,0.005030251,0.102499001,0,0,0,0,1,19.61,13.12421039,-30.6116
2025,12,6,23,0,IMG_0267,0.759,0,0.005,0.234,0,0,0.002,0,0.463266106,0,0.002053433,0.11684819,2.20E-05,0,0.000980041,0,1,19.69,13.12154361,-30.2763
2025,12,6,23,10,IMG_0268,0.83,0,0.006,0.161,0,0,0.002,0,0.493730589,0,0.002346492,0.082744358,0,0,0.001016038,0,1,19.69,13.12663276,-30.6287
2025,12,6,23,20,IMG_0269,0.792,0,0.006,0.202,0,0,0,0,0.496570245,0,0.002200871,0.097806017,0,0,2.47E-06,0,1,19.75,13.13888813,-29.694
2025,12,6,23,30,IMG_0270,0.802,0,0.007,0.191,0,0,0,0,0.487645823,0,0.002646672,0.094135645,0,0,0,0,1,19.71,13.14714646,-29.8039
2025,12,6,23,40,IMG_0271,0.807,0,0.009,0.184,0,0,0,0,0.491268532,0,0.003489198,0.091233564,0,0,0,0,1,19.66,13.15433633,-29.746
2025,12,6,23,50,IMG_0272,0.823,0,0.007,0.17,0,0,0,0,0.499284766,0,0.00267811,0.084492157,0,0,0,0,1,19.8,13.18431126,-29.6866
2025,12,7,0,0,IMG_0273,0.825,0,0.009,0.166,0,0,0,0,0.505317894,0,0.003501337,0.081784292,0,0,0,0,1,19.7,13.19374845,-29.7996
2025,12,7,0,10,IMG_0274,0.839,0,0.009,0.152,0,0,0,0,0.520807204,0,0.003332212,0.073240242,0,0,0,0,1,19.76,13.22836071,-30.7292
2025,12,7,0,20,IMG_0275,0.859,0,0.006,0.135,0,0,0,0,0.534392383,0,0.002253072,0.064593788,0,0,0,0,1,19.75,13.23762556,-30.3189
2025,12,7,0,30,IMG_0276,0.828,0,0.007,0.165,0,0,0,0,0.519501555,0,0.002609383,0.077627502,0,0,0,0,1,19.69,13.23859422,-29.4364
2025,12,7,0,40,IMG_0277,0.796,0,0.008,0.196,0,0,0,0,0.499035487,0,0.002963739,0.092881227,0,0,0,0,1,19.68,13.2342159,-29.8391
2025,12,7,0,50,IMG_0278,0.907,0,0.007,0.084,0,0,0.002,0,0.553401239,0,0.002551052,0.040983428,0,0,0.000902855,0,1,19.66,13.29996879,-30.3814
2025,12,7,1,0,IMG_0279,0.853,0,0.008,0.139,0,0,0,0,0.53607687,0,0.002915047,0.065614423,0,0,0,0,1,19.61,13.28292334,-29.8581
2025,12,7,1,10,IMG_0280,0.824,0,0.007,0.169,0,0,0,0,0.52820027,0,0.002357069,0.077387169,0,0,8.73E-05,0,1,19.61,13.29643083,-30.1051
2025,12,7,1,20,IMG_0281,0.858,0,0.006,0.135,0,0,0,0,0.542876517,0,0.002178335,0.062992879,0,0,0,0,1,19.66,13.26948758,-30.2985
2025,12,7,1,30,IMG_0282,0.917,0,0.003,0.077,0,0,0.003,0,0.580728373,0,0.001057489,0.036150578,0,0,0.001136321,0,1,19.55,13.29002259,-29.2614
2025,12,7,1,40,IMG_0283,0.917,0,0.008,0.075,0,0,0,0,0.564159713,0,0.003020538,0.035344171,0,0,0,0,1,19.61,13.28630021,-29.7677
2025,12,7,1,50,IMG_0284,0.881,0,0.007,0.11,0,0,0.001,0,0.551387778,0,0.002759443,0.051965557,0,0,0.000430071,0,1,19.61,13.29811926,-30.1875
2025,12,7,2,0,IMG_0285,0.914,0,0.006,0.081,0,0,0,0,0.578349564,0,0.002003238,0.037386786,0,0,3.09E-06,0,1,19.61,13.25084307,-30.0833
2025,12,7,2,10,IMG_0286,0.922,0,0.006,0.072,0,0,0,0,0.582179192,0,0.002286336,0.032729928,0,0,0,0,1,19.53,13.29289655,-30.0069
2025,12,7,2,20,IMG_0287,0.93,0,0.004,0.063,0,0,0.003,0,0.574796026,0,0.001463815,0.02972512,1.08E-05,0,0.00125012,0,1,19.57,13.26859183,-30.4043
2025,12,7,2,30,IMG_0288,0.904,0,0.01,0.086,0,0,0,0,0.563727847,0,0.003804147,0.040155574,0,0,0.000108113,0,1,19.51,13.26552919,-29.411
2025,12,7,2,40,IMG_0289,0.928,0,0.007,0.065,0,0,0,0,0.601461959,0,0.002549226,0.028197791,0,0,0,0,1,19.56,13.24059599,-29.2746
2025,12,7,2,50,IMG_0290,0.887,0,0.01,0.103,0,0,0,0,0.55734381,0,0.003771447,0.048044343,0,0,0,0,1,19.52,13.23469987,-29.4245
2025,12,7,3,0,IMG_0291,0.835,0,0.005,0.16,0,0,0,0,0.539297055,0,0.001633909,0.072674309,0,0,0,0,1,19.55,13.23113529,-29.4269
2025,12,7,3,10,IMG_0292,0.87,0,0.006,0.124,0,0,0.001,0,0.564191556,0,0.002028095,0.056425984,0,0,0.000423678,0,1,19.56,13.24059599,-29.2881
2025,12,7,3,20,IMG_0293,0.885,0,0.007,0.108,0,0,0,0,0.552755228,0,0.002503861,0.050306671,0,0,0,0,1,19.53,13.27441085,-29.6885
2025,12,7,3,30,IMG_0294,0.84,0,0.005,0.154,0,0,0,0,0.540671342,0,0.001967676,0.070766429,0,0,0,0,1,19.6,13.239687,-29.8899
2025,12,7,19,30,IMG_0295,0.608,0,0.007,0.384,0,0,0,0,0.368344937,0,0.003116106,0.196575135,0,0,0,0,1,21.09,11.42436161,-29.4988
2025,12,7,19,40,IMG_0296,0.599,0,0.006,0.395,0,0,0,0,0.362470455,0,0.002533173,0.201959901,0,0,1.49E-05,0,1,21.09,11.47590562,-27.5549
2025,12,7,19,50,IMG_0297,0.576,0,0.006,0.417,0,0,0,0,0.343627096,0,0.002607437,0.215928193,0,0,0.000185329,0,1,20.9,11.43548167,-26.5834
2025,12,7,20,0,IMG_0298,0.557,0,0.007,0.436,0,0,0,0,0.331119441,0,0.002986546,0.22821105,0,0,0,0,1,20.72,11.46767436,-25.2789
2025,12,7,20,10,IMG_0299,0.535,0,0,0.345,0.001,0.108,0.012,0,0.315384998,0,0,0.173341113,0.000360164,0.063606535,0.006984968,0,1,20.64,11.53630651,-25.5286
2025,12,7,20,20,IMG_0300,0.454,0,0.001,0.417,0.001,0.123,0.004,0,0.263436997,0,0.000541985,0.211999084,0.000364025,0.077352411,0.002007181,0,1,20.29,11.55261677,-25.1366
2025,12,7,20,30,IMG_0301,0.457,0,0.003,0.427,0.033,0.075,0.005,0,0.27275785,0,0.001980732,0.222400691,0.022364581,0.049242082,0.002764483,0,1,20.02,11.54629936,-25.8278
2025,12,7,20,40,IMG_0302,0.316,0,0,0.217,0.25,0.213,0.002,0,0.186662515,0,0.000357039,0.109914213,0.164325068,0.127099534,0.000988048,0,1,20.11,11.58641623,-25.3696
2025,12,7,20,50,IMG_0303,0.225,0,0.003,0.175,0.589,0.005,0.002,0,0.13351851,0,0.002102246,0.1154798,0.423094862,0.002523888,0.000718532,0,1,20.03,11.57901931,-25.0204
2025,12,7,21,0,IMG_0304,0.01,0,0.001,0.017,0.97,0,0.002,0,0.006669907,0,0.001042698,0.00897159,0.73837204,0,0.00080175,0,2,20.03,11.68804311,-19.6537
2025,12,7,21,10,IMG_0305,0,0,0,0.01,0.989,0,0.001,0,0,0,0,0.00645954,0.791949557,0,0.000429627,0,2,20.12,11.69931705,-17.758
2025,12,7,21,20,IMG_0306,0,0,0,0.006,0.993,0,0,0,0,0,0,0.003661035,0.784626487,0,9.19E-05,9.65E-05,2,20.24,11.77819639,-15.1857
2025,12,7,21,30,IMG_0307,0,0,0,0.001,0.949,0,0,0.05,0,0,0,0.000713319,0.821120117,0,1.21E-05,0.043683038,3,20.34,11.92298607,-9.5208
2025,12,7,21,40,IMG_0308,0,0,0,0.003,0.987,0,0,0.01,0,0,0,0.001892353,0.83948276,0,1.99E-05,0.008322874,2,20.52,11.91711773,-9.1991
2025,12,7,21,50,IMG_0309,0,0,0,0,1,0,0,0,0,0,0,8.95E-06,0.830871928,0,7.88E-05,4.72E-05,2,20.49,11.99050078,-9.9634
2025,12,7,22,0,IMG_0310,0,0,0,0,1,0,0,0,0,0,0,0.00012965,0.83204218,0,5.16E-05,5.15E-05,2,20.38,12.00032409,-10.4959
2025,12,7,22,10,IMG_0311,0,0,0,0.006,0.992,0,0,0.002,0,0,0,0.003500398,0.806482076,0,4.00E-06,0.001714626,2,20.11,11.99847815,-11.2173
2025,12,7,22,20,IMG_0312,0,0,0,0.002,0.998,0,0,0,0,0,0,0.000903095,0.815664799,0,0.000100691,0,2,19.83,12.23090166,-13.2405
2025,12,7,22,30,IMG_0313,0.038,0,0,0.027,0.932,0.003,0.001,0,0.026503756,0,0,0.014028328,0.731329477,0.001244171,0.000201472,0,2,19.43,12.31614936,-18.3867
2025,12,7,22,40,IMG_0314,0.214,0,0,0.1,0.667,0.017,0.003,0,0.140590182,0,0,0.035185712,0.443717007,0.008062605,0.001117112,0,1,19.1,12.49690611,-21.6412
2025,12,7,22,50,IMG_0315,0.442,0,0,0.066,0.038,0.451,0.002,0,0.284667112,0,5.15E-06,0.027176307,0.022193247,0.274310306,0.00089399,0,1,18.7,12.35553544,-24.311
2025,12,7,23,0,IMG_0316,0.499,0,0,0.041,0,0.459,0.001,0,0.313900856,0,0,0.017498114,0.000230454,0.241742556,0.000404026,0,1,18.33,12.3240404,-24.9405
2025,12,7,23,10,IMG_0317,0.767,0,0,0.01,0.005,0.206,0.012,0,0.497304507,0,0.000106288,0.004504297,0.002275406,0.111255627,0.005260149,0,1,18.28,12.27504005,-26.8654
2025,12,7,23,20,IMG_0318,0.663,0,0.001,0.028,0.025,0.226,0.056,0,0.44273149,0,0.000347498,0.010998978,0.01330311,0.117905266,0.02831392,0,1,19.36,12.1357528,-28.0578
2025,12,7,23,30,IMG_0319,0.667,0,0,0.005,0,0.323,0.005,0,0.432593562,0,2.47E-05,0.001843157,5.32E-05,0.159905529,0.002028658,0,1,19.8,12.14623029,-28.3818
2025,12,7,23,40,IMG_0320,0.702,0,0,0.033,0.001,0.26,0.005,0,0.456268885,0,5.15E-06,0.014017751,0.000259916,0.116304913,0.001932797,0,1,19.48,12.09772837,-26.1191
2025,12,7,23,50,IMG_0321,0.54,0,0,0.059,0,0.395,0.005,0,0.341425901,0,1.18E-06,0.027236726,6.95E-05,0.154699812,0.002169561,0,1,19.57,12.04734909,-26.1258
2025,12,8,0,0,IMG_0322,0.698,0,0,0.08,0,0.214,0.008,0,0.457665204,0,5.19E-05,0.036444253,0,0.082678283,0.003279485,0,1,19.57,12.01365963,-28.1266
2025,12,8,0,10,IMG_0323,0.717,0,0.001,0.005,0,0.253,0.023,0,0.465868592,0,0.000504132,0.002297529,0.000142668,0.093294621,0.007051285,0,1,19.23,12.02504942,-28.1343
2025,12,8,0,20,IMG_0324,0.579,0,0.001,0.065,0.002,0.315,0.038,0,0.396614258,0,0.000396454,0.029287184,0.000899737,0.126139175,0.014168051,0,1,19.17,12.0369033,-28.6198
2025,12,8,0,30,IMG_0325,0.915,0,0.003,0.009,0,0.07,0.003,0,0.614457835,0,0.000972559,0.003440768,0,0.030958504,0.001068855,0,1,19.12,11.97358812,-30.301
2025,12,8,0,40,IMG_0326,0.959,0,0,0.02,0,0.017,0.003,0,0.641372611,0,9.83E-05,0.009012004,0,0.00757627,0.001245726,0,1,19.02,11.96676881,-29.264
2025,12,8,0,50,IMG_0327,0.97,0,0.005,0.024,0,0,0.001,0,0.657414566,0,0.001614055,0.009778884,0,0,0.000564431,0,1,19.33,11.74230908,-31.3111
2025,12,8,1,0,IMG_0328,0.964,0,0.004,0.017,0,0.014,0.002,0,0.653395373,0,0.001210554,0.006963552,0,0.006068773,0.000621026,0,1,19.38,11.683632,-31.522
2025,12,8,1,10,IMG_0329,0.973,0,0.004,0.023,0,0,0,0,0.654918457,0,0.001143066,0.008998753,0,0,1.93E-05,0,1,19.09,11.72808087,-29.0285
2025,12,8,1,20,IMG_0330,0.913,0,0.006,0.081,0,0,0,0,0.609391203,0,0.001990182,0.034318202,0,0,0,0,1,18.43,11.84929528,-28.0602
2025,12,8,1,30,IMG_0331,0.969,0,0.005,0.026,0,0,0,0,0.649425406,0,0.001656475,0.010429748,0,0,1.47E-05,0,1,17.83,11.9707077,-29.3845
2025,12,8,1,40,IMG_0332,0.942,0,0.004,0.054,0,0,0,0,0.632120395,0,0.001195711,0.023102997,0,0,0.000120312,0,1,17.63,12.10364344,-29.5231
2025,12,8,1,50,IMG_0333,0.938,0,0.004,0.055,0,0,0.002,0,0.625929425,0,0.001343532,0.023592097,0,0,0.000719178,0,1,17.28,12.25025235,-27.693
2025,12,8,2,0,IMG_0334,0.893,0,0.005,0.103,0,0,0,0,0.5968,0,0.001558173,0.044010449,0,0,0,0,1,17.13,12.24277137,-28.0493
2025,12,8,2,10,IMG_0335,0.898,0,0.006,0.096,0,0,0,0,0.61057639,0,0.001978726,0.039765152,0,0,0,0,1,16.87,12.18254123,-26.4553
2025,12,8,2,20,IMG_0336,0.951,0,0.003,0.044,0,0,0.002,0,0.637835922,0,0.001015392,0.018623355,0,0,0.000558744,0,1,17.87,13.23772505,-29.1215
2025,12,8,2,30,IMG_0337,0.887,0,0.005,0.108,0,0,0,0,0.596510592,0,0.001665813,0.045491669,0,0,0,0,1,18.01,13.16415318,-27.4445
2025,12,8,2,40,IMG_0338,0.942,0,0.005,0.053,0,0,0,0,0.641819178,0,0.001595786,0.021502374,0,0,0,0,1,17.64,12.96734198,-26.7476
2025,12,8,2,50,IMG_0339,0.897,0,0.001,0.095,0,0,0.007,0,0.604475541,0,0.000222919,0.040585322,0,8.65E-05,0.002433984,0,1,17.44,13.05098716,-29.0769
2025,12,8,3,0,IMG_0340,0,0,0,0.021,0.012,0,0,0.967,0,0,0,0.017881904,0.009955161,0,0,0.831198182,2,16.75,12.80738462,-7.5862
2025,12,8,3,10,IMG_0341,0,0,0,0.001,0.002,0,0,0.997,0,0,0,0.000507016,0.001649256,0,0,0.909333256,3,17.18,13.30277422,-4.3836
2025,12,8,3,20,IMG_0342,0,0,0,0.593,0.365,0,0,0.041,0,0,0,0.514808782,0.298016887,0,0,0.031904515,2,17.96,14.21242579,-7.2883
2025,12,8,3,30,IMG_0343,0,0,0,0.002,0.003,0,0,0.996,0,0,0,0.001229026,0.002144494,0,0,0.915552269,3,19.14,15.56974136,-4.5392
2025,12,8,19,30,IMG_0344,0.001,0,0,0.38,0.615,0.001,0.002,0.001,1.77E-05,0,0.000131475,0.373624947,0.614689536,0.000874219,0.002190685,0.001386276,2,18.93,12.76796847,-5.7736
2025,12,8,19,40,IMG_0345,0,0,0,0.503,0.49,0,0.001,0.006,0,0,0,0.49652989,0.490098896,0,0.0006359,0.005739949,2,18.87,12.55145978,-5.3889
2025,12,8,19,50,IMG_0346,0,0,0,0.522,0.448,0,0.023,0.007,0,0,0,0.514816143,0.447620072,0,0.02341576,0.007298385,2,18.73,12.50893401,-4.802
2025,12,8,20,0,IMG_0347,0.002,0,0.001,0.54,0.405,0,0.049,0.004,5.24E-05,0,0.000516977,0.533370478,0.404690828,0,0.048681828,0.00357213,2,18.7,12.5091595,-5.2418
2025,12,8,20,10,IMG_0348,0,0,0.001,0.745,0.241,0,0.012,0.002,0,0,0.00074369,0.738346822,0.240599962,0,0.011959135,0.001584067,2,18.65,12.54719531,-4.8432
2025,12,8,20,20,IMG_0349,0,0,0,0.704,0.287,0,0.009,0.001,0,0,0,0.697610119,0.286627103,0,0.008713942,0.001020072,2,18.5,12.63707764,-4.9004
2025,12,8,20,30,IMG_0350,0,0,0,0.646,0.155,0,0,0.199,0,0,0,0.634975699,0.15496745,0,0,0.199100383,2,18.37,12.75819101,-5.0883
2025,12,8,20,40,IMG_0351,0,0,0,0.718,0.021,0,0,0.261,0,0,0,0.701677216,0.020670102,0,0,0.261104147,3,18.47,12.67619744,-4.8384
2025,12,8,20,50,IMG_0352,0,0,0,0.637,0,0,0,0.363,0,0,0,0.621309097,5.68E-05,0,0,0.362485862,3,18.54,12.65279272,-4.5075
2025,12,8,21,0,IMG_0353,0,0,0,0.806,0,0,0,0.194,0,0,0,0.788181648,4.96E-05,0,0,0.193789386,3,18.41,12.75703098,-4.4977
2025,12,8,21,10,IMG_0354,0,0,0,0.917,0.001,0,0,0.082,0,0,0,0.905752351,0.000831212,0,0,0.082422611,3,18.21,13.04176766,-3.4837
2025,12,8,21,20,IMG_0355,0,0,0,0.035,0.685,0,0,0.28,0,0,0,0.029967773,0.620040062,0,0,0.268552772,2,18.06,13.29579355,-4.4786
2025,12,8,21,30,IMG_0356,0,0,0,0.003,0.997,0,0,0,0,0,0,0.002412981,0.817185998,0,0,0,2,17.97,13.56194315,-15.2112
2025,12,8,21,40,IMG_0357,0,0,0,0.053,0.947,0,0,0.001,0,0,0,0.037327456,0.793999932,0,0,0.000428365,2,18.05,13.51885007,-8.5735
2025,12,8,21,50,IMG_0358,0,0,0,0.058,0.942,0,0,0,0,0,0,0.045716264,0.702627997,0,0,0,2,18.18,13.45301901,-8.7703
2025,12,8,22,0,IMG_0359,0,0,0,0,1,0,0,0,0,0,0,0.000132362,0.819409878,0,0,0,2,18.24,13.25188673,-11.5069
2025,12,8,22,10,IMG_0360,0,0,0,0.001,0.999,0,0,0,0,0,0,0.000552441,0.763064078,0,0,0,2,18.23,13.16620621,-8.2958
2025,12,8,22,20,IMG_0361,0,0,0,0.082,0.912,0,0,0.006,0,0,0,0.067778478,0.761712064,0,0,0.005044779,2,18.23,13.30627223,-5.4683
2025,12,8,22,30,IMG_0362,0,0,0,0.254,0.046,0,0,0.7,0,0,0,0.22014037,0.039324564,0,0,0.618628688,2,18.15,13.3671072,-5.6279
2025,12,8,22,40,IMG_0363,0,0,0,0.668,0.065,0,0,0.266,0,0,0,0.597767225,0.057314821,0,0,0.23160024,2,18.02,13.46401307,-5.4255
2025,12,8,22,50,IMG_0364,0,0,0,0.019,0.002,0,0,0.979,0,0,0,0.017298881,0.001232505,0,0,0.883209608,2,17.91,13.52887158,-4.9956
2025,12,8,23,0,IMG_0365,0,0,0,0,1,0,0,0,0,0,0,6.72E-06,0.8237923,0,0,0,2,17.92,13.61332063,-6.0687
2025,12,8,23,10,IMG_0366,0,0,0,0.847,0.079,0,0,0.074,0,0,0,0.701519787,0.063644982,0,0,0.061778313,2,17.98,13.57001458,-6.6598
2025,12,8,23,20,IMG_0367,0.152,0,0,0.35,0.185,0.312,0,0,0.098427396,0,5.24E-06,0.175672341,0.113841233,0.208520748,9.34E-05,0,2,18.1,13.43554979,-11.9804
2025,12,8,23,30,IMG_0368,0,0,0,0.059,0.941,0,0,0,0,0,0.000147085,0.033450931,0.729567248,0,0,0,2,18.14,13.48300644,-4.6484
2025,12,8,23,40,IMG_0369,0,0,0,0.002,0.001,0,0,0.997,0,0,0,0.001389926,0.000909953,0,0,0.905270553,2,18.11,13.67532293,-4.573
2025,12,8,23,50,IMG_0370,0,0,0,0,1,0,0,0,0,0,0,0.000234082,0.852496319,0,0,0,2,18.11,13.50534716,-5.0724
2025,12,9,0,0,IMG_0371,0,0,0,0.012,0.001,0,0,0.988,0,0,0,0.009409465,0.000478471,0,0,0.907948956,3,18.18,13.43750226,-3.8176
2025,12,9,0,10,IMG_0372,0.808,0,0,0.035,0.004,0.152,0,0,0.570434728,0,7.96E-06,0.01644363,0.002275316,0.074221958,1.84E-05,0,1,18.24,13.40760808,-26.4088
2025,12,9,0,20,IMG_0373,0.773,0.01,0.045,0.006,0.001,0.119,0.045,0,0.539577178,0.00449375,0.022806167,0.002616271,0.00051244,0.054605604,0.022977201,0,1,18.13,13.3357604,-22.5707
2025,12,9,0,30,IMG_0374,0.181,0,0.001,0.086,0.089,0.643,0.001,0,0.120717916,0,0.000228185,0.033918269,0.042282474,0.300918029,0.000166203,0,1,18.06,13.35741948,-21.9196
2025,12,9,0,40,IMG_0375,0.574,0,0,0.254,0,0.172,0,0,0.392602637,0,0,0.110419847,2.59E-05,0.059040084,0,0,1,18.05,13.42646613,-22.3852
2025,12,9,0,50,IMG_0376,0.516,0,0,0.06,0.155,0.266,0.003,0,0.357881167,0,6.58E-05,0.039535434,0.09266223,0.115854485,0.001167368,0,1,18.02,13.51012271,-25.421
2025,12,9,1,0,IMG_0377,0,0,0,0.532,0.468,0,0,0,0,0,0,0.372414716,0.300107497,0,0,0,2,17.97,13.57726738,-8.6582
2025,12,9,1,10,IMG_0378,0,0,0,0.001,0,0,0,0.999,0,0,0,0.000437139,7.38E-05,0,0,0.905832302,2,18.01,13.65569683,-4.1615
2025,12,9,1,20,IMG_0379,0,0,0,0.001,0,0,0,0.999,0,0,0,0.000588972,8.49E-05,0,0,0.91436428,3,17.92,13.84250112,-3.5887
2025,12,9,1,30,IMG_0380,0,0,0,0.152,0.002,0,0,0.846,0,0,0,0.130901593,0.001211937,0,0,0.725880972,3,17.78,13.95484132,-5.9757
2025,12,9,1,40,IMG_0381,0,0,0,0.001,0,0,0,0.999,0,0,0,0.000583759,7.11E-05,0,0,0.8975811,3,17.74,14.02742365,-4.3681
2025,12,9,1,50,IMG_0382,0,0,0,0.007,0.982,0,0,0.01,0,0,0,0.004667586,0.793153899,0,0,0.007054109,3,17.7,14.06941109,-5.0614
2025,12,9,2,0,IMG_0383,0,0,0,0.01,0.99,0,0,0,0,0,0,0.006355611,0.786935246,0,0,0,2,17.63,14.02581014,-5.6043
2025,12,9,2,10,IMG_0384,0,0,0,0.067,0.004,0,0,0.93,0,0,0,0.056213649,0.003093157,0,0,0.821824151,3,17.64,14.0191542,-5.4041
2025,12,9,2,20,IMG_0385,0,0,0,0.001,0.999,0,0,0,0,0,0,0.000507399,0.85819402,0,0,0,2,17.67,14.01415754,-4.7564
2025,12,9,2,30,IMG_0386,0,0,0,0.011,0,0,0,0.988,0,0,0,0.009458136,0.000153831,0,0,0.850396575,3,17.68,14.00745611,-4.8936
2025,12,9,2,40,IMG_0387,0,0,0,0.135,0.865,0,0,0,0,0,0,0.107346935,0.685836426,0,0,0,2,17.68,14.12795036,-4.9168
2025,12,9,2,50,IMG_0388,0,0,0,0.001,0,0,0,0.999,0,0,0,0.000458736,6.08E-05,0,0,0.92673439,3,17.69,14.22680252,-3.6886
2025,12,9,3,0,IMG_0389,0,0,0,0,0,0,0,1,0,0,0,4.12E-05,6.90E-05,0,0,0.936451029,3,17.68,14.29362995,-3.2946
2025,12,9,3,10,IMG_0390,0,0,0,0,0,0,0,1,0,0,0,6.59E-05,5.79E-05,0,0,0.936410607,3,17.73,14.38162635,-2.9076
2025,12,9,3,20,IMG_0391,0,0,0,0,0,0,0,1,0,0,0,6.19E-05,3.87E-05,0,0,0.951867841,3,17.74,14.42043337,-2.652
2025,12,9,3,30,IMG_0392,0,0,0,0,0,0,0,1,0,0,0,3.46E-05,4.93E-05,0,0,0.940943712,3,17.44,14.16455262,-2.847
2025,12,9,19,30,IMG_0393,0.522,0,0.04,0.273,0.083,0.081,0.002,0,0.309007354,0,0.022752254,0.142058586,0.049276758,0.048145681,0.001150308,0,1,19.09,14.13199356,-26.723
2025,12,9,19,40,IMG_0394,0.659,0,0,0.172,0.013,0.152,0.004,0,0.389373265,0,3.61E-05,0.088162327,0.007715873,0.09982681,0.00195142,0,1,19.05,14.14769941,-26.5857
2025,12,9,19,50,IMG_0395,0.411,0,0,0.131,0.424,0.034,0,0,0.246850346,0,0,0.059877689,0.315160081,0.019849286,0,0,1,19.1,14.17310054,-24.4874
2025,12,9,20,0,IMG_0396,0.72,0,0,0.088,0.001,0.189,0.002,0,0.428543968,0,9.45E-05,0.045846297,0.000574038,0.105994854,0.000882091,0,1,19.18,14.10840315,-25.4707
2025,12,9,20,10,IMG_0397,0.653,0,0.037,0.31,0,0,0,0,0.403865505,0,0.018629575,0.150806258,0,0,0,0,1,19.22,14.0591897,-27.2169
2025,12,9,20,20,IMG_0398,0.647,0,0.013,0.34,0,0,0,0,0.391019246,0,0.006456858,0.173601555,0,0,0,0,1,19.23,14.05096397,-27.3411
2025,12,9,20,30,IMG_0399,0.642,0,0.005,0.352,0,0,0,0,0.395209893,0,0.00255338,0.180339806,0,0,0,0,1,19.32,14.02604216,-26.8091
2025,12,9,20,40,IMG_0400,0.608,0,0.001,0.392,0,0,0,0,0.386984383,0,0.000292849,0.190644441,0,0,0,0,1,19.37,14.05073335,-27.0672
2025,12,9,20,50,IMG_0401,0.385,0,0,0.34,0.052,0.222,0,0,0.246989416,0,0.000196582,0.167332114,0.025717946,0.114780559,7.35E-05,0,1,19.38,14.15894953,-26.7979
2025,12,9,21,0,IMG_0402,0.631,0,0.146,0.197,0.001,0.025,0.001,0,0.421122145,0,0.05937491,0.090058857,0.00080785,0.011616143,0.000294651,0,1,19.32,14.17543195,-26.81
2025,12,9,21,10,IMG_0403,0.75,0,0.039,0.198,0.002,0.011,0.001,0,0.494697483,0,0.017645793,0.090758008,0.001168637,0.003798993,0.000477794,0,1,19.26,14.14197763,-26.6721
2025,12,9,21,20,IMG_0404,0.82,0,0.001,0.141,0,0.035,0.003,0,0.540546642,0,0.000221387,0.064331994,0.00030637,0.016933211,0.001315602,0,1,19.29,14.13384592,-26.3251
2025,12,9,21,30,IMG_0405,0.816,0,0,0.089,0.012,0.083,0,0,0.546473272,0,0,0.04176848,0.005936291,0.042964243,4.80E-05,0,1,19.24,14.05924386,-26.8225
2025,12,9,21,40,IMG_0406,0.687,0,0,0.04,0.005,0.268,0,0,0.457007595,0,0,0.01887971,0.00259079,0.135013259,0,0,1,19.2,14.00966768,-25.1017
2025,12,9,21,50,IMG_0407,0.776,0,0,0.058,0,0.166,0,0,0.519113702,0,0,0.027723325,6.90E-06,0.075908038,0,0,1,19.27,13.88550808,-26.3235
2025,12,9,22,0,IMG_0408,0.81,0,0.001,0.188,0,0,0,0,0.554691654,0,0.000633631,0.082832264,0.000111591,0,7.84E-06,0,1,19.19,13.91905313,-26.0268
2025,12,9,22,10,IMG_0409,0.862,0,0.001,0.137,0,0,0,0,0.591976307,0,0.000552028,0.058997311,0,0,0,0,1,19.13,13.91915491,-26.8041
2025,12,9,22,20,IMG_0410,0.838,0,0.002,0.159,0,0,0,0,0.573391985,0,0.000625293,0.069695868,0,0,0,0,1,19.11,13.98472391,-26.5471
2025,12,9,22,30,IMG_0411,0.869,0,0,0.13,0,0,0,0,0.607146049,0,0.000139814,0.054848407,0,0,0,0,1,19.1,13.99286458,-25.915
2025,12,9,22,40,IMG_0412,0.855,0,0,0.145,0,0,0,0,0.599728388,0,6.96E-05,0.061700135,0,0,0,0,1,19.18,13.99316532,-25.5573
2025,12,9,22,50,IMG_0413,0.861,0,0.001,0.138,0,0,0,0,0.589112966,0,0.000351119,0.059581746,0,0,0,0,1,19.11,13.96832916,-26.1274
2025,12,9,23,0,IMG_0414,0.897,0,0.001,0.102,0,0,0,0,0.642177186,0,0.000454612,0.041397498,0,0,0,0,1,19.03,13.95152156,-26.2292
2025,12,9,23,10,IMG_0415,0.915,0,0.001,0.083,0,0,0,0,0.653700541,0,0.000442473,0.033875789,0,0,0,0,1,19.1,13.92732423,-26.4036
2025,12,9,23,20,IMG_0416,0.911,0,0.001,0.088,0,0,0,0,0.654556085,0,0.000168389,0.034998498,0,0,0,0,1,19.23,13.86934163,-26.7489
2025,12,9,23,30,IMG_0417,0.919,0,0.001,0.08,0,0,0,0,0.65230495,0,0.000261185,0.033506137,0,0,0,0,1,19.34,13.8763809,-27.0946
2025,12,9,23,40,IMG_0418,0.882,0,0.001,0.117,0,0,0,0,0.623989588,0,0.000314506,0.047767368,0,0,0,0,1,19.26,13.86079211,-25.2008
2025,12,9,23,50,IMG_0419,0.891,0,0,0.109,0,0,0,0,0.632416804,0,0.0001077,0.044097559,0,0,0,0,1,19.1,13.92732423,-25.0818
2025,12,10,0,0,IMG_0420,0.895,0,0.001,0.104,0,0,0,0,0.646000098,0,0.000389476,0.041028996,0,0,0,0,1,18.85,13.85245883,-23.3761
2025,12,10,0,10,IMG_0421,0.964,0,0,0.036,0,0,0,0,0.694229447,0,7.80E-05,0.014458842,0,0,0,0,1,18.64,13.87283984,-23.2453
2025,12,10,0,20,IMG_0422,0.924,0,0.001,0.076,0,0,0,0,0.670283894,0,0.000205889,0.029845373,0,0,0,0,1,18.6,13.91957053,-23.7916
2025,12,10,0,30,IMG_0423,0.86,0,0,0.139,0,0,0,0,0.617979883,0,8.17E-05,0.058080048,0,0,0,0,1,18.54,13.96530993,-25.1861
2025,12,10,0,40,IMG_0424,0.834,0,0,0.166,0,0,0,0,0.603820906,0,0,0.068669757,0,0,0,0,1,18.74,14.09952303,-25.7017
2025,12,10,0,50,IMG_0425,0.841,0,0,0.159,0,0,0,0,0.605413634,0,0,0.065516181,0,0,0,0,1,18.79,14.06082923,-25.7121
2025,12,10,1,0,IMG_0426,0.802,0,0,0.198,0,0,0,0,0.581211088,0,0,0.080246867,0,0,0,0,1,18.77,14.14062652,-25.8372
2025,12,10,1,10,IMG_0427,0.758,0,0,0.242,0,0,0,0,0.555596424,0,0,0.100270343,0,0,0,0,1,18.54,14.06041987,-24.8728
2025,12,10,1,20,IMG_0428,0.714,0,0,0.286,0,0,0,0,0.506090302,0,3.65E-06,0.121861155,0,0,0,0,1,18.3,13.95553141,-24.626
2025,12,10,1,30,IMG_0429,0.691,0,0,0.309,0,0,0,0,0.49630329,0,0,0.130056235,0,0,0,0,1,17.72,13.63326567,-23.6096
2025,12,10,1,40,IMG_0430,0.715,0,0,0.285,0,0,0,0,0.514213627,0,0,0.122412831,0,0,0,0,1,17.54,13.726628,-24.0816
2025,12,10,1,50,IMG_0431,0.708,0,0,0.292,0,0,0,0,0.509851202,0,0,0.125509698,0,0,0,0,1,17.35,13.70459578,-24.9078
2025,12,10,2,0,IMG_0432,0.69,0,0,0.31,0,0,0,0,0.49408418,0,0,0.131270771,0,0,0,0,1,17.16,13.63727556,-25.0702
2025,12,10,2,10,IMG_0433,0.659,0,0,0.341,0,0,0,0,0.471596139,0,0,0.146041226,0,0,0,0,1,17.01,13.63102004,-23.9109
2025,12,10,2,20,IMG_0434,0.583,0,0,0.417,0,0,0,0,0.402962831,0,0,0.185448362,0,0,0,0,1,17.04,13.69904493,-22.2169
2025,12,10,2,30,IMG_0435,0.611,0,0,0.389,0,0,0,0,0.422768134,0,0,0.17306579,0,0,0,0,1,17,13.68069642,-18.7634
2025,12,10,2,40,IMG_0436,0.553,0,0,0.447,0,0,0,0,0.391020425,0,0,0.194265971,0,0,0,0,1,17.14,13.85428683,-17.8888
2025,12,10,2,50,IMG_0437,0.504,0,0,0.496,0,0,0,0,0.349642308,0,0,0.225547055,0,0,0,0,1,16.85,13.62979583,-18.0264
2025,12,10,3,0,IMG_0438,0.538,0,0,0.462,0,0,0,0,0.368852254,0,0,0.209115467,0,0,0,0,1,16.9,13.71388393,-16.7063
2025,12,10,3,10,IMG_0439,0.404,0,0,0.596,0,0,0,0,0.27711229,0,0,0.264350518,0,0,0,0,1,16.98,13.79429823,-13.5054
2025,12,10,3,20,IMG_0440,0.466,0,0,0.534,0,0,0,0,0.315931783,0,0,0.239188439,0,0,0,0,1,17.03,13.85020022,-13.0054
2025,12,10,3,30,IMG_0441,0.419,0,0,0.581,0,0,0,0,0.28412802,0,0,0.264669764,0,0,0,0,1,16.98,13.79429823,-11.0029
2025,12,10,19,30,IMG_0442,0,0,0,0,0.979,0,0,0.021,0,0,0,1.50E-05,0.890013431,0,0,0.02125477,2,18.05,13.96537245,-9.0733
2025,12,10,19,40,IMG_0443,0,0,0,0.337,0.029,0,0,0.634,0,0,0,0.324648145,0.028249669,0,0,0.631463492,3,18.03,13.87187762,-10.3196
2025,12,10,19,50,IMG_0444,0,0,0,0.002,0.466,0,0,0.532,0,0,0,0.002115234,0.459494396,0,0,0.524734901,3,18.07,13.90491108,-10.1018
2025,12,10,20,0,IMG_0445,0,0,0,0.001,0.272,0,0,0.727,0,0,0,0.000699677,0.26247941,0,0,0.704616061,2,18.08,13.95945454,-9.0924
2025,12,10,20,10,IMG_0446,0,0,0,0.003,0.997,0,0,0,0,0,0.000108526,0.001931768,0.845643119,0,0,0,2,18.05,13.88838584,-9.5079
2025,12,10,20,20,IMG_0447,0,0,0,0.003,0.997,0,0,0,0,0,0,0.002208736,0.881596935,0,0,0,2,17.99,13.83891225,-20.6253
2025,12,10,20,30,IMG_0448,0.069,0,0,0.404,0.524,0.001,0.001,0,0.040735945,0,0.000210074,0.218620793,0.34597014,0.000932993,0.000731378,0,2,17.85,13.75449823,-24.9819
2025,12,10,20,40,IMG_0449,0.3,0,0,0.687,0.007,0.007,0,0,0.182704124,0,0,0.381777163,0.005068547,0.005097123,0,0,1,17.56,13.56357481,-30.5518
2025,12,10,20,50,IMG_0450,0.269,0,0,0.721,0.003,0.008,0,0,0.166846807,0,0,0.382204823,0.002204853,0.005871867,0,0,1,17.39,13.53016152,-30.6643
2025,12,10,21,0,IMG_0451,0.362,0,0,0.638,0,0,0,0,0.228830544,0,0,0.331328418,0,0,0,0,1,17.27,13.55099318,-30.3759
2025,12,10,21,10,IMG_0452,0.333,0,0,0.667,0,0,0,0,0.213818607,0,2.54E-05,0.33614233,0,0,0,0,1,17.05,13.43166247,-30.3443
2025,12,10,21,20,IMG_0453,0.381,0,0,0.619,0,0,0,0,0.246342946,0,4.57E-06,0.305209037,0,0,0,0,1,17.04,13.52508881,-31.1691
2025,12,10,21,30,IMG_0454,0.472,0,0,0.528,0,0,0,0,0.305340077,0,0,0.264338649,0,0,0,0,1,16.94,13.53068939,-29.3741
2025,12,10,21,40,IMG_0455,0.252,0,0.034,0.363,0.347,0.004,0,0,0.164730041,0,0.025388619,0.182482121,0.251774189,0.003242954,0,0,1,16.86,13.48023243,-26.7615
2025,12,10,21,50,IMG_0456,0.055,0,0.214,0.549,0.147,0.035,0,0,0.0354154,0,0.114545921,0.269967803,0.093181032,0.025682001,0,0,1,16.78,13.42990754,-24.4304
2025,12,10,22,0,IMG_0457,0,0,0.002,0.212,0.785,0,0,0,0.000265723,0,0.000949962,0.133025225,0.493027021,0,2.56E-06,0,2,16.55,13.25956599,-21.0567
2025,12,10,22,10,IMG_0458,0,0,0,0.053,0.947,0,0,0,0,0,5.69E-06,0.044949684,0.750045688,0,0,0,1,16.35,13.11473295,-18.9121
2025,12,10,22,20,IMG_0459,0,0,0,0.185,0.09,0,0,0.725,0,0,0,0.15777488,0.073893434,0,0,0.650569644,2,16.66,13.47510764,-9.5786
2025,12,10,22,30,IMG_0460,0,0,0,0.081,0.899,0,0,0.02,0,0,0,0.067243592,0.761023873,0,0,0.015402967,2,16.9,13.71388393,-7.8808
2025,12,10,22,40,IMG_0461,0,0,0,0,1,0,0,0,0,0,0,7.33E-06,0.826704905,0,0,0,2,16.79,13.59506179,-7.9309
2025,12,10,22,50,IMG_0462,0,0,0,0.395,0.029,0,0,0.576,0,0,0,0.352263649,0.025668367,0,0,0.519825248,2,16.84,13.60729262,-7.1933
2025,12,10,23,0,IMG_0463,0,0,0,0.318,0.219,0,0,0.463,0,0,0,0.275797213,0.18981591,0,0,0.411989243,2,16.94,13.68919587,-7.7447
2025,12,10,23,10,IMG_0464,0,0,0,0.028,0,0,0,0.971,0,0,0,0.023900804,0.000392631,0,0,0.866922754,2,17.08,13.80457909,-7.3557
2025,12,10,23,20,IMG_0465,0,0,0,0.054,0.004,0,0,0.942,0,0,0,0.043988206,0.002508428,0,0,0.801616436,3,17.09,13.7983131,-8.2384
2025,12,10,23,30,IMG_0466,0,0,0,0.029,0.001,0,0,0.97,0,0,0,0.022498648,0.000784165,0,0,0.842633301,2,17.28,13.95616984,-7.9746
2025,12,10,23,40,IMG_0467,0,0,0,0.092,0.064,0,0,0.844,0,0,0,0.073973092,0.053581498,0,0,0.730923685,2,17.23,13.8265039,-9.389
2025,12,10,23,50,IMG_0468,0,0,0,0.049,0.946,0,0,0.005,0,0,0,0.023073535,0.752583368,0,0,0.002533819,2,17.32,13.85692906,-14.8153
2025,12,11,0,0,IMG_0469,0,0,0,0.004,0.862,0,0,0.134,0,0,0,0.001778643,0.708509938,0,0,0.111453681,3,17.3,13.85508681,-9.7066
2025,12,11,0,10,IMG_0470,0,0,0,0,0.997,0,0,0.003,0,0,0,1.41E-05,0.796791279,0,0,0.002447236,2,17.27,13.84494097,-14.2876
2025,12,11,0,20,IMG_0471,0,0,0,0,0.99,0,0,0.01,0,0,0,0.000334563,0.736675714,0,0,0.008145913,2,17.22,13.80357756,-18.9719
2025,12,11,0,30,IMG_0472,0,0,0,0.199,0.801,0,0,0,0,0,8.54E-06,0.115773941,0.488737508,0,0,0,2,17.16,13.69567931,-26.0612
2025,12,11,0,40,IMG_0473,0.206,0,0,0.305,0.425,0.065,0,0,0.157851743,0,0,0.179816737,0.258508023,0.031650023,0,0,2,17.03,13.56044708,-31.6945
2025,12,11,0,50,IMG_0474,0.668,0,0,0.332,0,0,0,0,0.49708095,0,0,0.152114265,0,0,0,0,1,16.89,13.4614262,-32.3363
2025,12,11,1,0,IMG_0475,0.663,0,0.026,0.308,0,0.003,0,0,0.478689964,0,0.011912207,0.141041399,0,0.000680739,0,0,1,16.64,13.28908511,-31.5177
2025,12,11,1,10,IMG_0476,0.608,0,0,0.392,0,0,0,0,0.453753005,0,0,0.17366893,0,0,0,0,1,16.36,13.12263899,-30.9938
2025,12,11,1,20,IMG_0477,0.68,0,0,0.32,0,0,0,0,0.501069298,0,0,0.13471537,0,0,0,0,1,16.22,13.05372677,-28.0912
2025,12,11,1,30,IMG_0478,0.578,0,0,0.422,0,0,0,0,0.434618712,0,0,0.183884037,0,0,0,0,1,16.16,13.07529396,-24.1332
2025,12,11,1,40,IMG_0479,0.633,0,0,0.367,0,0,0,0,0.465598986,0,0,0.162165054,0,0,0,0,1,16.16,13.08904296,-20.3491
2025,12,11,1,50,IMG_0480,0.679,0,0,0.321,0,0,0,0,0.502325601,0,0,0.139269268,0,0,0,0,1,16.04,12.99453577,-16.9558
2025,12,11,2,0,IMG_0481,0.651,0,0,0.349,0,0,0,0,0.480995155,0,0,0.150561283,0,0,0,0,1,15.84,12.86531168,-15.0666
2025,12,11,2,10,IMG_0482,0.686,0,0,0.314,0,0,0,0,0.519833113,0,0,0.13371114,0,0,0,0,1,15.76,12.84342285,-15.1179
2025,12,11,2,20,IMG_0483,0.743,0,0,0.257,0,0,0,0,0.547313259,0,0,0.111361058,0,0,0,0,1,15.98,13.01550641,-14.0277
2025,12,11,2,30,IMG_0484,0.296,0,0,0.214,0.135,0.355,0,0,0.209340475,0,1.77E-05,0.09585643,0.064626224,0.14521434,3.71E-06,0,2,15.93,12.98978095,-12.0119
2025,12,11,2,40,IMG_0485,0,0,0,0.002,0.99,0,0,0.008,0,0,0,0.000934112,0.786315279,0,0,0.003995658,2,15.68,12.78133884,-6.364
2025,12,11,2,50,IMG_0486,0,0,0,0,0.981,0,0,0.019,0,0,0,7.07E-06,0.837499204,0,0,0.015218081,3,15.97,13.02123331,-4.3873
2025,12,11,3,0,IMG_0487,0,0,0,0,0.963,0,0,0.037,0,0,0,1.45E-05,0.787307429,0,0,0.028747822,3,16.21,13.22513056,-5.4916
2025,12,11,3,10,IMG_0488,0.109,0,0,0.183,0.217,0.476,0,0.015,0.080401788,0,0,0.072423881,0.148748851,0.246801855,0,0.013101525,2,16.26,13.23741531,-7.9288
2025,12,11,3,20,IMG_0489,0.033,0,0,0.116,0.771,0.081,0,0,0.024015602,0,0,0.032007828,0.549356205,0.041143532,0,0,2,16.35,13.26771499,-10.793
2025,12,11,3,30,IMG_0490,0.625,0,0,0.066,0.162,0.147,0.001,0,0.463559548,0,0,0.051297514,0.097087132,0.086966587,0.0003016,2.40E-05,2,16.4,13.23800107,-13.0838
2025,12,11,19,30,IMG_0491,0,0,0,0.073,0.927,0,0,0,0,0,0,0.045868975,0.828824827,0,0,0,2,19,12.79803676,-9.8867
2025,12,11,19,40,IMG_0492,0,0,0,0.743,0.224,0.033,0,0,0,0,0,0.485722949,0.184144103,0.023800466,0,0,2,19.05,12.81461365,-21.8156
2025,12,11,19,50,IMG_0493,0.002,0,0.001,0.966,0.008,0.023,0,0,0.000710254,0,0.000803553,0.581720433,0.004651149,0.013186659,4.51E-06,0,1,18.94,12.76901764,-28.1564
2025,12,11,20,0,IMG_0494,0.09,0,0,0.91,0,0,0,0,0.053124707,0,0,0.515527697,0,0,0,0,1,18.9,12.80042233,-29.3474
2025,12,11,20,10,IMG_0495,0.139,0,0,0.861,0,0,0,0,0.082281212,0,0,0.481928884,0,0,0,0,1,18.91,12.79988372,-22.5829
2025,12,11,20,20,IMG_0496,0.093,0,0,0.875,0.011,0.021,0,0,0.057079297,0,0,0.477307925,0.007211155,0.015121514,0,0,1,18.85,12.7933431,-26.6976
2025,12,11,20,30,IMG_0497,0.13,0,0,0.87,0,0,0,0,0.080292435,0,2.50E-06,0.475016707,0,0,0,0,1,18.75,12.79979662,-25.0142
2025,12,11,20,40,IMG_0498,0.149,0,0,0.851,0,0,0,0,0.090365377,0,0,0.470475083,0,0,0,0,1,18.87,12.75836085,-27.5553
2025,12,11,20,50,IMG_0499,0,0,0,0.056,0.943,0,0,0,0,0,0,0.035913018,0.725982895,0.000239941,0,0,1,19.02,12.80988948,-23.4212
2025,12,11,21,0,IMG_0500,0,0,0,0.001,0.005,0,0,0.994,0,0,0,0.001130927,0.00468279,0,0,0.95500963,3,19.31,12.87645713,-5.7022
2025,12,11,21,10,IMG_0501,0,0,0,0,0.745,0,0,0.255,0,0,0,0.000116068,0.686225225,0,0,0.249016248,2,19.54,13.02326283,-6.6405
2025,12,11,21,20,IMG_0502,0,0,0,0,0.999,0,0,0.001,0,0,0,0,0.921601825,0,0,0.000744899,2,19.46,13.06592216,-7.0709
2025,12,11,21,30,IMG_0503,0.001,0,0,0.386,0.08,0.533,0,0,0.000729462,0,0,0.233524377,0.049898896,0.314422754,0,0,2,19.44,13.04889119,-14.01
2025,12,11,21,40,IMG_0504,0.204,0,0,0.796,0,0,0,0,0.129122919,0,5.42E-06,0.410713139,0,0,0,0,1,19.38,13.04955419,-28.2053
2025,12,11,21,50,IMG_0505,0.259,0,0,0.741,0,0,0,0,0.166247994,0,0,0.377934668,0,0,0,0,1,19.22,13.08395717,-28.3089
2025,12,11,22,0,IMG_0506,0.156,0,0,0.844,0,0,0,0,0.10007029,0,8.40E-06,0.425106227,0,0,0.000170185,0,1,19.14,13.09139329,-27.6305
2025,12,11,22,10,IMG_0507,0.004,0,0,0.742,0.042,0.213,0,0,0.002221056,0,0,0.395002471,0.021727967,0.112858782,0,0,2,19.06,13.14256661,-21.3822
2025,12,11,22,20,IMG_0508,0,0,0,0.57,0.084,0.346,0,0,0,0,0,0.315034112,0.067559623,0.219478343,0,0,2,19.17,13.17873093,-14.1162
2025,12,11,22,30,IMG_0509,0.04,0,0,0.955,0.005,0.001,0,0,0.025010254,0,0,0.483037387,0.00249505,0.000299099,6.65E-05,0,2,19.22,13.18791597,-19.4969
2025,12,11,22,40,IMG_0510,0,0,0,0.409,0.065,0.525,0,0,0,0,0,0.228612162,0.044689386,0.347085104,0,0,2,19.24,13.1918992,-16.7407
2025,12,11,22,50,IMG_0511,0.003,0,0,0.107,0.698,0.192,0,0,0.001801382,0,0,0.041857121,0.477465062,0.136736899,0,0,2,19.26,13.18263879,-19.2332
2025,12,11,23,0,IMG_0512,0.316,0,0,0.684,0,0,0,0,0.207200406,0,0,0.340154214,0,0,0,0,1,19.28,13.12531231,-27.3894
2025,12,11,23,10,IMG_0513,0.001,0,0.01,0.989,0,0,0,0,0.000622791,0,0.00343146,0.446991744,0,0,0,0,2,19.23,13.07680783,-24.969
2025,12,11,23,20,IMG_0514,0,0,0.023,0.454,0.481,0,0.043,0,0,0,0.009828433,0.26399822,0.220469719,0,0.017800481,0,2,19.22,13.11530983,-21.5709
2025,12,11,23,30,IMG_0515,0,0,0.105,0.46,0.432,0,0.002,0,0,0,0.037142721,0.26147159,0.169892413,0,0.000897348,0,2,19.22,13.05095438,-22.983
2025,12,11,23,40,IMG_0516,0,0,0.05,0.526,0.266,0,0.159,0,0,0,0.019798881,0.294661426,0.108246605,5.21E-06,0.051176202,0,2,19.22,13.08560731,-20.6244
2025,12,11,23,50,IMG_0517,0,0,0,0.728,0.272,0,0,0,0,0,1.70E-05,0.403088589,0.143054184,0,0,0,2,19.23,13.11973674,-17.7438
2025,12,12,0,0,IMG_0518,0,0,0,0.027,0.97,0,0,0.003,0,0,0,0.020119306,0.752583661,0,0,0.002986779,2,19.17,13.11621011,-10.6308
2025,12,12,0,10,IMG_0519,0,0,0,0.013,0.986,0,0,0.002,0,0,0,0.007112913,0.698249519,0,0,0.000987583,2,19.31,13.12031686,-9.9171
2025,12,12,0,20,IMG_0520,0,0,0,0.246,0.754,0,0,0,0,0,0,0.100101367,0.475714941,0,0,6.81E-05,2,19.32,13.10646495,-19.9974
2025,12,12,0,30,IMG_0521,0,0,0,0.113,0.887,0,0,0,0,0,0,0.092447859,0.499972393,0,0,0,2,19.27,13.11096484,-17.7896
2025,12,12,0,40,IMG_0522,0,0,0,0.022,0.967,0,0,0.011,0,0,0,0.013155784,0.676753102,0,0,0.006958631,2,19.19,13.10202942,-15.2791
2025,12,12,0,50,IMG_0523,0,0,0,0.138,0.862,0,0,0,0,0,0,0.07633116,0.569966504,0,0,0,2,19.18,13.01035124,-10.5879
2025,12,12,1,0,IMG_0524,0,0,0,0.03,0.968,0,0,0.001,0,0,0,0.014596529,0.676828959,0,0,0.000669073,2,19.26,12.96596054,-11.2533
2025,12,12,1,10,IMG_0525,0,0,0,0.003,0.996,0,0,0.001,0,0,0,0.002078027,0.725253726,0,0,0.000955326,2,19.26,12.92295569,-11.6793
2025,12,12,1,20,IMG_0526,0,0,0,0.001,0.999,0,0,0,0,0,0,0.000626946,0.67705311,0,0,0.000278621,2,19.22,12.89089083,-14.2085
2025,12,12,1,30,IMG_0527,0,0,0,0.01,0.99,0,0,0,0,0,0,0.006128921,0.615643352,0,0,0,2,19.22,12.95689642,-14.3425
2025,12,12,1,40,IMG_0528,0,0,0,0.11,0.89,0,0,0,0,0,0,0.073442593,0.515253553,0,0,0,2,19.17,13.02407416,-16.1032
2025,12,12,1,50,IMG_0529,0,0,0,0.324,0.676,0,0,0,0,0,0,0.205688957,0.360383203,0,0,0,2,19.09,13.03647749,-15.4247
2025,12,12,2,0,IMG_0530,0,0,0,0.949,0.05,0,0,0.001,0,0,0,0.63693451,0.032442465,0,0,0.000578163,2,19.09,12.99717646,-14.6692
2025,12,12,2,10,IMG_0531,0,0,0,0.297,0.003,0,0,0.7,0,0,0,0.215849091,0.002113349,0,0,0.504969276,2,19.05,13.0482304,-13.7691
2025,12,12,2,20,IMG_0532,0,0,0,0.913,0.005,0,0,0.082,0,0,0,0.635058361,0.002593269,0,0,0.057066391,2,18.94,13.0335848,-13.154
2025,12,12,2,30,IMG_0533,0,0,0,0.074,0.002,0,0,0.925,0,0,0,0.055981776,0.001120974,0,0,0.658253673,2,18.96,13.04898456,-10.6806
2025,12,12,2,40,IMG_0534,0,0,0,0.779,0.003,0,0,0.218,0,0,0,0.529974962,0.001952299,0,0,0.151891556,2,18.94,13.00112258,-11.8441
2025,12,12,2,50,IMG_0535,0,0,0,0.995,0.004,0,0,0.001,0,0,0,0.627452126,0.002145966,0,0,0.000632805,2,18.94,13.04981592,-13.4678
2025,12,12,3,0,IMG_0536,0,0,0,0.998,0.002,0,0,0,0,0,0,0.657072198,0.001171049,0,0,0,2,18.92,13.03441276,-13.1064
2025,12,12,3,10,IMG_0537,0,0,0,0.333,0.002,0,0,0.665,0,0,0,0.239023054,0.001237951,0,0,0.469728508,2,18.85,13.02906093,-12.2109
2025,12,12,3,20,IMG_0538,0,0,0,0.999,0,0,0,0.001,0,0,0,0.649185284,0.000196905,0,0,0.000373896,2,18.9,12.9542541,-15.2633
2025,12,12,3,30,IMG_0539,0,0,0,0.845,0.152,0,0,0.003,0,0,0,0.562282242,0.086752952,0,0,0.002094937,2,19,12.93160416,-15.3893
2025,12,12,19,30,IMG_0540,0,0,0,0.711,0,0,0,0.289,0,0,0,0.702410299,0.00010172,0,0,0.288078809,3,18.49,14.22429318,-4.6455
2025,12,12,19,40,IMG_0541,0,0,0,0.952,0,0,0,0.047,0,0,0,0.944307865,0.000418585,0,0,0.047228125,3,18.5,14.21691002,-4.9348
2025,12,12,19,50,IMG_0542,0,0,0,0.983,0,0,0,0.017,0,0,0,0.977065986,0.000109292,0,0,0.016798227,3,18.53,14.17883175,-4.6999
2025,12,12,20,0,IMG_0543,0,0,0,0.763,0,0,0,0.237,0,0,0,0.751501698,4.23E-05,0,0,0.236796935,3,18.59,14.27700083,-4.0367
2025,12,12,20,10,IMG_0544,0,0,0,0.439,0,0,0,0.561,0,0,0,0.426376382,6.48E-05,0,0,0.558726931,3,18.53,14.28972764,-4.1776
2025,12,12,20,20,IMG_0545,0,0,0,0.643,0.024,0,0,0.333,0,0,0,0.635332414,0.02380936,0,0,0.332945981,3,18.51,14.36774755,-4.2083
2025,12,12,20,30,IMG_0546,0,0,0,0,0.999,0,0,0.001,0,0,0,1.45E-05,0.919318705,0,0,0.000882828,2,18.53,14.51151942,-4.8187
2025,12,12,20,40,IMG_0547,0,0,0.001,0.086,0.905,0.008,0,0,0,0,0.000831475,0.045198287,0.695041834,0.00640127,0,0,2,18.69,14.64962674,-9.5038
2025,12,12,20,50,IMG_0548,0,0,0,0,0.996,0,0,0.004,0,0,0,1.49E-05,0.910278944,0,0,0.003733534,2,18.88,14.47546031,-4.9757
2025,12,12,21,0,IMG_0549,0,0,0,0.043,0.957,0,0,0,0,0,0,0.0190503,0.694424459,0,0,0,2,19.01,14.40771708,-9.2165
2025,12,12,21,10,IMG_0550,0,0,0,0,1,0,0,0,0,0,0,7.48E-06,0.886915475,0,0,0,2,19.08,14.32005027,-11.3687
2025,12,12,21,20,IMG_0551,0,0,0.044,0.096,0.86,0,0,0,0,0,0.015365024,0.041603628,0.532758,0,2.59E-06,0,2,19.17,14.26461887,-16.1184
2025,12,12,21,30,IMG_0552,0,0,0,0.169,0.831,0,0,0,0,0,4.94E-05,0.079988274,0.568659623,6.54E-05,0,0,1,19.13,14.26385096,-18.0316
2025,12,12,21,40,IMG_0553,0,0,0.007,0.041,0.951,0.002,0,0,0,0,0.004931828,0.02109973,0.64401416,0.001046439,3.12E-06,0,1,19.19,14.24849818,-18.6948
2025,12,12,21,50,IMG_0554,0.431,0,0.001,0.442,0.04,0.079,0.008,0,0.280702802,0,0.000648715,0.233394223,0.0332003,0.063478981,0.006297897,0,1,19.27,14.21650946,-26.6237
2025,12,12,22,0,IMG_0555,0.526,0,0.015,0.353,0.017,0.076,0.012,0,0.351715978,0,0.009524091,0.188261043,0.010139461,0.04909393,0.00808744,0,1,19.26,14.22467925,-28.1301
2025,12,12,22,10,IMG_0556,0.544,0,0.004,0.452,0,0,0,0,0.367210509,0,0.002044712,0.221747145,0,0,0,0,1,19.26,14.2577599,-26.8992
2025,12,12,22,20,IMG_0557,0,0,0,0.344,0.655,0,0,0,0,0,0.000220763,0.188944606,0.380820493,0,0,0,2,19.26,14.30738087,-15.47
2025,12,12,22,30,IMG_0558,0,0,0,0.14,0.703,0,0,0.158,0,0,0,0.094397303,0.515360224,0,0,0.112439017,2,19.26,14.3900825,-10.901
2025,12,12,22,40,IMG_0559,0,0,0,0.029,0.971,0,0,0,0,0,0,0.020912139,0.68634822,0,0,0,2,19.23,14.38118639,-11.5447
2025,12,12,22,50,IMG_0560,0,0,0,0.229,0.771,0,0,0,0,0,5.04E-05,0.132481295,0.468146357,0,0,0,2,19.36,14.42514077,-12.2354
2025,12,12,23,0,IMG_0561,0,0,0,0.048,0.952,0,0,0,0,0,0,0.033276976,0.613552922,0,0,0,2,19.51,14.38511769,-11.7274
2025,12,12,23,10,IMG_0562,0,0,0,0,1,0,0,0,0,0,3.38E-05,2.09E-06,0.604937402,0,0,0,2,19.59,14.35171669,-12.3702
2025,12,12,23,20,IMG_0563,0,0,0.001,0.021,0.964,0.014,0,0,4.22E-05,0,0.000546402,0.011463431,0.518738161,0.006645928,3.24E-05,0,1,19.58,14.30957849,-12.4135
2025,12,12,23,30,IMG_0564,0,0,0,0.131,0.866,0.003,0,0,6.05E-05,0,0,0.046009938,0.566730799,0.002023618,0,0,2,19.39,14.2339528,-15.7789
2025,12,12,23,40,IMG_0565,0,0,0,0.046,0.953,0,0,0,3.23E-05,0,0,0.028216767,0.578941692,0,0.000125083,0,2,19.36,14.15893287,-12.5944
2025,12,12,23,50,IMG_0566,0,0,0,0,1,0,0,0,0,0,0,6.66E-06,0.775337184,0,0,0,2,19.37,14.25050681,-6.7642
2025,12,13,0,0,IMG_0567,0,0,0,0,1,0,0,0,0,0,0,6.90E-06,0.774264761,0,0,0.000100308,2,19.39,14.26728758,-5.6485
2025,12,13,0,10,IMG_0568,0,0,0,0.057,0.696,0,0,0.246,0,0,0,0.04643297,0.573558196,0,0,0.211521079,2,19.49,14.35144854,-3.6948
2025,12,13,0,20,IMG_0569,0,0,0,0.002,0,0,0,0.998,0,0,0,0.001222867,0.000108113,0,0,0.867606227,3,19.49,14.36821425,-3.0222
2025,12,13,0,30,IMG_0570,0,0,0,0.003,0.061,0,0,0.936,0,0,0,0.002316203,0.048884923,0,0,0.807814002,3,19.55,14.48627605,-2.8
2025,12,13,0,40,IMG_0571,0,0,0,0.002,0,0,0,0.997,0,0,0,0.001821499,0.000311734,0,0,0.855422619,3,19.55,14.41897627,-2.9135
2025,12,13,0,50,IMG_0572,0,0,0,0.001,0,0,0,0.999,0,0,0,0.000625443,7.73E-05,0,0,0.89287168,3,19.63,14.43618804,-2.7557
2025,12,13,1,0,IMG_0573,0,0,0,0,0,0,0,1,0,0,0,0.000148618,5.51E-05,0,0,0.923795838,3,19.59,14.48663295,-2.7919
2025,12,13,1,10,IMG_0574,0,0,0,0.001,0,0,0,0.998,0,0,0,0.001179387,4.92E-05,0,0,0.920267518,3,19.55,14.53675088,-2.8978
2025,12,13,1,20,IMG_0575,0,0,0,0.001,0,0,0,0.999,0,0,0,0.000877584,9.92E-05,0,0,0.890133361,3,19.46,14.42657218,-2.8949
2025,12,13,1,30,IMG_0576,0,0,0,0.001,0,0,0,0.998,0,0,0,0.001163424,5.53E-05,0,0,0.914947649,3,19.39,14.35062454,-2.9578
2025,12,13,1,40,IMG_0577,0,0,0,0.003,0,0,0,0.997,0,0,0,0.002108406,5.69E-05,0,0,0.927860427,3,19.37,14.33374575,-2.9052
2025,12,13,1,50,IMG_0578,0,0,0,0.001,0,0,0,0.999,0,0,0,0.000515415,4.88E-05,0,0,0.927342601,3,19.37,14.33374575,-3.0424
2025,12,13,2,0,IMG_0579,0,0,0,0.002,0,0,0,0.998,0,0,0,0.001633616,4.94E-05,0,0,0.911042105,3,19.36,14.30867481,-3.0215
2025,12,13,2,10,IMG_0580,0,0,0,0.002,0,0,0,0.998,0,0,0,0.001342676,3.77E-05,0,0,0.920052231,3,19.31,14.23344527,-3.0619
2025,12,13,2,20,IMG_0581,0,0,0,0.001,0,0,0,0.999,0,0,0,0.000951224,5.06E-05,0,0,0.932138101,3,19.27,14.21650946,-3.1658
2025,12,13,2,30,IMG_0582,0,0,0,0.001,0,0,0,0.998,0,0,0,0.001189431,5.53E-05,0,0,0.918027667,3,19.27,14.2496096,-3.1454
2025,12,13,2,40,IMG_0583,0,0,0,0.002,0,0,0,0.998,0,0,0,0.001331393,5.48E-05,0,0,0.921597731,3,19.26,14.1915986,-3.2605
2025,12,13,2,50,IMG_0584,0,0,0,0.001,0,0,0,0.999,0,0,0,0.000741925,4.85E-05,0,0,0.909735607,3,19.26,14.20813892,-3.3413
2025,12,13,3,0,IMG_0585,0,0,0,0.001,0,0,0,0.999,0,0,0,0.000980153,5.03E-05,0,0,0.923115422,3,19.31,14.15049978,-3.2626
2025,12,13,3,10,IMG_0586,0,0,0,0.001,0,0,0,0.999,0,0,0,0.000843525,8.19E-05,0,0,0.922944862,3,19.36,14.12565688,-3.3112
2025,12,13,3,20,IMG_0587,0,0,0,0.001,0,0,0,0.999,0,0,0,0.000425473,6.03E-05,0,0,0.918511298,3,19.39,14.18395062,-2.8987
2025,12,13,3,30,IMG_0588,0,0,0,0,0,0,0,1,0,0,0,3.78E-05,3.71E-05,0,0,0.909856002,3,19.27,14.29925981,-3.3409
2025,12,13,19,30,IMG_0589,0,0,0,0.427,0,0,0,0.573,0,0,0,0.403625391,5.49E-05,0,0,0.564266151,3,16.5,10.97152985,-4.3996
2025,12,13,19,40,IMG_0590,0,0,0,0.634,0.003,0,0,0.363,0,0,0,0.611198595,0.003355574,0,0,0.361721815,3,16.54,10.91497695,-4.3266
2025,12,13,19,50,IMG_0591,0,0,0,0.568,0,0,0,0.432,0,0,0,0.540736884,4.93E-05,0,0,0.428328328,3,16.58,11.14292771,-4.3681
2025,12,13,20,0,IMG_0592,0,0,0,0.838,0,0,0,0.162,0,0,0,0.819209202,4.19E-05,0,0,0.161152847,3,16.54,11.35247635,-3.6314
2025,12,13,20,10,IMG_0593,0,0,0,0.567,0,0,0,0.433,0,0,0,0.542942413,4.89E-05,0,0,0.429615032,3,16.43,11.34741775,-4.4364
2025,12,13,20,20,IMG_0594,0,0,0,0.445,0.002,0,0,0.553,0,0,0,0.42025323,0.001703636,0,0,0.544506738,3,16.33,11.18201622,-4.4185
2025,12,13,20,30,IMG_0595,0,0,0,0.388,0.005,0,0,0.607,0,0,0,0.368452817,0.004806663,0,0,0.598076773,3,16.36,11.27183201,-3.774
2025,12,13,20,40,IMG_0596,0,0,0,0.614,0,0,0,0.385,0,0,0,0.588935712,3.42E-05,0,0,0.380260885,3,16.35,11.4736529,-4.2766
2025,12,13,20,50,IMG_0597,0,0,0,0.235,0.034,0,0,0.731,0,0,0,0.224938251,0.03292041,0,0,0.719312132,3,16.25,11.55674676,-4.531
2025,12,13,21,0,IMG_0598,0,0,0,0.2,0.051,0,0,0.75,0,0,0,0.190933406,0.048684721,0,0,0.739147694,3,16.21,11.45994108,-4.4875
2025,12,13,21,10,IMG_0599,0,0,0,0.239,0,0,0,0.761,0,0,0,0.225847266,5.52E-05,0,0,0.742513642,3,16.12,11.53501683,-4.7195
2025,12,13,21,20,IMG_0600,0,0,0,0.597,0,0,0,0.403,0,0,0,0.559135089,5.37E-05,0,0,0.399997964,3,15.88,11.43650556,-5.7344
2025,12,13,21,30,IMG_0601,0,0,0,0.81,0,0,0,0.19,0,0,0,0.780078598,4.22E-05,0,0,0.18596413,3,15.89,11.38931967,-5.1739
2025,12,13,21,40,IMG_0602,0,0,0,0.522,0,0,0,0.478,0,0,0,0.4971596,4.89E-05,0,0,0.471123032,3,15.92,11.13898222,-4.8815
2025,12,13,21,50,IMG_0603,0,0,0,0.202,0.009,0,0,0.789,0,0,0,0.191242548,0.008931851,0,0,0.770813477,3,15.88,11.20669398,-5.0547
2025,12,13,22,0,IMG_0604,0,0,0,0.397,0,0,0,0.603,0,0,0,0.375254199,4.78E-05,0,0,0.593037921,3,15.61,11.53031122,-4.7945
2025,12,13,22,10,IMG_0605,0,0,0,0.282,0,0,0,0.718,0,0,0,0.269342097,4.85E-05,0,0,0.704958759,3,15.39,11.67924051,-4.4646
2025,12,13,22,20,IMG_0606,0,0,0,0.099,0,0,0,0.901,0,0,0,0.089515873,5.25E-05,0,0,0.862494494,3,15.16,11.58179575,-4.9294
2025,12,13,22,30,IMG_0607,0,0,0,0.04,0,0,0,0.96,0,0,0,0.035457024,5.77E-05,0,0,0.905174782,3,15.12,11.61818495,-4.5878
2025,12,13,22,40,IMG_0608,0,0,0,0.212,0,0,0,0.788,0,0,0,0.181763056,4.56E-05,0,0,0.736932677,2,14.97,11.73000019,-5.1808
2025,12,13,22,50,IMG_0609,0,0,0,0.003,0,0,0,0.997,0,0,0,0.002635802,8.89E-05,0,0,0.931481783,3,14.93,11.76524325,-4.5957
2025,12,13,23,0,IMG_0610,0,0,0,0.114,0,0,0,0.886,0,0,0,0.098136636,3.84E-05,0,0,0.830801134,3,14.94,11.69580634,-4.7642
2025,12,13,23,10,IMG_0611,0,0,0,0.004,0,0,0,0.996,0,0,0,0.003388304,0.0001452,0,0,0.892407264,2,14.92,11.57953479,-4.7039
2025,12,13,23,20,IMG_0612,0,0,0,0.003,0,0,0,0.997,0,0,0,0.002317533,7.53E-05,0,0,0.902889093,2,15,11.62330861,-4.4481
2025,12,13,23,30,IMG_0613,0,0,0,0.005,0,0,0,0.995,0,0,0,0.003953974,0.000168329,0,0,0.892785276,3,15.01,11.72015175,-4.4675
2025,12,13,23,40,IMG_0614,0,0,0,0,0,0,0,1,0,0,0,7.46E-05,8.02E-05,0,0,0.934332317,3,15.03,11.70876066,-3.4329
2025,12,13,23,50,IMG_0615,0,0,0,0.002,0,0,0,0.998,0,0,0,0.001551893,0.000178936,0,0,0.90211226,3,14.79,11.57665238,-3.2373
2025,12,14,0,0,IMG_0616,0,0,0,0,0,0,0,1,0,0,0,0.000200233,0.000152156,0,0,0.893423858,3,14.75,11.5989104,-3.5079
2025,12,14,0,10,IMG_0617,0,0,0,0.002,0,0,0,0.998,0,0,0,0.001268592,8.09E-05,0,0,0.901795403,3,14.66,11.44747741,-3.6603
2025,12,14,0,20,IMG_0618,0,0,0,0.001,0,0,0,0.998,0,0,0,0.001158151,0.000101427,0,0,0.878022191,3,14.74,11.31433461,-3.8265
2025,12,14,0,30,IMG_0619,0,0,0,0.003,0,0,0,0.997,0,0,0,0.002335945,0.000105138,0,0,0.860662357,3,14.89,11.32924489,-3.8079
2025,12,14,0,40,IMG_0620,0,0,0,0.002,0.001,0,0,0.997,0,0,0,0.001494035,0.000709165,0,0,0.874878155,3,14.97,11.28229026,-3.4566
2025,12,14,0,50,IMG_0621,0,0,0,0.005,0.992,0,0,0.003,0,0,0,0.003806648,0.803921304,0,0,0.002427178,2,15.17,11.1356491,-2.8373
2025,12,14,1,0,IMG_0622,0,0,0,0.002,0,0,0,0.998,0,0,0,0.001879657,8.96E-05,0,0,0.880188304,3,15.39,10.72128033,-2.2605
2025,12,14,1,10,IMG_0623,0,0,0,0.002,0,0,0,0.998,0,0,0,0.001846958,7.62E-05,0,0,0.87651881,3,15.53,10.48190373,-1.7129
2025,12,14,1,20,IMG_0624,0,0,0,0.002,0,0,0,0.998,0,0,0,0.001307677,8.12E-05,0,0,0.86885284,3,15.51,10.1334389,-1.371
2025,12,14,1,30,IMG_0625,0,0,0,0,0.992,0,0,0.008,0,0,0,6.43E-05,0.852428741,0,0,0.00681096,2,15.6,10.12244843,-1.1101
2025,12,14,1,40,IMG_0626,0,0,0,0.001,0,0,0,0.999,0,0,0,0.000918172,0.000134067,0,0,0.879061501,3,15.57,10.27254106,-2.508
2025,12,14,1,50,IMG_0627,0,0,0,0.001,0,0,0,0.999,0,0,0,0.000746815,0.000113709,0,0,0.899272453,3,15.38,10.25837687,-4.9277
2025,12,14,2,0,IMG_0628,0,0,0,0.001,0.001,0,0,0.998,0,0,0,0.00053777,0.000781986,0,0,0.888721575,3,15.32,10.32428341,-6.0819
2025,12,14,2,10,IMG_0629,0,0,0,0.001,0,0,0,0.999,0,0,0,0.000526074,0.000103403,0,0,0.88560335,3,15.29,10.21287092,-6.4419
2025,12,14,2,20,IMG_0630,0,0,0,0,0.552,0,0,0.448,0,0,0,6.53E-05,0.472475901,0,0,0.40493566,3,15.38,9.83476964,-5.6216
2025,12,14,2,30,IMG_0631,0,0,0,0.001,0,0,0,0.999,0,0,0,0.000864769,9.37E-05,0,0,0.906862245,3,15.5,9.905353283,-5.0252
2025,12,14,2,40,IMG_0632,0,0,0,0.001,0,0,0,0.998,0,0,0,0.00121262,0.00039867,0,0,0.877170681,2,15.48,9.928964669,-5.6072
2025,12,14,2,50,IMG_0633,0,0,0,0.001,0,0,0,0.999,0,0,0,0.001175736,7.94E-05,0,0,0.908336689,3,15.45,9.771293668,-4.6204
2025,12,14,3,0,IMG_0634,0,0,0,0.002,0.002,0,0,0.996,0,0,0,0.002019411,0.001156175,0,0,0.861610344,3,15.48,9.810212932,-5.6153
2025,12,14,3,10,IMG_0635,0,0,0,0.004,0.158,0,0,0.837,0,0,0,0.003678328,0.137655484,0,0,0.728069381,3,15.45,9.650123832,-5.8529
2025,12,14,3,20,IMG_0636,0,0,0,0,0.012,0,0,0.987,0,0,0,0.000272994,0.010368089,0,0,0.875953087,3,15.39,9.55991765,-5.9431
2025,12,14,3,30,IMG_0637,0,0,0,0.002,0,0,0,0.998,0,0,0,0.001393998,9.64E-05,0,0,0.853149069,3,15.4,9.519767405,-6.3521
2025,12,14,19,30,IMG_0638,0,0,0,0.872,0.128,0,0,0,0,0,0,0.640755146,0.079952629,0,0,0,2,12.52,7.409547031,-25.331
2025,12,14,19,40,IMG_0639,0,0,0,0.232,0.767,0,0,0,0,0,6.43E-05,0.168111035,0.532608263,0,0,0,2,12.7,7.493944509,-26.6343
2025,12,14,19,50,IMG_0640,0,0,0.004,0.536,0.459,0,0,0,0,0,0.002528456,0.367659871,0.260928576,0,0,0,2,13.2,7.353233087,-27.6035
2025,12,14,20,0,IMG_0641,0,0,0.002,0.276,0.723,0,0,0,0,0,0.001101908,0.186605566,0.455602051,0,0,0,2,13.25,7.305771774,-23.1378
2025,12,14,20,10,IMG_0642,0,0,0.002,0.444,0.555,0,0,0,0,0,0.001241459,0.297430386,0.349566541,0,0,0,2,13.25,7.271240003,-23.4625
2025,12,14,20,20,IMG_0643,0,0,0.001,0.236,0.764,0,0,0,0,0,0.000577659,0.161017773,0.491189078,0,0,0,2,13.21,7.327925194,-25.3095
2025,12,14,20,30,IMG_0644,0,0,0.062,0.382,0.556,0,0,0,0,0,0.040462417,0.248116106,0.33370172,0,0,0,1,13.25,7.40706497,-25.8878
2025,12,14,20,40,IMG_0645,0,0,0.021,0.264,0.715,0,0,0,0,0,0.012555439,0.169205168,0.410138484,0,0,0,2,13.25,7.440445683,-24.4361
2025,12,14,20,50,IMG_0646,0,0,0.01,0.662,0.328,0,0,0,0,0,0.006420801,0.422755116,0.19900447,0,0,0,2,13.2,7.461098865,-23.1467
2025,12,14,21,0,IMG_0647,0,0,0,0.535,0.465,0.001,0,0,0,0,0,0.375544576,0.301944644,0.000390805,0,0,2,13.25,7.52792617,-23.5468
2025,12,14,21,10,IMG_0648,0,0,0,0.369,0.631,0,0,0,0,0,0,0.256933331,0.408100316,0,0,0,2,13.29,7.559241719,-23.8389
2025,12,14,21,20,IMG_0649,0,0,0,0.475,0.255,0,0,0.27,0,0,0,0.347878696,0.177598069,0,0,0.205326375,2,13.33,7.57446547,-22.0186
2025,12,14,21,30,IMG_0650,0,0,0,0.574,0.384,0,0,0.042,0,0,0,0.423891346,0.270842285,0,0,0.031736133,2,13.34,7.581458062,-21.5665
2025,12,14,21,40,IMG_0651,0,0,0.001,0.229,0.769,0,0,0,0,0,0.000658316,0.14581395,0.451764115,0,9.77E-05,0,2,13.34,7.618497247,-24.9245
2025,12,14,21,50,IMG_0652,0,0,0,0.365,0.635,0,0,0,0,0,4.57E-05,0.230154627,0.349328748,0,0,0,2,13.35,7.644049111,-23.8526
2025,12,14,22,0,IMG_0653,0,0,0.002,0.353,0.642,0,0.003,0,0,0,0.000991203,0.217768134,0.319471004,0,0.00119535,0,2,13.43,7.643469618,-25.5327
2025,12,14,22,10,IMG_0654,0,0,0.01,0.252,0.731,0,0.006,0,0,0,0.00575329,0.152099361,0.343019035,0.000194043,0.002867353,0,2,13.43,7.720288408,-24.429
2025,12,14,22,20,IMG_0655,0,0,0.008,0.296,0.696,0,0,0,3.18E-05,0,0.003483894,0.159854207,0.333463191,0,4.32E-05,0,2,13.48,7.699767732,-24.0783
2025,12,14,22,30,IMG_0656,0,0,0,0.186,0.814,0,0,0,0,0,0,0.110552209,0.474783038,4.69E-06,0,0,2,13.47,7.759194769,-22.0338
2025,12,14,22,40,IMG_0657,0,0,0,0.364,0.636,0,0,0,0,0,0,0.220178283,0.427049016,0,0,6.42E-05,2,13.48,7.692762636,-22.7314
2025,12,14,22,50,IMG_0658,0,0,0,0.493,0.507,0,0,0,0,0,0,0.313045816,0.307132767,0,0,0,2,13.47,7.64834913,-25.9787
2025,12,14,23,0,IMG_0659,0,0,0.001,0.084,0.916,0,0,0,0,0,0.000319862,0.049480228,0.472826788,0,0,0,2,13.43,7.648125302,-26.5639
2025,12,14,23,10,IMG_0660,0,0,0,0.158,0.842,0,0,0,0,0,0,0.089573227,0.476011178,0,0,0,2,13.52,7.584184362,-23.959
2025,12,14,23,20,IMG_0661,0,0,0,0.378,0.621,0,0,0,0.000267631,0,0,0.216583353,0.323817841,0.000221852,1.59E-05,0,2,13.52,7.653237892,-24.0466
2025,12,14,23,30,IMG_0662,0.029,0,0,0.286,0.666,0.018,0,0,0.020424797,0,0,0.150660825,0.338310795,0.008403801,2.91E-06,0,2,13.62,7.721740163,-26.5224
2025,12,14,23,40,IMG_0663,0,0,0.009,0.177,0.745,0,0.068,0,0.000339573,0,0.004426758,0.08846407,0.339344952,0.000230664,0.021081145,0,2,13.59,7.839134311,-26.3721
2025,12,14,23,50,IMG_0664,0,0,0.002,0.165,0.833,0,0,0,0,0,0.001157617,0.084786809,0.415380078,0,0,0,2,13.57,7.843568215,-24.7965
2025,12,15,0,0,IMG_0665,0,0,0,0.236,0.762,0.002,0,0,2.20E-05,0,0,0.114016864,0.366219599,0.001230439,1.46E-05,0,2,13.49,7.866901849,-28.7245
2025,12,15,0,10,IMG_0666,0.011,0,0,0.238,0.624,0.125,0.002,0,0.008586298,0,0,0.109141594,0.269281468,0.038538807,0.000612215,0,2,13.46,7.836036375,-32.2058
2025,12,15,0,20,IMG_0667,0.48,0,0.041,0.212,0.049,0.154,0.064,0,0.363067435,4.85E-05,0.016061283,0.093378613,0.019975931,0.060150443,0.021574399,0,1,13.44,7.761156095,-36.4979
2025,12,15,0,30,IMG_0668,0.709,0,0.016,0.275,0,0,0,0,0.525839904,0,0.004396267,0.115054703,0,0,0,0,1,13.43,7.671403723,-37.0261
2025,12,15,0,40,IMG_0669,0.313,0,0.083,0.315,0.003,0.235,0.051,0,0.223276976,0,0.028576285,0.12910009,0.000924422,0.063470673,0.014257309,0,1,13.47,7.717190106,-34.3058
2025,12,15,0,50,IMG_0670,0,0,0.001,0.207,0.78,0.005,0.007,0,5.24E-05,0,0.000475699,0.093431671,0.322343044,0.001358376,0.00178913,0,2,13.57,7.642812315,-31.6075
2025,12,15,1,0,IMG_0671,0.202,0,0.053,0.118,0.344,0.106,0.177,0,0.143111125,0,0.025694081,0.052071612,0.13857684,0.039918284,0.056458714,0,2,13.57,7.634594237,-31.8582
2025,12,15,1,10,IMG_0672,0.005,0,0.004,0.208,0.781,0.001,0,0,0.003944456,0,0.002261178,0.082189588,0.326496958,0.000511674,1.88E-05,0,2,13.54,7.582993298,-27.5557
2025,12,15,1,20,IMG_0673,0.129,0,0.033,0.351,0.087,0.393,0.008,0,0.091173347,0,0.011980048,0.140430927,0.03181434,0.146750886,0.002334645,0,2,13.7,7.520815053,-29.275
2025,12,15,1,30,IMG_0674,0.095,0,0.066,0.214,0.072,0,0.553,0,0.076381242,4.97E-05,0.02248439,0.090927922,0.030887184,0,0.162570966,0,1,13.75,7.513129061,-34.1079
2025,12,15,1,40,IMG_0675,0.001,0,0.001,0.173,0.821,0,0.005,0,0.000462861,0,0.000395485,0.07851872,0.323328974,0,0.001162275,0,2,13.67,7.628607977,-31.3882
2025,12,15,1,50,IMG_0676,0.697,0,0.012,0.219,0.001,0.071,0,0,0.521608872,0,0.005198377,0.090582106,0.000278065,0.017712575,2.17E-05,0,1,13.71,7.598864774,-36.809
2025,12,15,2,0,IMG_0677,0.766,0,0.01,0.221,0.001,0,0.002,0,0.576789836,0,0.003922656,0.089454477,0.000643119,0,0.000902652,0,1,13.71,7.553866042,-37.6612
2025,12,15,2,10,IMG_0678,0.642,0,0,0.175,0,0.175,0.007,0,0.460506783,0,4.21E-06,0.073691346,0,0.045148648,0.002179019,0,1,13.62,7.580424192,-36.6743
2025,12,15,2,20,IMG_0679,0.305,0,0.009,0.362,0.017,0.301,0.007,0,0.217832384,0,0.002653598,0.135222769,0.00485936,0.099702757,0.002117067,0,2,13.58,7.712133491,-32.5389
2025,12,15,2,30,IMG_0680,0.291,0,0,0.336,0.002,0.371,0,0,0.205389919,0,0,0.130390182,0.000585141,0.14066872,0,0,1,13.63,7.839620098,-31.4836
2025,12,15,2,40,IMG_0681,0.552,0,0.001,0.286,0.02,0.11,0.031,0,0.425308286,0,0.000276239,0.112028809,0.007235517,0.031441774,0.009287094,0,1,13.66,7.894255379,-36.3658
2025,12,15,2,50,IMG_0682,0.545,0,0.004,0.236,0.074,0.135,0.006,0,0.423357782,0,0.00153466,0.097516324,0.03002784,0.053246049,0.002204733,0,1,13.75,7.847890065,-37.9162
2025,12,15,3,0,IMG_0683,0.545,0,0.33,0.111,0.002,0,0.012,0,0.426770395,0,0.124516639,0.047782482,0.000843495,5.85E-05,0.003521575,0,1,13.72,7.795498001,-37.4664
2025,12,15,3,10,IMG_0684,0.517,0.055,0.214,0.208,0,0,0.005,0,0.398263341,0.014870087,0.065055326,0.083441361,0,0,0.001440069,0,1,13.7,7.742119917,-36.3083
2025,12,15,3,20,IMG_0685,0.71,0.001,0.12,0.169,0,0,0.001,0,0.54447669,0.000212485,0.044136854,0.068320989,0,0,0.000181791,0,1,13.54,7.762285212,-35.2285
2025,12,15,3,30,IMG_0686,0.407,0,0.158,0.251,0.048,0,0.136,0,0.311326442,6.01E-05,0.050219058,0.096483256,0.015673257,0,0.033950676,0,1,13.43,7.743566829,-36.5703
2025,12,15,19,30,IMG_0687,0,0,0,0.135,0.865,0,0,0,0,0,0,0.101581175,0.788216849,0,0,1.78E-05,2,17.97,9.505619591,-7.8141
2025,12,15,19,40,IMG_0688,0,0,0,0.055,0.944,0,0,0,0,0,0,0.041076134,0.831540317,2.65E-05,0,0,2,17.91,9.415239521,-10.0932
2025,12,15,19,50,IMG_0689,0.005,0,0.038,0.396,0.529,0.021,0.012,0,0.003322318,0,0.021320583,0.211995726,0.441706528,0.013784818,0.007790497,0,1,17.78,9.4092904,-25.275
2025,12,15,20,0,IMG_0690,0,0,0,0.159,0.841,0,0,0,0,0,0,0.084050188,0.708454883,6.71E-05,0,0,2,17.76,9.35268098,-22.711
2025,12,15,20,10,IMG_0691,0,0,0,0.257,0.594,0.149,0,0,1.56E-05,0,0,0.163737598,0.450140257,0.114571755,0,0,2,17.78,9.309288279,-21.4197
2025,12,15,20,20,IMG_0692,0,0,0,0.085,0.915,0,0,0,0,0,0,0.035693434,0.771154432,0,0,0,2,17.78,9.398684114,-21.6117
2025,12,15,20,30,IMG_0693,0,0,0,0.036,0.964,0,0,0,0,0,0,0.025524542,0.82654662,0,0,6.76E-05,2,17.72,9.333427281,-19.1473
2025,12,15,20,40,IMG_0694,0,0,0,0.021,0.979,0,0,0,0,0,0,0.012819306,0.870389769,0,0,0,2,17.8,9.387136261,-13.2534
2025,12,15,20,50,IMG_0695,0,0,0,0,0.982,0,0,0.018,0,0,0,1.34E-05,0.904614416,0,0,0.017046507,2,17.86,9.419222954,-6.863
2025,12,15,21,0,IMG_0696,0,0,0,0.002,0.995,0,0,0.002,0,0,0,0.001557024,0.896790512,0,0,0.001946146,2,17.96,9.498433703,-7.311
2025,12,15,21,10,IMG_0697,0,0,0,0.031,0.968,0,0,0.001,0,0,0,0.023546116,0.841946935,0,0,0.000801194,2,17.89,9.522997086,-7.0292
2025,12,15,21,20,IMG_0698,0,0,0,0.056,0.942,0.002,0,0,0,0,0,0.035508256,0.781296635,0.001803741,0,0,2,17.91,9.519072847,-9.4807
2025,12,15,21,30,IMG_0699,0.001,0,0,0.139,0.837,0.023,0,0,0.000330379,0,0,0.074490302,0.653685306,0.014259848,0,2.45E-05,2,17.91,9.526707651,-19.5252
2025,12,15,21,40,IMG_0700,0,0,0,0.052,0.948,0,0,0,0,0,3.65E-05,0.031330334,0.723562139,0,0,0,2,17.76,9.500992103,-18.7778
2025,12,15,21,50,IMG_0701,0,0,0.001,0.203,0.681,0.114,0,0,0.000242473,0,0.000942571,0.121758459,0.477662057,0.084521056,0,0,2,17.68,9.502477484,-16.8296
2025,12,15,22,0,IMG_0702,0.036,0,0.001,0.262,0.698,0.004,0,0,0.024162485,0,0.000399489,0.140473933,0.488014941,0.002586223,0,0,2,17.68,9.543144292,-22.1693
2025,12,15,22,10,IMG_0703,0,0,0,0.129,0.8,0.071,0,0,0,0,0,0.068995538,0.531169989,0.046115257,3.25E-05,0,2,17.58,9.558245994,-21.7826
2025,12,15,22,20,IMG_0704,0.047,0,0,0.493,0.185,0.275,0,0,0.032284217,0,0,0.2522263,0.10908297,0.145246484,9.69E-05,0,1,17.54,9.60266501,-25.4522
2025,12,15,22,30,IMG_0705,0.393,0,0.001,0.603,0.004,0,0,0,0.260543397,0,0.000669779,0.321350128,0.002751818,0,0,0,1,17.34,9.584530732,-27.0602
2025,12,15,22,40,IMG_0706,0.41,0,0.025,0.555,0.001,0.009,0,0,0.276847754,0,0.013993773,0.291202779,0.000785938,0.004449151,3.12E-05,0,1,17.24,9.643267862,-27.0578
2025,12,15,22,50,IMG_0707,0.451,0,0.002,0.517,0.015,0.012,0.004,0,0.30538771,0,0.001067383,0.26215954,0.009221905,0.008004011,0.00248919,0,1,17.23,9.652160677,-27.3706
2025,12,15,23,0,IMG_0708,0.228,0,0,0.564,0.078,0.13,0,0,0.154703936,0,0,0.276424782,0.045222589,0.053775924,2.20E-05,0,1,17.04,9.67775915,-24.4566
2025,12,15,23,10,IMG_0709,0.352,0,0.011,0.576,0.028,0.001,0.033,0,0.249209413,0,0.004805514,0.274453891,0.01289849,0.000280153,0.012086659,0,1,17.03,9.708179048,-27.0593
2025,12,15,23,20,IMG_0710,0.521,0,0,0.319,0.05,0.109,0,0,0.358576074,0,0,0.154927704,0.030356776,0.07139659,0.000259766,0,1,16.9,9.750657725,-26.9755
2025,12,15,23,30,IMG_0711,0.451,0,0.022,0.361,0.037,0.098,0.031,0,0.307390648,0,0.012885584,0.168502103,0.023250316,0.056258428,0.017631385,0,1,16.86,9.774602577,-24.9256
2025,12,15,23,40,IMG_0712,0.543,0,0.034,0.323,0.05,0.027,0.021,0,0.376551157,0,0.020909277,0.16298934,0.03198155,0.018331798,0.014495425,0,1,16.63,9.835649147,-25.5934
2025,12,15,23,50,IMG_0713,0.199,0,0.001,0.234,0.409,0.155,0.002,0,0.133882302,0,0.000647566,0.096881423,0.250308639,0.089288687,0.000705101,0,2,16.67,9.882016866,-23.0842
2025,12,16,0,0,IMG_0714,0,0,0,0.059,0.941,0,0,0,0,0,0,0.028896116,0.586669704,0,0,0,2,16.62,9.934337848,-17.6554
2025,12,16,0,10,IMG_0715,0,0,0,0.005,0.995,0,0,0,0,0,0,0.004370643,0.681781025,0,0,0,2,16.61,9.962269499,-15.6464
2025,12,16,0,20,IMG_0716,0,0,0,0.042,0.958,0,0,0,0,0,0,0.017928418,0.689485291,0,0,6.47E-05,2,16.63,9.991231748,-9.0335
2025,12,16,0,30,IMG_0717,0.001,0,0,0.102,0.886,0.011,0,0,0.00050637,0,0,0.039037462,0.624124331,0.007967511,0,0,2,16.59,10.06740447,-10.6805
2025,12,16,0,40,IMG_0718,0,0,0,0.123,0.877,0,0,0,2.72E-05,0,0,0.055502156,0.540243269,0,0,7.54E-06,2,16.67,10.03939188,-14.6304
2025,12,16,0,50,IMG_0719,0,0,0,0.035,0.965,0,0,0,0,0,0,0.013587004,0.609807046,0,0,0,2,16.49,10.07853241,-15.5517
2025,12,16,1,0,IMG_0720,0,0,0,0,1,0,0,0,0,0,0,0,0.761824715,0,0,0,2,16.27,10.1105177,-6.3397
2025,12,16,1,10,IMG_0721,0,0,0,0.001,0.999,0,0,0,0,0,0,0.000476848,0.777430919,0,0,0.000138544,2,16.27,10.14788717,-6.1714
2025,12,16,1,20,IMG_0722,0,0,0,0,1,0,0,0,0,0,0,0,0.753999842,0,0,0,2,16.21,10.04641044,-8.9613
2025,12,16,1,30,IMG_0723,0,0,0,0.011,0.989,0,0,0,0,0,0,0.005823881,0.71291902,0,0,0,2,16.26,10.07952407,-9.1255
2025,12,16,1,40,IMG_0724,0,0,0,0,1,0,0,0,0,0,0,4.79E-05,0.702768367,0,0,0,2,16.16,9.980395256,-11.8525
2025,12,16,1,50,IMG_0725,0,0,0,0.14,0.859,0,0,0,6.55E-05,0,0,0.044746627,0.522225676,0,0,0,2,16.37,9.841645972,-17.9039
2025,12,16,2,0,IMG_0726,0.054,0,0,0.357,0.248,0.34,0,0,0.037648505,0,0,0.151024407,0.122411065,0.149297408,3.78E-05,0,2,16.26,9.710204335,-18.1592
2025,12,16,2,10,IMG_0727,0.097,0,0,0.466,0.042,0.396,0,0,0.073363146,0,0,0.221941669,0.021774249,0.209959968,0,0,2,16.22,9.577792549,-19.1788
2025,12,16,2,20,IMG_0728,0.47,0,0,0.362,0.03,0.138,0,0,0.343327471,0,2.60E-05,0.15806558,0.018967052,0.081531686,0.000197078,0,1,16.03,9.554491142,-26.1063
2025,12,16,2,30,IMG_0729,0.501,0,0.002,0.497,0,0,0,0,0.371285765,0,0.000825323,0.221430792,0,0,0,0,1,15.71,9.634885125,-26.4765
2025,12,16,2,40,IMG_0730,0.531,0,0,0.469,0,0,0,0,0.394565422,0,0,0.210775947,0,0,0,0,1,15.61,9.612582413,-26.6064
2025,12,16,2,50,IMG_0731,0.531,0,0,0.469,0,0,0,0,0.398963927,0,0,0.209061644,0,0,0,0,1,15.55,9.673078401,-26.6787
2025,12,16,3,0,IMG_0732,0.556,0,0,0.444,0,0,0,0,0.414930506,0,0,0.19662053,0,0,0,0,1,15.39,9.751509685,-26.7222
2025,12,16,3,10,IMG_0733,0.576,0,0,0.424,0,0,0,0,0.429152231,0,0,0.186441985,0,0,0,0,1,15.04,9.791506773,-25.1407
2025,12,16,3,20,IMG_0734,0.595,0,0,0.405,0,0,0,0,0.447085134,0,0,0.178027254,0,0,0,0,1,15.18,9.800151848,-27.3187
2025,12,16,3,30,IMG_0735,0.584,0,0,0.416,0,0,0,0,0.436386659,0,4.60E-06,0.180819697,0,0,0,0,1,15.03,9.830480304,-26.5272
2025,12,16,19,30,IMG_0736,0.294,0,0,0.706,0,0,0,0,0.183361644,0,0,0.377088108,0,0,0,0,1,16.92,12.08961695,-29.9624
2025,12,16,19,40,IMG_0737,0.229,0,0,0.771,0,0,0,0,0.143064581,0,0,0.409759352,0,0,0,0,1,16.86,11.83105506,-29.4618
2025,12,16,19,50,IMG_0738,0.227,0,0,0.773,0,0,0,0,0.141060374,0,0,0.413739393,0,0,0,0,1,16.97,12.05375248,-30.8343
2025,12,16,20,0,IMG_0739,0.237,0,0,0.763,0,0,0,0,0.146875939,0,2.27E-06,0.407281828,0,0,0,0,1,17.35,12.03582495,-30.8395
2025,12,16,20,10,IMG_0740,0.301,0,0,0.699,0,0,0,0,0.186766324,0,0,0.374937755,0,0,0,0,1,17.54,12.00893244,-30.8515
2025,12,16,20,20,IMG_0741,0.254,0,0,0.746,0,0,0,0,0.156881836,0,0,0.403665805,0,0,0,0,1,17.54,12.02386893,-29.5795
2025,12,16,20,30,IMG_0742,0.285,0,0,0.715,0,0,0,0,0.175332294,0,0,0.386749624,0,0,0,0,1,17.39,12.03503426,-29.0647
2025,12,16,20,40,IMG_0743,0.291,0,0,0.709,0,0,0,0,0.186168104,0,0,0.368936208,0,0,0,0,1,17.17,12.05298851,-27.2156
2025,12,16,20,50,IMG_0744,0.409,0,0,0.591,0,0,0,0,0.273644096,0,0,0.298953711,0,0,0,0,1,16.9,11.98886708,-26.0534
2025,12,16,21,0,IMG_0745,0.43,0,0,0.57,0,0,0,0,0.278405717,0,0,0.282921319,0,0,0,0,1,16.89,12.01040801,-27.0843
2025,12,16,21,10,IMG_0746,0.471,0,0,0.529,0,0,0,0,0.313484751,0,0,0.255055356,0,0,0,0,1,16.7,11.98776981,-27.208
2025,12,16,21,20,IMG_0747,0.503,0,0,0.497,0,0,0,0,0.331736516,0,0,0.24135655,0,0,0,0,1,16.36,11.92587658,-26.4504
2025,12,16,21,30,IMG_0748,0.498,0,0,0.502,0,0,0,0,0.327544156,0,0,0.242713281,0,0,0,0,1,16.03,11.85444432,-27.3696
2025,12,16,21,40,IMG_0749,0.495,0,0,0.505,0,0,0,0,0.32494562,0,1.95E-06,0.244420275,0,0,0,0,1,15.8,11.75796033,-27.5504
2025,12,16,21,50,IMG_0750,0.445,0,0,0.555,0,0,0,0,0.301168074,0,0,0.259154763,0,0,0,0,1,15.58,11.80140583,-29.4738
2025,12,16,22,0,IMG_0751,0.475,0,0,0.525,0,0,0,0,0.319284826,0,0,0.249475278,0,0,0,0,1,15.53,11.77890697,-29.2872
2025,12,16,22,10,IMG_0752,0.519,0,0,0.481,0,0,0,0,0.35745655,0,5.75E-06,0.223180116,0,0,0,0,1,15.78,11.98559496,-28.4142
2025,12,16,22,20,IMG_0753,0.545,0,0,0.455,0,0,0,0,0.383438296,0,0,0.202467593,0,0,0,0,1,15.79,11.81806939,-28.2462
2025,12,16,22,30,IMG_0754,0.561,0,0,0.439,0,0,0,0,0.396273392,0,0,0.192417931,0,0,0,0,1,15.43,11.7339509,-28.8203
2025,12,16,22,40,IMG_0755,0.658,0,0,0.342,0,0,0,0,0.470701855,0,0,0.149152171,0,0,0,0,1,15.77,11.96491197,-27.8672
2025,12,16,22,50,IMG_0756,0.645,0,0,0.355,0,0,0,0,0.460741744,0,0,0.153934675,0,0,0,0,1,15.61,11.66330213,-27.6479
2025,12,16,23,0,IMG_0757,0.656,0,0,0.344,0,0,0,0,0.477493194,0,0,0.144366016,0,0,0,0,1,14.95,11.43463784,-26.0426
2025,12,16,23,10,IMG_0758,0.641,0,0,0.359,0,0,0,0,0.46242473,0,0,0.155478268,0,0,0,0,1,15,11.59767838,-27.6604
2025,12,16,23,20,IMG_0759,0.627,0,0,0.373,0,0,0,0,0.458788529,0,0,0.160373069,0,0,0,0,1,15.04,11.7158937,-28.4941
2025,12,16,23,30,IMG_0760,0.666,0,0,0.334,0,0,0,0,0.481450353,0,0,0.144105071,0,0,0,0,1,15.4,11.96208015,-24.6612
2025,12,16,23,40,IMG_0761,0.608,0,0,0.392,0,0,0,0,0.444599745,0,0,0.164171499,0,0,0,0,1,15.85,12.38732155,-23.9167
2025,12,16,23,50,IMG_0762,0.668,0,0,0.332,0,0,0,0,0.500526758,0,0,0.144020756,0,0,0,0,1,15.99,12.35655712,-25.8088
2025,12,17,0,0,IMG_0763,0.449,0,0,0.21,0.272,0.07,0,0,0.336495831,0,0,0.128854935,0.145406385,0.025358661,0,2.45E-05,1,15.6,12.02838212,-24.6314
2025,12,17,0,10,IMG_0764,0.005,0,0,0.126,0.868,0,0,0.001,0.00421271,0,5.52E-05,0.065709075,0.385530349,0,2.85E-06,0.000600699,1,15.24,11.88535698,-26.0271
2025,12,17,0,20,IMG_0765,0.002,0,0,0.202,0.787,0,0,0.008,0.002149294,0,0,0.120641436,0.416521199,0,0,0.00663759,2,15.27,12.05035547,-23.1926
2025,12,17,0,30,IMG_0766,0,0,0,0.001,0.999,0,0,0,0,0,0,0.000758624,0.656220102,0,0,0,2,15.75,12.37962712,-15.5163
2025,12,17,0,40,IMG_0767,0,0,0,0.007,0.993,0,0,0,0,0,0,0.002612477,0.689407317,0,0,1.71E-05,2,15.95,12.40816907,-9.0768
2025,12,17,0,50,IMG_0768,0,0,0,0.004,0.996,0,0,0,0,0,0,0.001974099,0.738542849,0,0,5.38E-05,2,15.73,12.23068035,-5.6256
2025,12,17,1,0,IMG_0769,0,0,0,0.001,0.999,0,0,0,0,0,0,0.00017216,0.770579192,0,0,0.000308669,2,15.59,12.20705307,-5.6089
2025,12,17,1,10,IMG_0770,0,0,0,0.048,0.952,0,0,0,0,0,0,0.017710186,0.682811614,0,0,0.000206798,2,16.03,12.49559378,-7.9611
2025,12,17,1,20,IMG_0771,0.018,0,0,0.154,0.828,0,0,0,0.013337958,0,0,0.04703738,0.576716662,0.000224211,0,2.56E-05,2,15.99,12.45181692,-10.7749
2025,12,17,1,30,IMG_0772,0.039,0,0,0.15,0.587,0.224,0,0,0.028314806,0,0,0.046835352,0.360455642,0.121275008,2.44E-06,0,2,16.15,12.5589981,-13.3839
2025,12,17,1,40,IMG_0773,0.036,0,0,0.137,0.067,0.76,0,0,0.026465933,0,0,0.045348265,0.046809428,0.44119559,0,0,2,15.89,12.39028126,-20.6666
2025,12,17,1,50,IMG_0774,0,0,0,0.026,0.974,0,0,0,0,0,0,0.008481836,0.642605018,0,0,0,2,15.81,12.39775541,-18.7821
2025,12,17,2,0,IMG_0775,0.037,0,0,0.069,0.802,0.092,0,0,0.02914864,0,0,0.017464911,0.530829237,0.067146995,0,0,2,15.8,12.44406556,-15.0952
2025,12,17,2,10,IMG_0776,0,0,0,0,1,0,0,0,0,0,0,0.000115302,0.674876953,0,0,0,2,15.57,12.23205845,-6.0882
2025,12,17,2,20,IMG_0777,0,0,0,0,0.973,0,0,0.027,0,0,0,1.36E-05,0.784461253,0,0,0.02069526,3,15.81,12.47852255,-2.2718
2025,12,17,2,30,IMG_0778,0,0,0,0,0.368,0,0,0.632,0,0,0,0.000133128,0.288133075,0,0,0.536725819,3,15.91,12.51362159,-0.8226
2025,12,17,2,40,IMG_0779,0,0,0,0,0.079,0,0,0.921,0,0,0,0.000194636,0.05729043,0,0,0.763957685,3,16.24,12.5583113,-1.5117
2025,12,17,2,50,IMG_0780,0,0,0,0,0.644,0,0,0.355,0,0,0,0.000275969,0.550571913,0,0,0.303578989,3,16.45,12.42444753,-4.7312
2025,12,17,3,0,IMG_0781,0,0,0,0.075,0.894,0,0,0.031,0,0,0,0.023183331,0.617276142,0,0,0.026614228,2,16.58,12.28232098,-6.3534
2025,12,17,3,10,IMG_0782,0,0,0,0.001,0.311,0,0,0.688,0,0,0,0.000549023,0.238171575,0,0,0.550615835,2,16.71,12.2365814,-11.5391
2025,12,17,3,20,IMG_0783,0,0,0,0.001,0.001,0,0,0.998,0,0,0,0.001003636,0.000465978,0,0,0.839014746,2,16.78,12.27387936,-14.135
2025,12,17,3,30,IMG_0784,0,0,0,0,0.668,0,0,0.332,0,0,0,1.42E-05,0.535719772,0,0,0.272730957,2,16.58,11.87338032,-19.5059
2025,12,17,19,30,IMG_0785,0.39,0,0,0.61,0,0,0,0,0.237998122,0,0,0.324217218,0,0,0,0,1,19.45,12.97293629,-29.3523
2025,12,17,19,40,IMG_0786,0.36,0,0,0.581,0,0.058,0,0,0.216085029,0,0,0.306543322,0.000266662,0.033596079,0.000277945,0,1,19.64,13.27251895,-29.0891
2025,12,17,19,50,IMG_0787,0.3,0,0,0.68,0.001,0.019,0.001,0,0.182089581,0,2.05E-05,0.355476292,0.000350977,0.01242974,0.000610449,0,1,19.59,13.4073029,-29.2211
2025,12,17,20,0,IMG_0788,0.26,0,0,0.74,0,0,0,0,0.159805131,0,0,0.385439498,0,0,0,0,1,19.24,13.03495112,-28.8301
2025,12,17,20,10,IMG_0789,0.385,0,0,0.615,0,0,0,0,0.231684728,0,0,0.328732204,0,0,0,0,1,19.09,13.06595326,-28.4638
2025,12,17,20,20,IMG_0790,0.397,0,0,0.602,0,0.001,0,0,0.24217648,0,0,0.317937109,0,0.000444238,0,0,1,19.05,12.90283256,-29.0078
2025,12,17,20,30,IMG_0791,0.344,0,0.012,0.644,0,0,0,0,0.210737117,0,0.006035389,0.340375864,0,0,0,0,1,19,13.03096527,-29.0936
2025,12,17,20,40,IMG_0792,0.17,0,0.011,0.75,0.003,0.044,0.022,0,0.099220898,0,0.00535021,0.394511749,0.00195,0.020569824,0.010405972,0,1,18.96,13.11398573,-28.7521
2025,12,17,20,50,IMG_0793,0.162,0,0,0.704,0.009,0.125,0,0,0.099581686,0,0,0.385124286,0.00468756,0.059937838,0,0,1,18.91,13.0267171,-29.3216
2025,12,17,21,0,IMG_0794,0,0,0,0.028,0.933,0.039,0,0,0,0,0,0.01710764,0.730962921,0.030327877,0,0,2,18.92,12.78961223,-19.9288
2025,12,17,21,10,IMG_0795,0.303,0,0,0.583,0.003,0.107,0.003,0,0.194053839,0,4.15E-06,0.299600038,0.001516602,0.058775924,0.001553012,0,1,19.19,12.49914499,-27.9428
2025,12,17,21,20,IMG_0796,0.35,0,0,0.65,0,0,0,0,0.232160104,0,0,0.327911276,0,0,0,0,1,19.08,12.47726437,-27.7754
2025,12,17,21,30,IMG_0797,0.227,0,0,0.491,0.027,0.254,0,0,0.14601377,0,0.00013457,0.259172296,0.015977178,0.150572063,0.000226713,0,1,18.9,12.37778979,-25.6844
2025,12,17,21,40,IMG_0798,0.321,0,0,0.669,0,0.011,0,0,0.212459848,0,0,0.330918262,0,0.003796131,0,0,1,18.93,12.39325106,-26.9734
2025,12,17,21,50,IMG_0799,0.417,0,0,0.583,0,0,0,0,0.273514243,0,0,0.300891895,0,0,0,0,1,19.04,12.38254829,-27.8381
2025,12,17,22,0,IMG_0800,0.437,0,0,0.522,0.01,0.032,0,0,0.287895605,0,0,0.266281197,0.006293923,0.018359788,9.63E-06,0,1,18.94,12.41031001,-28.2806
2025,12,17,22,10,IMG_0801,0.363,0,0,0.626,0.01,0.002,0,0,0.239979552,0,7.11E-05,0.319133173,0.006528178,0.001037072,7.19E-05,0,1,18.93,12.46949226,-26.1252
2025,12,17,22,20,IMG_0802,0.404,0,0,0.585,0.01,0,0,0,0.276476773,0,0,0.295461298,0.007954815,9.30E-05,0,0,1,18.86,12.46811972,-26.2783
2025,12,17,22,30,IMG_0803,0.44,0,0,0.56,0,0,0,0,0.305096447,0,0,0.271830927,0,0,0,0,1,18.94,12.41355624,-26.9423
2025,12,17,22,40,IMG_0804,0.483,0,0,0.364,0.141,0.012,0,0,0.322628057,0,4.15E-05,0.205157309,0.110254169,0.007453516,0,0,1,18.95,12.35430107,-27.5178
2025,12,17,22,50,IMG_0805,0.008,0,0,0.416,0.522,0.054,0,0,0.005330056,0,0,0.186709059,0.344898806,0.030217939,0,0.000238086,2,18.95,12.35430107,-25.9091
2025,12,17,23,0,IMG_0806,0,0,0,0.009,0.991,0,0,0,0,0,0,0.005440497,0.789112643,0,0,0,2,19.02,12.35489786,-5.2572
2025,12,17,23,10,IMG_0807,0,0,0,0.035,0,0,0,0.965,0,0,0,0.029507715,6.22E-05,0,0,0.877319742,3,19.04,12.33356669,-3.9369
2025,12,17,23,20,IMG_0808,0,0,0,0.015,0,0,0,0.985,0,0,0,0.012947213,6.34E-05,0,0,0.91330806,3,19.09,12.31432115,-3.8605
2025,12,17,23,30,IMG_0809,0,0,0,0.048,0,0,0,0.952,0,0,0,0.04240181,7.68E-05,0,0,0.901716572,3,19.13,12.38115395,-3.9715
2025,12,17,23,40,IMG_0810,0,0,0,0.002,0,0,0,0.998,0,0,0,0.00178898,5.75E-05,0,0,0.930097213,3,19.08,12.35288451,-4.0608
2025,12,17,23,50,IMG_0811,0,0,0,0.011,0,0,0,0.989,0,0,0,0.008836726,6.27E-05,0,0,0.904395853,3,19.04,12.35805749,-4.282
2025,12,18,0,0,IMG_0812,0,0,0,0.003,0,0,0,0.997,0,0,0,0.002210922,9.02E-05,0,0,0.880144028,3,18.94,12.4654958,-4.3576
2025,12,18,0,10,IMG_0813,0,0,0,0.001,0,0,0,0.999,0,0,0,0.001103027,6.87E-05,0,0,0.908735862,3,18.85,12.44783888,-4.4642
2025,12,18,0,20,IMG_0814,0,0,0,0.012,0,0,0,0.988,0,0,0,0.009756197,7.29E-05,0,0,0.884495989,3,18.81,12.51025744,-4.6964
2025,12,18,0,30,IMG_0815,0,0,0,0.008,0,0,0,0.992,0,0,0,0.006296191,5.93E-05,0,0,0.904207407,3,18.75,12.53657824,-4.6708
2025,12,18,0,40,IMG_0816,0,0,0,0.005,0,0,0,0.995,0,0,0,0.004111989,0.000163146,0,0,0.891970651,3,18.77,12.53052336,-4.7247
2025,12,18,0,50,IMG_0817,0,0,0,0.002,0,0,0,0.997,0,0,0,0.001963229,7.30E-05,0,0,0.891043314,3,18.72,12.51275256,-4.7988
2025,12,18,1,0,IMG_0818,0,0,0,0.001,0,0,0,0.999,0,0,0,0.000979477,7.99E-05,0,0,0.9090564,3,18.73,12.45603194,-4.7318
2025,12,18,1,10,IMG_0819,0,0,0,0.003,0,0,0,0.997,0,0,0,0.002391767,5.57E-05,0,0,0.910937883,3,18.68,12.42403885,-4.8113
2025,12,18,1,20,IMG_0820,0,0,0,0.004,0,0,0,0.996,0,0,0,0.002986366,4.44E-05,0,0,0.906852284,3,18.69,12.36102239,-4.6454
2025,12,18,1,30,IMG_0821,0,0,0,0.01,0,0,0,0.99,0,0,0,0.008365768,8.50E-05,0,0,0.879729687,3,18.63,12.38254984,-4.751
2025,12,18,1,40,IMG_0822,0,0,0,0.008,0.671,0,0,0.321,0,0,0,0.006187755,0.548649752,0,0,0.2632923,3,18.63,12.27577625,-4.9579
2025,12,18,1,50,IMG_0823,0,0,0,0.009,0.001,0,0,0.99,0,0,0,0.007116354,0.000756385,0,0,0.818003335,3,18.59,12.3914192,-6.386
2025,12,18,2,0,IMG_0824,0,0,0,0.013,0.949,0,0,0.038,0,0,0,0.010628185,0.743317811,0,0,0.027752584,2,18.55,12.39699588,-11.1514
2025,12,18,2,10,IMG_0825,0,0,0,0.01,0.007,0,0,0.983,0,0,0,0.007862282,0.004791639,0,0,0.80394979,3,18.49,12.34352552,-6.0867
2025,12,18,2,20,IMG_0826,0,0,0,0.086,0.184,0,0,0.731,0,0,0,0.065483834,0.140552381,0,0,0.569415152,2,18.5,12.32079488,-6.8625
2025,12,18,2,30,IMG_0827,0,0,0,0.002,0.997,0,0,0.001,0,0,0,0.001596732,0.764992901,0,0,0.000494231,3,18.45,12.36475373,-6.4146
2025,12,18,2,40,IMG_0828,0,0,0,0.001,0.999,0,0,0,0,0,0,0.000693727,0.704699106,0,0,0,2,18.45,12.39628843,-7.3244
2025,12,18,2,50,IMG_0829,0,0,0,0,1,0,0,0,0,0,0,6.24E-06,0.729593081,0,0,0,2,18.4,12.29042503,-11.1816
2025,12,18,3,0,IMG_0830,0.06,0,0.013,0.45,0.477,0.001,0,0,0.043566444,0,0.002921206,0.198395726,0.190418585,0.000523986,5.01E-05,0,2,18.37,12.23248449,-21.1348
2025,12,18,3,10,IMG_0831,0.061,0,0,0.329,0.559,0.051,0,0,0.046887049,0,0,0.141186366,0.277324069,0.023335367,3.35E-05,0,2,18.31,12.22185687,-22.8605
2025,12,18,3,20,IMG_0832,0,0,0.025,0.343,0.624,0.008,0,0,0,0,0.007025473,0.156641511,0.263946282,0.006130311,1.80E-06,0,2,18.25,12.23917626,-22.3801
2025,12,18,3,30,IMG_0833,0.194,0,0,0.694,0.111,0.001,0,0,0.152625436,0,0,0.312547371,0.048462154,0.000268254,0,0,1,18.21,12.11687472,-24.5386
2025,12,18,19,30,IMG_0834,0.013,0,0,0.04,0.304,0.622,0.022,0,0.005747018,0,0,0.022858954,0.199986005,0.427549106,0.012970786,0,2,19.82,13.93139618,-15.2676
2025,12,18,19,40,IMG_0835,0.005,0,0,0.116,0.783,0.096,0,0,0.00210758,0,9.20E-05,0.068643893,0.564375413,0.071685817,0.000125616,0,2,19.76,14.06982481,-13.6744
2025,12,18,19,50,IMG_0836,0,0,0,0.005,0.984,0.007,0.004,0,4.53E-05,0,1.89E-05,0.002387763,0.697847822,0.0043872,0.002505807,0,2,19.87,14.10944659,-15.3154
2025,12,18,20,0,IMG_0837,0.1,0,0.003,0.152,0.499,0.232,0.015,0,0.05614209,0,0.001443104,0.078807061,0.303140257,0.127796206,0.008381378,0,1,20.01,14.13922175,-17.3484
2025,12,18,20,10,IMG_0838,0.753,0,0.014,0.233,0,0,0,0,0.434726029,0,0.006741376,0.122264769,0,0,0,0,1,20,14.18276986,-26.1598
2025,12,18,20,20,IMG_0839,0.659,0,0,0.341,0,0,0,0,0.397492548,0,0.000141759,0.17320024,0,0,0,0,1,19.9,14.22014774,-26.8208
2025,12,18,20,30,IMG_0840,0.586,0,0.012,0.401,0,0,0,0,0.358044869,0,0.006079199,0.205228899,0,0,0,0,1,19.87,14.26374188,-26.937
2025,12,18,20,40,IMG_0841,0.514,0,0,0.436,0.019,0.028,0.002,0,0.315136073,0,0.000290287,0.222455987,0.010892871,0.015088702,0.00126573,0,1,19.78,14.34214742,-26.0418
2025,12,18,20,50,IMG_0842,0.374,0,0.008,0.052,0.485,0.003,0.077,0,0.230739919,0,0.004272837,0.025338867,0.282816654,0.001757429,0.036465287,0,1,19.7,14.39379735,-25.5319
2025,12,18,21,0,IMG_0843,0.14,0,0,0.066,0.107,0.687,0,0,0.089418247,0,2.90E-05,0.031943314,0.058067435,0.359305919,0.00018306,0,2,19.68,14.4447245,-20.4099
2025,12,18,21,10,IMG_0844,0.007,0,0.009,0.39,0.154,0.44,0,0,0.004093344,0,0.005065542,0.179911478,0.082738619,0.25718759,2.48E-05,0,2,19.79,14.52119937,-14.3985
2025,12,18,21,20,IMG_0845,0.008,0,0.018,0.02,0.794,0.004,0.156,0,0.004147784,0,0.008766083,0.010309675,0.452994381,0.002366549,0.084987981,0,2,19.78,14.54679161,-15.7797
2025,12,18,21,30,IMG_0846,0.07,0,0.002,0.03,0.724,0.012,0.163,0,0.045701946,0,0.001083053,0.012981828,0.349892443,0.006300759,0.075198347,0,2,19.87,14.5380446,-14.5339
2025,12,18,21,40,IMG_0847,0.017,0,0,0.051,0.925,0.004,0.004,0,0.012182459,0,4.65E-05,0.028731498,0.548580026,0.001674264,0.001813281,0,2,19.86,14.52952494,-17.1562
2025,12,18,21,50,IMG_0848,0,0,0,0.003,0.997,0,0,0,0,0,2.34E-05,0.001891406,0.669522852,0,0,0,2,19.9,14.4949332,-14.0286
2025,12,18,22,0,IMG_0849,0,0,0,0.003,0.991,0.003,0.003,0,5.20E-05,0,0,0.001488176,0.610055176,0.001624572,0.001770365,0,2,19.92,14.52912518,-13.4885
2025,12,18,22,10,IMG_0850,0,0,0,0.07,0.923,0.001,0.006,0,0.000111118,0,0.000124639,0.033679537,0.470205153,0.000521244,0.002692511,0,2,19.85,14.46963811,-16.5736
2025,12,18,22,20,IMG_0851,0.053,0,0,0.063,0.042,0.842,0,0,0.037789844,0,0,0.029058256,0.020844794,0.46462814,0,0,2,19.77,14.50417344,-15.1058
2025,12,18,22,30,IMG_0852,0.125,0,0,0.036,0.756,0.078,0.005,0,0.095941271,0,0.000126555,0.015737973,0.377913777,0.034112553,0.002045658,0,2,19.69,14.48713412,-19.1354
2025,12,18,22,40,IMG_0853,0.209,0,0.003,0.038,0.562,0.174,0.014,0,0.155643442,0,0.001517608,0.020022506,0.271742728,0.075111854,0.004779056,0,1,19.64,14.56306718,-19.8766
2025,12,18,22,50,IMG_0854,0.201,0.006,0.133,0.09,0.284,0.184,0.101,0,0.149796259,0.00224695,0.066218833,0.051417413,0.161752509,0.070528523,0.054527832,0,1,19.63,14.62213425,-22.8993
2025,12,18,23,0,IMG_0855,0.017,0,0.061,0.026,0.004,0,0.892,0,0.013105972,0.000138837,0.029538199,0.01253261,0.002162402,7.66E-06,0.420544809,0,2,19.6,14.66388989,-21.5036
2025,12,18,23,10,IMG_0856,0,0,0.008,0.037,0.784,0.001,0.17,0,0.000183969,0,0.003882302,0.018008398,0.395836366,0.000300631,0.08051111,0,2,19.5,14.66184852,-19.5221
2025,12,18,23,20,IMG_0857,0,0,0,0.093,0.907,0,0,0,0,0,3.49E-05,0.048873017,0.614828403,0,0,0,2,19.5,14.64507295,-10.1307
2025,12,18,23,30,IMG_0858,0.002,0,0.006,0.143,0.839,0,0.009,0,0.001280048,0,0.002949632,0.082473633,0.484746387,0.000124467,0.004070808,0,2,19.41,14.71794788,-12.0134
2025,12,18,23,40,IMG_0859,0,0,0,0.072,0.928,0,0,0,0,0,3.62E-06,0.035254259,0.606757632,0,0,0,2,19.5,14.67862409,-13.8854
2025,12,18,23,50,IMG_0860,0,0,0,0.167,0.833,0,0,0,0,0,0,0.088660472,0.490823084,0,0.000173715,0,2,19.51,14.72082639,-12.8754
2025,12,19,0,0,IMG_0861,0,0,0,0.001,0.999,0,0,0,0,0,6.95E-06,0.00075465,0.570697559,0,0,0,2,19.37,14.71664488,-14.2581
2025,12,19,0,10,IMG_0862,0,0,0,0.068,0.932,0,0,0,0,0,0,0.038902682,0.583690407,0,0,0,2,19.17,14.62658152,-14.1377
2025,12,19,0,20,IMG_0863,0,0,0,0.545,0.407,0,0,0.048,0,0,0,0.369089806,0.269751074,0,0,0.033101848,2,19.07,14.6387286,-11.873
2025,12,19,0,30,IMG_0864,0,0,0,0.061,0.892,0,0,0.047,0,0,0,0.0375968,0.603721898,0,0,0.032137094,2,19.05,14.65414131,-11.2193
2025,12,19,0,40,IMG_0865,0,0,0,0.286,0.363,0,0,0.351,0,0,0,0.196306265,0.259620395,0,0,0.255293615,2,19.05,14.65414131,-10.4665
2025,12,19,0,50,IMG_0866,0,0,0,0.733,0.241,0,0,0.026,0,0,0,0.522949279,0.15668599,0,0,0.019870733,2,19.09,14.6396318,-11.6616
2025,12,19,1,0,IMG_0867,0.001,0,0.001,0.017,0.981,0,0,0,0.000794005,0,0.000675518,0.00831407,0.546760081,2.20E-05,1.46E-05,0,2,19.11,14.64051402,-13.7862
2025,12,19,1,10,IMG_0868,0.042,0,0.036,0.051,0.449,0.012,0.409,0,0.02931078,1.47E-05,0.016866016,0.022799129,0.202997446,0.006541143,0.144867668,0,2,19.1,14.58272773,-14.0452
2025,12,19,1,20,IMG_0869,0.34,0,0.07,0.141,0.018,0,0.433,0,0.267342571,3.17E-05,0.024843014,0.06705172,0.007723385,0,0.131898039,0,1,18.95,14.50294578,-18.4425
2025,12,19,1,30,IMG_0870,0.564,0.005,0.13,0.147,0.005,0,0.148,0,0.442604282,0.00188581,0.048306227,0.068523933,0.002014874,6.83E-05,0.045139754,0,1,18.75,14.42886165,-23.2502
2025,12,19,1,40,IMG_0871,0.704,0,0.082,0.174,0.012,0.018,0.009,0,0.538420087,0,0.028400323,0.074409202,0.004682136,0.006603981,0.003392608,0,1,18.46,14.32523978,-23.1688
2025,12,19,1,50,IMG_0872,0.454,0.034,0.36,0.153,0,0,0,0,0.360118014,0.010572416,0.123496034,0.068532354,0,0,0,0,1,18.13,14.24853287,-22.9516
2025,12,19,2,0,IMG_0873,0.17,0.013,0.757,0.05,0.009,0,0.001,0,0.129927088,0.003800113,0.263469111,0.022797213,0.003564468,0,0.000325436,0,2,17.99,14.17644669,-18.3023
2025,12,19,2,10,IMG_0874,0,0,0,0.891,0.109,0,0,0,0,0,4.69E-05,0.416139468,0.04838886,0,0,0,2,17.86,14.14329744,-15.1544
2025,12,19,2,20,IMG_0875,0,0,0,0.923,0.077,0,0,0,0,0,0,0.507056791,0.04360459,0,0,1.49E-05,2,18.08,14.39134926,-13.4673
2025,12,19,2,30,IMG_0876,0,0,0,0.176,0.01,0,0,0.814,0,0,0,0.106594614,0.006387958,0,0,0.492838274,2,18.09,14.32273696,-11.5789
2025,12,19,2,40,IMG_0877,0,0,0,0.024,0.006,0,0,0.97,0,0,0,0.015365497,0.003686989,0,0,0.625624737,2,18.14,14.31892188,-11.2653
2025,12,19,2,50,IMG_0878,0,0,0,0.247,0.751,0,0,0.001,0,0,0,0.147884645,0.454851292,0,0,0.000758947,2,18.13,14.29494503,-11.7081
2025,12,19,3,0,IMG_0879,0,0,0,0.306,0.003,0,0,0.691,0,0,0,0.211992037,0.001806858,0,0,0.462562012,3,18.13,14.24853287,-11.5395
2025,12,19,3,10,IMG_0880,0,0,0,0.259,0.74,0,0,0.001,0,0,0,0.149974076,0.449106656,0,0,0.000411426,2,18.05,14.18093498,-11.5387
2025,12,19,3,20,IMG_0881,0,0,0,0.799,0.201,0,0,0,0,0,0,0.453899594,0.085793119,0,0,0,1,18.04,14.18789301,-11.9164
2025,12,19,3,30,IMG_0882,0,0,0,0.765,0.115,0,0,0.12,0,0,0,0.503904041,0.05898134,0,0,0.082466331,2,18,14.20023412,-10.8367
2025,12,19,19,30,IMG_0883,0,0,0,0.494,0,0,0,0.506,0,0,0,0.460218615,3.55E-05,0,0,0.487836306,3,18.61,15.47181139,-7.22
2025,12,19,19,40,IMG_0884,0,0,0,0.396,0,0,0,0.603,0,0,0,0.363886839,3.47E-05,0,0,0.584251713,3,18.7,15.55443653,-6.6241
2025,12,19,19,50,IMG_0885,0,0,0,0.348,0,0,0,0.652,0,0,0,0.317036644,4.90E-05,0,0,0.62825936,3,18.73,15.56603219,-6.4024
2025,12,19,20,0,IMG_0886,0,0,0,0.499,0,0,0,0.501,0,0,0,0.440276472,4.20E-05,0,0,0.4786747,3,18.87,15.67922213,-6.4755
2025,12,19,20,10,IMG_0887,0,0,0,0.956,0.038,0,0,0.007,0,0,0,0.802442526,0.027723918,0,0,0.005200556,2,18.91,15.66770576,-6.7611
2025,12,19,20,20,IMG_0888,0,0,0,0.299,0,0,0,0.701,0,0,0,0.253435554,6.76E-05,0,0,0.651526322,2,18.95,15.65603553,-8.2663
2025,12,19,20,30,IMG_0889,0,0,0,0.062,0,0,0,0.938,0,0,0,0.054702644,5.27E-05,0,0,0.830047491,2,18.91,15.61909861,-7.1423
2025,12,19,20,40,IMG_0890,0,0,0,0.072,0,0,0,0.928,0,0,0,0.059049745,0.000137868,0,0,0.831646755,2,18.91,15.63530099,-7.647
2025,12,19,20,50,IMG_0891,0,0,0,0.158,0.001,0,0,0.841,0,0,0,0.130027547,0.000667713,0,0,0.742573145,2,18.86,15.5891883,-7.6799
2025,12,19,21,0,IMG_0892,0,0,0,0.043,0,0,0,0.957,0,0,0,0.038126532,3.95E-05,0,0,0.907675871,3,18.82,15.60073245,-6.7109
2025,12,19,21,10,IMG_0893,0,0,0,0,0,0,0,1,0,0,0,0.00010175,5.30E-05,0,0,0.949042556,3,18.74,15.55920061,-3.0281
2025,12,19,21,20,IMG_0894,0,0,0,0,0,0,0,1,0,0,0,4.74E-05,5.15E-05,0,0,0.944220989,3,18.73,15.59809405,-2.9024
2025,12,19,21,30,IMG_0895,0,0,0,0,0,0,0,1,0,0,0,8.02E-05,6.46E-05,0,0,0.941049797,3,18.74,15.62336226,-2.8088
2025,12,19,21,40,IMG_0896,0,0,0,0,0,0,0,1,0,0,0,6.17E-05,5.26E-05,0,0,0.94830293,3,18.78,15.69251557,-2.8054
2025,12,19,21,50,IMG_0897,0,0,0,0,0,0,0,1,0,0,0,4.79E-05,5.20E-05,0,0,0.947469719,3,18.78,15.69251557,-2.7945
2025,12,19,22,0,IMG_0898,0,0,0,0,0,0,0,1,0,0,0,8.72E-05,5.76E-05,0,0,0.939927945,3,18.77,15.69930921,-2.8397
2025,12,19,22,10,IMG_0899,0,0,0,0,0,0,0,1,0,0,0,6.14E-05,6.40E-05,0,0,0.942351585,3,18.74,15.6714835,-2.925
2025,12,19,22,20,IMG_0900,0,0,0,0,0,0,0,1,0,0,0,4.81E-05,6.88E-05,0,0,0.938517571,3,18.72,15.65295679,-3.1388
2025,12,19,22,30,IMG_0901,0,0,0,0,0,0,0,1,0,0,0,8.79E-05,6.95E-05,0,0,0.934266474,3,18.72,15.65295679,-3.2488
2025,12,19,22,40,IMG_0902,0,0,0,0,0,0,0,1,0,0,0,0.00013922,9.32E-05,0,0,0.90022044,3,18.71,15.64370055,-3.2392
2025,12,19,22,50,IMG_0903,0,0,0,0,0,0,0,1,0,0,0,0.000257031,7.34E-05,0,0,0.900633218,3,18.74,15.6714835,-3.4023
2025,12,19,23,0,IMG_0904,0,0,0,0.003,0,0,0,0.997,0,0,0,0.002744539,9.14E-05,0,0,0.917993998,2,18.77,15.68324032,-3.7302
2025,12,19,23,10,IMG_0905,0,0,0,0.001,0,0,0,0.999,0,0,0,0.001013619,7.38E-05,0,0,0.910866324,2,18.73,15.64618684,-3.7402
2025,12,19,23,20,IMG_0906,0,0,0,0.001,0,0,0,0.999,0,0,0,0.000879995,0.000107287,0,0,0.908641677,2,18.74,15.65544309,-4.4837
2025,12,19,23,30,IMG_0907,0,0,0,0.015,0,0,0,0.985,0,0,0,0.01224698,3.92E-05,0,0,0.844577975,3,18.72,15.63693534,-7.9189
2025,12,19,23,40,IMG_0908,0,0,0,0.004,0,0,0,0.996,0,0,0,0.003726788,4.44E-05,0,0,0.872469035,2,18.73,15.64618684,-5.9825
2025,12,19,23,50,IMG_0909,0,0,0,0.001,0,0,0,0.999,0,0,0,0.00046395,5.46E-05,0,0,0.914525331,2,18.69,15.60920928,-3.455
2025,12,20,0,0,IMG_0910,0,0,0,0,0,0,0,1,0,0,0,0.000163499,7.51E-05,0,0,0.905724189,3,18.68,15.59997674,-3.6988
2025,12,20,0,10,IMG_0911,0,0,0,0.001,0,0,0,0.999,0,0,0,0.000653042,7.06E-05,0,0,0.852034788,3,18.68,15.59997674,-5.8058
2025,12,20,0,20,IMG_0912,0,0,0,0,0,0,0,1,0,0,0,7.53E-05,0.000101337,0,0,0.873629657,3,18.67,15.59074893,-5.2998
2025,12,20,0,30,IMG_0913,0,0,0,0.024,0.001,0,0,0.975,0,0,0,0.021383151,0.000638289,0,0,0.74770966,2,18.65,15.57230751,-8.5395
2025,12,20,0,40,IMG_0914,0,0,0,0,0,0,0,1,0,0,0,9.27E-05,7.86E-05,0,0,0.859370433,3,18.69,15.60920928,-4.4253
2025,12,20,0,50,IMG_0915,0,0,0,0,0,0,0,1,0,0,0,8.48E-05,9.51E-05,0,0,0.891711058,3,18.78,15.69251557,-2.9383
2025,12,20,1,0,IMG_0916,0,0,0,0,0,0,0,1,0,0,0,7.77E-05,9.26E-05,0,0,0.875062688,3,18.82,15.72966412,-3.0314
2025,12,20,1,10,IMG_0917,0,0,0,0,0,0,0,1,0,0,0,0.000265633,9.42E-05,0,0,0.873181092,3,18.83,15.72283718,-2.943
2025,12,20,1,20,IMG_0918,0,0,0,0.001,0,0,0,0.999,0,0,0,0.000756738,0.000260269,0,0,0.802914461,2,18.89,15.76249105,-3.7606
2025,12,20,1,30,IMG_0919,0,0,0,0,0,0,0,1,0,0,0,0.000115039,7.01E-05,0,0,0.911755041,3,18.87,15.74387872,-2.7577
2025,12,20,1,40,IMG_0920,0,0,0,0,0,0,0,1,0,0,0,5.27E-05,7.86E-05,0,0,0.882531047,3,18.92,15.77423336,-2.9818
2025,12,20,1,50,IMG_0921,0,0,0,0,0,0,0,1,0,0,0,0.000118983,7.57E-05,0,0,0.892671717,3,18.86,15.7022705,-2.8133
2025,12,20,2,0,IMG_0922,0,0,0,0,0,0,0,1,0,0,0,7.83E-05,7.89E-05,0,0,0.919630762,3,18.87,15.69538628,-2.8868
2025,12,20,2,10,IMG_0923,0,0,0,0,0,0,0,1,0,0,0,0.00026896,7.19E-05,0,0,0.897546011,3,18.86,15.6861159,-3.0576
2025,12,20,2,20,IMG_0924,0,0,0,0,0,0,0,1,0,0,0,7.24E-05,7.52E-05,0,0,0.893850924,3,18.82,15.63296537,-3.1668
2025,12,20,2,30,IMG_0925,0,0,0,0,0,0,0,1,0,0,0,9.59E-05,7.43E-05,0,0,0.900944862,3,18.82,15.61684891,-3.3247
2025,12,20,2,40,IMG_0926,0,0,0,0,0,0,0,1,0,0,0,7.84E-05,9.60E-05,0,0,0.869072544,3,18.78,15.56388839,-3.5493
2025,12,20,2,50,IMG_0927,0,0,0,0,0,0,0,1,0,0,0,6.99E-05,7.04E-05,0,0,0.86335634,3,18.78,15.54780999,-3.5472
2025,12,20,3,0,IMG_0928,0,0,0,0,0,0,0,1,0,0,0,0.000244358,0.00011881,0,0,0.862378538,3,18.74,15.49503896,-3.911
2025,12,20,3,10,IMG_0929,0,0,0,0.001,0,0,0,0.999,0,0,0,0.000539363,7.48E-05,0,0,0.851547506,3,18.73,15.46984662,-4.1868
2025,12,20,3,20,IMG_0930,0,0,0,0.002,0,0,0,0.998,0,0,0,0.001431611,7.74E-05,0,0,0.871151961,3,18.73,15.43778476,-4.0473
2025,12,20,3,30,IMG_0931,0,0,0,0.003,0.007,0,0,0.991,0,0,0,0.00217053,0.004741466,0,0,0.809333729,3,18.67,15.31918875,-4.1826
2025,12,20,19,30,IMG_0932,0,0,0,0.014,0.971,0,0,0.015,0,0,0,0.011979695,0.920643472,0,0,0.01460643,2,19.46,15.99977147,-20.4158
2025,12,20,19,40,IMG_0933,0,0.209,0.07,0.531,0.037,0,0.153,0,0,0.20933738,0.069530161,0.526977103,0.036963582,0,0.152997236,0,2,19.46,15.9830353,-3.6304
2025,12,20,19,50,IMG_0934,0,0,0,0.921,0.078,0,0,0,0,0,0,0.909195628,0.078074482,0,0,0.000488131,2,19.57,16.06987001,-3.2162
2025,12,20,20,0,IMG_0935,0,0,0,0.564,0.418,0,0,0.017,0,0,0,0.537686711,0.395966692,0,0,0.016607099,2,19.69,16.16655599,-4.0519
2025,12,20,20,10,IMG_0936,0,0.392,0.091,0.485,0.004,0,0.028,0,0,0.391766827,0.091262785,0.483388154,0.003588184,0,0.028417969,0,2,19.69,16.14959213,-3.4154
2025,12,20,20,20,IMG_0937,0,0.429,0.174,0.337,0,0,0.06,0,0,0.428891226,0.173760014,0.336694268,0.000494937,0,0.059532752,0,2,19.78,16.23510623,-2.8414
2025,12,20,20,30,IMG_0938,0,0,0,0.052,0.906,0,0,0.042,0,0,0,0.046456393,0.851803005,0,0,0.038418442,2,19.85,16.30188814,-2.8721
2025,12,20,20,40,IMG_0939,0,0,0,0.748,0.028,0,0,0.224,0,0,0,0.729021289,0.028142849,0,0,0.221950736,2,19.87,16.33815626,-2.8519
2025,12,20,20,50,IMG_0940,0,0.458,0.141,0.287,0.004,0,0.109,0,0,0.457902644,0.141009585,0.286596965,0.004376322,0,0.109232272,0,2,19.88,16.36488967,-2.9811
2025,12,20,21,0,IMG_0941,0,0,0,0.997,0,0,0,0.003,0,0,0,0.983564941,5.03E-05,0,0,0.002934014,2,19.87,16.35530018,-2.893
2025,12,20,21,10,IMG_0942,0,0,0,0.6,0,0,0,0.4,0,0,0,0.577215956,6.87E-05,0,0,0.38732672,2,19.92,16.40329636,-2.7438
2025,12,20,21,20,IMG_0943,0,0,0,0.072,0.001,0,0,0.927,0,0,0,0.06484849,0.000787996,0,0,0.867960562,2,19.91,16.39368737,-5.8057
2025,12,20,21,30,IMG_0944,0,0,0,0.101,0,0,0,0.899,0,0,0,0.092879875,9.94E-05,0,0,0.84466075,2,19.82,16.27323824,-4.8351
2025,12,20,21,40,IMG_0945,0,0,0,0.454,0.005,0,0,0.541,0,0,0,0.405601052,0.004318968,0,0,0.503609803,2,19.69,16.11566442,-4.4581
2025,12,20,21,50,IMG_0946,0,0,0,0.283,0,0,0,0.717,0,0,0,0.266113724,5.21E-05,0,0,0.687597393,2,19.6,15.98009634,-4.2039
2025,12,20,22,0,IMG_0947,0,0,0,0.059,0,0,0,0.941,0,0,0,0.053979485,6.33E-05,0,0,0.881832489,2,19.61,15.98948571,-4.4239
2025,12,20,22,10,IMG_0948,0,0,0,0.749,0,0,0,0.251,0,0,0,0.625468983,4.86E-05,0,0,0.222007121,2,19.6,15.98009634,-7.5281
2025,12,20,22,20,IMG_0949,0,0,0,0.929,0.071,0,0,0,0,0,0,0.770394869,0.055192811,0,0,0,2,19.46,15.86588217,-16.2923
2025,12,20,22,30,IMG_0950,0,0,0.004,0.972,0.024,0,0,0,0,0,0.002091759,0.618517631,0.011390137,0.000111501,0,0,2,19.34,15.80411764,-23.2055
2025,12,20,22,40,IMG_0951,0,0,0,1,0,0,0,0,0,0,0,0.79372938,4.62E-05,0,0,0,2,19.16,15.67032454,-17.7984
2025,12,20,22,50,IMG_0952,0.452,0,0,0.49,0.002,0.049,0.007,0,0.313344148,0,8.20E-05,0.24786105,0.001307061,0.020140783,0.002390174,0,1,19.13,15.69187747,-28.131
2025,12,20,23,0,IMG_0953,0.532,0,0,0.385,0.002,0.08,0,0,0.380587853,0,4.51E-06,0.205571094,0.000979417,0.029663642,0.000146672,0,1,18.94,15.53317641,-25.832
2025,12,20,23,10,IMG_0954,0.396,0,0,0.238,0.053,0.274,0.04,0,0.283214731,0,0,0.128564701,0.024939431,0.089588664,0.017040204,0,1,18.91,15.55428907,-25.0763
2025,12,20,23,20,IMG_0955,0.2,0,0.032,0.156,0.039,0.025,0.548,0,0.143568299,0,0.014777028,0.088157993,0.019096319,0.008245666,0.202805521,0,2,18.86,15.5407245,-22.4366
2025,12,20,23,30,IMG_0956,0,0,0.002,0.075,0.359,0.015,0.549,0,0.000112913,0,0.001359473,0.044586426,0.163386125,0.00634212,0.232533849,0,2,18.56,15.26736871,-17.9543
2025,12,20,23,40,IMG_0957,0.077,0,0,0.127,0.689,0.012,0.094,0,0.056741489,0,0,0.064727449,0.292992142,0.004701224,0.032673392,0,2,18.86,15.6053429,-15.9705
2025,12,20,23,50,IMG_0958,0,0,0.001,0.061,0.552,0.025,0.362,0,3.15E-05,0,0.000646267,0.034363627,0.265264896,0.010658729,0.161136997,0,2,18.79,15.55700442,-14.6826
2025,12,21,0,0,IMG_0959,0.02,0,0,0.005,0.14,0.805,0.029,0,0.014413499,0,0,0.001997754,0.069920493,0.359592616,0.011453208,0,2,18.77,15.55468917,-14.3125
2025,12,21,0,10,IMG_0960,0.006,0,0.001,0.069,0.094,0.427,0.403,0,0.004678042,0,0.000875871,0.040569351,0.049444524,0.201791128,0.179397183,0,2,18.78,15.56388839,-14.7354
2025,12,21,0,20,IMG_0961,0,0,0.004,0.045,0.082,0.004,0.864,0,3.79E-05,0,0.002398453,0.024408879,0.037069426,0.001869959,0.353077103,0,2,18.86,15.6376521,-15.4082
2025,12,21,0,30,IMG_0962,0.022,0,0,0,0,0.003,0.975,0,0.017060622,0,3.64E-05,5.30E-05,2.11E-05,0.001045876,0.353107204,0,2,18.83,15.60995527,-16.3264
2025,12,21,0,40,IMG_0963,0.053,0,0,0,0,0.006,0.941,0,0.039432272,0,2.82E-06,0,1.02E-05,0.00280154,0.326396176,0,2,18.75,15.53630487,-17.792
2025,12,21,0,50,IMG_0964,0.082,0,0.001,0.068,0.05,0.049,0.75,0,0.061154522,0,0.000192984,0.031879064,0.021980288,0.01762841,0.24154079,0,1,18.68,15.44014091,-20.141
2025,12,21,1,0,IMG_0965,0.089,0,0.001,0.016,0.033,0.07,0.791,0,0.064333226,0,0.000589265,0.007977261,0.015525165,0.02920915,0.250910637,0,2,18.61,15.37630638,-19.3437
2025,12,21,1,10,IMG_0966,0.017,0,0.003,0.038,0.135,0.002,0.804,0,0.013269554,0,0.001349632,0.016539731,0.056995808,0.000854808,0.252966068,0,2,18.6,15.36720587,-21.465
2025,12,21,1,20,IMG_0967,0.135,0,0,0.167,0.189,0.01,0.499,0,0.106247912,0,9.17E-05,0.082213011,0.079149932,0.002385374,0.140877111,0,1,18.59,15.35811002,-22.245
2025,12,21,1,30,IMG_0968,0.239,0,0.002,0.126,0.144,0.019,0.47,0,0.19491386,0,0.000411749,0.059500969,0.058483872,0.004310074,0.140848858,0,1,18.64,15.38769017,-24.0085
2025,12,21,1,40,IMG_0969,0.162,0,0.004,0.081,0.656,0,0.097,0,0.130258263,0,0.001824534,0.038653816,0.310778042,0,0.023124084,0,2,18.83,15.56157731,-23.0239
2025,12,21,1,50,IMG_0970,0.137,0,0.012,0.43,0.247,0,0.174,0,0.110820959,0,0.00349816,0.295039325,0.111178178,1.71E-06,0.048150008,0,1,19.02,15.72085736,-19.3182
2025,12,21,2,0,IMG_0971,0,0,0,0.004,0.002,0,0,0.994,0,0,0,0.003125293,0.001175969,0,0,0.786590219,2,19.05,15.71603561,-7.6952
2025,12,21,2,10,IMG_0972,0.054,0,0,0.037,0.599,0.085,0.225,0,0.042875278,0,0.000226277,0.02295184,0.321657031,0.0269827,0.071476713,0,2,19.23,15.90020952,-20.7814
2025,12,21,2,20,IMG_0973,0,0,0.012,0.145,0.843,0,0,0,0,0,0.004184105,0.082003854,0.393546822,0,0,0,2,19.32,15.9349118,-15.2604
2025,12,21,2,30,IMG_0974,0,0,0,0,0,0,0,1,0,0,0,0.000245951,8.98E-05,0,0,0.839983271,3,19.33,15.91107794,-4.1639
2025,12,21,2,40,IMG_0975,0,0,0,0.001,0,0,0,0.999,0,0,0,0.000625856,0.000149384,0,0,0.810981273,3,19.39,15.98402896,-3.1355
2025,12,21,2,50,IMG_0976,0,0,0,0,0,0,0,0.999,0,0,0,0.000130296,0.00030287,0,0,0.846655446,2,19.6,16.14884076,-2.447
2025,12,21,3,0,IMG_0977,0,0,0,0,0,0,0,0.999,0,0,0,0.000435637,0.000113447,0,0,0.847514964,3,19.69,16.21744756,-2.1957
2025,12,21,3,10,IMG_0978,0,0,0,0,0,0,0,1,0,0,0,6.58E-05,0.000234255,0,0,0.881425488,3,19.74,16.2651065,-2.4861
2025,12,21,3,20,IMG_0979,0,0,0,0.006,0,0,0,0.994,0,0,0,0.00582361,7.99E-05,0,0,0.905274324,3,19.73,16.15354264,-2.0072
2025,12,21,3,30,IMG_0980,0,0,0,0,0,0,0,1,0,0,0,7.34E-05,4.94E-05,0,0,0.918499219,3,19.7,16.14210057,-2.3252
2025,12,21,19,30,IMG_0981,0,0,0,0,0.985,0,0,0.015,0,0,0,7.07E-06,0.921259044,0,0,0.014470185,2,17.23,11.0773316,-5.9746
2025,12,21,19,40,IMG_0982,0,0,0,0,0.996,0,0,0.004,0,0,0,3.42E-05,0.899663785,0,0,0.003658383,2,17.13,11.11468744,-17.839
2025,12,21,19,50,IMG_0983,0,0,0,0,0.452,0,0,0.548,0,0,0,0.000406325,0.431871026,0,0,0.534311193,2,17.09,11.15206128,-6.1229
2025,12,21,20,0,IMG_0984,0,0,0,0,1,0,0,0,0,0,0,0.000412928,0.858284458,0,0,0,2,17.13,11.07679315,-8.09
2025,12,21,20,10,IMG_0985,0,0,0,0,1,0,0,0,0,0,0,0,0.894454304,0,0,0,2,17.18,11.07200131,-8.5249
2025,12,21,20,20,IMG_0986,0,0,0,0.003,0.997,0,0,0,0,0,0,0.000929072,0.769425143,0,0,0,2,17.17,10.98794262,-17.9915
2025,12,21,20,30,IMG_0987,0.026,0,0,0.066,0.908,0,0,0,0.017183173,0,3.46E-05,0.024572844,0.599371462,0,0,0,2,17.29,10.77431244,-26.705
2025,12,21,20,40,IMG_0988,0.433,0,0,0.328,0.132,0.104,0.004,0,0.273160141,0,5.77E-05,0.210989611,0.090274324,0.058286816,0.002021499,0,1,17.49,10.41245401,-29.7589
2025,12,21,20,50,IMG_0989,0.469,0,0.001,0.468,0.004,0.051,0.007,0,0.295828944,0,0.000447897,0.24747316,0.002648768,0.029911005,0.004345658,0,1,17.37,10.66334054,-30.2106
2025,12,21,21,0,IMG_0990,0.461,0,0,0.459,0.015,0.01,0.055,0,0.292507805,0,0.000359044,0.238926367,0.009615182,0.006794666,0.035623851,0,1,17.31,10.6118917,-29.1699
2025,12,21,21,10,IMG_0991,0.483,0,0,0.517,0,0,0,0,0.309403133,0,0,0.272968134,0,0,0,0,1,17.26,10.57872857,-29.7388
2025,12,21,21,20,IMG_0992,0.5,0,0,0.466,0.001,0.033,0,0,0.320080101,0,0,0.239761381,0.000806731,0.022836478,0,0,1,17.23,10.64479516,-28.7282
2025,12,21,21,30,IMG_0993,0.603,0,0,0.15,0.051,0.195,0,0,0.387738146,0,0,0.083721274,0.035505777,0.116302141,0,0,1,17.17,10.69136605,-29.5461
2025,12,21,21,40,IMG_0994,0.22,0,0,0.232,0.329,0.219,0,0,0.151655236,0,0,0.102437342,0.238636997,0.128306258,0,8.72E-05,1,17.28,10.66492557,-27.1335
2025,12,21,21,50,IMG_0995,0,0,0,0.043,0.957,0,0,0,0,0,0,0.019095816,0.596805536,0.000146792,7.60E-06,0,1,17.26,10.71092595,-25.4557
2025,12,21,22,0,IMG_0996,0.619,0,0,0.175,0.024,0.178,0.003,0,0.391420275,0,0.000182617,0.090924564,0.015658143,0.092391264,0.002224324,0,1,17.36,10.89487249,-27.6896
2025,12,21,22,10,IMG_0997,0.639,0,0.01,0.31,0.011,0.023,0.007,0,0.427528576,0,0.004627344,0.15846896,0.007108196,0.016550361,0.003419381,0,1,17.26,11.02232424,-28.482
2025,12,21,22,20,IMG_0998,0.148,0,0,0.13,0.045,0.676,0.001,0,0.097634157,0,0,0.071263169,0.021098377,0.365043389,0.000439791,0,1,17.31,11.10101401,-24.8202
2025,12,21,22,30,IMG_0999,0.398,0,0,0.28,0.02,0.297,0.004,0,0.267782715,0,0.00012373,0.134961523,0.011321582,0.143823145,0.001973573,0,1,17.38,11.18012362,-16.2309
2025,12,21,22,40,IMG_1000,0.324,0,0,0.177,0.075,0.423,0,0,0.210918735,0,0,0.090197228,0.047083248,0.205978065,0,0.000242653,2,17.37,11.2133631,-22.1769
2025,12,21,22,50,IMG_1001,0.445,0,0,0.13,0.33,0.088,0,0.006,0.316180476,0,0,0.071856002,0.260945808,0.045769614,0,0.005046605,1,17.31,11.20414221,-24.682
2025,12,21,23,0,IMG_1002,0.741,0,0,0.22,0.004,0.036,0,0,0.509966211,0,0,0.105892781,0.001980371,0.016404102,9.45E-05,0,1,17.32,11.15925032,-27.8234
2025,12,21,23,10,IMG_1003,0.697,0,0,0.249,0.001,0.053,0,0,0.494151788,0,0,0.106095989,0.000571973,0.029700608,1.57E-05,0,1,17.31,11.15110485,-25.7073
2025,12,21,23,20,IMG_1004,0.018,0,0,0.143,0.331,0.508,0,0,0.01248294,0,0,0.055603764,0.194005702,0.324814558,0,0,2,17.37,11.08916445,-16.472
2025,12,21,23,30,IMG_1005,0,0,0,0.003,0.994,0,0,0.003,0,0,0,0.002631648,0.757190595,0,0,0.002606025,2,17.49,11.09748388,-13.6974
2025,12,21,23,40,IMG_1006,0,0,0,0.016,0.984,0,0,0,0,0,0,0.006882572,0.651507354,0,0,0,2,17.72,11.06664865,-9.8249
2025,12,21,23,50,IMG_1007,0,0,0,0,0.999,0,0,0.001,0,0,0,0,0.769184014,0,0,0.000285337,2,17.74,11.03148037,-8.3539
2025,12,22,0,0,IMG_1008,0,0,0,0,0.99,0,0,0.01,0,0,0,0.000317593,0.830725368,0,0,0.00933131,3,17.77,10.96339434,-9.2866
2025,12,22,0,10,IMG_1009,0.003,0,0,0.028,0.956,0.014,0,0,0.002262357,0,0,0.006581205,0.563175699,0.009823099,0,0,2,17.78,10.91083739,-9.9123
2025,12,22,0,20,IMG_1010,0,0,0,0.031,0.966,0.003,0,0,0,0,0,0.01204345,0.573495177,0.001399444,0,0,2,17.69,10.79669632,-16.6134
2025,12,22,0,30,IMG_1011,0.779,0,0,0.067,0.083,0.071,0.001,0,0.584976758,0,0,0.036624925,0.045796154,0.034990452,0.000431513,0,1,17.73,10.56868256,-28.6957
2025,12,22,0,40,IMG_1012,0.774,0,0,0.154,0,0.072,0,0,0.57323264,0,0,0.06365317,0,0.020291113,6.11E-05,0,1,17.62,10.58061925,-29.8709
2025,12,22,0,50,IMG_1013,0.829,0,0,0.166,0.002,0.003,0,0,0.620930784,0,2.29E-05,0.066689498,0.001058196,0.002214663,5.18E-05,0,1,17.55,10.62468691,-30.3622
2025,12,22,1,0,IMG_1014,0.726,0,0,0.053,0.001,0.221,0,0,0.550625,0,0,0.021503433,0.000486929,0.101413822,0,0,1,17.54,10.66315531,-30.3891
2025,12,22,1,10,IMG_1015,0.544,0,0,0.117,0,0.339,0,0,0.404393532,0,0,0.046652877,3.89E-05,0.119307332,3.03E-06,0,1,17.44,10.77782888,-29.2575
2025,12,22,1,20,IMG_1016,0.119,0,0,0.181,0.033,0.667,0,0,0.090892721,0,0,0.071294659,0.014529455,0.319108872,0,0,1,17.5,10.7435131,-27.0767
2025,12,22,1,30,IMG_1017,0.658,0,0,0.202,0,0.14,0,0,0.496580709,0,0,0.081019486,5.88E-05,0.038819727,1.44E-06,0,1,17.58,10.67666858,-27.3777
2025,12,22,1,40,IMG_1018,0.402,0,0,0.228,0.001,0.369,0,0,0.292263123,0,0,0.086468322,0.000502922,0.134387342,0,0,1,17.5,10.63920714,-28.1109
2025,12,22,1,50,IMG_1019,0.618,0,0,0.139,0.004,0.239,0,0,0.463480837,0,0,0.053780431,0.001870493,0.063865565,1.41E-06,0,1,17.5,10.71818165,-28.7709
2025,12,22,2,0,IMG_1020,0.781,0,0,0.181,0,0.037,0,0,0.597857985,0,0,0.072945245,0.000175962,0.013530589,0,0,1,17.43,10.73429416,-28.855
2025,12,22,2,10,IMG_1021,0.896,0,0,0.103,0,0,0.001,0,0.676096019,0,6.65E-05,0.040840903,2.85E-05,0,0.000552945,0,1,17.36,10.84167631,-29.4372
2025,12,22,2,20,IMG_1022,0.794,0,0,0.087,0,0.117,0.001,0,0.595248047,0,0,0.034694539,0,0.031104853,0.000323663,0,1,17.41,10.76593524,-25.9983
2025,12,22,2,30,IMG_1023,0.544,0,0,0.161,0.003,0.287,0.004,0,0.412331167,0,0,0.061972889,0.001223843,0.084040197,0.000854635,0,1,17.45,10.7931841,-27.7346
2025,12,22,2,40,IMG_1024,0.799,0,0.024,0.131,0.006,0,0.04,0,0.612846522,9.84E-06,0.007647769,0.053716271,0.002516466,1.36E-05,0.015491819,0,1,17.4,10.85281896,-28.6094
2025,12,22,2,50,IMG_1025,0.875,0.005,0.024,0.088,0,0.001,0.007,0,0.663287876,0.0022189,0.009233211,0.034435419,0,0.000238679,0.002931866,0,1,17.32,10.89832729,-28.7414
2025,12,22,3,0,IMG_1026,0.846,0,0.039,0.095,0,0.008,0.012,0,0.649378208,0,0.012185584,0.035509255,0,0.002847822,0.004576502,0,1,17.35,10.86030144,-28.4306
2025,12,22,3,10,IMG_1027,0.395,0,0.001,0.236,0.17,0.195,0.002,0,0.302493194,0,0.000649392,0.082804808,0.066081528,0.065400639,0.000476615,0,1,17.32,10.83493921,-26.0454
2025,12,22,3,20,IMG_1028,0.765,0,0,0.171,0,0.061,0.002,0,0.589168021,0,0,0.066857828,1.68E-05,0.024028771,0.000709721,0,1,17.36,10.85645303,-27.5061
2025,12,22,3,30,IMG_1029,0.672,0,0,0.112,0.034,0.182,0,0,0.521326149,0,0,0.047380957,0.019655799,0.081964288,5.68E-05,0,1,17.33,10.95647268,-28.3925
2025,12,22,19,30,IMG_1030,0.496,0,0,0.504,0,0,0,0,0.300750436,0,9.01E-06,0.258934976,0,0,0,0,1,18.24,11.82236475,-30.2126
2025,12,22,19,40,IMG_1031,0.523,0,0.001,0.465,0,0.009,0.002,0,0.315789378,0,0.000488131,0.242136621,3.92E-06,0.004838003,0.001055303,0,1,18.18,11.85013912,-30.78
2025,12,22,19,50,IMG_1032,0.509,0,0.009,0.431,0.002,0.041,0.008,0,0.311114874,0,0.004834232,0.222070605,0.00096896,0.021546447,0.004360209,0,1,18.13,11.91090712,-30.6146
2025,12,22,20,0,IMG_1033,0.448,0,0.022,0.461,0,0.056,0.013,0,0.270060509,0,0.010964896,0.234814498,0,0.024063499,0.006661013,0,1,18.04,11.99661756,-30.4148
2025,12,22,20,10,IMG_1034,0.564,0,0.003,0.433,0,0,0,0,0.342824932,0,0.001367631,0.221208579,0,0,0,0,1,18.04,12.03970443,-31.1902
2025,12,22,20,20,IMG_1035,0.641,0,0.004,0.355,0,0,0,0,0.385794802,0,0.00210619,0.181224196,0,0,0,0,1,17.94,12.02489073,-30.3614
2025,12,22,20,30,IMG_1036,0.62,0,0.001,0.379,0,0,0,0,0.378132219,0,0.000330379,0.190287079,0,0,0,0,1,17.95,12.00602887,-30.7446
2025,12,22,20,40,IMG_1037,0.638,0,0.001,0.361,0,0,0,0,0.387962387,0,0.000589416,0.181900158,0,0,0,0,1,17.95,12.03357968,-30.1789
2025,12,22,20,50,IMG_1038,0.607,0,0.001,0.392,0,0,0,0,0.376956806,0,0.000198851,0.192666264,0,0,0,0,1,17.96,12.02695902,-30.5939
2025,12,22,21,0,IMG_1039,0.661,0,0.025,0.274,0,0.011,0.028,0,0.414079965,0,0.008412162,0.129412117,0,0.004546334,0.01105015,0,1,18.03,11.97410634,-30.7331
2025,12,22,21,10,IMG_1040,0.75,0,0.019,0.23,0,0,0.001,0,0.473605739,0,0.00841558,0.109785892,0,0,0.000192871,0,1,18.14,11.94275485,-30.2737
2025,12,22,21,20,IMG_1041,0.728,0,0.006,0.266,0,0,0,0,0.473172431,0,0.002027449,0.121769862,0,0,0,0,1,18.12,11.95485395,-30.6911
2025,12,22,21,30,IMG_1042,0.778,0,0,0.222,0,0,0,0,0.507994854,0,7.89E-05,0.104386726,0,0,0,0,1,18.19,11.96430925,-29.9981
2025,12,22,21,40,IMG_1043,0.818,0,0.001,0.181,0,0,0,0,0.546750503,0,0.000299482,0.081413852,0,0,0,0,1,18.23,11.96163841,-30.4854
2025,12,22,21,50,IMG_1044,0.812,0,0.002,0.184,0,0,0.001,0,0.545698032,0,0.000878966,0.08136277,0.000114093,0,0.000434961,0,1,18.37,11.9625695,-29.9953
2025,12,22,22,0,IMG_1045,0.917,0,0,0.012,0,0.054,0.017,0,0.602138627,0,1.68E-05,0.005472964,0,0.018934998,0.005251315,0,1,18.45,11.95164923,-29.689
2025,12,22,22,10,IMG_1046,0.777,0,0,0.132,0,0.09,0.001,0,0.541330011,0,2.34E-05,0.054366602,0,0.026490152,0.000303869,0,1,18.45,11.98003046,-29.0742
2025,12,22,22,20,IMG_1047,0.932,0,0,0.031,0,0.034,0.002,0,0.63408436,0,9.80E-05,0.013287876,0,0.011353576,0.00072319,0,1,18.53,12.00368806,-29.9993
2025,12,22,22,30,IMG_1048,0.943,0,0,0.056,0,0,0,0,0.660531265,0,0.000114746,0.022267661,0,0,0,0,1,18.6,12.00901005,-30.5125
2025,12,22,22,40,IMG_1049,0.942,0,0.001,0.057,0,0,0,0,0.663278951,0,0.000319156,0.022231483,0,0,0,0,1,18.68,12.03723615,-30.3156
2025,12,22,22,50,IMG_1050,0.994,0,0.001,0.004,0,0,0,0,0.700964836,0,0.000462921,0.001593081,0,0.000113063,0,0,1,18.69,12.05715459,-30.1417
2025,12,22,23,0,IMG_1051,0.972,0,0,0.027,0,0,0.001,0,0.704027562,0,9.89E-05,0.009555258,0,0,0.000250751,0,1,18.68,12.08039182,-30.6162
2025,12,22,23,10,IMG_1052,0.976,0,0.003,0.021,0,0,0,0,0.69986561,0,0.001034623,0.007824932,0,0,0,0,1,18.67,12.14353211,-30.0061
2025,12,22,23,20,IMG_1053,0.99,0,0,0.006,0,0,0.004,0,0.724365189,0,9.57E-05,0.00195024,0,0,0.000748843,0,1,18.73,12.16747522,-29.6795
2025,12,22,23,30,IMG_1054,0.891,0,0,0.004,0,0.105,0,0,0.668730086,0,0,0.001265174,0,0.021273918,0,0,1,18.73,12.215568,-29.0673
2025,12,22,23,40,IMG_1055,0.973,0,0.004,0.023,0,0,0,0,0.722018908,0,0.001277982,0.007817864,0,0,0,0,1,18.63,12.219999,-27.8503
2025,12,22,23,50,IMG_1056,0.92,0,0,0.014,0,0.064,0.002,0,0.695017383,0,6.49E-05,0.004889971,0,0.017503478,0.000713732,0,1,18.72,12.28845226,-27.5083
2025,12,23,0,0,IMG_1057,0.882,0,0,0.006,0,0.112,0,0,0.660039295,0,1.78E-05,0.001856295,0,0.026599174,3.61E-05,0,1,18.71,12.33882871,-28.1454
2025,12,23,0,10,IMG_1058,0.875,0,0.001,0.011,0,0.1,0.014,0,0.653091121,0,0.000327554,0.0034266,0,0.023748678,0.003014821,0,1,18.72,12.41341957,-27.6304
2025,12,23,0,20,IMG_1059,0.942,0,0.026,0.006,0,0,0.026,0,0.727384668,0,0.006449023,0.001777194,0,0,0.005760832,0,1,18.73,12.45442885,-28.5457
2025,12,23,0,30,IMG_1060,0.991,0,0,0,0,0.004,0.004,0,0.752556858,0,4.22E-05,8.53E-05,0,0.001303471,0.001417503,0,1,18.7,12.493157,-28.5641
2025,12,23,0,40,IMG_1061,0.687,0,0,0,0,0.312,0.001,0,0.53681087,0,0,9.63E-06,0,0.080201795,0.000280033,0,1,18.72,12.53358045,-28.3601
2025,12,23,0,50,IMG_1062,0.792,0,0,0.009,0,0.181,0.018,0,0.625692728,0,6.31E-05,0.002776322,0,0.052450128,0.005220944,0,1,18.68,12.59666154,-27.9698
2025,12,23,1,0,IMG_1063,0.935,0,0,0.004,0,0.059,0.002,0,0.715076825,0,0.000132091,0.001180859,0,0.011712297,0.000487312,0,1,18.68,12.67657946,-25.55
2025,12,23,1,10,IMG_1064,0.475,0,0.008,0.005,0,0.166,0.346,0,0.356850428,0,0.002603959,0.00169212,0,0.047116241,0.090106288,0,1,18.68,12.73092364,-25.5869
2025,12,23,1,20,IMG_1065,0.527,0,0,0.036,0,0.428,0.01,0,0.398233556,0,7.57E-05,0.01126697,4.77E-05,0.143199767,0.002312139,0,1,18.69,12.79443384,-25.2379
2025,12,23,1,30,IMG_1066,0.91,0,0.002,0.029,0,0.054,0.005,0,0.69729399,0,0.000735502,0.009695575,0,0.015047251,0.001815467,0,1,18.59,12.84612101,-26.9784
2025,12,23,1,40,IMG_1067,0.913,0,0,0,0,0.048,0.04,0,0.70342645,0,2.18E-06,7.51E-05,2.91E-06,0.018294449,0.010712936,0,1,18.67,12.8911213,-26.4515
2025,12,23,1,50,IMG_1068,0.851,0,0.002,0.001,0,0.059,0.087,0,0.656897859,0,0.000594689,0.000369884,2.77E-06,0.022341714,0.034771958,0,1,18.68,12.94670201,-26.1618
2025,12,23,2,0,IMG_1069,0.464,0,0,0.056,0,0.48,0,0,0.353181911,0,0,0.020936501,1.77E-05,0.16387349,3.36E-06,0,1,18.64,12.97987544,-19.6981
2025,12,23,2,10,IMG_1070,0.369,0,0,0.001,0,0.629,0,0,0.259154237,0,0,0.000484187,0,0.273719569,3.30E-06,0,2,18.71,13.01773649,-23.6215
2025,12,23,2,20,IMG_1071,0.169,0,0,0.087,0.006,0.738,0,0,0.123611929,0,0,0.033244253,0.002041947,0.330244802,0.000134157,0,1,18.73,13.03314539,-18.0152
2025,12,23,2,30,IMG_1072,0.644,0,0,0.001,0,0.354,0.001,0,0.480284337,0,0,0.000372243,9.10E-06,0.134400774,0.000190865,0,1,18.82,13.08656482,-21.172
2025,12,23,2,40,IMG_1073,0.465,0,0.001,0.043,0.012,0.339,0.141,0,0.361411373,0,0.000297183,0.018146124,0.0050811,0.163234856,0.050332595,0,1,18.91,13.10772902,-21.9538
2025,12,23,2,50,IMG_1074,0.122,0,0,0.035,0.009,0.833,0,0,0.082788259,0,0,0.01371123,0.004588785,0.394564866,2.68E-06,0,2,18.97,13.13798979,-13.9048
2025,12,23,3,0,IMG_1075,0.206,0,0,0.009,0.063,0.722,0,0,0.156283586,0,0,0.003382234,0.032874038,0.369926472,1.56E-05,0,2,19.01,13.15274625,-17.1031
2025,12,23,3,10,IMG_1076,0,0,0,0.021,0.938,0.041,0,0,0.000212575,0,0,0.00771072,0.546569126,0.027584811,0,0,2,19.09,13.16584336,-11.9961
2025,12,23,3,20,IMG_1077,0,0,0,0.002,0.375,0.623,0,0,1.56E-05,0,0,0.000829094,0.210247987,0.416649459,0,0,2,19.1,13.17361022,-12.0844
2025,12,23,3,30,IMG_1078,0.017,0,0,0.269,0.255,0.46,0,0,0.012301179,0,0,0.11002162,0.128314213,0.264309097,0,0,2,19.18,13.1865005,-12.5487
2025,12,23,19,30,IMG_1079,0.281,0,0.006,0.709,0.003,0,0.001,0,0.174856768,0,0.003402825,0.357568314,0.00169191,0,0.000480889,0,1,19.29,15.4428422,-31.1163
2025,12,23,19,40,IMG_1080,0.223,0,0.038,0.525,0.026,0.075,0.113,0,0.136175879,0,0.020122611,0.269192976,0.012970313,0.037163281,0.05647633,0,1,19.28,15.51655013,-30.7167
2025,12,23,19,50,IMG_1081,0.24,0.001,0.138,0.546,0.001,0.006,0.068,0,0.143427689,0.000493322,0.062542601,0.286261253,0.000349264,0.00304369,0.030047897,0,1,19.13,15.38000961,-28.0383
2025,12,23,20,0,IMG_1082,0.437,0,0.007,0.556,0,0,0,0,0.265838221,0,0.003831633,0.28699861,0,0,0,0,1,19.1,15.40198209,-28.7106
2025,12,23,20,10,IMG_1083,0.398,0,0.035,0.561,0,0,0.006,0,0.251680807,6.88E-05,0.020597776,0.282941587,0,6.75E-05,0.003709112,0,1,18.87,15.21046188,-26.8141
2025,12,23,20,20,IMG_1084,0.406,0.017,0.089,0.384,0.001,0.012,0.091,0,0.246088033,0.009979823,0.049862575,0.19527479,0.00049538,0.005819283,0.052643758,0,1,19.06,15.46376619,-24.0317
2025,12,23,20,30,IMG_1085,0.317,0.021,0.177,0.283,0.006,0.022,0.174,0,0.200394779,0.010545726,0.092441639,0.150946898,0.003321342,0.014380657,0.105849361,0,1,18.87,15.27511847,-22.8173
2025,12,23,20,40,IMG_1086,0.094,0,0.017,0.143,0.127,0.037,0.583,0,0.05463306,3.25E-05,0.008622882,0.078158203,0.068674084,0.021123648,0.308744494,0,2,19.14,15.55331758,-19.0627
2025,12,23,20,50,IMG_1087,0,0,0,0.115,0.793,0.086,0.005,0,0.000165415,0,0,0.063633992,0.52364834,0.057955814,0.002568404,0,2,19.2,15.57545407,-15.7275
2025,12,23,21,0,IMG_1088,0.002,0,0,0.051,0.897,0.045,0.005,0,0.00105601,0,0,0.024501615,0.54151881,0.026177381,0.002548933,0,2,19.04,15.41287656,-17.6427
2025,12,23,21,10,IMG_1089,0.15,0,0,0.117,0.325,0.401,0.007,0,0.094306656,0,0,0.053306994,0.17993584,0.20756428,0.003655439,0,2,19,15.44169384,-18.5331
2025,12,23,21,20,IMG_1090,0.204,0,0,0.055,0.065,0.672,0.005,0,0.126550894,0,0,0.02402965,0.031418472,0.349603929,0.002157655,0,2,19.11,15.55862016,-18.5836
2025,12,23,21,30,IMG_1091,0.033,0,0,0.019,0.214,0.168,0.565,0,0.020277329,0,0.000146732,0.007994321,0.114601683,0.095741158,0.321919719,0,2,19,15.44169384,-15.6456
2025,12,23,21,40,IMG_1092,0.047,0,0,0.018,0.284,0.159,0.491,0,0.029905258,0,7.78E-05,0.007594238,0.159550218,0.087758676,0.273852254,0,2,19.15,15.61178965,-15.5336
2025,12,23,21,50,IMG_1093,0.109,0,0,0.018,0.109,0.26,0.504,0,0.070154808,0,0,0.007676668,0.057352885,0.135708691,0.251225781,0,2,19.4,15.57650609,-22.2273
2025,12,23,22,0,IMG_1094,0.181,0,0,0.018,0.121,0.113,0.565,0,0.12377657,0,3.08E-05,0.007185705,0.05575933,0.052347641,0.253066669,0,1,19.72,15.20940941,-26.2271
2025,12,23,22,10,IMG_1095,0.296,0,0,0.005,0.008,0.189,0.502,0,0.206783586,0,0.000145936,0.001822506,0.003780048,0.071788477,0.225805822,0,1,19.83,14.77765212,-29.4508
2025,12,23,22,20,IMG_1096,0.486,0,0,0,0,0.424,0.09,0,0.342978238,0,0,1.28E-05,1.87E-05,0.172888386,0.036992803,0,1,19.96,14.40810168,-31.476
2025,12,23,22,30,IMG_1097,0.649,0,0,0,0,0.344,0.008,0,0.45099076,0,0,0,0,0.1290141,0.002988927,0,1,19.79,14.19698928,-29.1271
2025,12,23,22,40,IMG_1098,0.732,0,0,0,0,0.268,0,0,0.5221862,0,8.86E-06,0,0,0.087734758,0.00012364,0,1,19.64,14.10638563,-28.7267
2025,12,23,22,50,IMG_1099,0.87,0,0.002,0,0,0.113,0.015,0,0.607149144,0,0.000605559,9.73E-05,0,0.039527006,0.006111959,0,1,19.29,14.01785891,-28.365
2025,12,23,23,0,IMG_1100,0.651,0,0,0,0,0.264,0.086,0,0.463975421,0,0,0,0,0.093869576,0.029157121,0,1,19.29,14.03442848,-30.0027
2025,12,23,23,10,IMG_1101,0.376,0,0,0,0,0.138,0.486,0,0.267566902,0,0,2.94E-06,0,0.050150714,0.180408504,0,2,19.27,13.98480849,-24.8234
2025,12,23,23,20,IMG_1102,0.401,0,0,0,0,0.348,0.251,0,0.30121226,0,0,3.19E-05,3.12E-06,0.115984014,0.088400473,0,2,19.2,14.0426316,-24.164
2025,12,23,23,30,IMG_1103,0.336,0,0,0.013,0,0.651,0,0,0.240995207,0,0,0.004767541,2.74E-06,0.224059878,0.000114303,0,2,18.91,13.93405063,-22.4615
2025,12,23,23,40,IMG_1104,0.311,0,0,0,0,0.53,0.158,0,0.23045776,0,0,0.000178223,2.91E-06,0.193590452,0.055961569,0,1,18.44,13.80401112,-23.1757
2025,12,23,23,50,IMG_1105,0.119,0,0,0.014,0.14,0.707,0.021,0,0.089065122,0,0,0.004645846,0.062663056,0.318622175,0.008761163,0,2,18.46,14.04125926,-19.0225
2025,12,24,0,0,IMG_1106,0.06,0,0,0.001,0.007,0.67,0.262,0,0.043238244,0,0,0.000434578,0.003166804,0.351217593,0.131132933,0,2,18.2,13.85738957,-17.3188
2025,12,24,0,10,IMG_1107,0.076,0,0,0.003,0.007,0.907,0.006,0,0.05744061,0,0,0.00113747,0.003304755,0.488075601,0.002670388,0,2,18.02,13.89436966,-15.5205
2025,12,24,0,20,IMG_1108,0.017,0,0,0.036,0.157,0.79,0,0,0.012736463,0,0,0.012620928,0.082955026,0.457987455,0,0,2,17.95,13.91315686,-15.3307
2025,12,24,0,30,IMG_1109,0.072,0,0,0.026,0.03,0.872,0,0,0.052350376,0,0,0.008813544,0.013193818,0.485492405,2.33E-05,0,2,18,14.03136647,-17.0754
2025,12,24,0,40,IMG_1110,0.099,0,0,0.043,0.044,0.815,0,0,0.074198513,0,0,0.014113078,0.020612658,0.415309172,0,0,2,17.9,14.03967784,-19.2701
2025,12,24,0,50,IMG_1111,0.126,0,0,0.072,0.039,0.763,0,0,0.093408571,0,0,0.035385825,0.02178913,0.350278508,0,0,2,17.72,13.90502511,-19.5548
2025,12,24,1,0,IMG_1112,0,0,0,0.176,0.823,0,0,0.001,0,0,0,0.114666759,0.535384202,0,0,0.000497649,2,17.77,14.03738474,-11.8021
2025,12,24,1,10,IMG_1113,0,0,0,0.281,0.15,0,0,0.569,0,0,0,0.178800195,0.10638919,0,0,0.38970341,2,17.96,14.25837113,-4.6049
2025,12,24,1,20,IMG_1114,0,0,0,0,0,0,0,1,0,0,0,0.000111411,7.70E-05,0,0,0.775772003,2,17.97,14.3128304,-3.9366
2025,12,24,1,30,IMG_1115,0,0,0,0.007,0.001,0,0,0.992,0,0,0,0.004672949,0.00051727,0,0,0.698392458,2,18.28,14.65699721,-5.9686
2025,12,24,1,40,IMG_1116,0,0,0,0.593,0.407,0,0,0,0,0,0,0.38856715,0.210708218,0,0,0.000240948,2,18.5,14.89691795,-5.0519
2025,12,24,1,50,IMG_1117,0,0,0,0.325,0.674,0,0,0,0,0,0,0.21132633,0.405300008,0,0,0.000276029,2,18.68,15.12046926,-7.215
2025,12,24,2,0,IMG_1118,0.037,0,0,0.505,0.281,0.178,0,0,0.028996161,0,0,0.311802945,0.13863623,0.07157832,0,0,2,18.88,15.36501373,-12.6091
2025,12,24,2,10,IMG_1119,0,0,0,0.401,0.559,0.04,0,0,0,0,0,0.248046289,0.26202032,0.020014348,0,0,2,18.69,15.20938322,-14.566
2025,12,24,2,20,IMG_1120,0.008,0,0,0.295,0.444,0.253,0,0,0.005719118,0,3.95E-05,0.150998866,0.211879627,0.105131858,8.75E-06,2.79E-05,2,18.6,15.1763089,-14.8266
2025,12,24,2,30,IMG_1121,0.003,0,0,0.176,0.221,0.601,0,0,0.002070786,0,0,0.096348272,0.108634818,0.319546154,0,0,2,18.37,15.0179444,-13.8251
2025,12,24,2,40,IMG_1122,0.011,0,0,0.138,0.135,0.717,0,0,0.008143502,0,0,0.051395853,0.06302796,0.328946612,0,0,2,18.37,15.04932986,-14.41
2025,12,24,2,50,IMG_1123,0.049,0,0,0.154,0.073,0.724,0,0,0.038145297,0,0,0.06942941,0.031827456,0.338759488,1.97E-05,0,2,18.23,14.94037584,-15.2672
2025,12,24,3,0,IMG_1124,0.12,0,0,0.187,0.05,0.643,0,0,0.093808744,0,0,0.083966669,0.021479072,0.245723956,3.21E-06,0,1,18.23,14.97150162,-15.0272
2025,12,24,3,10,IMG_1125,0.376,0,0,0.205,0.024,0.395,0,0,0.303951615,0,0,0.09273122,0.011113078,0.143524639,0,0,1,18.51,15.26968765,-15.3359
2025,12,24,3,20,IMG_1126,0.455,0,0,0.173,0.037,0.334,0.001,0,0.352078561,0,0,0.075413574,0.017829319,0.110497709,0.000366203,0,1,18.5,15.22901485,-14.022
2025,12,24,3,30,IMG_1127,0.428,0,0,0.003,0.005,0.564,0,0,0.334948858,0,0,0.001095313,0.002193127,0.229557084,5.61E-05,0,2,18.38,15.10536442,-12.9734
2025,12,24,19,30,IMG_1128,0,0,0,0.365,0.227,0.407,0,0,8.19E-05,0,0.00036579,0.222508691,0.189646319,0.280218675,0,1.36E-05,1,20.05,13.57810185,-16.9352
2025,12,24,19,40,IMG_1129,0,0,0,0.506,0.493,0,0,0,4.21E-06,0,5.60E-06,0.309048302,0.346708676,0.000216639,0,0,2,19.95,13.54705242,-15.9763
2025,12,24,19,50,IMG_1130,0,0,0,0.062,0.925,0,0,0.014,0,0,0,0.04208584,0.789921432,0,0,0.010095358,2,19.91,13.56001961,-15.6897
2025,12,24,20,0,IMG_1131,0,0,0,0.032,0.968,0,0,0,0,0,0,0.019064829,0.802932722,0,0,0,2,19.87,13.56084114,-13.2858
2025,12,24,20,10,IMG_1132,0,0,0,0.016,0.984,0,0,0,0,0,0,0.012057024,0.814859923,0,0,0,2,19.78,13.50822232,-17.3995
2025,12,24,20,20,IMG_1133,0,0,0,0.053,0.947,0,0,0,0,0,1.18E-05,0.042438694,0.744430026,0,0,0,2,19.78,13.4877579,-18.2344
2025,12,24,20,30,IMG_1134,0,0,0,0.007,0.993,0,0,0,0,0,0,0.006213266,0.859551014,0,0,0,2,19.68,13.42070882,-11.0772
2025,12,24,20,40,IMG_1135,0,0,0,0.008,0.992,0,0,0,0,0,0,0.004494456,0.841511095,0,0,0,2,19.69,13.42010749,-15.1178
2025,12,24,20,50,IMG_1136,0,0,0,0,1,0,0,0,0,0,0,6.63E-06,0.908737215,0,0,0,2,19.69,13.38278701,-14.0864
2025,12,24,21,0,IMG_1137,0,0,0,0,1,0,0,0,0,0,0,0,0.759142037,0,0,0,2,19.68,13.3884964,-15.2779
2025,12,24,21,10,IMG_1138,0,0,0,0.002,0.996,0,0,0.001,0,0,0,0.001868374,0.847320095,0,0,0.001000601,2,19.64,13.36047243,-11.2808
2025,12,24,21,20,IMG_1139,0,0,0,0.001,0.978,0,0,0.021,0,0,0,0.000847536,0.82928297,0,0,0.017237342,2,19.65,13.37847457,-10.4193
2025,12,24,21,30,IMG_1140,0,0,0,0,0.996,0,0,0.004,0,0,0,1.39E-05,0.870997776,0,0,0.003465249,3,19.64,13.39430069,-9.972
2025,12,24,21,40,IMG_1141,0,0,0,0,1,0,0,0,0,0,0,0,0.840634105,0,0,0,2,19.6,13.30887221,-11.1365
2025,12,24,21,50,IMG_1142,0,0,0,0,0.995,0,0,0.005,0,0,0,7.16E-06,0.877173475,0,0,0.003872401,2,19.6,13.20087579,-12.1
2025,12,24,22,0,IMG_1143,0,0,0,0,1,0,0,0,0,0,0,7.25E-06,0.794527186,0,0,0,2,19.59,13.16276719,-16.4927
2025,12,24,22,10,IMG_1144,0,0,0,0,0.224,0,0,0.776,0,0,0,4.31E-05,0.19540951,0,0,0.706723347,2,19.59,13.19649625,-9.2165
2025,12,24,22,20,IMG_1145,0,0,0,0.006,0.248,0,0,0.746,0,0,0,0.004985892,0.224513785,0,0,0.683687575,3,19.59,13.17457236,-6.8298
2025,12,24,22,30,IMG_1146,0,0,0,0.04,0.205,0,0,0.756,0,0,0,0.032977088,0.178254327,0,0,0.670105551,2,19.61,13.26266211,-9.4353
2025,12,24,22,40,IMG_1147,0,0,0,0.008,0,0,0,0.992,0,0,0,0.006737365,7.96E-05,0,0,0.887288041,3,19.57,13.39324281,-7.4547
2025,12,24,22,50,IMG_1148,0,0,0,0,1,0,0,0,0,0,0,6.69E-06,0.721353433,0,0,0,2,19.36,13.46013712,-8.488
2025,12,24,23,0,IMG_1149,0,0,0,0,1,0,0,0,0,0,0,0,0.75446102,0,0,0,2,19.15,13.54117334,-11.9601
2025,12,24,23,10,IMG_1150,0,0,0,0.219,0.532,0,0,0.249,0,0,0,0.171578493,0.437950781,0,0,0.205501803,2,19.09,13.54247818,-9.0416
2025,12,24,23,20,IMG_1151,0,0,0,0,1,0,0,0,0,0,0,7.01E-06,0.803381325,0,0,0,2,19.09,13.50972733,-8.9535
2025,12,24,23,30,IMG_1152,0,0,0,0.647,0.34,0,0,0.013,0,0,0,0.490623648,0.215756242,0,0,0.009932212,2,19.09,13.36234849,-12.7883
2025,12,24,23,40,IMG_1153,0,0,0,0.09,0.91,0,0,0,0,0,0,0.054013777,0.599644847,0,0,0,2,19.13,13.29541919,-19.5343
2025,12,24,23,50,IMG_1154,0,0,0,0,0.998,0,0,0.002,0,0,0,0.000163199,0.77385175,0,0,0.001441339,2,19.05,13.34719448,-9.1483
2025,12,25,0,0,IMG_1155,0,0,0,0.029,0.971,0,0,0,0,0,0,0.012692954,0.611128538,0,0,1.33E-05,2,19.04,13.3556494,-9.5796
2025,12,25,0,10,IMG_1156,0.04,0,0,0.315,0.495,0.15,0,0,0.02924556,0,0,0.16239351,0.286194381,0.064006205,0,0,2,19.05,13.26551031,-16.0494
2025,12,25,0,20,IMG_1157,0,0,0,0.112,0.888,0,0,0.001,0,0,0,0.077946274,0.637229094,0,0,0.00066241,2,19.01,13.26683451,-10.2924
2025,12,25,0,30,IMG_1158,0,0,0,0.439,0.561,0,0,0,0,0,0,0.300991143,0.337288957,0,0,0.000272468,2,18.95,13.25241182,-12.3977
2025,12,25,0,40,IMG_1159,0.016,0,0,0.291,0.692,0,0,0,0.011767946,0,0,0.1656782,0.414495605,0.000208218,0,0,2,19,13.16127492,-20.7279
2025,12,25,0,50,IMG_1160,0.009,0,0,0.306,0.184,0.501,0,0,0.006932505,0,8.59E-05,0.168960074,0.106469261,0.230731791,0,0,1,18.95,13.18744902,-19.5007
2025,12,25,1,0,IMG_1161,0,0,0,0,1,0,0,0,0,0,0,9.95E-06,0.748456235,0,0,0,2,18.92,13.29380406,-8.6885
2025,12,25,1,10,IMG_1162,0,0,0,0,1,0,0,0,0,0,0,0,0.692269103,0,0,0,2,18.77,13.30504404,-16.9136
2025,12,25,1,20,IMG_1163,0,0,0,0,1,0,0,0,0,0,0,0,0.70730027,0,0,0,2,18.68,13.26637366,-12.8295
2025,12,25,1,30,IMG_1164,0,0,0,0.016,0.984,0,0,0,0,0,0,0.006899361,0.636078163,0,0,1.46E-05,2,18.68,13.29834083,-14.4074
2025,12,25,1,40,IMG_1165,0,0,0,0,1,0,0,0,0,0,0,6.14E-05,0.749419659,0,0,0.000210457,2,18.68,13.29834083,-7.181
2025,12,25,1,50,IMG_1166,0,0,0,0.001,0.989,0,0,0.01,0,0,0,0.000407354,0.731462958,0,0,0.004377178,2,18.68,13.28235724,-10.6049
2025,12,25,2,0,IMG_1167,0,0,0,0,1,0,0,0,0,0,0,0,0.762285126,0,0,0,2,18.69,13.27422511,-7.4387
2025,12,25,2,10,IMG_1168,0,0,0,0.001,0,0,0,0.999,0,0,0,0.000835487,0.000118983,0,0,0.855155131,3,18.67,13.2904745,-3.9195
2025,12,25,2,20,IMG_1169,0,0,0,0.003,0,0,0,0.997,0,0,0,0.002271402,8.25E-05,0,0,0.901327622,3,18.6,13.28324731,-3.2435
2025,12,25,2,30,IMG_1170,0,0,0,0,0,0,0,1,0,0,0,0.000317157,7.22E-05,0,0,0.895865535,3,18.58,13.36286216,-3.4288
2025,12,25,2,40,IMG_1171,0,0,0,0.002,0,0,0,0.998,0,0,0,0.001593517,8.97E-05,0,0,0.885141639,3,18.58,13.41052992,-4.8737
2025,12,25,2,50,IMG_1172,0,0,0,0.001,0.796,0,0,0.203,0,0,0,0.000509788,0.695126848,0,0,0.173885014,3,18.59,13.4343716,-5.7266
2025,12,25,3,0,IMG_1173,0,0,0,0.009,0.985,0,0,0.005,0,0,0,0.006263492,0.63099668,0,0,0.003858676,2,18.59,13.45027027,-9.2957
2025,12,25,3,10,IMG_1174,0,0,0,0,0.097,0,0,0.902,0,0,0,0.000251638,0.080011989,0,0,0.754047243,3,18.55,13.40258638,-7.1677
2025,12,25,3,20,IMG_1175,0,0,0,0,0,0,0,1,0,0,0,0.000148152,6.84E-05,0,0,0.883794246,3,18.56,13.42639702,-4.3767
2025,12,25,3,30,IMG_1176,0,0,0,0,0,0,0,1,0,0,0,0.000227013,5.43E-05,0,0,0.907233691,3,18.51,13.46580745,-3.9695
2025,12,25,19,30,IMG_1177,0,0,0,0.692,0.235,0,0,0.073,0,0,0,0.683414761,0.23482328,0,0,0.073138755,3,11.38,9.528591357,-5.8682
2025,12,25,19,40,IMG_1178,0,0,0,0.03,0.625,0,0,0.345,0,0,0,0.027453748,0.60630332,0,0,0.3397628,3,11.28,9.397722021,-6.8045
2025,12,25,19,50,IMG_1179,0,0,0,0.79,0.141,0,0,0.068,0,0,0,0.775994088,0.141192969,0,0,0.0683878,3,11.3,9.307580898,-6.3332
2025,12,25,20,0,IMG_1180,0,0,0,0.594,0.007,0,0,0.399,0,0,0,0.575962568,0.006855288,0,0,0.399139273,3,11.29,9.250800761,-7.0067
2025,12,25,20,10,IMG_1181,0,0,0,0.565,0.01,0,0,0.425,0,0,0,0.541872822,0.010370267,0,0,0.422432452,3,11.35,9.162975742,-7.1749
2025,12,25,20,20,IMG_1182,0,0,0,0.324,0.002,0,0,0.674,0,0,0,0.306478598,0.001645989,0,0,0.666965084,3,11.43,9.05489181,-6.891
2025,12,25,20,30,IMG_1183,0,0,0,0.685,0.056,0,0,0.259,0,0,0,0.666058579,0.055772739,0,0,0.258638619,3,11.51,9.069415395,-6.6716
2025,12,25,20,40,IMG_1184,0,0,0,0.832,0.038,0,0,0.129,0,0,0,0.804666849,0.038430018,0,0,0.129372438,3,11.61,9.074418775,-7.1751
2025,12,25,20,50,IMG_1185,0,0,0,0.26,0.037,0,0,0.702,0,0,0,0.246047679,0.036802532,0,0,0.693105206,3,11.65,8.961698488,-6.7499
2025,12,25,21,0,IMG_1186,0,0,0,0.422,0.001,0,0,0.577,0,0,0,0.402077764,0.001478951,0,0,0.567692398,3,11.7,8.895698839,-7.6865
2025,12,25,21,10,IMG_1187,0,0,0,0.262,0,0,0,0.738,0,0,0,0.243907903,5.51E-05,0,0,0.720819043,3,11.7,8.791166538,-7.8825
2025,12,25,21,20,IMG_1188,0,0,0,0.748,0,0,0,0.252,0,0,0,0.716517931,3.58E-05,0,0,0.24903578,3,11.75,8.755784677,-7.7578
2025,12,25,21,30,IMG_1189,0,0,0,0.489,0,0,0,0.511,0,0,0,0.461841887,4.22E-05,0,0,0.502131025,3,11.81,8.71501047,-7.8684
2025,12,25,21,40,IMG_1190,0,0,0,0.231,0,0,0,0.769,0,0,0,0.213772003,0.000105078,0,0,0.749027178,3,11.87,8.568141311,-7.4793
2025,12,25,21,50,IMG_1191,0,0,0,0.401,0,0,0,0.599,0,0,0,0.375953966,6.87E-05,0,0,0.587904087,3,12.07,8.348426619,-6.9647
2025,12,25,22,0,IMG_1192,0,0,0,0.13,0,0,0,0.87,0,0,0,0.117580867,5.43E-05,0,0,0.837421372,2,12.34,8.215890862,-7.3828
2025,12,25,22,10,IMG_1193,0,0,0,0.065,0,0,0,0.935,0,0,0,0.056209878,4.67E-05,0,0,0.885840024,2,12.47,8.11040537,-7.1873
2025,12,25,22,20,IMG_1194,0,0,0,0.05,0,0,0,0.95,0,0,0,0.044200248,5.40E-05,0,0,0.906792661,3,12.56,8.070971495,-7.1769
2025,12,25,22,30,IMG_1195,0,0,0,0.008,0,0,0,0.992,0,0,0,0.006830371,0.000244629,0,0,0.939674069,3,12.61,7.972166564,-6.7168
2025,12,25,22,40,IMG_1196,0,0,0,0.006,0,0,0,0.994,0,0,0,0.004828523,7.17E-05,0,0,0.940637906,3,12.57,7.961214573,-6.0367
2025,12,25,22,50,IMG_1197,0,0,0,0.012,0,0,0,0.988,0,0,0,0.010642353,4.61E-05,0,0,0.934823039,3,12.48,8.035336827,-6.1611
2025,12,25,23,0,IMG_1198,0,0,0,0.01,0.001,0,0,0.989,0,0,0,0.00915942,0.000632249,0,0,0.927417218,3,12.38,8.118577869,-7.1893
2025,12,25,23,10,IMG_1199,0,0,0,0.002,0,0,0,0.998,0,0,0,0.001830281,7.11E-05,0,0,0.926946229,3,12.28,8.129986388,-6.6225
2025,12,25,23,20,IMG_1200,0,0,0,0.002,0,0,0,0.998,0,0,0,0.001327802,6.98E-05,0,0,0.924541203,3,12.29,8.128542533,-6.1667
2025,12,25,23,30,IMG_1201,0,0,0,0.011,0,0,0,0.989,0,0,0,0.008882151,7.99E-05,0,0,0.91420302,3,12.06,8.224551669,-6.4186
2025,12,25,23,40,IMG_1202,0,0,0,0.01,0,0,0,0.989,0,0,0,0.00893765,8.80E-05,0,0,0.90708445,3,11.84,8.390756693,-7.1901
2025,12,25,23,50,IMG_1203,0,0,0,0.009,0,0,0,0.991,0,0,0,0.007518029,5.64E-05,0,0,0.905210569,3,11.79,8.337246095,-6.307
2025,12,26,0,0,IMG_1204,0,0,0,0.004,0,0,0,0.996,0,0,0,0.003434315,6.01E-05,0,0,0.887217225,3,11.81,8.300310696,-6.0687
2025,12,26,0,10,IMG_1205,0,0,0,0.001,0,0,0,0.999,0,0,0,0.000543367,7.47E-05,0,0,0.905762192,3,11.88,8.295464463,-5.378
2025,12,26,0,20,IMG_1206,0,0,0,0.002,0,0,0,0.998,0,0,0,0.001462988,8.97E-05,0,0,0.898318487,3,11.97,8.302878787,-5.9895
2025,12,26,0,30,IMG_1207,0,0,0,0,0,0,0,0.999,0,0,0,0.000377396,7.32E-05,0,0,0.896173227,3,11.98,8.249555248,-6.5393
2025,12,26,0,40,IMG_1208,0,0,0,0.001,0,0,0,0.999,0,0,0,0.000649159,7.61E-05,0,0,0.889861426,3,11.97,8.183810615,-6.8087
2025,12,26,0,50,IMG_1209,0,0,0,0.008,0,0,0,0.992,0,0,0,0.006334195,7.15E-05,0,0,0.886523287,3,12.01,8.010296312,-6.5991
2025,12,26,1,0,IMG_1210,0,0,0,0.002,0,0,0,0.998,0,0,0,0.001684488,7.79E-05,0,0,0.891415971,3,12.06,7.989350659,-6.556
2025,12,26,1,10,IMG_1211,0,0,0,0.001,0,0,0,0.999,0,0,0,0.000487778,0.000100015,0,0,0.891361298,3,12.11,7.908129608,-6.4149
2025,12,26,1,20,IMG_1212,0,0,0,0.003,0,0,0,0.997,0,0,0,0.002084398,7.28E-05,0,0,0.897797213,3,12.06,7.887786587,-5.8321
2025,12,26,1,30,IMG_1213,0,0,0,0.002,0.001,0,0,0.997,0,0,0,0.001328418,0.000961629,0,0,0.865234345,3,12.12,7.925938749,-6.2873
2025,12,26,1,40,IMG_1214,0,0,0,0.093,0.066,0,0,0.841,0,0,0,0.076206017,0.05314662,0,0,0.716633586,3,12.2,7.813491046,-6.157
2025,12,26,1,50,IMG_1215,0,0,0,0.002,0,0,0,0.997,0,0,0,0.00198883,7.32E-05,0,0,0.886971687,3,12.2,7.855551247,-5.7256
2025,12,26,2,0,IMG_1216,0,0,0,0.001,0,0,0,0.999,0,0,0,0.001118585,7.19E-05,0,0,0.885772468,3,12.25,7.793509143,-5.6765
2025,12,26,2,10,IMG_1217,0,0,0,0.001,0,0,0,0.999,0,0,0,0.000876547,0.000104282,0,0,0.881753275,3,12.29,7.902960565,-5.8204
2025,12,26,2,20,IMG_1218,0,0,0,0.001,0,0,0,0.998,0,0,0,0.001187342,6.75E-05,0,0,0.88752666,3,12.29,7.814029213,-5.7815
2025,12,26,2,30,IMG_1219,0,0,0,0.001,0,0,0,0.999,0,0,0,0.000822581,0.000146267,0,0,0.861227374,3,12.34,7.740474508,-6.0788
2025,12,26,2,40,IMG_1220,0,0,0,0.004,0.001,0,0,0.995,0,0,0,0.003396402,0.000439025,0,0,0.863396965,3,12.34,7.834034706,-6.2726
2025,12,26,2,50,IMG_1221,0,0,0,0.001,0,0,0,0.999,0,0,0,0.00092784,4.13E-05,0,0,0.872557242,3,12.53,7.560564371,-6.237
2025,12,26,3,0,IMG_1222,0,0,0,0.001,0,0,0,0.999,0,0,0,0.001040017,7.30E-05,0,0,0.878470876,3,12.52,7.530564132,-6.2568
2025,12,26,3,10,IMG_1223,0,0,0,0.001,0,0,0,0.998,0,0,0,0.001207287,7.13E-05,0,0,0.876331363,3,12.52,7.445852161,-5.868
2025,12,26,3,20,IMG_1224,0,0,0,0.002,0,0,0,0.998,0,0,0,0.001644456,5.96E-05,0,0,0.868843945,3,12.62,7.407007944,-6.0443
2025,12,26,3,30,IMG_1225,0,0,0,0.003,0,0,0,0.997,0,0,0,0.002648768,0.000107287,0,0,0.875065753,3,12.65,7.317672767,-5.987
2025,12,26,19,30,IMG_1226,0,0,0,0.432,0.006,0,0,0.562,0,0,0,0.421656971,0.005735765,0,0,0.560596928,3,12.29,10.38978485,-3.0725
2025,12,26,19,40,IMG_1227,0,0,0,0.765,0.029,0,0,0.206,0,0,0,0.75419206,0.02916902,0,0,0.205705364,3,12.28,10.38331817,-3.0232
2025,12,26,19,50,IMG_1228,0,0,0,0.304,0.009,0,0,0.686,0,0,0,0.29459055,0.0092513,0,0,0.683109059,3,12.29,10.37893957,-3.1155
2025,12,26,20,0,IMG_1229,0,0,0,0.673,0,0,0,0.327,0,0,0,0.647040174,4.95E-05,0,0,0.325215783,3,12.32,10.37660926,-3.0691
2025,12,26,20,10,IMG_1230,0,0,0,0.222,0.004,0,0,0.774,0,0,0,0.208382527,0.004238897,0,0,0.759986982,3,12.47,10.43001421,-3.6507
2025,12,26,20,20,IMG_1231,0,0,0,0.635,0,0,0,0.365,0,0,0,0.614421958,0.000131979,0,0,0.364292751,3,12.65,10.39202695,-5.3071
2025,12,26,20,30,IMG_1232,0,0,0,0.025,0.152,0,0,0.823,0,0,0,0.022657722,0.142639874,0,0,0.798606092,3,12.84,10.36933965,-7.3128
2025,12,26,20,40,IMG_1233,0,0,0,0.334,0.017,0,0,0.649,0,0,0,0.316122769,0.01564683,0,0,0.639787748,3,12.95,10.304661,-6.7664
2025,12,26,20,50,IMG_1234,0,0,0,0.189,0.001,0,0,0.81,0,0,0,0.174599857,0.000875721,0,0,0.789267533,3,13.02,10.26997909,-6.2011
2025,12,26,21,0,IMG_1235,0,0,0,0.301,0.001,0,0,0.698,0,0,0,0.289621657,0.000651397,0,0,0.689465648,3,13.07,10.23350456,-3.4841
2025,12,26,21,10,IMG_1236,0,0,0,0.464,0.001,0,0,0.536,0,0,0,0.443024985,0.000498325,0,0,0.529579124,3,13.15,10.26138448,-3.8845
2025,12,26,21,20,IMG_1237,0,0,0,0.168,0.009,0,0,0.823,0,0,0,0.157472664,0.008662477,0,0,0.797148347,3,13.21,10.31099471,-4.7804
2025,12,26,21,30,IMG_1238,0,0,0,0.112,0.001,0,0,0.887,0,0,0,0.104374144,0.001213709,0,0,0.856055957,3,13.25,10.27895729,-6.4162
2025,12,26,21,40,IMG_1239,0,0,0,0.449,0,0,0,0.551,0,0,0,0.41084061,0.000161291,0,0,0.528713739,3,13.26,10.3083446,-6.7502
2025,12,26,21,50,IMG_1240,0,0,0,0.012,0,0,0,0.988,0,0,0,0.010326991,7.67E-05,0,0,0.923114333,2,13.29,10.30438537,-6.3265
2025,12,26,22,0,IMG_1241,0,0,0,0.009,0.002,0,0,0.989,0,0,0,0.007674219,0.001614198,0,0,0.924480551,3,13.3,10.32229712,-6.1457
2025,12,26,22,10,IMG_1242,0,0,0,0.012,0,0,0,0.988,0,0,0,0.009577502,5.23E-05,0,0,0.913069351,3,13.38,10.31538527,-6.1023
2025,12,26,22,20,IMG_1243,0,0,0,0.104,0,0,0,0.895,0,0,0,0.087895425,0.000137838,0,0,0.828419651,3,13.38,10.30378192,-6.469
2025,12,26,22,30,IMG_1244,0,0,0,0.024,0.001,0,0,0.975,0,0,0,0.019877276,0.000711283,0,0,0.899042233,3,13.43,10.31234061,-6.6534
2025,12,26,22,40,IMG_1245,0,0,0,0.052,0.015,0,0,0.933,0,0,0,0.046928117,0.012696229,0,0,0.860580604,3,13.48,10.26246526,-6.498
2025,12,26,22,50,IMG_1246,0,0,0,0.033,0,0,0,0.967,0,0,0,0.027932016,0.000121635,0,0,0.887302066,3,13.52,10.28780564,-6.3717
2025,12,26,23,0,IMG_1247,0,0,0,0.008,0,0,0,0.992,0,0,0,0.006169163,0.000152772,0,0,0.904495425,2,13.52,10.26439766,-6.4269
2025,12,26,23,10,IMG_1248,0,0,0,0.013,0.001,0,0,0.987,0,0,0,0.010178786,0.000591241,0,0,0.893124647,3,13.57,10.26085709,-6.3436
2025,12,26,23,20,IMG_1249,0,0,0,0.005,0,0,0,0.994,0,0,0,0.004156092,0.000120222,0,0,0.890013815,2,13.57,10.2725972,-6.3567
2025,12,26,23,30,IMG_1250,0,0,0,0.011,0.069,0,0,0.92,0,0,0,0.008906603,0.05821108,0,0,0.811374256,2,13.6,10.25631691,-6.2039
2025,12,26,23,40,IMG_1251,0,0,0,0.012,0.004,0,0,0.984,0,0,0,0.00997808,0.002961471,0,0,0.869283173,3,13.63,10.31063819,-6.2098
2025,12,26,23,50,IMG_1252,0,0,0,0.003,0,0,0,0.996,0,0,0,0.002729072,7.94E-05,0,0,0.899380364,2,13.61,10.22732979,-6.0293
2025,12,27,0,0,IMG_1253,0,0,0,0.017,0,0,0,0.983,0,0,0,0.014809758,8.30E-05,0,0,0.884724557,3,13.67,10.15887715,-5.9191
2025,12,27,0,10,IMG_1254,0,0,0,0.003,0,0,0,0.997,0,0,0,0.002431182,8.68E-05,0,0,0.890169005,3,13.76,10.12028083,-5.6288
2025,12,27,0,20,IMG_1255,0,0,0,0.002,0,0,0,0.998,0,0,0,0.001762057,8.53E-05,0,0,0.892273933,2,13.76,10.12028083,-5.5973
2025,12,27,0,30,IMG_1256,0,0,0,0.002,0,0,0,0.998,0,0,0,0.001258864,0.000100428,0,0,0.894173445,2,13.75,10.12592683,-5.4787
2025,12,27,0,40,IMG_1257,0,0,0,0.003,0,0,0,0.996,0,0,0,0.002635186,8.81E-05,0,0,0.893572213,3,13.74,10.07224328,-5.4752
2025,12,27,0,50,IMG_1258,0,0,0,0.001,0,0,0,0.999,0,0,0,0.001000924,0.000135014,0,0,0.89005806,3,13.83,10.09237181,-5.5932
2025,12,27,1,0,IMG_1259,0,0,0,0.004,0.001,0,0,0.995,0,0,0,0.003382617,0.000621259,0,0,0.864369907,2,13.83,10.11623085,-5.2546
2025,12,27,1,10,IMG_1260,0,0,0,0.003,0,0,0,0.997,0,0,0,0.002302126,7.23E-05,0,0,0.891386103,3,13.85,10.11673459,-5.2278
2025,12,27,1,20,IMG_1261,0,0,0,0.002,0,0,0,0.998,0,0,0,0.001770418,9.39E-05,0,0,0.879507625,3,13.88,10.12344318,-5.2919
2025,12,27,1,30,IMG_1262,0,0,0,0.003,0.001,0,0,0.996,0,0,0,0.002320185,0.001042345,0,0,0.873348708,3,13.89,10.08177302,-5.1936
2025,12,27,1,40,IMG_1263,0,0,0,0.004,0.001,0,0,0.995,0,0,0,0.003137725,0.00044221,0,0,0.867017608,3,13.89,10.17756183,-5.1778
2025,12,27,1,50,IMG_1264,0,0,0,0.002,0.003,0,0,0.995,0,0,0,0.00157959,0.002585074,0,0,0.864108541,2,13.85,10.20034397,-5.4391
2025,12,27,2,0,IMG_1265,0,0,0,0.004,0.001,0,0,0.995,0,0,0,0.00326561,0.000994358,0,0,0.865272904,2,13.83,10.17587844,-5.3764
2025,12,27,2,10,IMG_1266,0,0,0,0.003,0,0,0,0.997,0,0,0,0.002362395,0.000253343,0,0,0.883642413,3,13.84,10.17020057,-5.9866
2025,12,27,2,20,IMG_1267,0,0,0,0.004,0,0,0,0.996,0,0,0,0.003044073,7.82E-05,0,0,0.881951976,3,13.92,10.17235153,-5.7333
2025,12,27,2,30,IMG_1268,0,0,0,0.007,0,0,0,0.993,0,0,0,0.00539973,4.32E-05,0,0,0.884227178,3,13.93,10.21461305,-5.3114
2025,12,27,2,40,IMG_1269,0,0,0,0.002,0,0,0,0.998,0,0,0,0.001728298,7.80E-05,0,0,0.880358428,2,13.94,10.26893263,-5.0777
2025,12,27,2,50,IMG_1270,0,0,0,0.001,0,0,0,0.999,0,0,0,0.000534029,9.76E-05,0,0,0.894293194,3,13.98,10.24603553,-4.831
2025,12,27,3,0,IMG_1271,0,0,0,0.001,0,0,0,0.999,0,0,0,0.000496852,7.17E-05,0,0,0.897033045,3,13.98,10.28215552,-4.9192
2025,12,27,3,10,IMG_1272,0,0,0,0.003,0,0,0,0.997,0,0,0,0.002446176,7.22E-05,0,0,0.898066729,3,13.97,10.36007034,-4.9266
2025,12,27,3,20,IMG_1273,0,0,0,0.003,0,0,0,0.997,0,0,0,0.002561952,6.08E-05,0,0,0.907997033,3,13.98,10.40255547,-4.5335
2025,12,27,3,30,IMG_1274,0,0,0,0.002,0,0,0,0.998,0,0,0,0.00133614,9.42E-05,0,0,0.903158669,3,13.98,10.43867545,-4.4764
2025,12,27,19,30,IMG_1275,0,0,0,0.141,0.021,0,0,0.838,0,0,0,0.118289498,0.017590971,0,0,0.757114325,2,14.61,11.45010187,-4.8842
2025,12,27,19,40,IMG_1276,0,0,0,0.79,0.001,0,0,0.208,0,0,0,0.695286043,0.00094354,0,0,0.196801615,2,14.76,11.54284766,-4.567
2025,12,27,19,50,IMG_1277,0,0,0,0.133,0.164,0,0,0.704,0,0,0,0.122345373,0.149749099,0,0,0.662088724,2,14.81,11.61612336,-3.3083
2025,12,27,20,0,IMG_1278,0,0,0,0.001,0,0,0,0.999,0,0,0,0.00055462,0.000138755,0,0,0.966160682,2,14.79,11.70317317,-3.2132
2025,12,27,20,10,IMG_1279,0,0,0,0.071,0.025,0,0,0.904,0,0,0,0.06674043,0.02212808,0,0,0.838382001,2,14.77,11.80262772,-3.9742
2025,12,27,20,20,IMG_1280,0,0,0,0.016,0.003,0,0,0.981,0,0,0,0.015700473,0.002465828,0,0,0.944702817,2,14.75,11.851335,-3.3673
2025,12,27,20,30,IMG_1281,0,0,0,0.102,0.005,0,0,0.893,0,0,0,0.094896567,0.004850466,0,0,0.855557625,2,14.72,11.84224799,-4.6463
2025,12,27,20,40,IMG_1282,0,0,0,0.054,0,0,0,0.945,0,0,0,0.050940798,0.000288935,0,0,0.904636095,2,14.67,11.80614429,-3.4475
2025,12,27,20,50,IMG_1283,0,0,0,0.414,0,0,0,0.586,0,0,0,0.391122206,8.29E-05,0,0,0.57156869,2,14.62,11.79517915,-3.1776
2025,12,27,21,0,IMG_1284,0,0,0,0.254,0,0,0,0.746,0,0,0,0.237486328,3.92E-05,0,0,0.720667127,2,14.62,11.820222,-2.9992
2025,12,27,21,10,IMG_1285,0,0,0,0.291,0,0,0,0.709,0,0,0,0.26191866,9.32E-05,0,0,0.664614468,2,14.57,11.82160634,-3.2132
2025,12,27,21,20,IMG_1286,0,0,0,0.026,0.011,0,0,0.962,0,0,0,0.021266233,0.009191857,0,0,0.878849745,2,14.48,11.76913895,-3.4114
2025,12,27,21,30,IMG_1287,0,0,0,0.143,0.023,0,0,0.834,0,0,0,0.126868607,0.020467248,0,0,0.765605056,2,14.42,11.70127249,-4.0365
2025,12,27,21,40,IMG_1288,0,0,0,0.008,0.988,0,0,0.004,0,0,0,0.00727352,0.779777524,0,0,0.002797596,2,14.43,11.64655188,-6.9466
2025,12,27,21,50,IMG_1289,0,0,0,0,0.923,0,0,0.077,0,0,0,0.000361786,0.770396958,0,0,0.070550766,3,14.46,11.59355384,-4.9646
2025,12,27,22,0,IMG_1290,0,0,0,0,0.991,0,0,0.009,0,0,0,7.22E-06,0.824487417,0,0,0.00688596,2,14.48,11.60774781,-4.4383
2025,12,27,22,10,IMG_1291,0,0,0,0.001,0.788,0,0,0.211,0,0,0,0.000629537,0.67749526,0,0,0.183376255,2,14.49,11.61485045,-4.1576
2025,12,27,22,20,IMG_1292,0,0,0,0,0,0,0,1,0,0,0,0.000141136,8.56E-05,0,0,0.903082903,3,14.49,11.60242815,-4.1194
2025,12,27,22,30,IMG_1293,0,0,0,0.001,0,0,0,0.999,0,0,0,0.000774091,0.000338897,0,0,0.884671913,2,14.48,11.5953331,-3.6934
2025,12,27,22,40,IMG_1294,0,0,0,0.334,0.374,0,0,0.292,0,0,0,0.26920296,0.302107227,0,0,0.253527464,2,14.48,11.64499192,-4.4619
2025,12,27,22,50,IMG_1295,0,0,0,0.091,0.908,0,0,0.001,0,0,0,0.068277096,0.700982985,0,0,0.00094834,2,14.49,11.68938425,-7.0172
2025,12,27,23,0,IMG_1296,0,0,0,0.161,0.01,0,0,0.829,0,0,0,0.12803886,0.007158068,0,0,0.706931265,2,14.51,11.74100462,-3.9347
2025,12,27,23,10,IMG_1297,0,0,0,0.006,0.994,0,0,0,0,0,0,0.004109901,0.730497739,0,0,0,2,14.53,11.79273153,-5.8508
2025,12,27,23,20,IMG_1298,0,0,0,0.008,0.992,0,0,0,0,0,0,0.006482046,0.655413341,0,0,0,2,14.61,11.83802881,-8.4045
2025,12,27,23,30,IMG_1299,0,0,0,0.039,0.961,0,0,0,0,0,0,0.022592796,0.642378125,0,0,0,2,14.73,11.77384525,-6.293
2025,12,27,23,40,IMG_1300,0,0,0,0.032,0.967,0,0,0.001,0,0,0,0.024045207,0.736900451,0,0,0.000919208,2,14.87,11.63328611,-10.3228
2025,12,27,23,50,IMG_1301,0,0,0,0.592,0.385,0,0,0.023,0,0,0,0.448099519,0.267058323,0,0,0.018647453,2,14.94,11.56812286,-9.2384
2025,12,28,0,0,IMG_1302,0.113,0,0,0,0,0.787,0.1,0,0.08825338,0,0,2.50E-05,0.000119013,0.342561952,0.033804733,0,2,14.99,11.52657852,-16.1423
2025,12,28,0,10,IMG_1303,0.12,0,0,0.006,0.184,0.653,0.037,0,0.090013108,0,0,0.001823738,0.081205461,0.296921131,0.014231092,0,2,14.93,11.49727133,-14.6022
2025,12,28,0,20,IMG_1304,0.137,0,0,0,0.001,0.851,0.012,0,0.10620151,0,0,2.94E-05,0.000261448,0.331818142,0.004331167,0,2,14.95,11.42186171,-19.9576
2025,12,28,0,30,IMG_1305,0.059,0,0,0,0,0.823,0.118,0,0.044506122,0,0,4.67E-05,8.10E-05,0.394378448,0.049934097,0,2,14.98,11.3147658,-16.4979
2025,12,28,0,40,IMG_1306,0.018,0,0,0,0,0.963,0.019,0,0.013814573,0,0,9.25E-06,6.76E-05,0.444998054,0.007354117,0,2,14.94,11.35106095,-15.1739
2025,12,28,0,50,IMG_1307,0.009,0,0,0,0,0.987,0.004,0,0.006738987,0,0,0,2.78E-05,0.480836899,0.001266496,0,2,14.93,11.33138395,-15.8903
2025,12,28,1,0,IMG_1308,0.023,0,0,0.003,0.054,0.921,0,0,0.016850669,0,0,0.00075456,0.024514491,0.460003185,3.48E-05,0,2,14.95,11.2174436,-15.5874
2025,12,28,1,10,IMG_1309,0.001,0,0.001,0.003,0.546,0.449,0,0,0.000423648,0,0.000234758,0.001059428,0.292277081,0.262234255,0.00011253,0,2,15.07,11.17104148,-13.8611
2025,12,28,1,20,IMG_1310,0,0,0,0.007,0.988,0.005,0,0,5.86E-06,0,7.69E-06,0.001823002,0.551036155,0.00264547,0,0,2,15.12,11.15345755,-14.3954
2025,12,28,1,30,IMG_1311,0.028,0,0.001,0.007,0.862,0.076,0.026,0,0.020960419,0,0.000263011,0.001946409,0.426609135,0.037641286,0.008561584,0,2,15.13,11.14733047,-14.1677
2025,12,28,1,40,IMG_1312,0.019,0,0,0.001,0.005,0.961,0.014,0,0.013777607,0,0,0.000163582,0.001843217,0.454044704,0.005055003,0,2,15.11,11.08216507,-15.91
2025,12,28,1,50,IMG_1313,0.007,0,0,0,0,0.674,0.319,0,0.005262357,0,0,0,3.21E-06,0.316763912,0.149902547,0,2,15.12,11.07600298,-17.6438
2025,12,28,2,0,IMG_1314,0.09,0,0,0,0.003,0.885,0.022,0,0.070582257,0,0,8.56E-05,0.001113101,0.365616309,0.007782482,0,2,15.12,11.16636665,-16.8229
2025,12,28,2,10,IMG_1315,0.007,0,0,0.004,0.03,0.96,0,0,0.004459548,0,0,0.001258631,0.014184901,0.498604004,2.55E-05,0,2,15.11,11.24988119,-15.8178
2025,12,28,2,20,IMG_1316,0.1,0,0,0.005,0.006,0.878,0.011,0,0.069750894,0,0,0.001938574,0.002153328,0.365585675,0.003609893,0,2,15.15,11.38076085,-16.5665
2025,12,28,2,30,IMG_1317,0.001,0,0,0.001,0.05,0.948,0.001,0,0.000753501,0,0,0.000363522,0.021013093,0.489357151,0.000236907,0,2,15.1,11.38486299,-13.3338
2025,12,28,2,40,IMG_1318,0.014,0,0,0.001,0.025,0.953,0.007,0,0.01054372,0,0,0.000200789,0.010780334,0.461859976,0.002222318,0,2,15.07,11.36408944,-16.8381
2025,12,28,2,50,IMG_1319,0.001,0,0,0.001,0.075,0.923,0,0,0.000683361,0,1.07E-05,0.00015498,0.03439191,0.475191632,4.60E-06,0,2,15.13,11.34108476,-15.3681
2025,12,28,3,0,IMG_1320,0.001,0,0,0,0.007,0.992,0,0,0.000526224,0,0,7.00E-05,0.002726097,0.493066759,3.42E-05,0,2,15.17,11.32987554,-17.3156
2025,12,28,3,10,IMG_1321,0,0,0,0.011,0.151,0.838,0,0,0,0,1.68E-05,0.004441609,0.070094449,0.479147634,3.19E-05,0,2,15.21,11.33151553,-16.0712
2025,12,28,3,20,IMG_1322,0,0,0,0,0.605,0.395,0,0,0,0,0,7.70E-05,0.32799538,0.245604672,0,0,2,15.25,11.37212222,-12.3372
2025,12,28,3,30,IMG_1323,0,0,0,0,0.99,0.008,0.002,0,5.67E-05,0,6.26E-05,4.16E-05,0.54344831,0.004903313,0.000649977,0,2,15.28,11.40591594,-12.5372
2025,12,28,19,30,IMG_1324,0,0,0,0,1,0,0,0,0,0,0,0.000126435,0.78769508,0,0,0,2,15.48,11.7036434,-14.2468
2025,12,28,19,40,IMG_1325,0,0,0.001,0.078,0.921,0,0,0,0,0,0.000531881,0.049427704,0.676875203,0,0,0,2,15.48,11.73003268,-15.1438
2025,12,28,19,50,IMG_1326,0,0,0,0.001,0.999,0,0,0,0,0,0,0.000653486,0.763888424,0,0,0,2,15.6,11.73597946,-15.2232
2025,12,28,20,0,IMG_1327,0,0,0,0.005,0.743,0.252,0,0,0,0,0,0.002977291,0.582614626,0.201634383,7.34E-05,0,2,15.6,11.69610637,-14.7451
2025,12,28,20,10,IMG_1328,0.005,0,0,0.013,0.182,0.801,0,0,0.002304041,0,0,0.006716481,0.128432076,0.604281085,0,0,2,15.61,11.61010576,-15.4599
2025,12,28,20,20,IMG_1329,0.011,0,0,0.009,0.205,0.775,0,0,0.00618466,0,0,0.004491925,0.125221004,0.559370313,0,0,2,15.63,11.61087486,-17.0921
2025,12,28,20,30,IMG_1330,0.09,0,0,0.059,0.243,0.608,0,0,0.050777682,0,0,0.027327727,0.156949857,0.414355056,0.000165708,0,2,15.62,11.61714607,-19.9227
2025,12,28,20,40,IMG_1331,0.047,0,0,0.071,0.712,0.171,0,0,0.02639544,0,0,0.034183075,0.463300518,0.108515745,4.77E-05,0,2,15.58,11.65538169,-21.3369
2025,12,28,20,50,IMG_1332,0.113,0,0,0.061,0.714,0.112,0,0,0.068507287,0,0,0.029325128,0.501668818,0.076569719,8.51E-06,0,2,15.62,11.67037469,-17.9499
2025,12,28,21,0,IMG_1333,0.058,0,0,0.078,0.118,0.746,0,0,0.033333038,0,0,0.0391048,0.072583278,0.485122634,0,0,2,15.66,11.6453444,-18.1109
2025,12,28,21,10,IMG_1334,0.167,0,0,0.008,0.066,0.759,0,0,0.101110156,0,0,0.003200916,0.046233767,0.449145575,0,0,2,15.68,11.65946584,-20.3464
2025,12,28,21,20,IMG_1335,0.001,0,0,0.008,0.984,0.005,0.002,0,0.0005125,0,0,0.003324557,0.648791098,0.003042931,0.000801638,0,2,15.66,11.61866549,-18.2734
2025,12,28,21,30,IMG_1336,0,0,0,0,0.323,0.676,0,0,6.33E-05,0,0,7.23E-05,0.225389416,0.485302952,0.000136659,0,2,15.62,11.63045323,-18.7473
2025,12,28,21,40,IMG_1337,0.141,0,0,0.029,0.011,0.818,0,0,0.086989716,0,0,0.011378531,0.00717177,0.516170605,0,0,2,15.64,11.69785429,-17.4131
2025,12,28,21,50,IMG_1338,0.144,0,0,0.014,0.035,0.807,0,0,0.088983256,0,0,0.006319404,0.021333398,0.462070515,0,0,2,15.57,11.66158283,-18.9882
2025,12,28,22,0,IMG_1339,0.096,0,0,0.019,0.17,0.713,0.002,0,0.061615347,0,0,0.008396289,0.096578876,0.398893374,0.00112512,0,2,15.54,11.7198404,-20.7609
2025,12,28,22,10,IMG_1340,0.106,0,0,0.002,0.004,0.887,0,0,0.06879372,0,0,0.000865152,0.002184968,0.511399767,0.000116481,0,2,15.59,11.79528088,-18.8823
2025,12,28,22,20,IMG_1341,0.03,0,0,0.008,0.209,0.72,0.033,0,0.019290602,0,0,0.003283872,0.114573963,0.428495328,0.015672814,0,2,15.63,11.79728799,-18.4202
2025,12,28,22,30,IMG_1342,0.026,0,0,0.005,0.086,0.883,0.001,0,0.01769399,0,0,0.002049249,0.045113326,0.551356701,0.000278005,0,2,15.75,11.84313191,-15.0962
2025,12,28,22,40,IMG_1343,0.008,0,0,0.029,0.898,0.065,0.001,0,0.004987184,0,0,0.014662492,0.559361388,0.038530942,0.000252787,0,2,15.79,11.871849,-14.9865
2025,12,28,22,50,IMG_1344,0.012,0,0,0.025,0.805,0.155,0.004,0,0.007498648,0,0,0.009431205,0.459810284,0.093976953,0.001706791,0,2,15.83,11.88714907,-15.4733
2025,12,28,23,0,IMG_1345,0.181,0,0,0.03,0.641,0.147,0,0,0.128910374,0,0,0.009139506,0.393188717,0.090638785,2.33E-06,0,2,15.85,11.8745566,-16.4463
2025,12,28,23,10,IMG_1346,0,0,0,0.026,0.974,0,0,0,0,0,0,0.014167405,0.638382497,0,0,8.01E-05,2,15.79,11.871849,-14.4996
2025,12,28,23,20,IMG_1347,0,0,0,0,0,1,0,0,0,0,0,0,0.000115918,0.63822681,1.36E-05,0,2,15.79,11.88529391,-12.2068
2025,12,28,23,30,IMG_1348,0,0,0,0,0,1,0,0,9.00E-05,0,0,0,0.000131738,0.587771935,3.14E-05,0,2,15.9,11.85639025,-12.3355
2025,12,28,23,40,IMG_1349,0.011,0,0,0,0.006,0.983,0,0,0.007066038,0,0,0.000127261,0.002983008,0.554942263,0.000106167,0,2,16.03,11.79987841,-13.7779
2025,12,28,23,50,IMG_1350,0.016,0,0,0.017,0.833,0.134,0,0,0.012455191,0,0,0.004884345,0.468950263,0.079116617,0,0,2,16.08,11.87662163,-13.9463
2025,12,29,0,0,IMG_1351,0.014,0,0,0,0.001,0.985,0,0,0.010103313,0,0,9.81E-05,0.000400699,0.55974816,3.74E-06,0,2,16.04,11.90255797,-13.5802
2025,12,29,0,10,IMG_1352,0.012,0,0,0,0.001,0.986,0.001,0,0.009098205,0,0,6.10E-05,0.000349474,0.546006934,0.000309848,0,2,15.97,11.93386518,-14.9731
2025,12,29,0,20,IMG_1353,0.01,0,0,0,0,0.99,0,0,0.007171357,0,0,2.41E-05,0.000141872,0.540614513,6.03E-05,0,2,15.99,12.002735,-15.2363
2025,12,29,0,30,IMG_1354,0.008,0,0,0,0,0.992,0,0,0.005964513,0,0,1.51E-05,4.12E-05,0.556216091,1.75E-05,0,2,15.92,11.99269983,-13.3768
2025,12,29,0,40,IMG_1355,0.01,0,0,0,0.001,0.973,0.016,0,0.0066375,0,0,0.000107054,0.000264513,0.51904197,0.006742172,0,2,15.95,12.08235282,-12.9204
2025,12,29,0,50,IMG_1356,0.069,0,0,0.041,0.174,0.715,0,0,0.05181075,0,0.000154778,0.014114761,0.084723588,0.338780784,3.36E-05,0,2,15.98,12.10428495,-15.084
2025,12,29,1,0,IMG_1357,0.123,0,0,0.008,0.02,0.849,0,0,0.09020951,0,0,0.002659195,0.008877885,0.399379357,8.38E-05,0,2,15.98,12.14508591,-16.7092
2025,12,29,1,10,IMG_1358,0.102,0,0,0.005,0.03,0.862,0,0,0.073688935,0,0,0.001809307,0.014655747,0.408722694,8.65E-05,0,2,16.04,12.24380104,-15.4555
2025,12,29,1,20,IMG_1359,0.178,0,0,0,0,0.822,0,0,0.129602013,0,0,2.25E-05,5.86E-05,0.32796377,0,0,2,15.86,12.20579108,-18.889
2025,12,29,1,30,IMG_1360,0.165,0,0,0.009,0.027,0.759,0.041,0,0.120357865,0,0,0.002955732,0.011124331,0.315005859,0.015313296,0,2,15.63,12.13016858,-19.649
2025,12,29,1,40,IMG_1361,0.184,0,0,0.001,0.001,0.813,0.001,0,0.141237245,0,0,0.000151893,0.000580957,0.347926563,0.000329823,0,2,15.62,12.20266088,-19.5782
2025,12,29,1,50,IMG_1362,0.078,0,0,0,0,0.919,0.003,0,0.061605334,0,0,6.33E-06,6.10E-06,0.452200195,0.001007993,0,2,15.61,12.22186391,-17.6556
2025,12,29,2,0,IMG_1363,0.032,0,0,0.006,0.093,0.848,0.021,0,0.022958879,0,0,0.001847776,0.0410125,0.418833571,0.008839025,0,2,15.64,12.28407934,-14.9636
2025,12,29,2,10,IMG_1364,0.019,0,0,0.001,0.001,0.98,0,0,0.014071928,0,0,0.000190655,0.000293089,0.47924055,5.41E-05,0,2,15.72,12.38393111,-14.5697
2025,12,29,2,20,IMG_1365,0.005,0,0,0,0,0.974,0.021,0,0.003196349,0,0,0,1.22E-05,0.460051998,0.009129492,0,2,15.71,12.38981201,-14.3508
2025,12,29,2,30,IMG_1366,0.115,0,0,0.001,0,0.884,0,0,0.085806791,0,0,0.000169591,6.90E-05,0.330534413,4.07E-05,0,2,15.76,12.45422822,-18.6079
2025,12,29,2,40,IMG_1367,0.145,0,0,0,0,0.832,0.023,0,0.117304808,0,0,0,2.65E-06,0.318191369,0.008080694,0,2,15.75,12.47351378,-19.3489
2025,12,29,2,50,IMG_1368,0.04,0,0,0.036,0.695,0.23,0,0,0.032193803,0,0,0.008166804,0.298099812,0.103440685,3.74E-05,0,2,15.78,12.49619205,-19.4387
2025,12,29,3,0,IMG_1369,0.134,0,0,0,0,0.757,0.109,0,0.104177742,0,0,0,0,0.310789618,0.039558827,0,2,15.89,12.53907285,-18.8918
2025,12,29,3,10,IMG_1370,0.166,0,0,0,0.001,0.729,0.104,0,0.131472266,0,0,7.36E-05,0.000217556,0.301102351,0.033572656,0,2,15.99,12.54707673,-17.9497
2025,12,29,3,20,IMG_1371,0.13,0,0,0,0,0.753,0.117,0,0.096526119,0,0,1.56E-05,0,0.2967673,0.041882332,0,2,16.02,12.54257872,-20.7236
2025,12,29,3,30,IMG_1372,0.171,0,0,0,0.002,0.825,0.002,0,0.129276578,0,0,8.68E-05,0.000503951,0.27327044,0.000558691,0,2,16.05,12.55167562,-16.7208
2025,12,29,19,30,IMG_1373,0,0,0,0.056,0.94,0.004,0,0,1.92E-05,0,0,0.040873663,0.81769855,0.002754349,0,0.000264686,2,19.99,13.10231778,-9.8324
2025,12,29,19,40,IMG_1374,0.054,0,0,0.176,0.425,0.345,0,0,0.028431047,0,0,0.086667548,0.350043307,0.241668404,1.22E-05,0,2,20.01,13.1003865,-14.2631
2025,12,29,19,50,IMG_1375,0.55,0,0,0.138,0.106,0.206,0.001,0,0.309957166,0,0,0.065960036,0.078642886,0.143372544,0.000547258,0,1,20.06,13.08678128,-23.3163
2025,12,29,20,0,IMG_1376,0.568,0,0,0.073,0.053,0.304,0.002,0,0.303860998,0,0,0.037498911,0.032276345,0.19312494,0.000954259,0,2,20.04,13.07666425,-22.1016
2025,12,29,20,10,IMG_1377,0.16,0,0,0.063,0.314,0.459,0.004,0,0.080601435,0,0,0.034608226,0.200355273,0.271017803,0.002443292,0,2,19.93,13.08903783,-18.8015
2025,12,29,20,20,IMG_1378,0.177,0,0,0.095,0.381,0.328,0.02,0,0.090909841,0,0,0.051762673,0.237291752,0.195555416,0.010166767,0,2,19.87,13.06709622,-20.1561
2025,12,29,20,30,IMG_1379,0.106,0,0,0.058,0.222,0.612,0.002,0,0.053156701,0,4.03E-06,0.031610397,0.143451758,0.417305484,0.001147453,0,2,19.9,13.07635325,-17.4828
2025,12,29,20,40,IMG_1380,0.002,0,0,0.101,0.831,0.065,0,0,0.001042931,0,0,0.05351736,0.607644028,0.047769929,0,0,2,19.91,13.12526039,-13.7131
2025,12,29,20,50,IMG_1381,0.017,0,0,0.003,0.046,0.933,0.001,0,0.009590077,0,0,0.001537988,0.030126675,0.662974144,0.000489633,0,2,19.93,13.14581205,-12.8972
2025,12,29,21,0,IMG_1382,0.031,0,0,0.014,0.841,0.113,0.001,0,0.018712237,0,0,0.006889138,0.618565024,0.072633181,0.000628095,0,2,19.95,13.15088941,-16.4534
2025,12,29,21,10,IMG_1383,0.043,0,0,0.017,0.774,0.163,0.003,0,0.022040325,0,0,0.008340963,0.526948498,0.106306002,0.001638739,0,2,19.91,13.19743386,-17.1986
2025,12,29,21,20,IMG_1384,0.006,0,0,0.001,0.004,0.989,0.001,0,0.003154815,0,0,0.000403117,0.001834938,0.660300924,0.000363229,0,2,19.8,13.2047997,-14.5432
2025,12,29,21,30,IMG_1385,0.027,0,0,0.006,0.03,0.938,0,0,0.01237053,0,0,0.003215294,0.021676916,0.702779297,0,0,2,19.78,13.24218486,-11.3057
2025,12,29,21,40,IMG_1386,0.071,0,0,0.004,0.034,0.891,0,0,0.03437509,0,0,0.001841744,0.020572679,0.602757001,0.00024218,0,2,19.78,13.2882298,-11.8282
2025,12,29,21,50,IMG_1387,0.067,0,0,0.038,0.808,0.063,0.025,0,0.038776127,0,0,0.018672108,0.510092946,0.031209555,0.011666106,0,2,19.82,13.26303104,-15.8255
2025,12,29,22,0,IMG_1388,0.236,0,0,0.01,0.123,0.632,0,0,0.137464911,0,0,0.004640039,0.083013732,0.377808699,1.85E-05,0,2,19.87,13.26253692,-16.0567
2025,12,29,22,10,IMG_1389,0.084,0,0,0.061,0.789,0.066,0.001,0,0.049620455,0,0,0.027301886,0.538347769,0.033474707,0.000436403,5.92E-06,1,19.77,13.1611313,-21.1464
2025,12,29,22,20,IMG_1390,0.601,0,0.001,0.023,0.171,0.204,0,0,0.390548227,0,0.000422378,0.009966744,0.095014791,0.101663574,0.000108706,0,1,19.64,13.07800643,-22.9864
2025,12,29,22,30,IMG_1391,0.13,0,0,0.008,0.048,0.809,0.004,0,0.087822191,0,9.78E-06,0.003432257,0.028607655,0.501050473,0.001975368,0,2,19.86,13.04744486,-19.9539
2025,12,29,22,40,IMG_1392,0.117,0,0,0.007,0.076,0.797,0.004,0,0.064941849,0,0,0.002877719,0.048433346,0.527126578,0.001856002,0,1,19.81,13.08612673,-14.6916
2025,12,29,22,50,IMG_1393,0.247,0,0,0.04,0.422,0.291,0,0,0.149093111,0,0,0.016151255,0.269555702,0.182869944,0,0,2,19.87,13.11852799,-11.918
2025,12,29,23,0,IMG_1394,0.46,0,0,0.012,0,0.527,0,0,0.308861884,0,4.61E-05,0.005206122,2.56E-05,0.236077547,0.000125263,0,1,19.82,13.14508425,-14.2268
2025,12,29,23,10,IMG_1395,0.102,0,0,0.001,0.027,0.869,0.001,0,0.060838341,0,0,0.000349797,0.014910149,0.527065242,0.000275503,0,2,19.82,13.17927172,-11.2912
2025,12,29,23,20,IMG_1396,0.035,0,0,0.006,0.068,0.891,0,0,0.021442157,0,0,0.002288101,0.040807354,0.574467233,3.13E-05,0,2,19.83,13.22291997,-10.3307
2025,12,29,23,30,IMG_1397,0.099,0,0,0.015,0.673,0.206,0.008,0,0.06550619,0,0,0.005584788,0.412029395,0.099315993,0.003584352,0,2,19.8,13.22358077,-13.4701
2025,12,29,23,40,IMG_1398,0.075,0,0,0.004,0.188,0.707,0.026,0,0.052302742,0,0,0.001441804,0.098595636,0.392119712,0.010363349,0,2,19.57,13.24332474,-16.3167
2025,12,29,23,50,IMG_1399,0.105,0,0,0.001,0.01,0.871,0.013,0,0.070608383,0,0,0.000366203,0.004410089,0.469641106,0.005642766,0,2,19.42,13.39086175,-11.2265
2025,12,30,0,0,IMG_1400,0.1,0,0,0,0,0.9,0,0,0.067254575,0,0,4.54E-06,0.000117248,0.501276953,0,0,2,19.41,13.43304767,-13.6416
2025,12,30,0,10,IMG_1401,0.059,0,0,0.006,0.171,0.738,0.026,0,0.043046079,0,0,0.002336441,0.083734413,0.383855784,0.008669929,0,2,19.4,13.47517872,-16.5961
2025,12,30,0,20,IMG_1402,0.045,0,0,0.001,0.003,0.951,0,0,0.028942691,0,0,0.000418314,0.001400473,0.580588236,0,0,2,19.27,13.47175635,-15.7878
2025,12,30,0,30,IMG_1403,0.167,0,0,0,0,0.833,0,0,0.119945207,0,0,3.37E-05,0.000100511,0.43384079,4.45E-06,0,2,19.2,13.46576293,-15.9477
2025,12,30,0,40,IMG_1404,0.33,0,0,0,0,0.002,0.668,0,0.264921019,5.81E-06,1.02E-05,0,3.00E-06,0.000684773,0.306246995,0,1,18.89,13.46446874,-19.3694
2025,12,30,0,50,IMG_1405,0.016,0,0,0,0,0.003,0.981,0,0.011407903,0,5.09E-06,5.75E-06,2.66E-05,0.001462575,0.453512297,0,2,18.4,13.39401654,-15.9537
2025,12,30,1,0,IMG_1406,0.018,0,0,0,0,0.022,0.96,0,0.013336636,0,0,0,0,0.009577118,0.442282001,0,2,18.05,13.34947951,-12.8383
2025,12,30,1,10,IMG_1407,0.069,0,0,0.001,0,0.141,0.79,0,0.048001833,0,0,0.000285014,1.40E-05,0.064360096,0.372211922,0,2,18.04,13.43387266,-12.3978
2025,12,30,1,20,IMG_1408,0.34,0,0,0,0.02,0.112,0.528,0,0.255415986,0,0,0.000170628,0.009156182,0.044659953,0.237449715,0,1,18.23,13.41521247,-16.2491
2025,12,30,1,30,IMG_1409,0.628,0,0,0,0,0.341,0.031,0,0.485403884,0,1.18E-05,1.02E-05,0,0.124352344,0.011105093,0,1,17.61,13.19913623,-23.974
2025,12,30,1,40,IMG_1410,0.141,0,0,0.014,0,0.812,0.033,0,0.100480566,0,0,0.005025338,0.000120042,0.359533902,0.008229605,0,2,17.43,13.28061,-20.0158
2025,12,30,1,50,IMG_1411,0.222,0,0,0.002,0.083,0.427,0.266,0,0.165640963,0,0,0.000573302,0.045844321,0.169596146,0.094697604,0,1,17.28,13.22086057,-16.1987
2025,12,30,2,0,IMG_1412,0.435,0,0,0.02,0,0.543,0.001,0,0.32912201,0,6.57E-06,0.006636764,0,0.172652832,0.000251345,0,1,17,13.1311547,-18.9869
2025,12,30,2,10,IMG_1413,0.579,0,0,0,0,0.414,0.007,0,0.441528358,0,0,4.32E-05,5.75E-06,0.127800481,0.001187485,0,1,17,13.23238607,-19.5143
2025,12,30,2,20,IMG_1414,0.048,0,0.015,0.034,0.847,0.053,0.003,0,0.038953824,0,0.004591406,0.0077205,0.409466797,0.029651149,0.000987432,0,2,16.9,13.25387944,-14.3008
2025,12,30,2,30,IMG_1415,0,0,0,0,0,0,0,0.999,0,0,0,0.000432572,6.73E-05,0,0,0.778155874,2,17.14,13.53345071,-4.0061
2025,12,30,2,40,IMG_1416,0,0,0,0.001,0.001,0,0,0.998,0,0,0,0.000804905,0.000719712,0,0,0.821788011,2,17.89,14.35160195,-2.6552
2025,12,30,2,50,IMG_1417,0,0,0,0,0,0,0,1,0,0,0,3.13E-05,7.88E-05,0,0,0.852750721,3,18.13,14.61983014,-0.5144
2025,12,30,3,0,IMG_1418,0,0,0,0,0,0,0,1,0,0,0,7.11E-05,0.000187215,0,0,0.820854132,2,18.61,15.16937886,-1.5438
2025,12,30,3,10,IMG_1419,0,0,0,0,0,0,0,1,0,0,0,5.95E-05,6.66E-05,0,0,0.892173445,3,18.68,15.24833792,-0.4687
2025,12,30,3,20,IMG_1420,0,0,0,0,0,0,0,1,0,0,0,5.63E-05,8.98E-05,0,0,0.8868907,3,18.74,15.33463483,-0.4637
2025,12,30,3,30,IMG_1421,0,0,0,0,0,0,0,1,0,0,0,0.000274437,6.15E-05,0,0,0.895441556,3,18.68,15.31227225,-0.9959
2025,12,30,19,30,IMG_1422,0,0,0,0.038,0.388,0,0,0.574,0,0,0,0.036438123,0.37951416,0,0,0.568185359,3,17.21,12.46264906,-3.7057
2025,12,30,19,40,IMG_1423,0,0,0,0.495,0.02,0,0,0.485,0,0,0,0.478107474,0.020259976,0,0,0.482900285,3,17.22,12.64595269,-3.7638
2025,12,30,19,50,IMG_1424,0,0,0,0.539,0.001,0,0,0.46,0,0,0,0.519389198,0.000544546,0,0,0.457774204,3,17.12,12.70155232,-4.1193
2025,12,30,20,0,IMG_1425,0,0,0,0.591,0.004,0,0,0.405,0,0,0,0.569240227,0.004163694,0,0,0.402577359,3,17.15,12.68061863,-4.0935
2025,12,30,20,10,IMG_1426,0,0,0,0.699,0,0,0,0.301,0,0,0,0.676110044,0.000101983,0,0,0.299262853,3,17.13,12.60713957,-4.1059
2025,12,30,20,20,IMG_1427,0,0,0,0.557,0,0,0,0.443,0,0,0,0.533240362,7.68E-05,0,0,0.438676795,3,17.13,12.59256484,-3.9624
2025,12,30,20,30,IMG_1428,0,0,0,0.201,0.172,0,0,0.627,0,0,0,0.190575481,0.167987425,0,0,0.620195192,3,17.14,12.46885815,-4.1571
2025,12,30,20,40,IMG_1429,0,0,0,0.299,0.016,0,0,0.685,0,0,0,0.285651104,0.01607675,0,0,0.67630329,3,17.12,12.38110032,-3.7106
2025,12,30,20,50,IMG_1430,0,0,0,0.145,0.054,0,0,0.802,0,0,0,0.137792526,0.052049249,0,0,0.788789859,3,17.18,12.39643136,-3.2048
2025,12,30,21,0,IMG_1431,0,0,0,0.308,0.017,0,0,0.676,0,0,0,0.294759352,0.016474301,0,0,0.666978223,3,17.25,12.36040153,-3.3544
2025,12,30,21,10,IMG_1432,0,0,0,0.354,0.002,0,0,0.644,0,0,0,0.335658556,0.0023109,0,0,0.635868622,3,17.37,12.22765201,-3.4309
2025,12,30,21,20,IMG_1433,0,0,0,0.247,0.003,0,0,0.75,0,0,0,0.231601412,0.002820335,0,0,0.733367683,3,17.37,12.05022537,-3.2415
2025,12,30,21,30,IMG_1434,0,0,0,0.075,0.011,0,0,0.914,0,0,0,0.06979547,0.010222709,0,0,0.875623205,2,17.41,12.00496634,-3.269
2025,12,30,21,40,IMG_1435,0,0,0,0.283,0,0,0,0.717,0,0,0,0.264970951,0.000147468,0,0,0.700266429,3,17.4,11.93854522,-3.0446
2025,12,30,21,50,IMG_1436,0,0,0,0.135,0,0,0,0.865,0,0,0,0.126571717,4.83E-05,0,0,0.84242992,3,17.49,11.94334685,-2.8604
2025,12,30,22,0,IMG_1437,0,0,0,0.178,0,0,0,0.822,0,0,0,0.165713995,7.38E-05,0,0,0.796518517,3,17.49,11.98802271,-2.9764
2025,12,30,22,10,IMG_1438,0,0,0,0.024,0,0,0,0.976,0,0,0,0.020996477,9.37E-05,0,0,0.937604695,3,17.5,12.02498623,-3.1666
2025,12,30,22,20,IMG_1439,0,0,0,0.004,0,0,0,0.996,0,0,0,0.003439183,7.92E-05,0,0,0.944703966,2,17.51,12.07689881,-3.2466
2025,12,30,22,30,IMG_1440,0,0,0,0.04,0.048,0,0,0.912,0,0,0,0.036327186,0.0433503,0,0,0.854208616,2,17.5,11.99518452,-3.428
2025,12,30,22,40,IMG_1441,0,0,0,0.01,0.001,0,0,0.989,0,0,0,0.00793128,0.000805168,0,0,0.913902982,2,17.35,11.902914,-3.4824
2025,12,30,22,50,IMG_1442,0,0,0,0.033,0,0,0,0.967,0,0,0,0.027653981,0.000100571,0,0,0.89052814,3,17.32,11.76807071,-3.4559
2025,12,30,23,0,IMG_1443,0,0,0,0.092,0,0,0,0.908,0,0,0,0.078800316,3.91E-05,0,0,0.854026089,3,17.35,11.61494028,-3.6964
2025,12,30,23,10,IMG_1444,0,0,0,0.028,0,0,0,0.972,0,0,0,0.024325623,4.57E-05,0,0,0.906194854,3,17.32,11.41427678,-3.7849
2025,12,30,23,20,IMG_1445,0,0,0,0.001,0,0,0,0.999,0,0,0,0.000555566,0.00021078,0,0,0.889485352,2,17.38,11.14609651,-3.7302
2025,12,30,23,30,IMG_1446,0,0,0,0.009,0,0,0,0.991,0,0,0,0.007790084,8.29E-05,0,0,0.902206941,3,17.39,11.03433523,-3.5182
2025,12,30,23,40,IMG_1447,0,0,0,0.025,0,0,0,0.975,0,0,0,0.020807234,6.93E-05,0,0,0.887174392,3,17.44,10.96787738,-3.725
2025,12,30,23,50,IMG_1448,0,0,0,0.002,0,0,0,0.997,0,0,0,0.001877915,0.000207039,0,0,0.894151615,3,17.36,11.79920749,-4.2899
2025,12,31,0,0,IMG_1449,0,0,0,0.002,0.998,0,0,0,0,0,0,0.000975473,0.720840843,0,0,7.19E-06,2,16.98,12.21987047,-5.3841
2025,12,31,0,10,IMG_1450,0,0,0,0.054,0.946,0,0,0,0,0,0.000211073,0.041488146,0.579338882,0,0,0,2,16.8,12.30292019,-13.3171
2025,12,31,0,20,IMG_1451,0,0,0,0.036,0.963,0,0,0,0,0,0,0.028879853,0.691483376,0,0,0.000134187,2,16.72,12.35770181,-8.8302
2025,12,31,0,30,IMG_1452,0,0,0,0.015,0.973,0,0,0.012,0,0,0,0.010897378,0.701351164,0,0,0.009732572,2,16.72,12.55679022,-9.5274
2025,12,31,0,40,IMG_1453,0,0,0,0.023,0.977,0,0,0,0,0,0,0.019231445,0.713005311,0,0,0,2,16.67,12.66089105,-8.4328
2025,12,31,0,50,IMG_1454,0,0,0,0.051,0.949,0,0,0,0,0,0,0.039386313,0.737108842,0,0,0.00015018,2,16.61,12.61529589,-6.4978
2025,12,31,1,0,IMG_1455,0,0,0,0.002,0.998,0,0,0,0,0,0,0.001852817,0.785470636,0,0,0,2,16.53,12.47036987,-6.2332
2025,12,31,1,10,IMG_1456,0,0,0,0,0.994,0,0,0.006,0,0,0,0.00022044,0.786602502,0,0,0.005046514,2,16.54,12.3934717,-6.1253
2025,12,31,1,20,IMG_1457,0,0,0,0.023,0.932,0,0,0.045,0,0,0,0.017319096,0.716472859,0,0,0.037490835,2,16.53,12.35789754,-7.4554
2025,12,31,1,30,IMG_1458,0,0,0,0,1,0,0,0,0,0,0,5.09E-06,0.784928741,0,0,0.000106288,2,16.53,12.24542521,-5.4557
2025,12,31,1,40,IMG_1459,0,0,0,0.018,0.007,0,0,0.975,0,0,0,0.013668397,0.005166444,0,0,0.847843404,3,16.58,12.22591537,-4.0307
2025,12,31,1,50,IMG_1460,0,0,0,0.008,0.98,0,0,0.011,0,0,0,0.006824181,0.799098295,0,0,0.009755138,2,16.58,12.22591537,-3.3432
2025,12,31,2,0,IMG_1461,0,0,0,0.001,0.017,0,0,0.982,0,0,0,0.001051653,0.014228824,0,0,0.873834871,3,16.59,12.27560181,-3.4446
2025,12,31,2,10,IMG_1462,0,0,0,0.002,0.003,0,0,0.995,0,0,0,0.001803914,0.002137357,0,0,0.889413146,3,16.58,12.32462518,-3.8105
2025,12,31,2,20,IMG_1463,0,0,0,0.001,0,0,0,0.999,0,0,0,0.001009908,7.99E-05,0,0,0.903559698,3,16.61,12.37513908,-4.0977
2025,12,31,2,30,IMG_1464,0,0,0,0.002,0,0,0,0.998,0,0,0,0.00146437,4.30E-05,0,0,0.905532414,3,16.64,12.4399423,-4.2174
2025,12,31,2,40,IMG_1465,0,0,0,0.001,0.005,0,0,0.993,0,0,0,0.000930191,0.004308984,0,0,0.866948738,3,16.72,12.38614301,-4.214
2025,12,31,2,50,IMG_1466,0,0,0,0.001,0.037,0,0,0.962,0,0,0,0.000504244,0.028451698,0,0,0.849647318,3,16.95,12.2123221,-3.9903
2025,12,31,3,0,IMG_1467,0,0,0,0.001,0,0,0,0.999,0,0,0,0.000552945,5.51E-05,0,0,0.901590542,3,17.13,12.05329991,-3.5615
2025,12,31,3,10,IMG_1468,0,0,0,0.002,0,0,0,0.998,0,0,0,0.001321439,8.43E-05,0,0,0.896283789,3,17.09,12.11169106,-3.5412
2025,12,31,3,20,IMG_1469,0,0,0,0.001,0.006,0,0,0.992,0,0,0,0.000947251,0.005675789,0,0,0.895916849,2,17.07,12.22788698,-3.5988
2025,12,31,3,30,IMG_1470,0,0,0,0.003,0,0,0,0.997,0,0,0,0.001942698,7.87E-05,0,0,0.898085261,3,16.98,12.23431477,-3.5801
2025,12,31,19,30,IMG_1471,0,0,0,0.956,0,0,0,0.044,0,0,0,0.933793983,2.73E-05,0,0,0.043566887,3,15.49,12.67454101,-2.9844
2025,12,31,19,40,IMG_1472,0,0,0,0.953,0,0,0,0.047,0,0,0,0.93155284,1.41E-05,0,0,0.046818878,3,15.49,12.68774365,-3.0116
2025,12,31,19,50,IMG_1473,0,0,0,0.887,0,0,0,0.113,0,0,0,0.869155296,2.81E-05,0,0,0.112058143,3,15.43,12.62846734,-2.4667
2025,12,31,20,0,IMG_1474,0,0,0,0.686,0,0,0,0.314,0,0,0,0.663443006,2.81E-05,0,0,0.310000383,3,15.44,12.66246145,-3.0194
2025,12,31,20,10,IMG_1475,0,0,0,0.927,0,0,0,0.073,0,0,0,0.906757279,2.77E-05,0,0,0.072969163,2,15.41,12.63941919,-2.7015
2025,12,31,20,20,IMG_1476,0,0,0,0.696,0,0,0,0.304,0,0,0,0.667043179,4.63E-05,0,0,0.298285637,3,15.34,12.57271261,-3.2944
2025,12,31,20,30,IMG_1477,0,0,0,0.754,0,0,0,0.246,0,0,0,0.731845981,4.83E-05,0,0,0.242054109,2,15.35,12.59344396,-2.5611
2025,12,31,20,40,IMG_1478,0,0,0,0.712,0,0,0,0.288,0,0,0,0.693023099,2.79E-05,0,0,0.284482204,3,15.4,12.64487726,-2.6737
2025,12,31,20,50,IMG_1479,0,0,0,0.189,0,0,0,0.811,0,0,0,0.181333691,4.83E-05,0,0,0.793552419,3,15.44,12.70194937,-2.7336
2025,12,31,21,0,IMG_1480,0,0,0,0.082,0,0,0,0.918,0,0,0,0.07753738,4.10E-05,0,0,0.888599609,3,15.43,12.70739526,-2.4464
2025,12,31,21,10,IMG_1481,0,0,0,0.228,0,0,0,0.772,0,0,0,0.219848761,6.96E-05,0,0,0.75499399,3,15.39,12.67656891,-2.843
2025,12,31,21,20,IMG_1482,0,0,0,0.124,0,0,0,0.876,0,0,0,0.117080829,5.44E-05,0,0,0.846214476,2,15.38,12.68198725,-2.964
2025,12,31,21,30,IMG_1483,0,0,0,0.15,0,0,0,0.85,0,0,0,0.140106821,6.72E-05,0,0,0.823468111,3,15.34,12.63812735,-2.8815
2025,12,31,21,40,IMG_1484,0,0,0,0.381,0,0,0,0.619,0,0,0,0.367202674,5.51E-05,0,0,0.603024542,2,15.34,12.6512103,-3.0941
2025,12,31,21,50,IMG_1485,0,0,0,0.614,0,0,0,0.386,0,0,0,0.592481911,4.80E-05,0,0,0.378659766,2,15.3,12.62049825,-2.4888
2025,12,31,22,0,IMG_1486,0,0,0,0.804,0,0,0,0.196,0,0,0,0.778586148,3.43E-05,0,0,0.193267195,3,15.31,12.61511106,-2.7218
2025,12,31,22,10,IMG_1487,0,0,0,0.242,0,0,0,0.758,0,0,0,0.226199181,6.69E-05,0,0,0.732787222,3,15.21,12.51269298,-3.1167
2025,12,31,22,20,IMG_1488,0,0,0,0.14,0,0,0,0.86,0,0,0,0.131645838,7.20E-05,0,0,0.824621101,3,15.24,12.53554062,-2.4106
2025,12,31,22,30,IMG_1489,0,0,0,0.001,0,0,0,0.999,0,0,0,0.000528433,5.85E-05,0,0,0.954304267,3,15.3,12.59439588,-2.6933
2025,12,31,22,40,IMG_1490,0,0,0,0,0,0,0,1,0,0,0,0.00014538,7.58E-05,0,0,0.941505349,3,15.11,12.43679526,-2.7026
2025,12,31,22,50,IMG_1491,0,0,0,0,0,0,0,1,0,0,0,8.96E-05,6.99E-05,0,0,0.946301345,3,14.88,12.25102523,-3.101
2025,12,31,23,0,IMG_1492,0,0,0,0.001,0,0,0,0.999,0,0,0,0.000658789,4.91E-05,0,0,0.928528643,3,14.86,12.24879866,-3.0076
2025,12,31,23,10,IMG_1493,0,0,0,0,0,0,0,1,0,0,0,5.55E-05,6.26E-05,0,0,0.936088274,2,14.84,12.2338662,-3.1988
2025,12,31,23,20,IMG_1494,0,0,0,0,0,0,0,1,0,0,0,8.21E-05,5.68E-05,0,0,0.943638589,3,14.84,12.2338662,-3.0456
2025,12,31,23,30,IMG_1495,0,0,0,0,0,0,0,1,0,0,0,4.75E-05,6.83E-05,0,0,0.940824316,3,14.82,12.21894957,-3.0398
2025,12,31,23,40,IMG_1496,0,0,0,0,0,0,0,1,0,0,0,4.89E-05,5.07E-05,0,0,0.947760502,3,14.7,12.11719851,-3.0054
2025,12,31,23,50,IMG_1497,0,0,0,0,0,0,0,1,0,0,0,7.30E-05,8.96E-05,0,0,0.928865122,3,14.61,12.05076295,-3.0419
2026,1,1,0,0,IMG_1498,0,0,0,0,0,0,0,1,0,0,0,7.48E-05,6.33E-05,0,0,0.951630844,3,14.6,12.0434008,-2.9781
2026,1,1,0,10,IMG_1499,0,0,0,0,0,0,0,1,0,0,0,9.41E-05,4.25E-05,0,0,0.929518292,3,14.66,12.08763239,-2.9906
2026,1,1,0,20,IMG_1500,0,0,0,0,0,0,0,1,0,0,0,8.59E-05,7.95E-05,0,0,0.936853673,3,14.57,12.02133781,-3.3064
2026,1,1,0,30,IMG_1501,0,0,0,0,0,0,0,1,0,0,0,0.000210337,6.12E-05,0,0,0.908875233,3,14.62,12.05812901,-2.8091
2026,1,1,0,40,IMG_1502,0,0,0,0,0,0,0,1,0,0,0,7.93E-05,7.20E-05,0,0,0.920411779,3,14.67,12.09501804,-2.7417
2026,1,1,0,50,IMG_1503,0,0,0,0.001,0,0,0,0.999,0,0,0,0.000476465,7.24E-05,0,0,0.917466121,3,14.61,12.03824918,-2.6504
2026,1,1,1,0,IMG_1504,0,0,0,0,0,0,0,1,0,0,0,6.75E-05,6.59E-05,0,0,0.919104567,3,14.48,11.9429448,-3.6082
2026,1,1,1,10,IMG_1505,0,0,0,0.001,0,0,0,0.999,0,0,0,0.000651337,0.000228133,0,0,0.906183128,3,14.39,11.86500318,-3.0511
2026,1,1,1,20,IMG_1506,0,0,0,0,0,0,0,1,0,0,0,6.68E-05,6.63E-05,0,0,0.919097529,3,14.43,11.89408752,-2.8734
2026,1,1,1,30,IMG_1507,0,0,0,0,0,0,0,1,0,0,0,7.42E-05,6.67E-05,0,0,0.926741759,3,14.48,11.9429448,-3.355
2026,1,1,1,40,IMG_1508,0,0,0,0.001,0,0,0,0.999,0,0,0,0.0008346,7.14E-05,0,0,0.891976247,3,14.41,11.9042609,-3.1574
2026,1,1,1,50,IMG_1509,0,0,0,0,0,0,0,1,0,0,0,9.21E-05,7.26E-05,0,0,0.925430364,3,14.25,11.77593539,-2.9066
2026,1,1,2,0,IMG_1510,0,0,0,0.002,0,0,0,0.998,0,0,0,0.001225045,9.28E-05,0,0,0.850941241,2,14.24,11.780954,-2.937
2026,1,1,2,10,IMG_1511,0,0,0,0.018,0,0,0,0.982,0,0,0,0.016575053,8.95E-05,0,0,0.861593344,3,14.2,11.76430616,-2.9768
2026,1,1,2,20,IMG_1512,0,0,0,0.185,0.001,0,0,0.815,0,0,0,0.145296943,0.000439558,0,0,0.676704695,2,14.2,11.76430616,-3.4171
2026,1,1,2,30,IMG_1513,0,0,0,0.744,0.006,0,0,0.25,0,0,0,0.576279132,0.004033368,0,0,0.177356122,2,14.16,11.73548625,-3.2396
2026,1,1,2,40,IMG_1514,0,0,0,0,0,0,0,1,0,0,0,5.19E-05,7.27E-05,0,0,0.888716767,3,14.15,11.71612459,-3.2559
2026,1,1,2,50,IMG_1515,0,0,0,0,0,0,0,1,0,0,0,0.000348708,6.35E-05,0,0,0.884626931,3,14.21,11.75930963,-3.2863
2026,1,1,3,0,IMG_1516,0,0,0,0,0,0,0,1,0,0,0,9.60E-05,6.93E-05,0,0,0.892614769,3,14.23,11.77373536,-2.9209
2026,1,1,3,10,IMG_1517,0,0,0,0.001,0,0,0,0.999,0,0,0,0.000648685,6.91E-05,0,0,0.886200714,3,14.05,11.63236406,-3.2832
2026,1,1,3,20,IMG_1518,0,0,0,0,0,0,0,0.999,0,0,0,0.000303425,0.000173715,0,0,0.837579154,3,13.99,11.57754317,-3.3787
2026,1,1,3,30,IMG_1519,0,0,0,0,0,0,0,1,0,0,0,0.000116985,7.79E-05,0,0,0.87206866,3,13.97,11.56333054,-3.2052
2026,1,1,19,30,IMG_1520,0,0,0,0.877,0,0,0,0.123,0,0,0,0.850311261,2.67E-05,0,0,0.123028996,3,13.3,11.00352255,-4.2474
2026,1,1,19,40,IMG_1521,0,0,0,0.949,0,0,0,0.051,0,0,0,0.917538146,2.78E-05,0,0,0.051117082,3,13.28,11.00147162,-4.6097
2026,1,1,19,50,IMG_1522,0,0,0,0.248,0,0,0,0.752,0,0,0,0.230722393,6.69E-05,0,0,0.720574452,2,13.31,11.01031946,-4.7664
2026,1,1,20,0,IMG_1523,0,0,0,0.518,0,0,0,0.481,0,0,0,0.49343762,2.67E-05,0,0,0.471169899,3,13.29,10.86979957,-5.3837
2026,1,1,20,10,IMG_1524,0,0,0,0.994,0,0,0,0.006,0,0,0,0.969313281,2.84E-05,0,0,0.005760186,3,13.25,10.69333855,-4.863
2026,1,1,20,20,IMG_1525,0,0,0,0.852,0,0,0,0.148,0,0,0,0.824089836,3.50E-05,0,0,0.145972145,3,13.16,10.63402647,-5.0061
2026,1,1,20,30,IMG_1526,0,0,0,0.799,0,0,0,0.201,0,0,0,0.776096402,3.54E-05,0,0,0.200891782,3,13.16,10.64547321,-4.7195
2026,1,1,20,40,IMG_1527,0,0,0,0.986,0,0,0,0.014,0,0,0,0.964385487,2.17E-05,0,0,0.014411854,3,13.2,10.75215263,-4.4015
2026,1,1,20,50,IMG_1528,0,0,0,0.545,0,0,0,0.455,0,0,0,0.516922251,3.44E-05,0,0,0.446173528,3,13.24,10.84778288,-4.9082
2026,1,1,21,0,IMG_1529,0,0,0,0.557,0,0,0,0.443,0,0,0,0.534211531,0.000274001,0,0,0.43886277,3,13.15,10.81048867,-4.8571
2026,1,1,21,10,IMG_1530,0,0,0,0.775,0,0,0,0.225,0,0,0,0.751451825,4.98E-05,0,0,0.221153846,3,13.11,10.80660452,-4.9026
2026,1,1,21,20,IMG_1531,0,0,0,0.996,0,0,0,0.004,0,0,0,0.981168134,2.18E-05,0,0,0.003801878,3,13.08,10.79795992,-3.959
2026,1,1,21,30,IMG_1532,0,0,0,0.562,0,0,0,0.438,0,0,0,0.546468465,4.19E-05,0,0,0.432520913,3,13.03,10.78731527,-4.8325
2026,1,1,21,40,IMG_1533,0,0,0,0.41,0,0,0,0.59,0,0,0,0.381913477,4.06E-05,0,0,0.569768127,3,13.02,10.79198908,-5.8465
2026,1,1,21,50,IMG_1534,0,0,0,0.315,0,0,0,0.685,0,0,0,0.290515234,7.36E-05,0,0,0.660356363,2,13.02,10.80333712,-5.0326
2026,1,1,22,0,IMG_1535,0,0,0,0.56,0,0,0,0.44,0,0,0,0.535563371,3.45E-05,0,0,0.429804627,3,13.1,10.81132699,-4.5358
2026,1,1,22,10,IMG_1536,0,0,0,0.351,0,0,0,0.649,0,0,0,0.329315317,5.43E-05,0,0,0.626528531,3,13.14,10.79237394,-4.5108
2026,1,1,22,20,IMG_1537,0,0,0,0.351,0,0,0,0.649,0,0,0,0.325886681,3.38E-05,0,0,0.623054327,2,13.09,10.78184706,-4.7374
2026,1,1,22,30,IMG_1538,0,0,0,0.368,0,0,0,0.632,0,0,0,0.336883571,3.97E-05,0,0,0.609000841,3,12.96,10.69544712,-5.1723
2026,1,1,22,40,IMG_1539,0,0,0,0.168,0,0,0,0.832,0,0,0,0.151630672,5.93E-05,0,0,0.790513289,3,12.98,10.70870007,-5.1818
2026,1,1,22,50,IMG_1540,0,0,0,0.151,0,0,0,0.849,0,0,0,0.134742856,3.95E-05,0,0,0.808985051,3,13.02,10.73524886,-5.0633
2026,1,1,23,0,IMG_1541,0,0,0,0.114,0,0,0,0.886,0,0,0,0.101517488,5.95E-05,0,0,0.846104064,3,12.94,10.70479239,-4.8879
2026,1,1,23,10,IMG_1542,0,0,0,0.067,0,0,0,0.933,0,0,0,0.058614694,7.28E-05,0,0,0.877445651,3,12.93,10.72073438,-5.6453
2026,1,1,23,20,IMG_1543,0,0,0,0.002,0,0,0,0.998,0,0,0,0.001959991,5.25E-05,0,0,0.949640986,3,12.9,10.70082997,-4.6616
2026,1,1,23,30,IMG_1544,0,0,0,0.015,0,0,0,0.985,0,0,0,0.013355221,7.00E-05,0,0,0.920363995,3,12.92,10.714096,-4.859
2026,1,1,23,40,IMG_1545,0,0,0,0.005,0,0,0,0.995,0,0,0,0.004487297,7.76E-05,0,0,0.906958368,3,12.93,10.69816441,-5.5781
2026,1,1,23,50,IMG_1546,0,0,0,0.079,0,0,0,0.921,0,0,0,0.067799271,0.000114919,0,0,0.85364239,3,12.93,10.54017464,-5.8836
2026,1,2,0,0,IMG_1547,0,0,0,0.004,0,0,0,0.996,0,0,0,0.003243217,3.94E-05,0,0,0.921180033,3,13.12,10.41364358,-5.5017
2026,1,2,0,10,IMG_1548,0,0,0,0.002,0,0,0,0.998,0,0,0,0.00160601,6.33E-05,0,0,0.935405709,3,13.1,10.53762251,-4.5002
2026,1,2,0,20,IMG_1549,0,0,0,0.001,0,0,0,0.999,0,0,0,0.00084559,4.97E-05,0,0,0.924263702,3,12.83,10.38534476,-4.6896
2026,1,2,0,30,IMG_1550,0,0,0,0.004,0,0,0,0.996,0,0,0,0.003178703,6.87E-05,0,0,0.914820801,3,12.78,10.40910288,-4.8649
2026,1,2,0,40,IMG_1551,0,0,0,0.005,0,0,0,0.995,0,0,0,0.003953651,8.04E-05,0,0,0.9025109,3,12.78,10.37556119,-5.2281
2026,1,2,0,50,IMG_1552,0,0,0,0.001,0,0,0,0.999,0,0,0,0.000741451,6.37E-05,0,0,0.942160014,3,12.88,10.46257659,-4.2944
2026,1,2,1,0,IMG_1553,0,0,0,0.012,0,0,0,0.988,0,0,0,0.009582745,8.17E-05,0,0,0.845843232,2,12.88,10.49632684,-6.2318
2026,1,2,1,10,IMG_1554,0,0,0,0.068,0,0,0,0.932,0,0,0,0.058447814,0.000160464,0,0,0.84302796,2,12.88,10.35007577,-4.8296
2026,1,2,1,20,IMG_1555,0,0,0,0.008,0,0,0,0.992,0,0,0,0.006361208,0.000196199,0,0,0.871393818,2,12.95,10.36115585,-4.9087
2026,1,2,1,30,IMG_1556,0,0,0,0.002,0,0,0,0.997,0,0,0,0.00177796,0.000326465,0,0,0.896693945,3,13.02,10.37211148,-5.7331
2026,1,2,1,40,IMG_1557,0,0,0,0.01,0,0,0,0.99,0,0,0,0.008516128,0.000192248,0,0,0.8803452,3,13.01,10.32032953,-5.7477
2026,1,2,1,50,IMG_1558,0,0,0,0,0,0,0,1,0,0,0,0.000209247,7.64E-05,0,0,0.893250759,3,12.91,10.33551781,-3.7749
2026,1,2,2,0,IMG_1559,0,0,0,0,0,0,0,1,0,0,0,0.000100098,5.25E-05,0,0,0.903476976,3,12.66,10.35408927,-4.1734
2026,1,2,2,10,IMG_1560,0,0,0,0,0,0,0,1,0,0,0,5.25E-05,5.89E-05,0,0,0.911558879,3,12.39,10.23638493,-4.5375
2026,1,2,2,20,IMG_1561,0,0,0,0,0,0,0,1,0,0,0,0.000177697,0.000200676,0,0,0.904553493,3,12.29,10.20541497,-4.3863
2026,1,2,2,30,IMG_1562,0,0,0,0.001,0,0,0,0.999,0,0,0,0.000449662,7.35E-05,0,0,0.913533181,3,12.15,10.11680061,-4.8998
2026,1,2,2,40,IMG_1563,0,0,0,0,0,0,0,1,0,0,0,0.000199669,6.60E-05,0,0,0.899997529,3,12.12,10.13009231,-4.4489
2026,1,2,2,50,IMG_1564,0,0,0,0,0,0,0,1,0,0,0,0.000294734,7.72E-05,0,0,0.900645448,3,12.01,10.06082985,-5.1964
2026,1,2,3,0,IMG_1565,0,0,0,0,0,0,0,1,0,0,0,0.000107317,6.45E-05,0,0,0.897464205,3,11.99,10.03763671,-5.0182
2026,1,2,3,10,IMG_1566,0,0,0,0,0,0,0,1,0,0,0,0.000319952,5.94E-05,0,0,0.899693773,3,11.91,9.998222156,-5.2983
2026,1,2,3,20,IMG_1567,0,0,0,0,0,0,0,1,0,0,0,0.000120778,6.54E-05,0,0,0.895474346,3,11.78,9.896328169,-5.6762
2026,1,2,3,30,IMG_1568,0,0,0,0.001,0,0,0,0.999,0,0,0,0.000712846,6.96E-05,0,0,0.895474196,3,11.75,9.804381644,-5.2128
2026,1,2,19,30,IMG_1569,0,0,0,0.159,0.002,0,0,0.839,0,0,0,0.150447393,0.001934653,0,0,0.822148588,2,10.54,6.423765098,-8.2616
2026,1,2,19,40,IMG_1570,0,0,0,0.013,0.189,0,0,0.798,0,0,0,0.01144985,0.178168833,0,0,0.777450984,2,10.68,6.49449877,-8.4792
2026,1,2,19,50,IMG_1571,0,0,0,0.012,0.066,0,0,0.922,0,0,0,0.010879793,0.059856273,0,0,0.894910389,2,10.73,6.51599201,-8.8058
2026,1,2,20,0,IMG_1572,0,0,0,0.007,0.018,0,0,0.975,0,0,0,0.006317075,0.016771867,0,0,0.944316436,2,10.78,6.441842753,-9.6772
2026,1,2,20,10,IMG_1573,0,0,0,0.002,0.78,0,0,0.218,0,0,0,0.002283977,0.732400841,0,0,0.212527486,3,10.78,6.507948353,-12.8924
2026,1,2,20,20,IMG_1574,0,0,0,0.038,0.769,0,0,0.193,0,0,0,0.036449053,0.719597799,0,0,0.186592931,2,10.79,6.495267305,-12.7267
2026,1,2,20,30,IMG_1575,0,0,0,0.008,0.704,0,0,0.288,0,0,0,0.007025684,0.650855664,0,0,0.273569328,2,10.84,6.540520803,-11.6768
2026,1,2,20,40,IMG_1576,0,0,0,0.002,0.994,0,0,0.004,0,0,0,0.001875413,0.916436801,0,0,0.003818051,2,10.83,6.503739734,-17.4708
2026,1,2,20,50,IMG_1577,0,0,0,0.03,0.97,0,0,0,0,0,0,0.020931641,0.882372859,0,0,0,2,10.82,6.514480822,-15.2239
2026,1,2,21,0,IMG_1578,0,0,0,0.003,0.991,0,0,0.006,0,0,0,0.002477644,0.918253501,0,0,0.005261861,2,10.81,6.542998785,-11.4361
2026,1,2,21,10,IMG_1579,0,0,0,0.218,0.781,0,0,0.001,0,0,0,0.175757121,0.660925894,9.66E-05,0,0.00111428,2,10.88,6.596734282,-15.4171
2026,1,2,21,20,IMG_1580,0,0,0,0.087,0.913,0,0,0,0,0,0,0.066798498,0.802617631,6.38E-05,0,0,2,10.87,6.614411114,-15.0403
2026,1,2,21,30,IMG_1581,0,0,0,0.03,0.966,0,0,0.004,0,0,0,0.024894952,0.905614746,7.38E-05,0,0.003731851,2,10.92,6.583507029,-9.1228
2026,1,2,21,40,IMG_1582,0,0,0,0.007,0.858,0,0,0.135,0,0,0,0.005714911,0.797353087,0,0,0.12626099,2,11.03,6.55806938,-9.6694
2026,1,2,21,50,IMG_1583,0,0,0,0.068,0.322,0,0,0.61,0,0,0,0.059520733,0.299297551,0,0,0.588437297,2,10.96,6.605092217,-8.3294
2026,1,2,22,0,IMG_1584,0,0,0,0.603,0,0,0,0.397,0,0,0,0.571277133,7.76E-05,0,0,0.386393465,3,10.96,6.645008169,-7.7701
2026,1,2,22,10,IMG_1585,0,0,0,0.437,0.082,0,0,0.48,0,0,0,0.403261516,0.077596124,0,0,0.461198415,3,11.01,6.59887564,-8.6553
2026,1,2,22,20,IMG_1586,0,0,0,0.199,0.195,0,0,0.606,0,0,0,0.175714881,0.18114221,0,0,0.579118412,3,10.96,6.522266616,-9.1745
2026,1,2,22,30,IMG_1587,0,0,0,0.261,0.673,0.067,0,0,0,0,0,0.197636922,0.60684354,0.06110459,0,0,2,10.96,6.400522961,-11.4546
2026,1,2,22,40,IMG_1588,0,0,0,0.999,0,0,0,0,0.000248483,0,0.000269163,0.628336689,0,0,0,0,1,10.77,6.503848018,-26.3266
2026,1,2,22,50,IMG_1589,0,0,0.001,0.999,0,0,0,0,5.80E-05,0,0.000412455,0.629367668,0,0,0,0,1,10.57,6.458338396,-35.6538
2026,1,2,23,0,IMG_1590,0.007,0,0,0.965,0.001,0.026,0.002,0,0.002414393,0,0,0.596736779,0.000549294,0.017874482,0.001242135,0,1,10.36,6.411644908,-35.8337
2026,1,2,23,10,IMG_1591,0.056,0,0.026,0.882,0.004,0.005,0.027,0,0.024317646,0,0.016802058,0.54796256,0.00272062,0.003663274,0.016461073,0,1,10.41,6.296039143,-34.9358
2026,1,2,23,20,IMG_1592,0.064,0,0,0.717,0.026,0.191,0.001,0,0.024658278,0,0,0.449765392,0.021141001,0.136437215,0.000704364,0,1,10.36,6.293462333,-33.6763
2026,1,2,23,30,IMG_1593,0,0,0,0.686,0.226,0.088,0,0,0,0,0,0.432156566,0.178882332,0.072116151,3.83E-06,0,2,10.5,6.455057052,-14.846
2026,1,2,23,40,IMG_1594,0,0,0,0.217,0.778,0,0,0.005,0,0,0,0.155232166,0.705197701,0,0,0.00365311,2,10.6,6.554474046,-8.9628
2026,1,2,23,50,IMG_1595,0,0,0.001,0.13,0.869,0,0,0,0,0,0.000507076,0.09228931,0.698349392,0,0,0,2,10.64,6.528986445,-13.5044
2026,1,3,0,0,IMG_1596,0.012,0,0.003,0.304,0.361,0.32,0,0,0.004400721,0,0.001913589,0.195498535,0.248305288,0.228247018,9.80E-05,0,2,10.69,6.461315608,-19.8729
2026,1,3,0,10,IMG_1597,0,0,0,0.099,0.9,0,0,0.001,0,0,0,0.068251465,0.811117375,0,0,0.000889273,2,10.65,6.489070152,-14.2414
2026,1,3,0,20,IMG_1598,0,0,0,0.01,0.99,0,0,0,0,0,0,0.008408752,0.820125143,0,0,0,2,10.69,6.628097214,-19.0585
2026,1,3,0,30,IMG_1599,0,0,0,0.05,0.95,0,0,0,0,0,0,0.036552629,0.840087372,0,0,8.15E-05,2,10.64,6.786194868,-12.3183
2026,1,3,0,40,IMG_1600,0,0,0,0.192,0.806,0.002,0,0,0,0,9.23E-05,0.135543164,0.662122716,0.001301082,0,0.00016102,2,10.65,6.791456319,-19.2226
2026,1,3,0,50,IMG_1601,0.016,0,0.038,0.944,0.001,0,0,0,0.008766526,0,0.021340294,0.533771357,0.000724309,0,0.000232369,0,1,10.64,6.80868838,-31.889
2026,1,3,1,0,IMG_1602,0,0,0,0.182,0.541,0.278,0,0,0,0,0,0.119659458,0.445054763,0.221619944,0,0,2,10.45,6.907226711,-23.8305
2026,1,3,1,10,IMG_1603,0.218,0,0.038,0.329,0.253,0.015,0.147,0,0.109393968,0,0.023459503,0.190753884,0.160482858,0.010188334,0.092436809,0,1,10.46,6.945435117,-30.8301
2026,1,3,1,20,IMG_1604,0.016,0,0,0.571,0.017,0.396,0,0,0.00804517,0,0,0.327308428,0.010000503,0.243907076,3.36E-06,0,1,10.42,6.987698329,-32.1392
2026,1,3,1,30,IMG_1605,0.177,0,0,0.823,0,0,0,0,0.097061118,0,0,0.447181641,0,0,0,0,1,10.36,7.032343636,-34.7298
2026,1,3,1,40,IMG_1606,0.112,0,0,0.442,0.005,0.439,0.001,0,0.058506378,0,0,0.257357775,0.002976825,0.254920493,0.000848565,0,1,10.32,7.040451887,-33.5528
2026,1,3,1,50,IMG_1607,0.09,0,0.002,0.908,0,0,0,0,0.049392766,0,0.000962921,0.480338274,0,0,0,0,1,10.25,7.060861624,-34.4852
2026,1,3,2,0,IMG_1608,0.364,0,0.029,0.455,0.022,0.111,0.02,0,0.196743848,0,0.017820102,0.25323774,0.014335554,0.073569449,0.011651938,0,1,10.18,7.060986628,-34.2125
2026,1,3,2,10,IMG_1609,0.388,0,0.001,0.583,0.001,0.025,0.003,0,0.213765054,0,0.0003221,0.317411711,0.000434165,0.016951149,0.001650759,0,1,10.24,7.084047188,-34.4633
2026,1,3,2,20,IMG_1610,0.269,0,0,0.652,0,0.078,0.001,0,0.151427486,0,0.000113739,0.338243127,2.81E-05,0.049774316,0.000621109,0,1,10.32,7.046202324,-34.4271
2026,1,3,2,30,IMG_1611,0.294,0,0,0.59,0.018,0.097,0.001,0,0.166430611,0,2.27E-05,0.315928989,0.012077088,0.064538056,0.000312117,0,1,10.29,7.009883375,-30.8705
2026,1,3,2,40,IMG_1612,0.137,0,0,0.371,0.388,0.103,0,0,0.078647987,0,0.0003295,0.200177021,0.252621928,0.068129417,0,0,2,10.33,6.992161073,-22.4238
2026,1,3,2,50,IMG_1613,0.095,0,0.006,0.327,0.059,0.414,0.098,0,0.051951239,0,0.002814588,0.173378523,0.033805176,0.24547968,0.054763184,0,2,10.52,6.958221604,-28.328
2026,1,3,3,0,IMG_1614,0.169,0,0.002,0.368,0.048,0.374,0.038,0,0.095562605,0,0.001178824,0.197399429,0.025698415,0.208802351,0.0208032,0,2,10.37,6.920457492,-30.0507
2026,1,3,3,10,IMG_1615,0.224,0,0.005,0.454,0.084,0.214,0.02,0,0.128379763,0,0.002336358,0.224634713,0.050271642,0.134552486,0.00944529,0,1,10.29,6.907528364,-29.0362
2026,1,3,3,20,IMG_1616,0.191,0,0,0.25,0.558,0.002,0,0,0.111833902,0,0,0.10951063,0.388494712,0.000947754,0,0,1,10.23,6.84704124,-32.2233
2026,1,3,3,30,IMG_1617,0.008,0,0.006,0.047,0.939,0,0,0,0.004545688,0,0.004092398,0.023881828,0.5875436,0,4.79E-05,0,2,10.27,6.87872896,-30.0763
2026,1,3,19,30,IMG_1618,0.642,0,0.007,0.351,0,0,0,0,0.306083676,0,0.004653711,0.229575879,0,0,0,0,1,13.62,8.131556478,-36.8842
2026,1,3,19,40,IMG_1619,0.638,0,0.004,0.358,0,0,0,0,0.30137832,0,0.002160134,0.234701082,0,0,0,0,1,13.57,8.139419014,-36.1202
2026,1,3,19,50,IMG_1620,0.63,0,0.002,0.368,0,0,0,0,0.30132636,0,0.000811711,0.240095065,0,0,0,0,1,13.52,8.135442207,-35.9983
2026,1,3,20,0,IMG_1621,0.606,0,0.004,0.39,0,0,0,0,0.289621514,0,0.00226866,0.252858428,0,0,0,0,1,13.51,8.1292588,-36.4209
2026,1,3,20,10,IMG_1622,0.567,0,0.003,0.43,0,0,0,0,0.273702719,0,0.001546124,0.278358932,0,0,0,0,1,13.63,8.104750794,-36.5655
2026,1,3,20,20,IMG_1623,0.597,0,0.003,0.4,0,0,0,0,0.283864333,0,0.001337936,0.260121785,0,0,0,0,1,13.66,8.097307858,-36.7354
2026,1,3,20,30,IMG_1624,0.623,0,0.002,0.375,0,0,0,0,0.296230529,0,0.000787583,0.243158173,0,0,0,0,1,13.79,8.073099903,-36.4721
2026,1,3,20,40,IMG_1625,0.597,0,0.009,0.394,0,0,0,0,0.281524144,0,0.005838281,0.256415617,0,0,0,0,1,13.84,8.059764586,-36.2046
2026,1,3,20,50,IMG_1626,0.652,0,0.002,0.345,0,0,0,0,0.305913694,0,0.001399121,0.225454372,0,0,0,0,1,13.93,8.049259122,-36.0041
2026,1,3,21,0,IMG_1627,0.691,0,0.006,0.304,0,0,0,0,0.322797273,0,0.003514386,0.197840693,0,0,0,0,1,13.75,8.084122121,-35.6535
2026,1,3,21,10,IMG_1628,0.749,0,0.002,0.249,0,0,0,0,0.342253425,0,0.001499932,0.163226427,0,0,0,0,1,13.84,8.090800409,-35.3147
2026,1,3,21,20,IMG_1629,0.676,0,0.005,0.319,0,0,0,0,0.318654845,0,0.002836125,0.204814235,0,0,0,0,1,13.84,8.126610974,-34.8687
2026,1,3,21,30,IMG_1630,0.7,0,0.003,0.297,0,0,0,0,0.329228651,0,0.001858353,0.189997581,0,0,0,0,1,14,8.150244912,-35.3675
2026,1,3,21,40,IMG_1631,0.788,0,0.003,0.21,0,0,0,0,0.362466091,0,0.00149846,0.135349474,0,0,0,0,1,13.88,8.181321633,-34.9371
2026,1,3,21,50,IMG_1632,0.728,0,0.002,0.27,0,0,0,0,0.342581543,0,0.001166572,0.170442796,0,0,0,0,1,13.99,8.286195826,-35.2828
2026,1,3,22,0,IMG_1633,0.774,0,0.004,0.223,0,0,0,0,0.363902479,0,0.001892293,0.140079567,0,0,0,0,1,14.17,8.374581179,-34.7919
2026,1,3,22,10,IMG_1634,0.775,0,0.002,0.223,0,0,0,0,0.373447574,0,0.000997746,0.137067541,0,0,0,0,1,14.11,8.462753739,-34.8124
2026,1,3,22,20,IMG_1635,0.815,0,0.002,0.183,0,0,0,0,0.387995733,0,0.001274482,0.112842698,0,0,0,0,1,14.21,8.534352544,-35.2356
2026,1,3,22,30,IMG_1636,0.804,0,0.002,0.194,0,0,0,0,0.387097972,0,0.00105015,0.118259713,0,0,0,0,1,14.08,8.585290696,-33.8487
2026,1,3,22,40,IMG_1637,0.802,0,0.003,0.195,0,0,0,0,0.389889498,0,0.001604537,0.11714873,0,0,0,0,1,14.17,8.576789248,-35.3621
2026,1,3,22,50,IMG_1638,0.848,0,0.004,0.148,0,0,0,0,0.408168803,0,0.001863131,0.089567105,0,0,0,0,1,14.21,8.597850374,-34.3752
2026,1,3,23,0,IMG_1639,0.865,0,0.005,0.13,0,0,0,0,0.414019464,2.42E-06,0.002569727,0.077966714,0,0,0,0,1,14.12,8.630675728,-33.6584
2026,1,3,23,10,IMG_1640,0.777,0,0.008,0.215,0,0,0,0,0.385599549,0,0.004412177,0.125176487,0,0,0,0,1,14.07,8.664770374,-34.3598
2026,1,3,23,20,IMG_1641,0.85,0,0.004,0.146,0,0,0,0,0.414363867,0,0.00214997,0.086050796,0,0,0,0,1,14.12,8.617317428,-34.5077
2026,1,3,23,30,IMG_1642,0.847,0,0.003,0.15,0,0,0,0,0.413803854,0,0.001440392,0.087748693,0,0,0,0,1,14.11,8.591400217,-34.9109
2026,1,3,23,40,IMG_1643,0.822,0,0.008,0.17,0,0,0,0,0.40344227,0,0.00418726,0.098407632,0,0,0,0,1,14.2,8.540105242,-33.7431
2026,1,3,23,50,IMG_1644,0.873,0,0.005,0.122,0,0,0,0,0.423487725,0,0.002673926,0.072316556,0,0,0,0,1,14.11,8.568340943,-34.2188
2026,1,4,0,0,IMG_1645,0.902,0,0.005,0.094,0,0,0,0,0.442257054,0,0.002539769,0.054582392,0,0,0,0,1,14.03,8.555359319,-34.4056
2026,1,4,0,10,IMG_1646,0.88,0,0.004,0.116,0,0,0,0,0.434744358,0,0.002076232,0.066717894,0,0,0,0,1,13.99,8.531962611,-34.3462
2026,1,4,0,20,IMG_1647,0.832,0,0.002,0.166,0,0,0,0,0.418115783,0,0.001045027,0.094779349,0,0,0,0,1,13.97,8.553976779,-33.3009
2026,1,4,0,30,IMG_1648,0.784,0,0.003,0.213,0,0,0,0,0.3975157,0,0.001707587,0.120749377,0,0,0,0,1,13.89,8.561125542,-33.9245
2026,1,4,0,40,IMG_1649,0.835,0,0.002,0.163,0,0,0,0,0.41698777,0,0.000799249,0.092494494,0,0,0,0,1,13.69,8.538057035,-31.9881
2026,1,4,0,50,IMG_1650,0.798,0,0.003,0.199,0,0,0,0,0.401916504,0,0.001787598,0.112616218,0,0,0,0,1,13.73,8.551990115,-33.3994
2026,1,4,1,0,IMG_1651,0.677,0,0.013,0.309,0,0,0,0,0.349603012,0,0.007293637,0.173945816,0,0,0,0,1,13.66,8.543551096,-32.488
2026,1,4,1,10,IMG_1652,0.445,0,0.007,0.548,0,0,0,0,0.224659458,0,0.003864063,0.306354019,0,0,0,0,1,13.67,8.533456802,-31.5417
2026,1,4,1,20,IMG_1653,0.27,0,0.002,0.728,0,0,0,0,0.133668397,0,0.001260194,0.404961824,0,0,0,0,1,13.58,8.553243556,-32.2065
2026,1,4,1,30,IMG_1654,0.255,0,0.001,0.744,0,0,0,0,0.127463146,0,0.000358218,0.413506641,0,0,0,0,1,13.57,8.550322902,-32.0336
2026,1,4,1,40,IMG_1655,0.108,0,0,0.891,0,0,0,0,0.056758075,0,9.88E-05,0.498870395,0,0,0,0,1,13.52,8.534548205,-30.6272
2026,1,4,1,50,IMG_1656,0.174,0,0.001,0.826,0,0,0,0,0.088828065,0,0.000441827,0.465206535,0,0,0,0,1,13.53,8.518730548,-31.8835
2026,1,4,2,0,IMG_1657,0.108,0,0.002,0.89,0,0,0,0,0.058272236,0,0.001520523,0.497702118,0,0,0,0,1,13.48,8.507688774,-29.6539
2026,1,4,2,10,IMG_1658,0.257,0,0.001,0.742,0,0,0,0,0.132719554,0,0.000682625,0.412495936,0,0,0,0,1,13.48,8.499516162,-30.609
2026,1,4,2,20,IMG_1659,0.319,0,0.001,0.68,0,0,0,0,0.163702892,0,0.000585968,0.377897198,0,0,0,0,1,13.3,8.464514566,-27.9551
2026,1,4,2,30,IMG_1660,0.291,0,0,0.708,0,0,0,0,0.154197303,0,0.000254026,0.386572957,0,0,0,0,1,13.18,8.532644888,-31.1716
2026,1,4,2,40,IMG_1661,0.38,0,0,0.62,0,0,0,0,0.200270373,0,0.000234908,0.337363815,0,0,0,0,1,13.28,8.499040444,-31.4474
2026,1,4,2,50,IMG_1662,0.527,0,0.001,0.472,0,0,0,0,0.275649775,0,0.000699737,0.26101742,0,0,0,0,1,13.15,8.500819184,-29.7393
2026,1,4,3,0,IMG_1663,0.523,0,0.007,0.471,0,0,0,0,0.279908323,0,0.00384218,0.256473122,0,0,0,0,1,13.1,8.511068919,-30.6873
2026,1,4,3,10,IMG_1664,0.557,0,0.014,0.429,0,0,0,0,0.302080476,0,0.007883023,0.23236069,0,0,0,0,1,13.2,8.52828157,-30.1503
2026,1,4,3,20,IMG_1665,0.63,0,0.003,0.367,0,0,0,0,0.339746004,0,0.001865309,0.201521552,0,0,0,0,1,13.14,8.520716414,-28.7792
2026,1,4,3,30,IMG_1666,0.604,0,0.003,0.392,0,0,0,0,0.333448137,0,0.001925376,0.212980619,0,0,0,0,1,12.88,8.515187335,-30.0909
2026,1,4,19,30,IMG_1667,0.316,0,0,0.684,0,0,0,0,0.187635569,0,5.60E-06,0.375015467,0,0,0,0,1,13.67,9.650933288,-33.6322
2026,1,4,19,40,IMG_1668,0.385,0,0,0.615,0,0,0,0,0.223164709,0,0,0.345230401,0,0,0,0,1,13.44,9.631566763,-33.7259
2026,1,4,19,50,IMG_1669,0.363,0,0,0.637,0,0,0,0,0.216161005,0,2.80E-06,0.346171905,0,0,0,0,1,13.3,9.594886925,-33.3004
2026,1,4,20,0,IMG_1670,0.411,0,0,0.589,0,0,0,0,0.235912523,0,2.42E-06,0.329635389,0,0,0,0,1,13.21,9.576135399,-33.5926
2026,1,4,20,10,IMG_1671,0.387,0,0,0.613,0,0,0,0,0.227266008,0,1.67E-05,0.335913169,0,0,0,0,1,13.2,9.581694175,-32.3345
2026,1,4,20,20,IMG_1672,0.367,0,0,0.633,0,0,0,0,0.215576157,0,0,0.346989093,0,0,0,0,1,13.15,9.552124907,-32.6004
2026,1,4,20,30,IMG_1673,0.434,0,0,0.566,0,0,0,0,0.24908433,0,0,0.317385374,0,0,0,0,1,13.13,9.494617319,-33.203
2026,1,4,20,40,IMG_1674,0.403,0,0,0.597,0,0,0,0,0.234867849,0,0,0.329233301,0,0,0,0,1,13.02,9.418875849,-32.8452
2026,1,4,20,50,IMG_1675,0.404,0,0,0.596,0,0,0,0,0.22964405,0,0,0.333960367,0,0,0,0,1,13.25,9.496237141,-31.3253
2026,1,4,21,0,IMG_1676,0.403,0,0,0.596,0,0,0.001,0,0.227888296,0,0,0.336013093,0,0,0.000327907,0,1,13.2,9.501368595,-30.0314
2026,1,4,21,10,IMG_1677,0.384,0,0,0.616,0,0,0,0,0.221163567,0,0,0.343692142,0,0,0,0,1,13.34,9.468141519,-30.8575
2026,1,4,21,20,IMG_1678,0.333,0,0,0.667,0,0,0,0,0.192991579,0,7.45E-06,0.366889168,0,0,0,0,1,13.25,9.47321596,-32.2693
2026,1,4,21,30,IMG_1679,0.414,0,0,0.586,0,0,0,0,0.229606603,0,7.25E-05,0.335654845,0,0,0,0,1,13.11,9.380178366,-32.0554
2026,1,4,21,40,IMG_1680,0.423,0,0,0.577,0,0,0,0,0.235816158,0,1.58E-05,0.328632399,0,0,0,0,1,13.03,9.458772233,-32.1813
2026,1,4,21,50,IMG_1681,0.457,0,0,0.543,0,0,0,0,0.252546958,0,9.49E-06,0.311199564,0,0,0,0,1,13.07,9.493595996,-31.9754
2026,1,4,22,0,IMG_1682,0.446,0,0,0.554,0,0,0,0,0.249810727,0,0,0.311089183,0,0,0,0,1,12.85,9.454975244,-32.2008
2026,1,4,22,10,IMG_1683,0.504,0,0.001,0.495,0,0,0,0,0.280307933,0,0.000332565,0.277293111,0,0,0,0,1,12.66,9.35530252,-31.6296
2026,1,4,22,20,IMG_1684,0.479,0,0,0.521,0,0,0,0,0.269573791,0,2.23E-05,0.28697316,0,0,0,0,1,12.92,9.417126484,-31.4978
2026,1,4,22,30,IMG_1685,0.487,0,0,0.513,0,0,0,0,0.271938837,0,0.000138694,0.281523588,0,0,0,0,1,12.42,9.227766788,-31.2808
2026,1,4,22,40,IMG_1686,0.469,0,0,0.53,0,0,0,0,0.261743818,0,0.000175901,0.291261816,0,0,0,0,1,12.37,9.297205511,-31.7058
2026,1,4,22,50,IMG_1687,0.417,0,0,0.583,0,0,0,0,0.23382014,0,1.01E-05,0.316803944,0,0,0,0,1,12.69,9.406092746,-31.3646
2026,1,4,23,0,IMG_1688,0.512,0,0,0.488,0,0,0,0,0.281492826,0,0.000144554,0.267792646,0,0,0,0,1,12.79,9.363934855,-31.2391
2026,1,4,23,10,IMG_1689,0.485,0,0,0.515,0,0,0,0,0.272183256,0,6.51E-05,0.275402794,0,0,0,0,1,12.72,9.345645251,-31.7778
2026,1,4,23,20,IMG_1690,0.486,0,0,0.514,0,0,0,0,0.271268825,0,6.11E-05,0.276802028,0,0,0,0,1,12.84,9.404227951,-30.7548
2026,1,4,23,30,IMG_1691,0.466,0,0,0.534,0,0,0,0,0.261759255,0,0,0.284100676,0,0,0,0,1,12.57,9.225915418,-31.0717
2026,1,4,23,40,IMG_1692,0.481,0,0,0.518,0,0,0,0,0.2672747,0,0.000175962,0.277309044,0,0,0,0,1,12.35,9.187670012,-31.1008
2026,1,4,23,50,IMG_1693,0.476,0,0,0.524,0,0,0,0,0.26564079,0,3.11E-05,0.276736245,0,0,0,0,1,12.3,9.289346883,-30.4963
2026,1,5,0,0,IMG_1694,0.443,0,0,0.557,0,0,0,0,0.25063602,0,9.13E-05,0.289486118,0,0,0,0,1,12.48,9.30615355,-30.3199
2026,1,5,0,10,IMG_1695,0.468,0,0,0.532,0,0,0,0,0.265184766,0,0,0.275391925,0,0,0,0,1,12.24,9.308763934,-30.5624
2026,1,5,0,20,IMG_1696,0.414,0,0,0.586,0,0,0,0,0.235622025,0,7.53E-05,0.299306453,0,0,0,0,1,12.11,9.233658249,-29.6724
2026,1,5,0,30,IMG_1697,0.415,0,0,0.585,0,0,0,0,0.234734075,0,0,0.298461599,0,0,0,0,1,11.64,9.06023238,-30.8593
2026,1,5,0,40,IMG_1698,0.41,0,0,0.59,0,0,0,0,0.22910477,0,2.16E-05,0.301970951,0,0,0,0,1,11.68,9.197780305,-30.53
2026,1,5,0,50,IMG_1699,0.33,0,0,0.67,0,0,0,0,0.185955559,0,0.000122168,0.338113747,0,0,0,0,1,11.64,9.237271404,-29.6312
2026,1,5,1,0,IMG_1700,0.444,0,0,0.556,0,0,0,0,0.245964663,0,9.27E-05,0.285197994,0,0,0,0,1,12.07,9.381817203,-29.9595
2026,1,5,1,10,IMG_1701,0.387,0,0,0.613,0,0,0,0,0.216485584,0,0.000166264,0.311121146,0,0,0,0,1,11.58,9.161141044,-29.5856
2026,1,5,1,20,IMG_1702,0.417,0,0,0.583,0,0,0,0,0.230343727,0,0.000123197,0.296975218,0,0,0,0,1,12.06,9.365276566,-29.2977
2026,1,5,1,30,IMG_1703,0.436,0,0,0.564,0,0,0,0,0.242610825,0,1.11E-05,0.28535498,0,0,0,0,1,11.86,9.175172384,-30.5436
2026,1,5,1,40,IMG_1704,0.385,0,0,0.615,0,0,0,0,0.214953133,0,1.16E-05,0.310039566,0,0,0,0,1,11.87,9.212600768,-30.7899
2026,1,5,1,50,IMG_1705,0.396,0,0,0.604,0,0,0,0,0.222424023,0,1.16E-05,0.303464806,0,0,7.54E-05,0,1,12.2,9.285598055,-29.7841
2026,1,5,2,0,IMG_1706,0.43,0,0,0.57,0,0,0,0,0.239523325,0,7.99E-05,0.288630724,0,0,0,0,1,12.01,9.25084779,-28.999
2026,1,5,2,10,IMG_1707,0.41,0,0,0.59,0,0,0,0,0.228739543,0,0,0.297808909,0,0,0,0,1,12.05,9.380805303,-28.3158
2026,1,5,2,20,IMG_1708,0.432,0,0,0.568,0,0,0,0,0.241006318,0,0,0.287029162,0,0,0,0,1,12.14,9.498064941,-27.9741
2026,1,5,2,30,IMG_1709,0.375,0,0,0.625,0,0,0,0,0.21256428,0,0,0.311532482,0,0,0,0,1,11.69,9.287109999,-27.4938
2026,1,5,2,40,IMG_1710,0.319,0,0,0.681,0,0,0,0,0.181650143,0,4.15E-06,0.335858519,0,0,0,0,1,11.97,9.599871376,-25.7052
2026,1,5,2,50,IMG_1711,0.243,0,0,0.757,0,0,0,0,0.140895343,0,0,0.375158136,0,0,0,0,1,12.37,9.831277106,-26.0744
2026,1,5,3,0,IMG_1712,0.068,0,0.559,0.373,0,0,0,0,0.040603703,0,0.315821282,0.185967285,0.000152359,0,0,0,1,12.54,9.869650792,-26.3379
2026,1,5,3,10,IMG_1713,0.378,0,0,0.622,0,0,0,0,0.216329011,0,0,0.313276037,0,0,0,0,1,12.24,9.730415262,-28.0712
2026,1,5,3,20,IMG_1714,0.35,0,0,0.65,0,0,0,0,0.203541812,0,0,0.325146319,0,0,0,0,1,12.99,10.33021427,-26.9493
2026,1,5,3,30,IMG_1715,0.416,0,0,0.584,0,0,0,0,0.241494689,0,2.18E-06,0.294012508,0,0,0,0,1,12.99,10.36419524,-21.6613
2026,1,5,19,30,IMG_1716,0,0,0,0.523,0.467,0,0,0.011,0,0,0,0.515791797,0.466836614,0,4.47E-05,0.010526074,2,14.83,10.29859087,-5.4637
2026,1,5,19,40,IMG_1717,0,0,0,0.381,0.605,0,0,0.014,0,0,0,0.375865708,0.605012936,0.000157752,0.000105168,0.013718096,2,14.59,10.2362605,-4.7982
2026,1,5,19,50,IMG_1718,0,0,0,0.584,0.407,0,0,0.009,0,0,0,0.57670791,0.40704822,0,0,0.009106303,2,14.48,10.1676422,-5.6897
2026,1,5,20,0,IMG_1719,0,0,0,0.702,0.269,0,0,0.029,0,0,0,0.69512962,0.269444404,0,0,0.028708136,3,14.45,10.12421378,-5.5676
2026,1,5,20,10,IMG_1720,0,0,0,0.323,0.67,0.001,0,0.006,0,0,0,0.31795181,0.670171274,0.000751202,0,0.006307535,2,14.4,10.22917616,-5.3775
2026,1,5,20,20,IMG_1721,0,0,0,0.856,0.096,0,0,0.048,0,0,0,0.847915693,0.095865948,0,0,0.048396402,3,14.31,10.16067167,-5.5409
2026,1,5,20,30,IMG_1722,0,0,0,0.761,0.162,0,0,0.077,0,0,0,0.751502374,0.162403726,0,0,0.076604657,3,14.25,9.988735213,-5.1213
2026,1,5,20,40,IMG_1723,0,0,0,0.836,0.105,0,0,0.058,0,0,0,0.825975383,0.105368765,0,0,0.058182414,3,14.17,9.976410161,-5.5571
2026,1,5,20,50,IMG_1724,0,0,0,0.968,0,0,0,0.032,0,0,0,0.950548468,2.88E-05,0,0,0.031496597,3,14.08,10.00627926,-5.131
2026,1,5,21,0,IMG_1725,0,0,0,0.805,0,0,0,0.195,0,0,0,0.783072183,3.49E-05,0,0,0.193687898,3,13.93,9.938542429,-5.1245
2026,1,5,21,10,IMG_1726,0,0,0,0.743,0.007,0,0,0.25,0,0,0,0.724128809,0.007463529,0,0,0.249346454,3,13.93,9.938542429,-5.6217
2026,1,5,21,20,IMG_1727,0,0,0,0.915,0.006,0,0,0.079,0,0,0,0.896867308,0.006023167,0,0,0.078672138,3,13.94,9.980681885,-5.6455
2026,1,5,21,30,IMG_1728,0,0,0,0.74,0.065,0,0,0.195,0,0,0,0.722896544,0.064989363,0,0,0.195132655,3,13.93,9.75849637,-5.723
2026,1,5,21,40,IMG_1729,0,0,0,0.833,0.092,0,0,0.075,0,0,0,0.820333564,0.091802351,0,0,0.074886644,3,13.94,9.740472935,-4.8609
2026,1,5,21,50,IMG_1730,0,0,0,0.959,0,0,0,0.041,0,0,0,0.943746492,2.87E-05,0,0,0.041436621,3,13.98,9.740355755,-4.9315
2026,1,5,22,0,IMG_1731,0,0,0,0.603,0,0,0,0.397,0,0,0,0.587782925,3.54E-05,0,0,0.395015144,3,13.94,9.824546068,-4.5066
2026,1,5,22,10,IMG_1732,0,0,0,0.32,0,0,0,0.68,0,0,0,0.307176127,4.17E-05,0,0,0.667783601,3,13.68,9.869635631,-4.5021
2026,1,5,22,20,IMG_1733,0,0,0,0.799,0,0,0,0.201,0,0,0,0.780422378,4.24E-05,0,0,0.199081498,3,13.56,9.773488008,-4.6408
2026,1,5,22,30,IMG_1734,0,0,0,0.883,0,0,0,0.117,0,0,0,0.86426715,4.93E-05,0,0,0.116364949,3,13.53,9.650032955,-5.2126
2026,1,5,22,40,IMG_1735,0,0,0,0.474,0,0,0,0.526,0,0,0,0.457605995,4.94E-05,0,0,0.51973466,3,13.51,9.579658931,-5.1423
2026,1,5,22,50,IMG_1736,0,0,0,0.237,0,0,0,0.763,0,0,0,0.219224114,5.41E-05,0,0,0.741595966,3,13.53,9.66174416,-6.0141
2026,1,5,23,0,IMG_1737,0,0,0,0.077,0,0,0,0.923,0,0,0,0.0709266,7.49E-05,0,0,0.892979387,3,13.48,9.596981161,-5.443
2026,1,5,23,10,IMG_1738,0,0,0,0.116,0,0,0,0.884,0,0,0,0.106938011,5.38E-05,0,0,0.850468164,3,13.47,9.497721116,-5.7807
2026,1,5,23,20,IMG_1739,0,0,0,0.023,0,0,0,0.977,0,0,0,0.020750173,5.96E-05,0,0,0.930906566,3,13.46,9.445222416,-5.8985
2026,1,5,23,30,IMG_1740,0,0,0,0.026,0,0,0,0.974,0,0,0,0.023041481,4.70E-05,0,0,0.929079793,3,13.48,9.398503448,-5.9902
2026,1,5,23,40,IMG_1741,0,0,0,0.08,0,0,0,0.919,0,0,0,0.073246372,6.20E-05,0,0,0.888349241,3,13.58,9.387305213,-5.0236
2026,1,5,23,50,IMG_1742,0,0,0,0.026,0,0,0,0.973,0,0,0,0.023557279,6.03E-05,0,0,0.935487365,3,13.5,9.445169455,-5.0498
2026,1,6,0,0,IMG_1743,0,0,0,0.001,0,0,0,0.999,0,0,0,0.000705273,5.95E-05,0,0,0.948672348,3,13.35,9.427660571,-5.7036
2026,1,6,0,10,IMG_1744,0,0,0,0.003,0,0,0,0.997,0,0,0,0.002407354,5.90E-05,0,0,0.947958323,3,13.24,9.409847713,-5.0476
2026,1,6,0,20,IMG_1745,0,0,0,0.002,0,0,0,0.998,0,0,0,0.00135287,5.17E-05,0,0,0.947569757,3,13.06,9.305705396,-4.7369
2026,1,6,0,30,IMG_1746,0,0,0,0.013,0,0,0,0.987,0,0,0,0.011223017,5.22E-05,0,0,0.940152682,3,12.94,9.361047351,-5.0265
2026,1,6,0,40,IMG_1747,0,0,0,0.001,0,0,0,0.999,0,0,0,0.001069238,5.13E-05,0,0,0.943294974,3,12.93,9.253686517,-5.3257
2026,1,6,0,50,IMG_1748,0,0,0,0.004,0,0,0,0.996,0,0,0,0.003093299,5.06E-05,0,0,0.936039724,3,12.88,9.191317284,-5.2513
2026,1,6,1,0,IMG_1749,0,0,0,0.002,0,0,0,0.998,0,0,0,0.001451795,5.06E-05,0,0,0.933388214,3,12.71,9.239659478,-5.0865
2026,1,6,1,10,IMG_1750,0,0,0,0.002,0,0,0,0.998,0,0,0,0.001474008,7.04E-05,0,0,0.931694621,3,12.59,9.049541874,-4.832
2026,1,6,1,20,IMG_1751,0,0,0,0.001,0,0,0,0.999,0,0,0,0.000951608,5.11E-05,0,0,0.934713454,3,12.65,9.038956207,-5.3116
2026,1,6,1,30,IMG_1752,0,0,0,0.001,0,0,0,0.999,0,0,0,0.00083448,5.02E-05,0,0,0.929520703,3,12.61,9.038662341,-5.4524
2026,1,6,1,40,IMG_1753,0,0,0,0.001,0,0,0,0.999,0,0,0,0.000821995,6.23E-05,0,0,0.921318727,3,12.47,9.004249911,-4.7862
2026,1,6,1,50,IMG_1754,0,0,0,0.002,0,0,0,0.998,0,0,0,0.001948385,8.05E-05,0,0,0.919121387,3,12.43,9.014703824,-5.279
2026,1,6,2,0,IMG_1755,0,0,0,0.004,0,0,0,0.996,0,0,0,0.003413552,7.64E-05,0,0,0.921375669,3,12.48,8.933029469,-6.0086
2026,1,6,2,10,IMG_1756,0,0,0,0.001,0,0,0,0.999,0,0,0,0.001031385,7.05E-05,0,0,0.928510442,3,12.64,8.805019046,-5.4201
2026,1,6,2,20,IMG_1757,0,0,0,0.003,0,0,0,0.997,0,0,0,0.002330965,6.36E-05,0,0,0.926696364,3,12.63,8.939124129,-4.7506
2026,1,6,2,30,IMG_1758,0,0,0,0.003,0,0,0,0.997,0,0,0,0.002171357,5.03E-05,0,0,0.923022544,3,12.33,9.08926309,-4.9191
2026,1,6,2,40,IMG_1759,0,0,0,0.004,0,0,0,0.996,0,0,0,0.003391188,7.46E-05,0,0,0.917382399,3,12.25,8.990014016,-5.255
2026,1,6,2,50,IMG_1760,0,0,0,0.001,0,0,0,0.998,0,0,0,0.001176705,5.64E-05,0,0,0.918224572,3,12.33,8.947922874,-5.5767
2026,1,6,3,0,IMG_1761,0,0,0,0.005,0,0,0,0.995,0,0,0,0.00415471,5.11E-05,0,0,0.932907031,3,12.36,8.953750724,-5.7136
2026,1,6,3,10,IMG_1762,0,0,0,0,0,0,0,1,0,0,0,0.000289964,4.40E-05,0,0,0.929618299,3,12.44,8.878000616,-4.9877
2026,1,6,3,20,IMG_1763,0,0,0,0,0,0,0,1,0,0,0,0.000147115,5.46E-05,0,0,0.917256641,3,12.13,8.955260027,-4.6375
2026,1,6,3,30,IMG_1764,0,0,0,0,0,0,0,1,0,0,0,0.00010308,4.82E-05,0,0,0.916537575,3,11.9,9.018185416,-4.5892
2026,1,6,19,30,IMG_1765,0,0,0,0.923,0.037,0,0,0.04,0,0,0,0.908005454,0.037251457,0,0,0.039774136,3,9.79,8.266517142,-6.7049
2026,1,6,19,40,IMG_1766,0,0,0,0.932,0.01,0,0,0.058,0,0,0,0.913858353,0.010072649,0,0,0.057789701,3,9.73,8.207362156,-7.4399
2026,1,6,19,50,IMG_1767,0,0,0,0.96,0,0,0,0.04,0,0,0,0.942277231,2.85E-05,0,0,0.039772814,3,9.82,8.26371555,-7.4596
2026,1,6,20,0,IMG_1768,0,0,0,0.98,0,0,0,0.02,0,0,0,0.957149587,3.62E-05,0,0,0.020416932,3,9.73,8.022719588,-6.8049
2026,1,6,20,10,IMG_1769,0,0,0,0.956,0,0,0,0.044,0,0,0,0.931260134,2.84E-05,0,0,0.044328163,3,9.83,7.86016296,-6.7022
2026,1,6,20,20,IMG_1770,0,0,0,0.977,0,0,0,0.023,0,0,0,0.951636178,2.84E-05,0,0,0.023286523,3,10.02,7.85207153,-7.1925
2026,1,6,20,30,IMG_1771,0,0,0,0.94,0,0,0,0.06,0,0,0,0.917554913,2.87E-05,0,0,0.059743825,3,10.19,7.70898389,-7.0493
2026,1,6,20,40,IMG_1772,0,0,0,0.977,0,0,0,0.023,0,0,0,0.950657227,4.27E-05,0,0,0.023101345,3,10.32,7.656707068,-7.292
2026,1,6,20,50,IMG_1773,0,0,0,0.955,0,0,0,0.045,0,0,0,0.929100856,3.49E-05,0,0,0.044621717,3,10.47,7.447139371,-6.686
2026,1,6,21,0,IMG_1774,0,0,0,0.914,0.001,0,0,0.085,0,0,0,0.888158143,0.001208053,0,0,0.084457016,3,10.51,7.560069456,-7.0447
2026,1,6,21,10,IMG_1775,0,0,0,0.96,0.01,0,0,0.03,0,0,0,0.934103388,0.009943442,0,0,0.029755611,3,10.5,7.490347776,-7.7244
2026,1,6,21,20,IMG_1776,0,0,0,0.973,0,0,0,0.027,0,0,0,0.944788424,4.25E-05,0,0,0.026316369,3,10.73,7.411018838,-7.6773
2026,1,6,21,30,IMG_1777,0,0,0,0.939,0,0,0,0.061,0,0,0,0.908924099,4.27E-05,0,0,0.060466804,3,10.77,7.323238209,-7.9745
2026,1,6,21,40,IMG_1778,0,0,0,0.973,0,0,0,0.027,0,0,0,0.941330191,4.12E-05,0,0,0.026241016,3,10.88,7.247074583,-7.423
2026,1,6,21,50,IMG_1779,0,0,0,0.931,0,0,0,0.069,0,0,0,0.897655311,4.93E-05,0,0,0.06834662,3,10.92,7.119026651,-7.3858
2026,1,6,22,0,IMG_1780,0,0,0,0.569,0,0,0,0.431,0,0,0,0.539900428,3.45E-05,0,0,0.419099677,3,10.97,7.164430963,-7.5097
2026,1,6,22,10,IMG_1781,0,0,0,0.433,0,0,0,0.567,0,0,0,0.405063747,5.37E-05,0,0,0.550778448,3,10.87,7.167100431,-7.646
2026,1,6,22,20,IMG_1782,0,0,0,0.355,0,0,0,0.645,0,0,0,0.329096229,4.78E-05,0,0,0.624872236,3,10.97,6.985694637,-7.2093
2026,1,6,22,30,IMG_1783,0,0,0,0.297,0,0,0,0.703,0,0,0,0.27134218,4.01E-05,0,0,0.680168269,3,11.01,7.009303281,-7.0332
2026,1,6,22,40,IMG_1784,0,0,0,0.16,0,0,0,0.84,0,0,0,0.143595515,3.36E-05,0,0,0.797786223,3,11.03,7.149428227,-7.3665
2026,1,6,22,50,IMG_1785,0,0,0,0.174,0,0,0,0.826,0,0,0,0.157222408,5.29E-05,0,0,0.786632024,3,11.08,6.798916687,-6.7861
2026,1,6,23,0,IMG_1786,0,0,0,0.026,0,0,0,0.974,0,0,0,0.022293202,5.19E-05,0,0,0.91482322,2,11.19,6.755970717,-6.8373
2026,1,6,23,10,IMG_1787,0,0,0,0.014,0,0,0,0.986,0,0,0,0.011768652,4.60E-05,0,0,0.923363972,3,11.19,6.82886595,-6.9886
2026,1,6,23,20,IMG_1788,0,0,0,0.036,0,0,0,0.964,0,0,0,0.030874369,5.14E-05,0,0,0.90030767,3,11.15,6.87030074,-7.1142
2026,1,6,23,30,IMG_1789,0,0,0,0.042,0,0,0,0.958,0,0,0,0.036135231,4.58E-05,0,0,0.896983616,3,11.15,6.868280955,-7.1471
2026,1,6,23,40,IMG_1790,0,0,0,0.006,0,0,0,0.993,0,0,0,0.005542105,5.78E-05,0,0,0.923803703,3,11.15,6.851112777,-6.9628
2026,1,6,23,50,IMG_1791,0,0,0,0.005,0,0,0,0.995,0,0,0,0.004117886,5.13E-05,0,0,0.925496883,3,11.15,6.931904201,-7.3531
2026,1,7,0,0,IMG_1792,0,0,0,0.018,0,0,0,0.982,0,0,0,0.015301833,4.50E-05,0,0,0.913328944,3,11.16,6.920092525,-7.4616
2026,1,7,0,10,IMG_1793,0,0,0,0.003,0,0,0,0.997,0,0,0,0.002181843,4.53E-05,0,0,0.926803854,3,11.19,6.919984992,-7.2131
2026,1,7,0,20,IMG_1794,0,0,0,0.001,0,0,0,0.999,0,0,0,0.001134878,4.52E-05,0,0,0.926678365,3,11.15,6.980379056,-6.9692
2026,1,7,0,30,IMG_1795,0,0,0,0.002,0,0,0,0.998,0,0,0,0.002018051,4.54E-05,0,0,0.925757745,3,11.2,6.925345925,-6.5616
2026,1,7,0,40,IMG_1796,0,0,0,0.003,0,0,0,0.997,0,0,0,0.002166406,4.50E-05,0,0,0.925573385,3,11.19,6.935171498,-6.5199
2026,1,7,0,50,IMG_1797,0,0,0,0.009,0,0,0,0.991,0,0,0,0.007601134,5.11E-05,0,0,0.919296169,3,11.15,6.827885243,-6.4477
2026,1,7,1,0,IMG_1798,0,0,0,0.007,0,0,0,0.993,0,0,0,0.006307151,4.51E-05,0,0,0.921368487,3,11.05,6.70782588,-6.613
2026,1,7,1,10,IMG_1799,0,0,0,0.001,0,0,0,0.999,0,0,0,0.000445681,4.51E-05,0,0,0.927333293,3,10.97,6.780996609,-6.5947
2026,1,7,1,20,IMG_1800,0,0,0,0.001,0,0,0,0.999,0,0,0,0.000859052,5.08E-05,0,0,0.927718262,3,10.92,6.798511189,-6.6827
2026,1,7,1,30,IMG_1801,0,0,0,0.004,0,0,0,0.996,0,0,0,0.003129184,4.49E-05,0,0,0.924285622,3,10.87,6.715621725,-6.656
2026,1,7,1,40,IMG_1802,0,0,0,0.007,0,0,0,0.993,0,0,0,0.005735291,5.06E-05,0,0,0.919627314,3,10.79,6.73912367,-7.1134
2026,1,7,1,50,IMG_1803,0,0,0,0.001,0,0,0,0.999,0,0,0,0.001165482,5.12E-05,0,0,0.925279184,3,10.82,6.745939752,-7.0854
2026,1,7,2,0,IMG_1804,0,0,0,0.007,0,0,0,0.993,0,0,0,0.005602314,5.18E-05,0,0,0.920709285,3,10.78,6.559254192,-6.7476
2026,1,7,2,10,IMG_1805,0,0,0,0.006,0,0,0,0.994,0,0,0,0.005452284,5.09E-05,0,0,0.917757204,3,10.78,6.51682821,-7.1409
2026,1,7,2,20,IMG_1806,0,0,0,0.002,0,0,0,0.998,0,0,0,0.001753102,4.48E-05,0,0,0.92070607,3,10.74,6.373460566,-7.3083
2026,1,7,2,30,IMG_1807,0,0,0,0.001,0,0,0,0.999,0,0,0,0.00100287,5.09E-05,0,0,0.92186893,3,10.74,6.2937431,-7.453
2026,1,7,2,40,IMG_1808,0,0,0,0.006,0,0,0,0.994,0,0,0,0.004724324,4.48E-05,0,0,0.915045748,3,10.78,6.289898537,-7.6741
2026,1,7,2,50,IMG_1809,0,0,0,0.006,0,0,0,0.994,0,0,0,0.005038063,5.13E-05,0,0,0.916066444,3,10.78,6.236619397,-7.9467
2026,1,7,3,0,IMG_1810,0,0,0,0.002,0,0,0,0.998,0,0,0,0.001349482,4.48E-05,0,0,0.917910246,3,10.83,6.061315193,-7.8983
2026,1,7,3,10,IMG_1811,0,0,0,0.003,0,0,0,0.997,0,0,0,0.002547634,4.47E-05,0,0,0.913669103,3,10.82,6.092117732,-8.039
2026,1,7,3,20,IMG_1812,0,0,0,0.003,0,0,0,0.997,0,0,0,0.002222529,4.99E-05,0,0,0.908415347,3,10.87,6.027984926,-8.0446
2026,1,7,3,30,IMG_1813,0,0,0,0.002,0,0,0,0.998,0,0,0,0.001529627,6.82E-05,0,0,0.915137928,3,10.87,5.915859445,-7.9497
2026,1,7,19,30,IMG_1814,0,0,0,0.031,0.001,0,0,0.968,0,0,0,0.026421394,0.000834217,0,0,0.895165445,2,11.47,6.988018227,-9.1277
2026,1,7,19,40,IMG_1815,0,0,0,0.31,0,0,0,0.69,0,0,0,0.283172371,6.11E-05,0,0,0.672733136,3,11.47,7.020990297,-10.4066
2026,1,7,19,50,IMG_1816,0,0,0,0.691,0.05,0,0,0.259,0,0,0,0.631408075,0.043189866,0,0,0.253925518,2,11.47,7.034385201,-13.4803
2026,1,7,20,0,IMG_1817,0,0,0,0.652,0.003,0,0,0.345,0,0,0,0.592545928,0.00248415,0,0,0.336747679,3,11.51,7.069598971,-11.2429
2026,1,7,20,10,IMG_1818,0,0,0,0.949,0,0,0,0.051,0,0,0,0.901659067,4.25E-05,0,0,0.050160697,3,11.52,7.106071271,-9.8912
2026,1,7,20,20,IMG_1819,0,0,0,0.892,0.079,0,0,0.03,0,0,0,0.872493051,0.078559518,0,0,0.029499639,2,11.6,7.084628272,-7.3402
2026,1,7,20,30,IMG_1820,0,0,0,0.926,0,0,0,0.074,0,0,0,0.894407114,2.82E-05,0,0,0.073033233,3,11.61,7.134800742,-8.5069
2026,1,7,20,40,IMG_1821,0,0,0,0.992,0,0,0,0.008,0,0,0,0.954580536,2.85E-05,0,0,0.00842784,3,11.6,7.163577209,-8.8224
2026,1,7,20,50,IMG_1822,0,0,0,0.99,0,0,0,0.01,0,0,0,0.955936937,3.49E-05,0,0,0.010135337,3,11.62,7.143428779,-7.7137
2026,1,7,21,0,IMG_1823,0,0,0,0.985,0,0,0,0.015,0,0,0,0.952615212,3.59E-05,0,0,0.014456393,3,11.65,7.172484964,-6.9552
2026,1,7,21,10,IMG_1824,0,0,0,0.973,0,0,0,0.027,0,0,0,0.930447333,4.14E-05,0,0,0.026333489,3,11.73,7.162391112,-7.4835
2026,1,7,21,20,IMG_1825,0,0,0,0.987,0,0,0,0.013,0,0,0,0.955676968,2.86E-05,0,0,0.013365092,3,11.97,7.175983587,-6.6869
2026,1,7,21,30,IMG_1826,0,0,0,0.281,0,0,0,0.719,0,0,0,0.260025571,5.44E-05,0,0,0.698547739,3,12.02,7.158951813,-6.7874
2026,1,7,21,40,IMG_1827,0,0,0,0.728,0.207,0,0,0.065,0,0,0,0.646600293,0.176532422,0,0,0.058078365,2,11.97,7.23764389,-11.0988
2026,1,7,21,50,IMG_1828,0,0,0,0.494,0.506,0,0,0,0,0,0,0.412168938,0.423469989,0,0,7.19E-06,2,11.97,7.272726477,-11.3255
2026,1,7,22,0,IMG_1829,0,0,0,0.062,0.938,0,0,0,0,0,6.62E-05,0.046980965,0.786975398,0,0,0,2,11.87,7.279222396,-13.0026
2026,1,7,22,10,IMG_1830,0,0,0,0.006,0.467,0,0,0.528,0,0,0,0.004769952,0.397858136,0,0,0.478633226,2,11.79,7.292330874,-12.5472
2026,1,7,22,20,IMG_1831,0,0,0,0.047,0.468,0,0,0.485,0,0,0,0.039080116,0.405800811,0,0,0.439972544,2,11.88,7.226684729,-8.4469
2026,1,7,22,30,IMG_1832,0,0,0,0.486,0.514,0,0,0,0,0,0,0.379484615,0.376552133,0,0,0,2,11.92,7.148319292,-15.6872
2026,1,7,22,40,IMG_1833,0,0,0,0.051,0.91,0,0,0.039,0,0,0,0.038537245,0.745903561,0,0,0.033391864,2,11.89,7.138112608,-13.4607
2026,1,7,22,50,IMG_1834,0,0,0,0.083,0.003,0,0,0.914,0,0,0,0.07274236,0.002454575,0,0,0.805100158,2,11.88,7.091369392,-8.421
2026,1,7,23,0,IMG_1835,0,0,0,0.036,0.003,0,0,0.96,0,0,0,0.030892518,0.00247216,0,0,0.857576593,2,11.92,7.025383037,-7.5756
2026,1,7,23,10,IMG_1836,0,0,0,0.002,0,0,0,0.998,0,0,0,0.001542646,7.51E-05,0,0,0.90039248,2,11.96,6.985577735,-7.1613
2026,1,7,23,20,IMG_1837,0,0,0,0.019,0,0,0,0.981,0,0,0,0.015494997,0.00013922,0,0,0.89270948,3,12.02,6.980857823,-7.1245
2026,1,7,23,30,IMG_1838,0,0,0,0.025,0,0,0,0.975,0,0,0,0.021693059,5.75E-05,0,0,0.906778816,3,12.07,6.98875847,-6.6354
2026,1,7,23,40,IMG_1839,0,0,0,0.013,0,0,0,0.987,0,0,0,0.011228643,3.90E-05,0,0,0.911737635,3,12.11,6.915055562,-6.9571
2026,1,7,23,50,IMG_1840,0,0,0,0.006,0,0,0,0.994,0,0,0,0.004952216,5.60E-05,0,0,0.899468885,3,12.11,6.931142075,-6.6819
2026,1,8,0,0,IMG_1841,0,0,0,0.007,0,0,0,0.992,0,0,0,0.005774151,0.000305987,0,0,0.868067728,2,12.16,6.933414511,-7.4044
2026,1,8,0,10,IMG_1842,0,0,0,0.011,0.005,0,0,0.985,0,0,0,0.008192841,0.003535276,0,0,0.854466444,3,12.15,6.969948819,-8.5033
2026,1,8,0,20,IMG_1843,0,0,0,0.009,0.004,0,0,0.987,0,0,0,0.007394922,0.002788078,0,0,0.858391812,3,12.15,6.940920804,-7.0202
2026,1,8,0,30,IMG_1844,0,0,0,0.01,0.002,0,0,0.988,0,0,0,0.007949339,0.00119188,0,0,0.867572679,3,12.2,6.866597307,-11.599
2026,1,8,0,40,IMG_1845,0,0,0,0.005,0.001,0,0,0.994,0,0,0,0.004231656,0.000478944,0,0,0.886437951,2,12.28,6.859709885,-6.9874
2026,1,8,0,50,IMG_1846,0,0,0,0.003,0.001,0,0,0.996,0,0,0,0.002321214,0.00060918,0,0,0.885099745,3,12.2,6.963659308,-6.6699
2026,1,8,1,0,IMG_1847,0,0,0,0.003,0,0,0,0.997,0,0,0,0.002309135,5.12E-05,0,0,0.906354252,3,12.25,7.219056983,-6.4682
2026,1,8,1,10,IMG_1848,0,0,0,0.007,0.004,0,0,0.989,0,0,0,0.005827764,0.003144531,0,0,0.868654349,3,12.29,7.378048679,-9.0569
2026,1,8,1,20,IMG_1849,0,0,0,0.011,0,0,0,0.989,0,0,0,0.009760584,8.10E-05,0,0,0.882212365,3,12.24,7.269701358,-6.9969
2026,1,8,1,30,IMG_1850,0,0,0,0.003,0,0,0,0.997,0,0,0,0.002315084,0.000304755,0,0,0.880892105,3,12.26,7.299329397,-7.4272
2026,1,8,1,40,IMG_1851,0,0,0,0.003,0,0,0,0.997,0,0,0,0.00233294,5.64E-05,0,0,0.889416917,3,12.25,7.322912741,-8.8472
2026,1,8,1,50,IMG_1852,0,0,0,0.456,0.126,0,0,0.418,0,0,0,0.397258819,0.104749422,0,0,0.351205311,2,12.2,7.30661171,-8.185
2026,1,8,2,0,IMG_1853,0,0,0,0.092,0.018,0,0,0.89,0,0,0,0.074926675,0.013235592,0,0,0.774738732,2,12.06,7.376758939,-8.4185
2026,1,8,2,10,IMG_1854,0,0,0,0.792,0.167,0,0,0.041,0,0,0,0.659432414,0.094238131,0,0,0.0343545,2,11.93,7.420019412,-9.5547
2026,1,8,2,20,IMG_1855,0,0,0,0.132,0.864,0,0,0.004,0,0,0,0.114902464,0.666369516,0,0,0.003403388,2,11.92,7.433404227,-8.4354
2026,1,8,2,30,IMG_1856,0,0,0,0.029,0.851,0,0,0.12,0,0,0,0.024711569,0.711170553,0,0,0.09831404,2,11.92,7.440822794,-9.8665
2026,1,8,2,40,IMG_1857,0,0,0,0.101,0.895,0,0,0.003,0,0,0,0.076140032,0.699028448,0,0,0.002226623,2,11.97,7.500231734,-10.381
2026,1,8,2,50,IMG_1858,0,0,0,0.404,0.59,0,0,0.005,0,0,0,0.326058045,0.458327945,0,0,0.004041617,2,11.97,7.525746343,-15.1565
2026,1,8,3,0,IMG_1859,0,0,0,0.404,0.019,0,0,0.576,0,0,0,0.356780551,0.015860907,0,0,0.487368081,3,12.02,7.514073361,-7.896
2026,1,8,3,10,IMG_1860,0,0,0,0.021,0.63,0,0,0.35,0,0,0,0.017043975,0.529690385,0,0,0.301107242,2,12.25,7.458141592,-8.897
2026,1,8,3,20,IMG_1861,0,0,0,0.031,0.01,0,0,0.959,0,0,0,0.026858323,0.008497566,0,0,0.842526427,2,12.34,7.465233461,-7.9513
2026,1,8,3,30,IMG_1862,0,0,0,0.011,0.001,0,0,0.988,0,0,0,0.009365159,0.000466925,0,0,0.869684555,3,12.29,7.479994376,-6.9522
2026,1,8,19,30,IMG_1863,0.061,0,0,0.939,0,0,0,0,0.035646477,0,0,0.547441556,0,0,0,0,1,10.78,6.208006525,-36.5229
2026,1,8,19,40,IMG_1864,0.059,0,0,0.941,0,0,0,0,0.03488747,0,0,0.550396635,0,0,0,0,1,10.76,6.176536171,-37.9426
2026,1,8,19,50,IMG_1865,0.021,0,0,0.979,0,0,0,0,0.012861899,0,0,0.567325518,0,0,0,0,1,10.65,6.150475932,-37.3712
2026,1,8,20,0,IMG_1866,0.073,0,0,0.927,0,0,0,0,0.044829845,0,0,0.536032384,0,0,0,0,1,10.66,6.147502766,-37.3803
2026,1,8,20,10,IMG_1867,0.07,0,0,0.93,0,0,0,0,0.043658323,0,0,0.532627201,0,0,0,0,1,10.78,6.129074465,-37.6799
2026,1,8,20,20,IMG_1868,0.136,0,0,0.864,0,0,0,0,0.082442706,0,0,0.497518149,0,0,0,0,1,10.64,6.068358431,-37.5168
2026,1,8,20,30,IMG_1869,0.098,0,0,0.902,0,0,0,0,0.061388987,0,0,0.507859075,0,0,0,0,1,10.65,6.00857951,-37.1767
2026,1,8,20,40,IMG_1870,0.157,0,0,0.843,0,0,0,0,0.098030732,0,0,0.477738319,0,0,0,0,1,10.65,6.040873178,-35.9872
2026,1,8,20,50,IMG_1871,0.168,0,0,0.832,0,0,0,0,0.104507151,0,0,0.470211253,0,0,0,0,1,10.6,6.064766356,-36.2136
2026,1,8,21,0,IMG_1872,0.166,0,0,0.834,0,0,0,0,0.108239859,0,0,0.452903643,0,0,0,0,1,10.38,6.103244113,-35.9589
2026,1,8,21,10,IMG_1873,0.216,0,0,0.784,0,0,0,0,0.139641188,0,0,0.425120575,0,0,0,0,1,10.4,6.104223322,-36.6092
2026,1,8,21,20,IMG_1874,0.255,0,0,0.745,0,0,0,0,0.165007422,0,0,0.401524407,0,0,0,0,1,10.6,6.103786889,-35.8672
2026,1,8,21,30,IMG_1875,0.26,0,0,0.74,0,0,0,0,0.168268202,0,0,0.392896342,0,0,0,0,1,10.51,6.134190305,-36.0042
2026,1,8,21,40,IMG_1876,0.272,0,0,0.728,0,0,0,0,0.177943532,0,0,0.387571116,0,0,0,0,1,10.33,6.211524793,-35.0745
2026,1,8,21,50,IMG_1877,0.329,0,0,0.671,0,0,0,0,0.212658256,0,0,0.359896184,0,0,0,0,1,10.32,6.242099529,-35.7643
2026,1,8,22,0,IMG_1878,0.301,0,0,0.699,0,0,0,0,0.195564198,0,0,0.36864695,0,0,0,0,1,10.5,6.293171705,-35.8922
2026,1,8,22,10,IMG_1879,0.313,0,0,0.687,0,0,0,0,0.208817135,0,0,0.35090607,0,0,0,0,1,10.48,6.292971028,-36.0684
2026,1,8,22,20,IMG_1880,0.365,0,0,0.635,0,0,0,0,0.243802464,0,0,0.32415936,0,0,0,0,1,10.46,6.285024121,-36.1703
2026,1,8,22,30,IMG_1881,0.366,0,0,0.634,0,0,0,0,0.247300331,0,0,0.314934157,0,0,0,0,1,10.5,6.241794918,-35.8278
2026,1,8,22,40,IMG_1882,0.367,0,0,0.633,0,0,0,0,0.248035239,0,1.47E-06,0.313728433,0,0,0,0,1,10.46,6.289858755,-35.0954
2026,1,8,22,50,IMG_1883,0.414,0,0,0.586,0,0,0,0,0.276398941,0,5.50E-05,0.295214138,0,0,0,0,1,10.42,6.299055595,-35.3693
2026,1,8,23,0,IMG_1884,0.396,0,0,0.604,0,0,0,0,0.271356227,0,0,0.296746883,0,0,0,0,1,10.42,6.299055595,-35.6223
2026,1,8,23,10,IMG_1885,0.455,0,0,0.545,0,0,0,0,0.308335276,0,0,0.266162387,0,0,0,0,1,10.55,6.241114202,-36.6403
2026,1,8,23,20,IMG_1886,0.485,0,0,0.515,0,0,0,0,0.333030469,0,0,0.24865314,0,0,0,0,1,10.55,6.230417372,-36.6985
2026,1,8,23,30,IMG_1887,0.465,0,0,0.535,0,0,0,0,0.320227096,0,1.24E-06,0.257110314,0,0,0,0,1,10.55,6.273204693,-36.0962
2026,1,8,23,40,IMG_1888,0.461,0,0,0.539,0,0,0,0,0.317586223,0,0,0.256784736,0,0,0,0,1,10.5,6.234039931,-36.4356
2026,1,8,23,50,IMG_1889,0.432,0,0,0.568,0,0,0,0,0.298396139,0,0,0.267797386,0,0,0,0,1,10.55,6.225555176,-36.2826
2026,1,9,0,0,IMG_1890,0.485,0,0,0.515,0,0,0,0,0.338161501,0,0,0.244757347,0,0,0,0,1,10.51,6.24670866,-36.6439
2026,1,9,0,10,IMG_1891,0.4,0,0,0.6,0,0,0,0,0.283043337,0,0,0.27662799,0,0,0,0,1,10.41,6.244953706,-35.758
2026,1,9,0,20,IMG_1892,0.426,0,0,0.574,0,0,0,0,0.298411989,0,0,0.270843555,0,0,0,0,1,10.41,6.255556343,-35.4105
2026,1,9,0,30,IMG_1893,0.415,0,0,0.585,0,0,0,0,0.28916555,0,0,0.274092811,0,0,0,0,1,10.38,6.276413082,-35.5523
2026,1,9,0,40,IMG_1894,0.475,0,0,0.525,0,0,0,0,0.329897746,0,0,0.248047258,0,0,0,0,1,10.42,6.199713576,-36.2576
2026,1,9,0,50,IMG_1895,0.492,0,0,0.508,0,0,0,0,0.341722288,0,0,0.241700105,0,0,0,0,1,10.46,6.148687444,-36.7891
2026,1,9,1,0,IMG_1896,0.488,0,0,0.512,0,0,0,0,0.338380995,0,0,0.241146484,0,0,0,0,1,10.41,6.095552899,-36.4181
2026,1,9,1,10,IMG_1897,0.43,0,0,0.57,0,0,0,0,0.301969389,0,0,0.262565309,0,0,0,0,1,10.37,6.059005712,-36.4004
2026,1,9,1,20,IMG_1898,0.389,0,0,0.611,0,0,0,0,0.27170776,0,0,0.282291369,0,0,0,0,1,10.32,5.988121888,-35.8185
2026,1,9,1,30,IMG_1899,0.372,0,0,0.628,0,0,0,0,0.259566451,0,0,0.293627922,0,0,0,0,1,10.43,5.887081995,-35.9583
2026,1,9,1,40,IMG_1900,0.37,0,0,0.63,0,0,0,0,0.256429785,0,0,0.295821019,0,0,0,0,1,10.43,5.924720716,-35.5081
2026,1,9,1,50,IMG_1901,0.402,0,0,0.598,0,0,0,0,0.272764866,0,0,0.283110975,0,0,0,0,1,10.28,5.917539651,-35.2028
2026,1,9,2,0,IMG_1902,0.338,0,0,0.662,0,0,0,0,0.236120703,0,0,0.30531857,0,0,0,0,1,10.33,5.945878295,-35.5185
2026,1,9,2,10,IMG_1903,0.288,0,0,0.712,0,0,0,0,0.203870756,0,0,0.32351748,0,0,0,0,1,10.37,5.930172521,-35.5681
2026,1,9,2,20,IMG_1904,0.354,0,0,0.646,0,0,0,0,0.246040783,0,2.36E-05,0.299509037,4.04E-05,0,0,0,1,10.23,5.905513509,-34.5511
2026,1,9,2,30,IMG_1905,0.298,0,0,0.702,0,0,0,0,0.209126164,0,0,0.321619148,4.82E-05,0,0,0,1,10.28,5.92231957,-35.3847
2026,1,9,2,40,IMG_1906,0.374,0,0.002,0.623,0,0,0,0,0.256405544,0,0.001430965,0.289781385,4.21E-05,0,0,0,1,10.14,5.90985283,-35.4635
2026,1,9,2,50,IMG_1907,0.301,0,0.005,0.695,0,0,0,0,0.211659976,0,0.002972671,0.315152066,1.72E-05,0,0,0,1,10.23,5.884548316,-35.1121
2026,1,9,3,0,IMG_1908,0.36,0,0,0.64,0,0,0,0,0.248372716,0,0,0.285902742,0,0,0,0,1,9.96,5.913055807,-34.2983
2026,1,9,3,10,IMG_1909,0.408,0,0,0.592,0,0,0,0,0.276277749,0,0,0.263172431,0,0,0,0,1,9.9,5.943778897,-35.6777
2026,1,9,3,20,IMG_1910,0.425,0,0.001,0.574,0,0,0,0,0.284889648,0,0.000345463,0.255985254,0,0,0,0,1,9.92,5.95319747,-34.969
2026,1,9,3,30,IMG_1911,0.4,0,0,0.6,0,0,0,0,0.266805416,0,6.67E-05,0.272446034,0,0,0,0,1,9.83,5.92578243,-35.119
2026,1,9,19,30,IMG_1912,0.179,0,0,0.821,0,0,0,0,0.10756416,0,0,0.462488597,0,0,0,0,1,12.52,7.677984964,-33.5543
2026,1,9,19,40,IMG_1913,0.213,0,0,0.787,0,0,0,0,0.127151886,0,0,0.442649091,0,0,0,0,1,12.46,7.697630336,-32.0333
2026,1,9,19,50,IMG_1914,0.214,0,0.004,0.782,0,0,0,0,0.127547311,0,0.002143547,0.44000601,0,0,0,0,1,12.37,7.677551655,-32.588
2026,1,9,20,0,IMG_1915,0.281,0,0,0.719,0,0,0,0,0.166907317,0,0,0.406144216,0,0,0,0,1,12.24,7.692433843,-32.2086
2026,1,9,20,10,IMG_1916,0.229,0,0,0.771,0,0,0,0,0.138039363,0,0,0.429232888,0,0,0,0,1,12.25,7.653952968,-32.2605
2026,1,9,20,20,IMG_1917,0.314,0,0,0.686,0,0,0,0,0.185519922,0,0,0.386688409,0,0,0,0,1,12.25,7.660443953,-31.0613
2026,1,9,20,30,IMG_1918,0.353,0,0,0.647,0,0,0,0,0.21117488,0,2.65E-06,0.360307227,0,0,0,0,1,12.15,7.618241143,-32.658
2026,1,9,20,40,IMG_1919,0.282,0,0,0.718,0,0,0,0,0.170900503,0,5.24E-06,0.393248347,0,0,0,0,1,12.15,7.625766925,-31.0382
2026,1,9,20,50,IMG_1920,0.334,0,0,0.666,0,0,0,0,0.199249361,0,0,0.365727607,0,0,0,0,1,11.92,7.662320012,-30.3218
2026,1,9,21,0,IMG_1921,0.375,0,0,0.625,0,0,0,0,0.23794819,0,0,0.331043727,0,0,0,0,1,11.83,7.637278984,-30.8427
2026,1,9,21,10,IMG_1922,0.42,0,0,0.58,0,0,0,0,0.268283286,0,1.08E-05,0.303521101,0,0,0,0,1,11.84,7.688451307,-31.1994
2026,1,9,21,20,IMG_1923,0.414,0,0,0.586,0,0,0,0,0.262394035,0,4.71E-06,0.305452224,0,0,0,0,1,11.84,7.728522785,-29.9667
2026,1,9,21,30,IMG_1924,0.444,0,0,0.556,0,0,0,0,0.279434976,0,2.42E-06,0.290997859,0,0,0,0,1,12.07,7.783592014,-31.2715
2026,1,9,21,40,IMG_1925,0.436,0,0,0.564,0,0,0,0,0.280591654,0,1.01E-05,0.288469727,0,0,0,0,1,11.97,7.81810123,-30.9438
2026,1,9,21,50,IMG_1926,0.442,0,0,0.558,0,0,0,0,0.288969088,0,0,0.279727802,0,0,0,0,1,11.59,7.705161405,-28.5029
2026,1,9,22,0,IMG_1927,0.47,0,0,0.53,0,0,0,0,0.31316268,0,0,0.260530611,0,0,0,0,1,10.88,7.728624271,-27.958
2026,1,9,22,10,IMG_1928,0.51,0,0,0.49,0,0,0,0,0.34501105,0,0,0.232293788,0,0,0,0,1,10.85,7.844849399,-30.0401
2026,1,9,22,20,IMG_1929,0.585,0,0,0.415,0,0,0,0,0.39669191,0,0,0.193779312,0,0,0,0,1,11.41,7.892828072,-31.3783
2026,1,9,22,30,IMG_1930,0.582,0,0,0.418,0,0,0,0,0.40041558,0,0,0.189982121,0,0,0,0,1,11.61,7.920626697,-31.345
2026,1,9,22,40,IMG_1931,0.654,0,0,0.346,0,0,0,0,0.447421612,0,7.31E-06,0.15946087,0,0,0,0,1,11.75,7.950462206,-31.3446
2026,1,9,22,50,IMG_1932,0.632,0,0,0.368,0,0,0,0,0.434782625,0,0,0.166721815,0,0,0,0,1,11.7,7.974769265,-32.274
2026,1,9,23,0,IMG_1933,0.659,0,0,0.341,0,0,0,0,0.459115204,0,0,0.152008744,0,0,0,0,1,11.7,7.953862805,-30.2863
2026,1,9,23,10,IMG_1934,0.734,0,0,0.266,0,0,0,0,0.509303328,0,0,0.120869216,0,0,0,0,1,11.69,8.009479456,-28.1774
2026,1,9,23,20,IMG_1935,0.669,0,0.008,0.323,0,0,0,0,0.475906453,0,0.003139581,0.141334105,0,0,0,0,1,11.62,8.0275165,-28.8879
2026,1,9,23,30,IMG_1936,0.669,0,0,0.331,0,0,0,0,0.47411703,0,0,0.14336114,0,0,0,0,1,11.32,7.970884664,-27.0132
2026,1,9,23,40,IMG_1937,0.698,0,0,0.302,0,0,0,0,0.492061651,0,0,0.131200894,0,0,0,0,1,10.95,7.914342646,-26.6064
2026,1,9,23,50,IMG_1938,0.747,0,0,0.253,0,0,0,0,0.525616218,0,4.86E-06,0.109805604,0,0,0,0,1,11.18,8.124738147,-27.651
2026,1,10,0,0,IMG_1939,0.807,0,0,0.193,0,0,0,0,0.575959683,0,2.15E-06,0.082442112,0,0,0,0,1,11.02,7.998358157,-27.0733
2026,1,10,0,10,IMG_1940,0.811,0,0,0.189,0,0,0,0,0.583924249,0,0,0.080841286,0,0,0,0,1,10.92,7.992978748,-26.51
2026,1,10,0,20,IMG_1941,0.797,0,0,0.203,0,0,0,0,0.574147634,0,0,0.086803801,0,0,0,0,1,10.35,7.873857333,-26.397
2026,1,10,0,30,IMG_1942,0.791,0,0,0.209,0,0,0,0,0.568799782,0,2.97E-06,0.087537267,0,0,0,0,1,9.86,7.837916742,-26.7953
2026,1,10,0,40,IMG_1943,0.843,0,0,0.157,0,0,0,0,0.598724992,0,0,0.067509277,0,0,0,0,1,9.36,7.700706114,-26.5922
2026,1,10,0,50,IMG_1944,0.819,0,0,0.181,0,0,0,0,0.589333406,0,0,0.075720095,0,0,0,0,1,9.19,7.787116771,-26.7737
2026,1,10,1,0,IMG_1945,0.807,0,0,0.193,0,0,0,0,0.581262372,0,0,0.081049354,0,0,0,0,1,8.92,7.715262613,-26.8955
2026,1,10,1,10,IMG_1946,0.855,0,0,0.145,0,0,0,0,0.614479492,0,0,0.061769156,0,0,0,0,1,9.32,7.99588863,-29.139
2026,1,10,1,20,IMG_1947,0.8,0,0,0.2,0,0,0,0,0.574385487,0,1.62E-05,0.085076683,0,0,0,0,1,9.23,7.959051747,-29.336
2026,1,10,1,30,IMG_1948,0.757,0,0,0.243,0,0,0,0,0.545110855,0,0,0.104621041,0,0,0,0,1,9.14,7.931232681,-29.4976
2026,1,10,1,40,IMG_1949,0.783,0,0,0.217,0,0,0,0,0.570017969,0,0,0.09159988,0,0,0,0,1,9.09,7.95025589,-30.476
2026,1,10,1,50,IMG_1950,0.86,0,0,0.14,0,0,0,0,0.612843164,0,2.01E-05,0.058921657,0,0,0,0,1,9.12,7.867826195,-29.4777
2026,1,10,2,0,IMG_1951,0.826,0,0,0.174,0,0,0,0,0.591566977,0,5.98E-06,0.073471086,0,0,0,0,1,8.93,7.843021851,-29.118
2026,1,10,2,10,IMG_1952,0.767,0,0,0.233,0,0,0,0,0.548878643,0,0,0.099325421,0,0,0,0,1,9.2,8.068784702,-29.8563
2026,1,10,2,20,IMG_1953,0.761,0,0,0.239,0,0,0,0,0.541838266,0,6.16E-06,0.101774662,0,0,0,0,1,9.65,8.202461432,-30.9202
2026,1,10,2,30,IMG_1954,0.788,0,0,0.212,0,0,0,0,0.554006911,0,2.24E-06,0.089757347,0,0,0,0,1,9.87,8.085074458,-28.915
2026,1,10,2,40,IMG_1955,0.683,0,0,0.317,0,0,0,0,0.487222258,0,5.07E-06,0.129433624,0,0,0,0,1,9.7,7.942932265,-28.3271
2026,1,10,2,50,IMG_1956,0.665,0,0,0.335,0,0,0,0,0.472859337,0,0.000100601,0.137391887,0,0,0,0,1,10.03,8.026425677,-29.0284
2026,1,10,3,0,IMG_1957,0.685,0,0,0.314,0,0,0,0,0.480551675,0,0.000145087,0.133756363,7.39E-06,0,0,0,1,10.06,7.872010331,-30.9352
2026,1,10,3,10,IMG_1958,0.692,0,0.002,0.305,0.001,0,0,0,0.484834383,0,0.001548212,0.132261118,0.000966399,0,0,5.82E-05,1,9.91,7.816143233,-30.4182
2026,1,10,3,20,IMG_1959,0.616,0,0.004,0.362,0.014,0,0.004,0,0.434131025,0,0.002229304,0.153166804,0.011520816,0.000171477,0.003495418,0,1,9.93,7.816720271,-30.8081
2026,1,10,3,30,IMG_1960,0.619,0,0.014,0.352,0.014,0,0.001,0,0.435478824,0,0.008947844,0.148727171,0.011557963,0,0.000686689,0,1,9.86,7.716903776,-29.9565
2026,1,10,19,30,IMG_1961,0,0,0,0.55,0,0,0,0.45,0,0,0,0.519829139,7.36E-05,0,0,0.442738559,3,15.85,8.206937872,-7.5261
2026,1,10,19,40,IMG_1962,0,0,0,0.002,0.168,0,0,0.83,0,0,0,0.001551337,0.152999091,0,0,0.78884701,2,15.81,8.152096285,-8.7549
2026,1,10,19,50,IMG_1963,0,0,0,0,0.942,0,0,0.058,0,0,0,0.000343788,0.851933714,0,0,0.054630642,2,15.76,8.19992828,-10.5052
2026,1,10,20,0,IMG_1964,0,0,0,0,0.921,0,0,0.079,0,0,0,6.84E-06,0.819916429,0,0,0.074559533,2,15.67,8.174034086,-11.7436
2026,1,10,20,10,IMG_1965,0,0,0,0.013,0.685,0,0,0.303,0,0,0,0.010803966,0.612125195,0,0,0.285722423,2,15.68,8.21371305,-9.0053
2026,1,10,20,20,IMG_1966,0,0,0,0,0.998,0,0,0.002,0,0,0,6.63E-06,0.871714806,0,0,0.00150909,2,15.62,8.210514463,-10.5326
2026,1,10,20,30,IMG_1967,0,0,0,0.05,0.094,0,0,0.855,0,0,0,0.041414055,0.08222506,0,0,0.761034593,2,15.62,8.199868739,-12.2696
2026,1,10,20,40,IMG_1968,0,0,0,0,0.927,0,0,0.073,0,0,0,8.18E-05,0.829414626,0,0,0.069159187,2,15.52,8.26139718,-11.0948
2026,1,10,20,50,IMG_1969,0,0,0,0.073,0.354,0,0,0.573,0,0,0,0.061010855,0.30987636,0,0,0.527599662,2,15.49,8.29918383,-10.8607
2026,1,10,21,0,IMG_1970,0,0,0,0.035,0.343,0,0,0.622,0,0,0,0.028665715,0.306305679,0,0,0.57523128,2,15.48,8.24796786,-10.4605
2026,1,10,21,10,IMG_1971,0,0,0,0.017,0,0,0,0.983,0,0,0,0.013166241,0.000127855,0,0,0.876299962,2,15.48,8.138452369,-11.3777
2026,1,10,21,20,IMG_1972,0,0,0,0.009,0.001,0,0,0.99,0,0,0,0.007197987,0.000947544,0,0,0.874753576,2,15.44,8.139777711,-11.3726
2026,1,10,21,30,IMG_1973,0,0,0,0.016,0.001,0,0,0.983,0,0,0,0.012335179,0.000884593,0,0,0.848585029,2,15.43,8.15720062,-11.3581
2026,1,10,21,40,IMG_1974,0,0,0,0.013,0,0,0,0.987,0,0,0,0.010250428,8.40E-05,0,0,0.870470455,2,15.4,8.176495398,-11.1279
2026,1,10,21,50,IMG_1975,0,0,0,0.021,0.005,0,0,0.974,0,0,0,0.016353899,0.004108954,0,0,0.846947085,3,15.31,8.158033002,-11.5147
2026,1,10,22,0,IMG_1976,0,0,0,0.016,0.001,0,0,0.983,0,0,0,0.012173182,0.000562079,0,0,0.838897055,2,15.26,8.264774992,-11.1659
2026,1,10,22,10,IMG_1977,0,0,0,0.014,0,0,0,0.986,0,0,0,0.01023119,0.000263071,0,0,0.827482505,3,15.26,8.26737889,-11.1493
2026,1,10,22,20,IMG_1978,0,0,0,0.012,0,0,0,0.988,0,0,0,0.008745936,9.48E-05,0,0,0.818851901,3,15.22,8.240802301,-11.9124
2026,1,10,22,30,IMG_1979,0,0,0,0.014,0.004,0,0,0.981,0,0,0,0.010585141,0.003570358,0,0,0.80240794,2,15.15,8.24975835,-11.7039
2026,1,10,22,40,IMG_1980,0,0,0,0.025,0.031,0,0,0.944,0,0,0,0.017939881,0.02504834,0,0,0.759595117,2,15.07,8.361550291,-11.9146
2026,1,10,22,50,IMG_1981,0,0,0,0.019,0.239,0,0,0.742,0,0,0,0.013989588,0.187248242,0,0,0.593931821,2,15.08,8.514736131,-11.9569
2026,1,10,23,0,IMG_1982,0,0,0,0.014,0.162,0,0,0.824,0,0,0,0.010212455,0.122294997,0,0,0.64993454,2,15.08,8.624196593,-12.6996
2026,1,10,23,10,IMG_1983,0,0,0,0.206,0.625,0,0,0.169,0,0,0,0.152093172,0.464928854,0,0,0.128311651,2,15.04,8.603217116,-13.0297
2026,1,10,23,20,IMG_1984,0,0,0,0.184,0.726,0,0,0.09,0,0,0,0.130984337,0.529087688,0,0,0.065775593,2,15.03,8.513244729,-12.9243
2026,1,10,23,30,IMG_1985,0,0,0,0.2,0.778,0,0,0.022,0,0,0,0.142291902,0.558835374,0,0,0.016609075,2,14.97,8.273679521,-13.3644
2026,1,10,23,40,IMG_1986,0,0,0,0.154,0.785,0,0,0.061,0,0,0,0.109592142,0.538827036,0,0,0.044723971,2,14.93,8.187180118,-14.0326
2026,1,10,23,50,IMG_1987,0,0,0,0.038,0.962,0,0,0,0,0,0,0.026909082,0.663106528,0,0,0,2,14.85,8.238770954,-13.1093
2026,1,11,0,0,IMG_1988,0,0,0,0.062,0.938,0,0,0,0,0,0,0.041422303,0.655687425,0,0,0,2,14.7,8.200185115,-12.9422
2026,1,11,0,10,IMG_1989,0,0,0,0.044,0.849,0,0,0.106,0,0,0,0.03085142,0.626635915,0,0,0.073035209,2,14.76,8.184813529,-12.5362
2026,1,11,0,20,IMG_1990,0,0,0,0.092,0.717,0,0,0.19,0,0,0,0.064585337,0.525364641,0,0,0.137155476,2,14.76,8.039580763,-12.8012
2026,1,11,0,30,IMG_1991,0,0,0,0.031,0.884,0,0,0.085,0,0,0,0.020388063,0.646605273,0,0,0.057342157,2,14.8,8.018718334,-12.6083
2026,1,11,0,40,IMG_1992,0,0,0,0.056,0.712,0,0,0.232,0,0,0,0.039069832,0.511560877,0,0,0.162914483,2,14.76,8.050946806,-12.2576
2026,1,11,0,50,IMG_1993,0,0,0,0.031,0.517,0,0,0.452,0,0,0,0.021608721,0.373647483,0,0,0.326125038,2,14.71,8.062921851,-12.1292
2026,1,11,1,0,IMG_1994,0,0,0,0.007,0.257,0,0,0.736,0,0,0,0.004815024,0.185442946,0,0,0.535665888,2,14.57,8.0828829,-11.9171
2026,1,11,1,10,IMG_1995,0,0,0,0.007,0.137,0,0,0.856,0,0,0,0.004824985,0.093171101,0,0,0.623743224,3,14.57,8.151540592,-11.6474
2026,1,11,1,20,IMG_1996,0,0,0,0.011,0.242,0,0,0.747,0,0,0,0.007631648,0.175622408,0,0,0.554814145,2,14.52,8.178928545,-12.1145
2026,1,11,1,30,IMG_1997,0,0,0,0.01,0.101,0,0,0.889,0,0,0,0.006616677,0.07256425,0,0,0.672670418,3,14.58,8.258949803,-11.8339
2026,1,11,1,40,IMG_1998,0,0,0,0.008,0.339,0,0,0.653,0,0,0,0.005352389,0.251712267,0,0,0.487335532,2,14.61,8.220297176,-12.2077
2026,1,11,1,50,IMG_1999,0,0,0,0.002,0.666,0,0,0.333,0,0,0,0.000995913,0.495504575,0,0,0.235907572,2,14.7,8.214026152,-12.0103
2026,1,11,2,0,IMG_2000,0,0,0,0.008,0.632,0,0,0.36,0,0,0,0.005108586,0.467570553,0,0,0.255018592,2,14.71,8.229115743,-12.3863
2026,1,11,2,10,IMG_2001,0,0,0,0.02,0.512,0,0,0.468,0,0,0,0.012908917,0.361930003,0,0,0.327076232,2,14.56,8.200204025,-12.7087
2026,1,11,2,20,IMG_2002,0,0,0,0.08,0.835,0,0,0.085,0,0,0,0.050441294,0.58141226,0,0,0.056842593,2,14.61,8.103919091,-14.3293
2026,1,11,2,30,IMG_2003,0,0,0,0,1,0,0,0,0,0,0,0.000222942,0.636758489,0,0,0,2,14.63,8.09127647,-17.3839
2026,1,11,2,40,IMG_2004,0,0,0,0.151,0.849,0,0,0,0,0,0,0.089304973,0.478563499,0,0,0,2,14.57,8.022963459,-22.33
2026,1,11,2,50,IMG_2005,0.035,0,0,0.284,0.6,0.032,0.049,0,0.027453305,0,0.000128561,0.163396995,0.275414461,0.008645921,0.016111486,0,1,14.31,8.057277483,-26.4186
2026,1,11,3,0,IMG_2006,0.265,0,0,0.225,0.38,0.055,0.075,0,0.200066106,0,4.39E-06,0.121694066,0.172144434,0.01941727,0.030386824,0,1,14.07,8.07275239,-30.9686
2026,1,11,3,10,IMG_2007,0.368,0,0.002,0.139,0.132,0.018,0.341,0,0.273890663,0,0.00092663,0.065872483,0.062387169,0.007751224,0.157362605,0,1,13.89,8.047458009,-31.6201
2026,1,11,3,20,IMG_2008,0.401,0,0.005,0.188,0.16,0.029,0.216,0,0.295166354,0,0.002015903,0.083910554,0.073420328,0.009866699,0.099955401,0,1,13.94,7.986947598,-32.7202
2026,1,11,3,30,IMG_2009,0.46,0,0.013,0.185,0.007,0,0.334,0,0.338795305,0,0.005635134,0.083036358,0.003959247,0.000132031,0.139808398,0,1,14.07,7.979530744,-31.6886
2026,1,11,19,30,IMG_2010,0.287,0,0,0.713,0,0,0,0,0.180685126,0,0,0.367794854,0,0,0,0,1,12.78,6.135892224,-36.5913
2026,1,11,19,40,IMG_2011,0.247,0,0,0.753,0,0,0,0,0.156440362,0,0,0.380729552,0,0,0,0,1,12.77,6.149966044,-35.6078
2026,1,11,19,50,IMG_2012,0.324,0,0,0.676,0,0,0,0,0.20164855,0,0,0.349359503,0,0,0,0,1,12.75,6.250591912,-36.3004
2026,1,11,20,0,IMG_2013,0.299,0,0,0.701,0,0,0,0,0.187793382,0,0,0.357587462,0,0,0,0,1,12.74,6.275713311,-36.4012
2026,1,11,20,10,IMG_2014,0.201,0,0,0.798,0,0,0,0,0.128709968,0,4.59E-05,0.392140189,0,0,0,0,1,12.76,6.372837083,-36.3496
2026,1,11,20,20,IMG_2015,0.293,0,0,0.707,0,0,0,0,0.18628883,0,0,0.355391977,0,0,0,0,1,12.74,6.392818322,-36.0177
2026,1,11,20,30,IMG_2016,0.369,0,0,0.631,0,0,0,0,0.229694156,0,0,0.323033534,0,0,0,0,1,12.66,6.442174511,-35.1712
2026,1,11,20,40,IMG_2017,0.359,0,0,0.641,0,0,0,0,0.224071605,0,0,0.324373295,0,0,0,0,1,12.65,6.482539758,-35.3262
2026,1,11,20,50,IMG_2018,0.333,0,0.002,0.664,0,0,0.001,0,0.216222483,0,0.001221274,0.327162876,0,0,0.00050148,0,1,12.75,6.55190593,-35.938
2026,1,11,21,0,IMG_2019,0.478,0,0.074,0.449,0,0,0,0,0.304226795,0,0.044063266,0.22603424,0,0,0,0,1,12.74,6.558995909,-36.4585
2026,1,11,21,10,IMG_2020,0.448,0.001,0.052,0.302,0.001,0.002,0.195,0,0.287649654,0.000535682,0.025724895,0.151506971,0.000454875,0.000989115,0.116737695,0,1,12.69,6.497542081,-35.2504
2026,1,11,21,20,IMG_2021,0.522,0,0.002,0.473,0,0,0.003,0,0.334419246,0,0.001437064,0.23585139,0.000125113,0,0.001812132,0,1,12.68,6.491288685,-34.0766
2026,1,11,21,30,IMG_2022,0.38,0.002,0.16,0.179,0.04,0.147,0.092,0,0.244564183,0.001187372,0.100013522,0.096178854,0.02293101,0.073476412,0.045513259,0,1,12.69,6.407483747,-35.1295
2026,1,11,21,40,IMG_2023,0.007,0,0.1,0.325,0.177,0,0.391,0,0.004771898,0.000277269,0.046974482,0.164499519,0.091109067,0,0.216431791,0,2,12.7,6.423698871,-22.6123
2026,1,11,21,50,IMG_2024,0,0.009,0.208,0.052,0.232,0,0.498,0,0.000124114,0.005227066,0.117331227,0.029341947,0.135719621,3.30E-06,0.268239799,0,2,12.79,6.445116929,-27.7986
2026,1,11,22,0,IMG_2025,0.019,0,0,0.063,0.423,0.022,0.473,0,0.008569974,0,0,0.032426886,0.24345459,0.013274271,0.268737658,0,2,12.79,6.483154418,-20.9018
2026,1,11,22,10,IMG_2026,0.017,0,0.003,0.295,0.611,0.071,0.004,0,0.010993292,0,0.001527622,0.147907715,0.357559833,0.046844689,0.001982287,0,2,12.83,6.572151219,-24.4463
2026,1,11,22,20,IMG_2027,0,0,0,0.427,0.354,0.216,0.002,0,0.000213431,0,0,0.193310269,0.139544922,0.092060119,0.000841849,0,2,12.83,6.638321342,-19.316
2026,1,11,22,30,IMG_2028,0.226,0.208,0.192,0.103,0,0,0.271,0,0.151810306,0.077387583,0.087236899,0.050071935,5.36E-05,0,0.123743788,0,2,12.84,6.687326296,-30.6805
2026,1,11,22,40,IMG_2029,0.29,0.015,0.098,0.021,0,0,0.575,0,0.19906377,0.006559082,0.040257527,0.010757474,9.51E-05,0,0.284871086,0,2,12.79,6.696835608,-22.7531
2026,1,11,22,50,IMG_2030,0.35,0.025,0.1,0.043,0.001,0.004,0.478,0,0.241095455,0.009512365,0.04907829,0.023205424,0.000408151,0.002626615,0.2606311,0,2,12.84,6.654781831,-27.1056
2026,1,11,23,0,IMG_2031,0.082,0.06,0.103,0.012,0,0,0.743,0,0.049374797,0.033556776,0.057831115,0.005854958,0,0,0.365414694,0,2,12.79,6.68900436,-23.5313
2026,1,11,23,10,IMG_2032,0.132,0.001,0.131,0.043,0.264,0,0.429,0,0.099530574,0.000588469,0.077970252,0.025021064,0.140799309,0.000264896,0.239154207,0,1,12.75,6.717070652,-32.9643
2026,1,11,23,20,IMG_2033,0.146,0,0.007,0.115,0.712,0.01,0.009,0,0.108170959,0,0.004811846,0.071261666,0.452976465,0.003241391,0.004184255,0,1,12.79,6.766198088,-27.7737
2026,1,11,23,30,IMG_2034,0,0,0,0.027,0.973,0,0,0,0,0,0,0.01231724,0.692092698,0,0,0,2,12.92,6.840104446,-13.9773
2026,1,11,23,40,IMG_2035,0.6,0,0.003,0.194,0.108,0.093,0.002,0,0.423197529,0,0.001849339,0.086648107,0.07150909,0.057826758,0.001142916,0,1,12.92,6.875066233,-28.8703
2026,1,11,23,50,IMG_2036,0.538,0,0.001,0.106,0.124,0.196,0.035,0,0.386873114,0,0.000369621,0.043374632,0.061354695,0.120286696,0.019485412,0,1,12.83,6.852533097,-32.7281
2026,1,12,0,0,IMG_2037,0.087,0,0.005,0.306,0.443,0.001,0.158,0,0.056874414,0,0.002008068,0.149982151,0.193414318,0.000362049,0.081557197,0,2,12.83,6.844682404,-21.2502
2026,1,12,0,10,IMG_2038,0,0,0,0.014,0.14,0,0,0.845,0,0,0,0.009934721,0.096316489,0,0,0.655451104,2,12.92,6.825443052,-16.7105
2026,1,12,0,20,IMG_2039,0,0,0,0.003,0.543,0,0,0.455,0,0,0,0.002194073,0.430779868,0,0,0.375772739,2,13.01,6.866988493,-9.1273
2026,1,12,0,30,IMG_2040,0,0,0,0.004,0.123,0,0,0.873,0,0,0,0.003070177,0.104999324,0,0,0.769264709,3,13.02,6.915497521,-7.0486
2026,1,12,0,40,IMG_2041,0,0,0,0.001,0.832,0,0,0.167,0,0,0,0.001004402,0.704949654,0,0,0.137756325,2,13.06,6.918985357,-6.7342
2026,1,12,0,50,IMG_2042,0,0,0,0.001,0.896,0,0,0.103,0,0,0,0.00055963,0.776682279,0,0,0.089563477,2,13.15,6.95646366,-6.1627
2026,1,12,1,0,IMG_2043,0,0,0,0,0.987,0,0,0.013,0,0,0,0,0.826452058,0,0,0.010703388,2,13.24,6.957305497,-9.1337
2026,1,12,1,10,IMG_2044,0,0,0,0,0.999,0,0,0.001,0,0,0,5.51E-06,0.801142856,0,0,0.000408391,2,13.24,7.018273948,-7.9767
2026,1,12,1,20,IMG_2045,0,0,0,0.003,0.983,0,0,0.014,0,0,0,0.002120628,0.746880889,0,0,0.0087923,2,13.24,7.013672556,-9.1066
2026,1,12,1,30,IMG_2046,0,0,0,0,0.998,0,0,0.002,0,0,0,4.86E-06,0.74046748,0,0,0.001297108,2,13.28,7.020645621,-9.0711
2026,1,12,1,40,IMG_2047,0,0,0,0,0.979,0,0,0.021,0,0,0,0.000224887,0.719201337,0,0,0.014836058,2,13.25,7.03297078,-10.139
2026,1,12,1,50,IMG_2048,0,0,0,0,0.923,0,0,0.077,0,0,0,0.000160254,0.702507219,0,0,0.05815758,2,13.24,7.052784392,-7.9889
2026,1,12,2,0,IMG_2049,0,0,0,0.001,0.779,0,0,0.219,0,0,0,0.000915437,0.607976232,0,0,0.173864476,2,13.25,7.066351492,-7.1242
2026,1,12,2,10,IMG_2050,0,0,0,0.005,0.46,0,0,0.535,0,0,0,0.003709938,0.372233894,0,0,0.446326713,3,13.24,7.076941703,-8.5667
2026,1,12,2,20,IMG_2051,0,0,0,0.014,0.9,0,0,0.086,0,0,0,0.010382084,0.727989663,0,0,0.071645485,2,13.3,7.114764528,-8.0792
2026,1,12,2,30,IMG_2052,0,0,0,0.006,0.001,0,0,0.994,0,0,0,0.004265828,0.000390655,0,0,0.857498114,3,13.33,7.137210132,-5.7049
2026,1,12,2,40,IMG_2053,0,0,0,0,0.983,0,0,0.017,0,0,0,2.04E-05,0.815646417,0,0,0.010442473,2,13.37,7.18152606,-6.9997
2026,1,12,2,50,IMG_2054,0,0,0,0.005,0.087,0,0,0.907,0,0,0,0.003915032,0.073133834,0,0,0.778171867,3,13.38,7.203364655,-6.3707
2026,1,12,3,0,IMG_2055,0,0,0,0,0.999,0,0,0.001,0,0,0,0,0.809338003,0,0,0.000390685,2,13.43,7.201179614,-7.5499
2026,1,12,3,10,IMG_2056,0,0,0,0.009,0.885,0,0,0.106,0,0,0,0.006962169,0.701604154,0,0,0.085205536,2,13.51,7.260188399,-6.5588
2026,1,12,3,20,IMG_2057,0,0,0,0.019,0.024,0,0,0.957,0,0,0,0.014916864,0.020660472,0,0,0.786805243,3,13.53,7.278513934,-5.1774
2026,1,12,3,30,IMG_2058,0,0,0,0.001,0.921,0,0,0.078,0,0,0,0.000574594,0.738102757,0,0,0.063683038,2,13.57,7.26712876,-5.5343
