Year,Month,Day,Time,Min,image_name,Clear,Cirrus,Cirrostratus,Stratus,Stratocumulus,Cumulus,Cirrocumulus,Nimbus,Clear_weighted,Cirrus_weighted,Cirrostratus_weighted,Stratus_weighted,Stratocumulus_weighted,Cumulus_weighted,Cirrocumulus_weighted,Nimbus_weighted,label,Temperature(C),Absolute_Humidity(g/m^3),Radiation Value
2021,10,26,19,30,IMG_0321,0.436,0,0.002,0.562,0,0,0.001,0,0.273757362,0,0.000680409,0.324701405,0,0,0.000315032,0,1,23.2,14.96756898,-25.2075
2021,10,26,19,40,IMG_0322,0.4,0,0.008,0.591,0,0,0,0,0.25811392,0,0.002966774,0.328814836,0,0,0,0,1,23.2,14.96756898,-25.5786
2021,10,26,19,50,IMG_0323,0.346,0,0.019,0.635,0,0,0,0,0.22097035,0,0.007188529,0.343916121,0,0,0,0,1,23.1,15.08911335,-24.7091
2021,10,26,20,0,IMG_0324,0.424,0,0.013,0.563,0,0,0,0,0.2726878,0,0.004955401,0.313440182,0,0,0,0,1,23,15.00319899,-25.4626
2021,10,26,20,10,IMG_0325,0.378,0,0.006,0.616,0,0,0,0,0.244443404,0,0.001927051,0.333322491,0,0,0,0,1,22.9,15.1220592,-23.8476
2021,10,26,20,20,IMG_0326,0.451,0,0,0.549,0,0,0,0,0.296557166,0,0,0.305286726,0,0,0,0,1,22.9,15.32641135,-24.8854
2021,10,26,20,30,IMG_0327,0.44,0,0.001,0.559,0,0,0,0,0.286166511,0,0.000147416,0.31263463,0,0,0,0,1,22.8,15.23900942,-23.526
2021,10,26,23,10,IMG_0328,0.759,0,0.026,0.111,0.003,0.001,0.099,0,0.552836336,1.61E-05,0.013793923,0.059767511,0.001621597,0.000472994,0.049817916,0,1,22.6,15.2663685,-22.9349
2021,10,26,23,20,IMG_0329,0.435,0,0.005,0.182,0,0.002,0.376,0,0.329192293,0,0.002690775,0.098009818,8.92E-05,0.000999189,0.156009262,0,1,22.5,15.17910453,-22.9028
2021,10,26,23,40,IMG_0331,0.498,0,0,0.185,0.003,0.312,0.002,0,0.360472874,0,2.62E-06,0.09822174,0.001263018,0.102701825,0.00086253,0,1,22.6,15.2663685,-16.2877
2021,10,26,23,50,IMG_0332,0.779,0,0,0.162,0.003,0.054,0.002,0,0.570967135,0,0,0.085689573,0.001312102,0.022899316,0.00083928,0,1,22.6,15.2663685,-20.1999
2021,10,27,0,0,IMG_0333,0.746,0,0,0.172,0,0.051,0.031,0,0.544331994,0,0.000137335,0.091323235,1.96E-05,0.013686576,0.013541076,0,1,22.4,15.09227145,-21.101
2021,10,27,1,40,IMG_0343,0.073,0,0,0.16,0.729,0.004,0.034,0,0.058109503,0,0,0.077315648,0.332998978,0.001088123,0.009852644,0,1,22.5,14.97937947,-15.0186
2021,10,27,1,50,IMG_0344,0.339,0,0,0.141,0.02,0.499,0,0,0.265502246,0,0,0.068145147,0.009149872,0.18734378,6.88E-05,0,1,22.6,15.06549523,-21.3082
2021,10,27,2,0,IMG_0345,0.337,0,0.012,0.123,0.006,0.006,0.516,0,0.252978117,0,0.004939874,0.058941451,0.00264037,0.002459848,0.204213416,0,1,22.5,15.17910453,-21.8937
2021,10,27,2,30,IMG_0348,0.457,0,0,0.122,0.004,0.416,0.001,0,0.326955687,0,0,0.054967593,0.00199858,0.121996462,0.000440144,0,1,22.3,15.00586751,-21.8038
2021,10,27,2,40,IMG_0349,0.856,0,0,0.116,0.005,0.021,0.002,0,0.657055611,0,0,0.052696845,0.001914979,0.008519952,0.000733819,0,1,22.3,14.80842188,-23.3859
2021,10,27,2,50,IMG_0350,0.892,0,0,0.103,0,0.005,0,0,0.676520756,0,0,0.047522949,0,0.001903576,0,0,1,22.3,14.80842188,-24.797
2021,10,27,3,0,IMG_0351,0.886,0,0.003,0.111,0,0,0,0,0.665888627,0,0.001252562,0.051296071,0,0,0.000230431,0,1,22.2,14.91989094,-24.6843
2021,10,27,3,10,IMG_0352,0.677,0.124,0.02,0.068,0,0,0.111,0,0.519737342,0.057271221,0.008489228,0.0316375,8.28E-06,0,0.032888679,0,1,22.1,15.02952867,-23.5069
2021,10,27,3,20,IMG_0353,0.26,0,0,0.084,0.004,0,0.652,0,0.192643465,2.33E-06,2.07E-05,0.039583421,0.002097356,0,0.183402239,0,1,22.2,14.91989094,-23.6533
2021,10,27,20,10,IMG_0359,0.096,0,0.013,0.324,0.271,0.001,0.296,0,0.063959751,7.45E-06,0.006382888,0.219144336,0.142085156,0.000579132,0.158203005,0,1,22.3,14.21608501,-24.8758
2021,10,27,20,20,IMG_0360,0.155,0,0.049,0.448,0.281,0.001,0.066,0,0.101798197,0,0.026903959,0.279592616,0.154788807,0.000283248,0.038020688,0,1,22.2,14.13463352,-23.7639
2021,10,27,20,30,IMG_0361,0.222,0,0.048,0.509,0.029,0.004,0.187,0,0.143532625,0.000188537,0.02706383,0.310143404,0.016150721,0.001845395,0.09583448,0,1,22.2,14.13463352,-24.5323
2021,10,27,21,0,IMG_0364,0.34,0,0,0.655,0,0.005,0,0,0.2243689,0,0,0.37822666,0,0.001884247,0,0,1,22.1,14.05358525,-25.3886
2021,10,27,21,10,IMG_0365,0.352,0,0,0.648,0,0,0,0,0.228592721,0,1.98E-06,0.374081205,0,0,0,0,1,22,14.16700714,-24.6913
2021,10,27,21,20,IMG_0366,0.294,0,0,0.706,0,0,0,0,0.198500894,0,0,0.388546852,0,0,0,0,1,22,13.97293855,-24.1929
2021,10,27,21,30,IMG_0367,0.412,0,0.001,0.563,0.003,0.017,0.005,0,0.274955604,0,0.00035622,0.322159518,0.001446522,0.0094452,0.002954845,0,1,21.9,13.89269177,-24.4352
2021,10,27,21,40,IMG_0368,0.356,0,0,0.643,0,0.002,0,0,0.242157512,0,0,0.353797461,1.41E-05,0.000574684,5.78E-06,0,1,22,13.97293855,-23.4367
2021,10,27,21,50,IMG_0369,0.373,0,0,0.627,0,0,0,0,0.251675947,0,4.57E-06,0.350541248,0,0,0,0,1,21.9,13.89269177,-23.6108
2021,10,27,22,0,IMG_0370,0.427,0,0.013,0.524,0,0.035,0,0,0.299082505,0,0.006631077,0.293231873,8.08E-06,0.013065963,0,0,1,21.9,13.89269177,-23.0736
2021,10,27,22,10,IMG_0371,0.36,0,0.064,0.542,0.003,0,0.032,0,0.249165167,0,0.023426893,0.297569614,0.001154763,0,0.013279132,0,1,21.8,14.0046883,-23.1017
2021,10,27,22,20,IMG_0372,0.436,0.008,0.171,0.386,0,0,0,0,0.302094471,0.004420162,0.07939689,0.224745891,0,0,0,0,1,21.8,14.0046883,-23.726
2021,10,27,22,30,IMG_0373,0.209,0.023,0.289,0.351,0,0,0.128,0,0.142895425,0.008606303,0.121323205,0.210093682,0,0,0.042819449,0,1,21.9,13.89269177,-24.1565
2021,10,27,22,40,IMG_0374,0.094,0.064,0.136,0.49,0.001,0,0.215,0,0.057384022,0.017010306,0.043803643,0.275970463,0.000316068,0,0.065941068,0,1,21.7,13.73339137,-22.4946
2021,10,27,23,0,IMG_0376,0.527,0,0.062,0.367,0,0.001,0.043,0,0.387456873,0.000184563,0.027431566,0.199791812,0,0.000228869,0.013638469,0,1,21.7,13.73339137,-23.9325
2021,10,28,0,30,IMG_0385,0.618,0,0.013,0.232,0.013,0.033,0.092,0,0.465057535,0,0.007578921,0.135633812,0.007065775,0.014242969,0.048508879,0,1,21.8,13.23730812,-22.7353
2021,10,28,1,40,IMG_0392,0.444,0,0.04,0.169,0.042,0.006,0.299,0,0.345566496,8.03E-05,0.016309563,0.094021815,0.022938852,0.002082625,0.123063371,0,1,21.9,13.12087556,-22.6745
2021,10,28,2,30,IMG_0397,0.162,0,0,0.201,0.613,0.024,0,0,0.129555732,0,0,0.088220651,0.321657444,0.008864506,0,4.57E-06,1,21.6,12.89576035,-22.8284
2021,10,28,2,40,IMG_0398,0.093,0,0,0.144,0.695,0.057,0.01,0,0.073451405,0,0,0.083836816,0.395016526,0.026691121,0.004659367,0,1,21.7,12.97042518,-22.3795
2021,10,29,0,10,IMG_0407,0.528,0,0,0.472,0,0,0,0,0.386381325,0,3.39E-06,0.246094546,0,0,0,0,1,20.4,12.20521241,-22.403
2021,10,29,0,20,IMG_0408,0.522,0,0,0.478,0,0,0,0,0.384549339,0,0,0.248569268,0,0,0,0,1,20.1,12.34096888,-24.7086
2021,10,29,0,30,IMG_0409,0.517,0,0,0.483,0,0,0,0,0.379208143,0,0,0.248707429,0,0,0,0,1,20.2,12.23844016,-22.8015
2021,10,29,0,40,IMG_0410,0.509,0,0,0.491,0,0,0,0,0.380694434,0,0,0.251575699,0,0,0,0,1,20.4,12.20521241,-24.3244
2021,10,29,0,50,IMG_0411,0.492,0,0,0.508,0,0,0,0,0.363853223,0,0,0.26062518,0,0,0,0,1,20.3,12.3100887,-24.9326
2021,10,29,1,0,IMG_0412,0.541,0,0,0.459,0,0,0,0,0.398241511,0,0,0.240019328,0,0,0,0,1,20.4,12.38209955,-23.3931
2021,10,29,1,20,IMG_0414,0.465,0,0,0.535,0,0,0,0,0.335713845,0,0,0.285012785,0,0,0,0,1,20.3,12.48594711,-24.3779
2021,10,29,23,0,IMG_0449,0.245,0,0.006,0.316,0.417,0.006,0.01,0,0.1823221,0,0.002743833,0.171419238,0.247782129,0.002729665,0.00358297,0,1,21,13.37136666,-19.1222
2021,10,30,21,50,IMG_0491,0.291,0,0,0.709,0,0,0,0,0.195893727,0,0,0.396133286,0,0,0,0,1,21.6,13.46469095,-23.9282
2021,10,30,22,0,IMG_0492,0.379,0,0,0.621,0,0,0,0,0.266346477,0,0,0.335095065,0,0,0,0,1,21.3,13.60589974,-22.618
2021,10,30,22,10,IMG_0493,0.361,0,0,0.639,0,0,0,0,0.250541068,0,0,0.337479965,0,0,0,0,1,21.2,13.7126362,-22.8781
2021,10,30,22,20,IMG_0494,0.456,0,0.002,0.527,0.005,0.007,0.004,0,0.32293131,0,0.001011764,0.289237868,0.003119494,0.00428892,0.002756408,0,1,20.8,13.76012184,-23.5532
2021,10,30,22,30,IMG_0495,0.193,0,0.003,0.626,0.007,0.171,0,0,0.133700984,0,0.001714776,0.314341564,0.002717142,0.062566046,0,0,1,20.9,13.47607835,-21.1942
2021,10,30,23,20,IMG_0500,0.27,0,0,0.205,0.01,0.516,0,0,0.199921049,0,0,0.12136277,0.006294779,0.209512072,0,0,1,21.2,13.34202441,-22.455
2021,10,30,23,30,IMG_0501,0.543,0.104,0.048,0.305,0,0,0,0,0.412864228,0.040355484,0.018003628,0.165568089,0,0,2.25E-05,0,1,21.1,13.26491818,-23.9844
2021,10,30,23,40,IMG_0502,0.609,0,0,0.391,0,0,0,0,0.450363431,0,0,0.200277058,0,0,0,0,1,21.2,13.34202441,-25.3477
2021,10,30,23,50,IMG_0503,0.339,0,0,0.401,0.086,0.161,0.012,0,0.260106964,0,0.000160194,0.203706934,0.039574053,0.082041001,0.003826179,0,1,21.1,13.26491818,-25.0056
2021,10,31,0,0,IMG_0504,0.2,0,0,0.27,0.002,0.527,0.001,0,0.153054004,0,0,0.151488942,0.001102825,0.231763176,0.000434225,0,1,20.9,13.29396919,-23.1403
2021,10,31,0,10,IMG_0505,0.633,0,0,0.308,0,0.058,0,0,0.47922476,0,0,0.161189401,0.000202178,0.033073535,1.75E-05,0,1,20.7,13.32033948,-23.1456
2021,10,31,0,20,IMG_0506,0.632,0,0,0.368,0,0,0,0,0.484815768,0,0,0.179700639,0,0,0,0,1,20.6,13.42201525,-23.218
2021,10,31,0,30,IMG_0507,0.659,0,0,0.341,0,0,0,0,0.503997746,0,0,0.169180604,0,0,0,0,1,20.4,13.44342237,-22.2017
2021,10,31,0,40,IMG_0508,0.66,0,0,0.34,0,0,0,0,0.497388912,0,0,0.171094809,0,0,0,0,1,20.2,13.63711904,-20.9039
2021,10,31,0,50,IMG_0509,0.637,0,0,0.363,0,0,0,0,0.485104988,0,0,0.180340723,0,0,0,0,1,20.1,13.55768412,-20.5957
2021,10,31,1,0,IMG_0510,0.632,0,0,0.322,0,0.046,0,0,0.471138056,0,5.15E-05,0.166115843,7.55E-05,0.022583549,3.42E-05,0,1,19.9,13.74360372,-18.8997
2021,10,31,1,30,IMG_0513,0.52,0,0.001,0.276,0.017,0.145,0.041,0,0.395510051,0,0.000702945,0.145571146,0.008987703,0.081619238,0.020065753,0,1,20.2,13.46228418,-22.7854
2021,10,31,2,10,IMG_0517,0.658,0,0,0.342,0,0,0,0,0.503596432,0,0,0.171151074,0,0,0,0,1,20.1,13.55768412,-19.3328
2021,10,31,2,20,IMG_0518,0.664,0,0,0.336,0,0,0,0,0.512672544,0,0,0.166835494,0,0,0,0,1,20,13.65145274,-22.7637
2021,10,31,2,30,IMG_0519,0.663,0,0,0.337,0,0,0,0,0.510507662,0,0,0.169372408,0,0,0,0,1,20,13.65145274,-20.3255
2021,10,31,2,40,IMG_0520,0.646,0,0,0.354,0,0,0,0,0.496264791,0,0,0.176885164,0,0,0,0,1,20,13.82425594,-23.4918
2021,10,31,2,50,IMG_0521,0.631,0,0,0.369,0,0,0,0,0.475684067,0,0,0.183309766,0,0,0,0,1,20,13.82425594,-22.7817
2021,10,31,3,20,IMG_0524,0.621,0,0,0.238,0,0.141,0,0,0.462874715,0,0,0.122159518,0.000242743,0.074987598,2.01E-05,0,1,20,13.99705914,-23.2216
2021,10,31,3,30,IMG_0525,0.587,0.003,0.07,0.253,0.015,0.035,0.036,0,0.446897093,0.002258406,0.037002524,0.13065764,0.007825406,0.012279349,0.01835752,0,1,20,13.82425594,-22.0087
2021,10,31,21,10,IMG_0536,0.512,0,0.044,0.279,0.001,0.009,0.155,0,0.347562628,5.52E-05,0.022119449,0.169963559,0.000379372,0.004692007,0.065630424,0,1,22.5,15.57855465,-21.3939
2021,11,1,2,0,IMG_0565,0.563,0,0,0.229,0,0.035,0.172,0,0.454153673,0,0,0.101360915,9.43E-06,0.009339386,0.052040828,0,1,22,14.74921292,-22.2103
2021,11,1,22,50,IMG_0575,0.61,0,0,0.39,0,0,0,0,0.446551833,0,0,0.197089844,0,0,0,0,1,21.7,13.16116673,-21.5961
2021,11,1,23,0,IMG_0576,0.518,0,0,0.322,0,0.16,0,0,0.385873866,0,0,0.150225684,6.27E-06,0.052325871,3.00E-06,0,1,21.6,13.27504742,-21.9477
2021,11,1,23,10,IMG_0577,0.733,0,0,0.267,0,0,0,0,0.544214686,0,0,0.128860322,0,0,0,0,1,21.5,13.198569,-21.9194
2021,11,1,23,20,IMG_0578,0.764,0,0,0.236,0,0,0,0,0.566260337,0,0,0.117093818,0,0,0,0,1,21.5,13.38711998,-24.3793
2021,11,1,23,30,IMG_0579,0.738,0,0,0.262,0,0,0,0,0.563422123,0,0,0.126984878,0,0,0,0,1,21.4,13.30993532,-23.7722
2021,11,1,23,40,IMG_0580,0.714,0,0,0.286,0,0,0,0,0.546425871,0,0,0.136829222,0,0,0,0,1,21.2,13.34202441,-23.7331
2021,11,1,23,50,IMG_0581,0.735,0,0,0.265,0,0,0,0,0.557793412,0,0,0.127192773,0,0,0,0,1,21.2,13.34202441,-24.1494
2021,11,2,0,0,IMG_0582,0.757,0,0,0.243,0,0,0,0,0.5825423,0,0,0.115639491,0,0,0,0,1,21.1,13.26491818,-24.5533
2021,11,2,0,10,IMG_0583,0.773,0,0,0.227,0,0,0,0,0.609049301,0,0,0.104124895,0,0,0,0,1,21.2,13.15671852,-24.6906
2021,11,2,0,20,IMG_0584,0.791,0,0,0.209,0,0,0,0,0.612597333,0,0,0.097564784,0,0,0,0,1,21.3,13.04675317,-24.5103
2021,11,2,0,30,IMG_0585,0.798,0,0,0.202,0,0,0,0,0.621732474,0,0,0.093419148,0,0,0,0,1,21.2,12.97141262,-23.7317
2021,11,2,0,40,IMG_0586,0.811,0,0,0.189,0,0,0,0,0.619043998,0,0,0.089101563,0,0,0,0,1,21,13.00502784,-23.8033
2021,11,2,0,50,IMG_0587,0.808,0,0,0.192,0,0,0,0,0.629096319,0,0,0.088843765,0,2.75E-05,0,0,1,21,13.00502784,-23.3053
2021,11,2,1,0,IMG_0588,0.82,0,0,0.18,0,0,0,0,0.632497641,0,0,0.082877396,0,0,0,0,1,21,12.82185844,-23.9749
2021,11,2,1,10,IMG_0589,0.807,0,0,0.193,0,0,0,0,0.624362748,0,0,0.087986982,0,0,0,0,1,21,12.82185844,-23.1971
2021,11,2,1,20,IMG_0590,0.825,0,0,0.175,0,0,0,0,0.645120868,0,0,0.081535517,0,0,0,0,1,20.9,12.92975085,-24.2585
2021,11,2,1,30,IMG_0591,0.825,0,0,0.175,0,0,0,0,0.640966842,0,0,0.081257452,0,0,0,0,1,21,12.82185844,-24.3873
2021,11,2,1,40,IMG_0592,0.801,0,0,0.199,0,0,0,0,0.629031686,0,0,0.090374715,0,0,0,0,1,21.1,13.08068321,-23.3044
2021,11,2,1,50,IMG_0593,0.814,0,0,0.186,0,0,0,0,0.642150646,0,0,0.087035577,0,0,0,0,1,21,13.00502784,-23.8029
2021,11,2,2,0,IMG_0594,0.82,0,0,0.18,0,0,0,0,0.636631611,0,0,0.084152141,0,0,0,0,1,21.1,13.08068321,-23.3529
2021,11,2,2,10,IMG_0595,0.827,0,0,0.173,0,0,0,0,0.644894186,0,0,0.082772228,0,0,0,0,1,21,13.18819725,-23.4336
2021,11,2,2,20,IMG_0596,0.817,0,0,0.183,0,0,0,0,0.632696079,0,0,0.087996499,0,0,0,0,1,20.8,13.21695914,-22.3953
2021,11,2,2,30,IMG_0597,0.768,0,0.011,0.214,0.001,0,0.006,0,0.595832332,0,0.00426241,0.103019599,0.00064683,0,0.002646236,0,1,21,13.37136666,-21.9552
2021,11,2,2,40,IMG_0598,0.521,0,0.001,0.401,0,0,0.076,0,0.4032327,0,0.000300661,0.179273039,0,0,0.015152539,0,1,21,13.37136666,-21.21
2021,11,3,21,40,IMG_0666,0.562,0,0.017,0.262,0.001,0.026,0.131,0,0.38855616,0,0.007764603,0.14560332,0.000516031,0.010014761,0.048383,0,1,22.1,14.83433999,-20.0193
2021,11,3,21,50,IMG_0667,0.668,0,0.082,0.251,0,0,0,0,0.465346552,0,0.038932497,0.141843036,0,0,0,0,1,22,14.74921292,-23.0745
2021,11,3,22,0,IMG_0668,0.696,0.025,0.065,0.21,0,0,0.004,0,0.490137808,0.013647927,0.033686223,0.118360374,0,0,0.002421229,0,1,22,14.94328151,-22.7
2021,11,3,22,10,IMG_0669,0.644,0.006,0.03,0.231,0,0.02,0.069,0,0.453948227,0.003506107,0.016168337,0.131377088,4.24E-06,0.01178883,0.038329207,0,1,21.9,14.85746203,-23.2423
2021,11,3,22,20,IMG_0670,0.665,0.008,0.019,0.306,0,0,0.001,0,0.482060712,0.005066076,0.010554447,0.164903696,0,0,0.000460532,0,1,21.9,14.66450798,-22.9887
2021,11,3,22,30,IMG_0671,0.573,0,0.047,0.352,0,0.017,0.011,0,0.417983361,0,0.02537669,0.182369524,0,0.003874256,0.00289348,0,1,21.9,14.66450798,-22.4044
2021,11,4,23,10,IMG_0702,0.777,0,0,0.223,0,0,0,0,0.57560305,0,0,0.114975811,0,0,0,0,1,22,16.68989883,-20.6929
2021,11,4,23,20,IMG_0703,0.8,0,0.003,0.197,0,0,0,0,0.596714363,0,0.002028598,0.104797085,0,0,0,0,1,22,16.68989883,-20.565
2021,11,4,23,30,IMG_0704,0.76,0,0,0.24,0,0,0,0,0.570871807,0,1.35E-06,0.12407811,0,0,0,0,1,22,16.68989883,-20.4486
2021,11,4,23,40,IMG_0705,0.745,0,0,0.255,0,0,0,0,0.559551457,0,3.00E-06,0.130688131,0,0,0,0,1,22,16.68989883,-21.1255
2021,11,4,23,50,IMG_0706,0.753,0,0,0.247,0,0,0,0,0.574709623,0,0,0.125378809,0,0,0,0,1,22,16.68989883,-20.5318
2021,11,5,0,0,IMG_0707,0.773,0,0,0.227,0,0,0,0,0.582888236,0,0,0.11623297,0,0,0,0,1,22,16.68989883,-20.2493
2021,11,5,0,10,IMG_0708,0.744,0,0,0.256,0,0,0,0,0.576306618,0,0,0.127394479,0,0,0,0,1,22,16.68989883,-20.8022
2021,11,5,0,20,IMG_0709,0.806,0,0,0.194,0,0,0,0,0.618428042,0,2.09E-06,0.102306926,0,0,0,0,1,22.1,16.78622683,-20.2614
2021,11,5,0,30,IMG_0710,0.771,0,0,0.229,0,0,0,0,0.597091083,0,0,0.117948986,0,0,0,0,1,22,16.49583024,-20.496
2021,11,5,0,40,IMG_0711,0.751,0,0,0.249,0,0,0,0,0.580746845,0,0,0.127399902,0,0,0,0,1,22,16.68989883,-19.8184
2021,11,5,0,50,IMG_0712,0.726,0,0,0.274,0,0,0,0,0.563028553,0,0,0.138726255,0,0,0,0,1,21.9,16.5940485,-19.6197
2021,11,5,1,0,IMG_0713,0.707,0,0,0.293,0,0,0,0,0.547216962,0,0,0.144716752,0,0,0,0,1,21.7,16.59451457,-20.697
2021,11,5,1,10,IMG_0714,0.735,0,0,0.265,0,0,0,0,0.570091384,0,0,0.133940542,0,0,0,0,1,21.7,16.59451457,-20.3755
2021,11,5,1,20,IMG_0715,0.737,0,0,0.263,0,0,0,0,0.57228312,0,0,0.134769163,0,0,0,0,1,21.8,16.69051893,-19.1136
2021,11,5,1,50,IMG_0718,0.712,0,0,0.288,0,0,0,0,0.55501588,0,0,0.141819614,0,0,0,0,1,21.6,16.68863104,-19.7229
2021,11,5,2,10,IMG_0720,0.701,0,0,0.299,0,0,0,0,0.541109037,0,0,0.147281355,0,0,0,0,1,21.6,16.68863104,-18.8977
2021,11,5,2,30,IMG_0722,0.669,0,0,0.331,0,0,0,0,0.518970057,0,0,0.161475361,0,0,0,0,1,21.4,16.68428512,-19.3354
2021,11,5,2,50,IMG_0724,0.74,0,0,0.26,0,0,0,0,0.582306866,0,0,0.135025721,0,0,0,0,1,21.5,16.96958871,-18.8246
2021,11,5,19,50,IMG_0731,0.003,0,0.03,0.789,0.14,0.036,0,0,0.00212684,0,0.013086471,0.491994103,0.085441827,0.024728861,0,0,1,23.3,18.60735961,-18.1922
2021,11,7,0,0,IMG_0805,0.59,0,0,0.41,0,0,0,0,0.446798407,0,0,0.199577945,0,0,0,0,1,23,16.03081535,-22.6882
2021,11,7,0,10,IMG_0806,0.648,0,0,0.352,0,0,0,0,0.485921297,0,0,0.170098332,0,0,0,0,1,22.9,15.73511566,-22.9901
2021,11,7,0,20,IMG_0807,0.67,0,0,0.33,0,0,0,0,0.506440956,0,0,0.159933308,0,0,0,0,1,22.8,15.645383,-22.9057
2021,11,7,0,30,IMG_0808,0.675,0,0,0.325,0,0,0,0,0.524211208,0,0,0.159157767,0,0,0,0,1,22.6,15.66811504,-21.8937
2021,11,7,0,40,IMG_0809,0.613,0,0,0.387,0,0,0,0,0.475534593,0,0,0.189129139,0,0,0,0,1,22.5,15.77827971,-22.3728
2021,11,7,0,50,IMG_0810,0.596,0,0,0.404,0,0,0,0,0.453708872,0,0,0.201716572,0,0,0,0,1,22.3,15.79565001,-21.7866
2021,11,7,1,0,IMG_0811,0.522,0,0.001,0.477,0,0,0,0,0.403076067,0,0.000322191,0.242173655,0,0,0,0,1,22.3,15.99309563,-21.4398
2021,11,7,1,10,IMG_0812,0.188,0,0.119,0.351,0.343,0,0,0,0.148388041,0,0.056862598,0.183808654,0.155739626,0,5.87E-05,0,1,22.1,16.0054721,-22.418
2021,11,7,2,0,IMG_0817,0.597,0,0,0.403,0,0,0,0,0.460675083,0,0,0.219606017,0,0,0,0,1,21.5,16.02683378,-23.0926
2021,11,7,2,10,IMG_0818,0.58,0,0,0.409,0.005,0.006,0,0,0.446841331,0,0,0.220761839,0.003229695,0.003733241,0,0,1,21.6,16.11970043,-22.8393
2021,11,7,2,20,IMG_0819,0.625,0,0,0.375,0,0,0,0,0.482085457,0,0,0.203002186,0,0,0,0,1,21.6,16.30934397,-23.9996
2021,11,7,2,30,IMG_0820,0.558,0,0,0.427,0.005,0.01,0,0,0.429979259,0,0,0.227145906,0.00235936,0.004421101,4.72E-05,0,1,21.5,16.21538477,-23.0997
2021,11,7,3,20,IMG_0825,0.428,0,0,0.181,0.255,0.092,0.044,0,0.33996262,0,0,0.104593968,0.134017901,0.047896432,0.021865069,0,1,21.3,16.02886818,-20.733
2021,11,7,3,30,IMG_0826,0.63,0,0,0.37,0,0,0,0,0.498388154,0,2.28E-05,0.173919389,0,0,0,0,1,21.4,16.12189348,-22.5625
2021,11,9,20,50,IMG_0933,0.04,0,0.006,0.075,0.776,0.002,0.1,0,0.028212876,0,0.004863251,0.05592047,0.567223588,0.000724955,0.050499211,0,1,16,8.447018396,-23.2049
2021,11,9,21,0,IMG_0934,0.092,0,0.068,0.211,0.319,0.004,0.305,0,0.066371785,0,0.054868585,0.165649482,0.240269989,0.001497311,0.166153666,0,1,16,8.310776164,-25.68
2021,11,10,20,50,IMG_0974,0.496,0,0,0.504,0,0,0,0,0.318118607,0,1.90E-05,0.290447716,0,0,0,0,1,,,-35.6876
2021,11,10,21,0,IMG_0975,0.439,0,0,0.561,0,0,0,0,0.287752637,0,0,0.3090625,0,0,0,0,1,,,-37.3016
2021,11,10,21,10,IMG_0976,0.513,0,0,0.487,0,0,0,0,0.331738161,0,6.39E-06,0.272582632,0,0,0,0,1,,,-35.6011
2021,11,10,21,20,IMG_0977,0.524,0,0,0.476,0,0,0,0,0.341651938,0,4.46E-05,0.262979297,0,0,0,0,1,,,-35.1805
2021,11,10,21,30,IMG_0978,0.527,0,0,0.473,0,0,0,0,0.34483273,0,2.01E-06,0.257250451,0,0,0,0,1,,,-36.7247
2021,11,10,21,40,IMG_0979,0.558,0,0,0.442,0,0,0,0,0.368069028,0,2.47E-05,0.240159871,0,0,0,0,1,,,-36.4079
2021,11,10,21,50,IMG_0980,0.567,0,0.001,0.432,0,0,0,0,0.377426262,0,0.000168329,0.232004087,0,0,0,0,1,,,-35.248
2021,11,10,22,0,IMG_0981,0.576,0,0,0.424,0,0,0,0,0.395127351,0,0,0.218169629,0,0,0,0,1,,,-37.5886
2021,11,10,22,10,IMG_0982,0.613,0,0,0.387,0,0,0,0,0.427899872,0,9.16E-06,0.196981994,0,0,0,0,1,,,-37.2693
2021,11,10,22,20,IMG_0983,0.65,0,0,0.35,0,0,0,0,0.451725113,0,3.57E-06,0.180269666,0,0,0,0,1,,,-36.1886
2021,11,10,22,30,IMG_0984,0.663,0,0,0.337,0,0,0,0,0.464219749,0,2.30E-06,0.17189209,0,0,0,0,1,,,-38.5404
2021,11,10,22,40,IMG_0985,0.694,0,0,0.306,0,0,0,0,0.489635915,0,0,0.15696099,0,0,0,0,1,,,-37.0075
2021,11,10,22,50,IMG_0986,0.688,0,0,0.312,0,0,0,0,0.490984458,0,5.88E-05,0.157163492,0,0,0,0,1,,,-34.9444
2021,11,10,23,0,IMG_0987,0.86,0,0,0.14,0,0,0,0,0.628854605,0,0,0.068582557,0,0,0,0,1,,,-38.6351
2021,11,10,23,10,IMG_0988,0.843,0,0,0.157,0,0,0,0,0.616036306,0,0,0.074938341,0,0,0,0,1,,,-36.0952
2021,11,10,23,20,IMG_0989,0.861,0,0,0.139,0,0,0,0,0.630686306,0,0,0.066743495,0,0,0,0,1,,,-37.1675
2021,11,10,23,30,IMG_0990,0.882,0,0,0.118,0,0,0,0,0.650430807,0,0,0.058195613,0,0,0,0,1,,,-35.0354
2021,11,10,23,40,IMG_0991,0.861,0,0,0.139,0,0,0,0,0.635973941,0,0,0.066570628,0,0,0,0,1,,,-37.4137
2021,11,10,23,50,IMG_0992,0.87,0,0,0.13,0,0,0,0,0.647689836,0,2.44E-06,0.062527133,0,0,0,0,1,,,-37.7419
2021,11,11,0,0,IMG_0993,0.866,0,0,0.134,0,0,0,0,0.651840738,0,0,0.062800481,0,0,0,0,1,15,8.591235753,-31.1062
2021,11,11,0,10,IMG_0994,0.875,0,0,0.125,0,0,0,0,0.663423415,0,0,0.05934822,0,0,0,0,1,15,8.591235753,-31.2767
2021,11,11,0,20,IMG_0995,0.86,0,0,0.14,0,0,0,0,0.658483188,0,0,0.064744621,0,0,0,0,1,14.7,8.687386972,-32.856
2021,11,11,0,30,IMG_0996,0.88,0,0,0.12,0,0,0,0,0.673994328,0,0,0.05613149,0,0,0,0,1,14.8,8.740539178,-31.3224
2021,11,11,0,40,IMG_0997,0.877,0,0,0.123,0,0,0,0,0.671156911,0,0,0.057671717,0,0,0,0,1,14.4,8.776844432,-28.9181
2021,11,11,0,50,IMG_0998,0.872,0,0,0.128,0,0,0,0,0.671377614,0,0,0.060202704,0,0,0,0,1,14.2,8.792150781,-28.8021
2021,11,11,1,0,IMG_0999,0.858,0,0,0.142,0,0,0,0,0.659883045,0,0,0.067157452,0,0,0,0,1,14,8.926234987,-28.3925
2021,11,11,1,10,IMG_1000,0.866,0,0,0.134,0,0,0,0,0.66741884,0,0,0.064327246,0,0,0,0,1,14,8.926234987,-30.295
2021,11,11,1,20,IMG_1001,0.868,0,0,0.132,0,0,0,0,0.66701419,0,0,0.063256355,0,0,0,0,1,13.9,8.991488747,-31.6526
2021,11,11,1,30,IMG_1002,0.85,0,0,0.15,0,0,0,0,0.658431723,0,0,0.07164855,0,0,0,0,1,13.9,8.991488747,-29.3702
2021,11,11,1,40,IMG_1003,0.844,0,0,0.156,0,0,0,0,0.655810682,0,0,0.07417995,0,0,0,0,1,14,9.167484582,-34.1779
2021,11,11,1,50,IMG_1004,0.842,0,0,0.158,0,0,0,0,0.655573385,0,0,0.073852547,0,0,0,0,1,13.9,9.111375264,-29.0122
2021,11,11,2,0,IMG_1005,0.857,0,0,0.143,0,0,0,0,0.662824932,0,0,0.067151886,0,0,0,0,1,13.9,9.23126178,-28.3536
2021,11,11,2,10,IMG_1006,0.871,0,0,0.129,0,0,0,0,0.676053568,0,2.77E-06,0.062070786,0,0,0,0,1,13.4,9.06778477,-32.1304
2021,11,11,2,20,IMG_1007,0.858,0,0,0.142,0,0,0,0,0.661764235,0,0,0.068100488,0,0,0,0,1,13.7,9.236893785,-31.2401
2021,11,11,2,30,IMG_1008,0.846,0,0,0.154,0,0,0,0,0.654327922,0,0,0.074613056,0,0,0,0,1,13.9,9.23126178,-33.3478
2021,11,11,2,40,IMG_1009,0.808,0,0,0.192,0,0,0,0,0.633227426,0,0,0.091724962,0,0,0,0,1,14.1,9.102526562,-34.1765
2021,11,11,2,50,IMG_1010,0.838,0,0,0.162,0,0,0,0,0.654206025,0,0,0.079099497,0,0,0,0,1,13.8,9.174716459,-34.5344
2021,11,11,3,0,IMG_1011,0.856,0,0,0.144,0,0,0,0,0.663367007,0,0,0.07080915,0,0,0,0,1,13.8,9.174716459,-34.5863
2021,11,11,3,10,IMG_1012,0.872,0,0,0.128,0,0,0,0,0.677304657,0,0,0.064302299,0,0,0,0,1,13.7,9.11847207,-33.4961
2021,11,11,3,20,IMG_1013,0.886,0,0,0.114,0,0,0,0,0.686243254,0,0,0.056639979,0,0,0,0,1,13.7,9.11847207,-30.3388
2021,11,11,3,30,IMG_1014,0.879,0,0,0.121,0,0,0,0,0.686954567,0,0,0.058973858,0,0,0,0,1,13.5,9.12385321,-32.3786
2021,11,11,23,0,IMG_1016,0.46,0,0,0.278,0.005,0.186,0.071,0,0.334880454,0,0,0.144814318,0.002432865,0.079414063,0.020890986,0,1,18.3,9.849573501,-28.2362
2021,11,11,23,10,IMG_1017,0.568,0,0.016,0.235,0.019,0.002,0.16,0,0.428274151,0,0.005654725,0.119335757,0.008936741,0.001004875,0.072239731,0,1,18.4,9.90811579,-31.1163
2021,11,11,23,30,IMG_1019,0.351,0,0,0.252,0.007,0.194,0.195,0,0.261396702,0,3.12E-06,0.125246484,0.003042518,0.073786058,0.069452186,0,1,18.3,9.849573501,-30.1548
2021,11,11,23,40,IMG_1020,0.415,0,0,0.294,0.003,0.289,0,0,0.310089911,0,0,0.13940287,0.001321146,0.093868014,1.17E-05,0,1,18.3,9.849573501,-30.0989
2021,11,11,23,50,IMG_1021,0.638,0,0.001,0.199,0.001,0.129,0.032,0,0.467827434,0,0.000588529,0.101852344,0.000533646,0.047345162,0.013224339,0,1,18.4,9.90811579,-30.8575
2021,11,12,0,0,IMG_1022,0.593,0,0.033,0.212,0.006,0.007,0.149,0,0.45627648,0,0.012566579,0.104463492,0.003224069,0.003655551,0.052965715,0,1,18.2,9.946748799,-30.2412
2021,11,12,0,10,IMG_1023,0.629,0,0,0.177,0.011,0.12,0.062,0,0.480284187,0,0.000150744,0.090276825,0.005365437,0.046318254,0.028023753,0,1,18.2,9.946748799,-29.335
2021,11,12,1,0,IMG_1028,0.433,0,0,0.197,0.029,0.008,0.332,0,0.332449624,0,1.32E-05,0.104458549,0.014343682,0.003881919,0.129619389,0,1,18.4,10.06538747,-23.127
2021,11,12,1,30,IMG_1031,0.345,0,0,0.267,0.018,0.368,0.003,0,0.248515242,0,0,0.140285577,0.009394561,0.142425766,0.001178561,0,1,18.6,10.02610441,-18.1448
2021,11,14,19,30,IMG_1137,0.224,0,0.002,0.774,0,0,0,0,0.130325488,0,0.000955236,0.453116489,0,0,3.86E-06,0,1,18.5,11.54901598,-29.7339
2021,11,14,19,40,IMG_1138,0.218,0,0.014,0.768,0,0,0,0,0.12763463,0,0.007771079,0.446346597,0,0,0,0,1,18.4,11.48083258,-29.6042
2021,11,14,19,50,IMG_1139,0.234,0,0.015,0.75,0,0,0,0,0.134544238,0,0.008315715,0.437340542,0,0,0,0,1,18.3,11.5693403,-30.3088
2021,11,14,20,0,IMG_1140,0.221,0,0.001,0.778,0,0,0,0,0.128344997,0,0.000309262,0.448527351,0,0.000136133,0.00018765,2.12E-05,1,18.3,11.5693403,-29.8016
2021,11,14,20,10,IMG_1141,0.189,0,0.019,0.791,0,0,0.001,0,0.111969884,0,0.009845222,0.449309781,0,0,0.000639168,0,1,18.2,11.65634625,-29.3249
2021,11,14,20,20,IMG_1142,0.181,0,0.031,0.788,0,0,0,0,0.106555108,0,0.015648475,0.447553733,0,0,0,0,1,18.2,11.65634625,-30.5437
2021,11,14,20,30,IMG_1143,0.135,0,0.017,0.848,0,0,0,0,0.081774872,0,0.008772949,0.471572311,0,0,0,0,1,18.3,11.72568274,-29.4861
2021,11,14,20,40,IMG_1144,0.158,0,0.022,0.82,0,0,0,0,0.091375023,0,0.011487996,0.461726172,0,0,0,0,1,18.3,11.72568274,-29.8595
2021,11,14,20,50,IMG_1145,0.175,0,0.012,0.813,0,0,0,0,0.101915655,0,0.006412523,0.453655611,0,0,0,0,1,18.3,11.72568274,-30.6604
2021,11,14,21,0,IMG_1146,0.108,0,0.003,0.89,0,0,0,0,0.065386531,0,0.001375083,0.477759736,0,0,0,0,1,18.3,11.72568274,-29.9933
2021,11,14,21,10,IMG_1147,0.169,0,0.022,0.809,0,0,0,0,0.097450128,4.91E-05,0.011998933,0.445436553,0,0,4.80E-06,0,1,18.2,11.65634625,-29.9795
2021,11,14,23,40,IMG_1148,0.425,0.001,0.139,0.435,0,0,0,0,0.280683271,0.000512703,0.059719201,0.223045493,0,0,0,0,1,18.5,11.70722168,-28.3095
2021,11,14,23,50,IMG_1149,0.561,0,0.004,0.435,0,0,0,0,0.378011463,0,0.000898881,0.217674512,0,0,0,0,1,18.4,11.63810426,-27.3898
2021,11,15,0,0,IMG_1150,0.654,0,0,0.346,0,0,0,0,0.439382835,0,8.60E-05,0.176338732,0,0,0,0,1,18.4,11.79537594,-28.1312
2021,11,15,0,10,IMG_1151,0.685,0,0.01,0.305,0,0,0,0,0.46489819,0,0.005994005,0.156868607,0,0,0,0,1,18.3,11.72568274,-27.3421
2021,11,15,0,20,IMG_1152,0.681,0,0.017,0.287,0,0.002,0.013,0,0.472991962,0,0.008658,0.148064168,0.000170598,0.001013063,0.006020989,0,1,18.3,11.72568274,-26.978
2021,11,15,0,30,IMG_1153,0.66,0,0.03,0.307,0,0,0.003,0,0.461215355,0,0.011678418,0.15932177,0,0,0.001381295,0,1,18.3,11.72568274,-27.5974
2021,11,15,0,40,IMG_1154,0.571,0,0.026,0.272,0,0,0.131,0,0.409513018,3.52E-05,0.012647236,0.138457948,0.0001673,5.64E-05,0.062775473,0,1,18.2,11.65634625,-27.6365
2021,11,15,0,50,IMG_1155,0.592,0,0.014,0.307,0.001,0,0.085,0,0.427172296,0,0.00712328,0.152668833,0.000584668,0.000127967,0.033210787,0,1,18.2,11.8117642,-26.7527
2021,11,15,1,20,IMG_1158,0.131,0.03,0.166,0.281,0.001,0,0.391,0,0.092369321,0.007804102,0.058083992,0.128693968,0.000445358,0,0.120202592,0,1,18.3,11.72568274,-25.3469
2021,11,15,1,30,IMG_1159,0.518,0,0.081,0.22,0.001,0,0.18,0,0.389546627,0,0.03245166,0.100336569,0.000497529,0,0.065470898,0,1,18.4,11.79537594,-26.4307
2021,11,15,1,40,IMG_1160,0.62,0,0.006,0.178,0.001,0,0.194,0,0.462402284,3.73E-05,0.00203723,0.084082707,0.000359428,0.000129357,0.067319148,0,1,18.3,11.72568274,-26.6458
2021,11,15,1,50,IMG_1161,0.792,0,0.063,0.138,0,0,0.007,0,0.591174174,3.89E-06,0.02382986,0.066343622,2.17E-05,0,0.002193742,0,1,18.3,11.72568274,-25.9053
2021,11,15,2,0,IMG_1162,0.84,0,0,0.129,0,0,0.031,0,0.628057189,0,1.18E-05,0.063590895,4.36E-06,2.64E-05,0.007301713,0,1,18.3,11.72568274,-25.9791
2021,11,15,2,10,IMG_1163,0.791,0,0.044,0.149,0,0.002,0.014,0,0.605621762,0,0.013925135,0.073893667,2.97E-06,0.000681911,0.004065032,0,1,18.3,11.72568274,-26.2444
2021,11,15,2,20,IMG_1164,0.525,0.305,0.042,0.122,0,0,0.006,0,0.399538942,0.091845628,0.013174196,0.062824842,8.95E-06,0,0.001657595,0,1,18.3,11.72568274,-24.471
2021,11,15,2,30,IMG_1165,0.345,0.226,0.26,0.169,0,0,0,0,0.281005724,0.063450789,0.073414378,0.083495741,0,0,9.81E-06,0,1,18.1,11.58736495,-20.7838
2021,11,15,2,40,IMG_1166,0.774,0.003,0.056,0.165,0,0,0.002,0,0.602233308,0.00124514,0.022001495,0.082827171,0,0,0.000875075,0,1,18.3,11.72568274,-25.4467
2021,11,15,22,40,IMG_1174,0.405,0,0.002,0.273,0.009,0.147,0.164,0,0.227573588,0,0.001365122,0.162213777,0.00539855,0.080850977,0.097052727,0,1,21.3,13.04675317,-20.3885
2021,11,15,23,30,IMG_1179,0.472,0,0,0.464,0,0.051,0.012,0,0.287897574,0,8.57E-05,0.240308496,0,0.021538755,0.006027494,0,1,21.3,13.23313536,-20.8422
2021,11,15,23,40,IMG_1180,0.43,0,0.005,0.447,0.002,0.103,0.013,0,0.269985269,0,0.002200992,0.227627967,0.000999955,0.055563935,0.006854199,0,1,21.3,13.23313536,-24.2654
2021,11,15,23,50,IMG_1181,0.462,0,0.008,0.475,0,0.055,0.001,0,0.293756393,0,0.003372453,0.239635449,0,0.027262853,0.000416609,0,1,21.4,13.4973992,-23.906
2021,11,16,0,0,IMG_1182,0.555,0,0.009,0.436,0,0,0,0,0.35299668,0,0.00450474,0.223111245,0,0,0,0,1,21.2,13.34202441,-24.7541
2021,11,16,0,10,IMG_1183,0.309,0.007,0.005,0.386,0,0,0.292,0,0.207647559,0.004706092,0.002614506,0.197205619,0,0,0.166251532,0,1,21.2,13.52733031,-24.4065
2021,11,16,0,30,IMG_1185,0.675,0,0,0.325,0,0,0,0,0.447936816,0,0,0.168336809,0,0,0,0,1,21.3,13.41951755,-23.6093
2021,11,16,0,40,IMG_1186,0.648,0,0,0.352,0,0,0,0,0.437817097,0,8.78E-06,0.178020568,0,0,0,0,1,21.3,13.60589974,-24.3713
2021,11,16,0,50,IMG_1187,0.686,0,0,0.314,0,0,0,0,0.467322596,0,2.12E-06,0.159248182,0,0,0,0,1,21.2,13.52733031,-23.7171
2021,11,16,1,0,IMG_1188,0.726,0,0,0.274,0,0,0,0,0.495844854,0,0,0.1389763,0,0,0,0,1,21.3,13.41951755,-22.3659
2021,11,16,1,10,IMG_1189,0.688,0,0,0.312,0,0,0,0,0.476464663,0,0,0.153407775,0,0,0,0,1,21.3,13.41951755,-25.6513
2021,11,16,1,20,IMG_1190,0.723,0,0,0.277,0,0,0,0,0.505218051,0,0,0.136449467,0,0,0,0,1,21.6,13.46469095,-25.751
2021,11,16,1,30,IMG_1191,0.722,0,0,0.278,0,0,0,0,0.51213294,0,0,0.134203373,0,0,0,0,1,21.5,13.38711998,-22.674
2021,11,16,1,40,IMG_1192,0.746,0,0,0.254,0,0,0,0,0.529133233,0,1.18E-05,0.122822251,0,0,0,0,1,21.6,13.46469095,-25.3645
2021,11,16,1,50,IMG_1193,0.718,0,0,0.282,0,0,0,0,0.513675466,0,0,0.13297482,0,0,0,0,1,21.7,13.54264982,-24.0782
2021,11,16,2,0,IMG_1194,0.768,0,0,0.202,0,0.03,0,0,0.554857302,0,0,0.0971753,0,0.013459653,0,0,1,21.6,13.46469095,-23.0511
2021,11,16,2,10,IMG_1195,0.771,0,0,0.224,0,0.005,0,0,0.561948798,0,0,0.105214138,0.000146913,0.00224082,0,0,1,21.6,13.46469095,-25.3707
2021,11,16,2,20,IMG_1196,0.798,0,0,0.202,0,0,0,0,0.591547183,0,0,0.093861531,0,0,0,0,1,21.6,13.46469095,-23.9475
2021,11,16,2,30,IMG_1197,0.819,0,0,0.181,0,0,0,0,0.602880784,0,0,0.08302313,0,0,0,0,1,21.5,13.38711998,-22.8524
2021,11,16,2,40,IMG_1198,0.86,0,0,0.139,0,0.001,0,0,0.642153914,0,0,0.064878335,0,0.000132715,0,0,1,21.6,13.46469095,-24.5047
2021,11,16,2,50,IMG_1199,0.852,0,0,0.148,0,0,0,0,0.639276285,0,0,0.067112057,0,0,0,0,1,21.4,13.30993532,-25.5496
2021,11,16,3,0,IMG_1200,0.857,0,0,0.122,0,0.02,0.001,0,0.660472461,0,0,0.055453959,0,0.00418608,0.000190242,0,1,21.6,13.46469095,-24.8225
2021,11,16,3,10,IMG_1201,0.887,0,0,0.111,0,0.002,0,0,0.677520913,0,0,0.050754883,0,0.000330206,0,0,1,21.4,13.30993532,-22.3898
2021,11,16,3,20,IMG_1202,0.822,0,0,0.106,0,0.072,0,0,0.631642097,0,1.71E-06,0.047444734,0,0.013132925,0,0,1,21.4,13.30993532,-24.2391
2021,11,16,3,30,IMG_1203,0.877,0,0,0.097,0,0.027,0,0,0.686290798,0,0,0.042771935,0,0.006305792,0,0,1,21.5,13.38711998,-24.1723
2021,11,17,2,0,IMG_1243,0.24,0.015,0.292,0.078,0,0,0.376,0,0.148244486,0.0081795,0.160881881,0.043942157,0,0,0.174060382,0,1,22.1,14.05358525,-23.6583
2021,11,17,2,10,IMG_1244,0.171,0.473,0.288,0.019,0,0.036,0.013,0,0.106849609,0.176039784,0.149619328,0.011934067,0.000141962,0.020714581,0.007164844,0,1,21.9,13.89269177,-21.6738
2021,11,17,21,0,IMG_1262,0,0,0,1,0,0,0,0,0,0,0,0.726605657,0,0,0,0,1,21.1,18.42349747,-14.8423
2021,11,17,21,10,IMG_1263,0,0,0,1,0,0,0,0,0,0,0,0.725610006,4.95E-06,0,0,0,1,20.9,18.2109167,-17.4135
2021,11,17,21,20,IMG_1264,0,0,0,1,0,0,0,0,0,0,0,0.733091887,9.81E-06,0,0,0,1,20.9,18.2109167,-15.092
2021,11,18,22,10,IMG_1318,0.308,0,0,0.216,0.006,0.464,0.007,0,0.131921011,0,0,0.173573836,0.004179011,0.285218675,0.004075548,0,1,19.9,17.17950465,-12.981
2021,11,18,22,20,IMG_1319,0.457,0,0.14,0.343,0,0,0.06,0,0.219756611,3.44E-05,0.115248753,0.223848099,0.000200586,5.30E-06,0.041064701,0,1,19.7,16.97939886,-17.8923
2021,11,19,19,30,IMG_1351,0.189,0,0.001,0.567,0.006,0.229,0.007,0,0.090261861,0,0.000955499,0.385409863,0.003850691,0.150135216,0.004301089,0,1,21,15.38623013,-26.4134
2021,11,19,19,40,IMG_1352,0.114,0,0,0.341,0.078,0.433,0.034,0,0.050647446,0,0,0.247062861,0.060676668,0.334018344,0.025779244,0,1,21.1,15.65997285,-24.1711
2021,11,19,19,50,IMG_1353,0.063,0,0,0.34,0.005,0.591,0,0,0.028201007,0,0,0.240582459,0.004277224,0.412422198,5.07E-05,0,1,21.1,15.65997285,-21.073
2021,11,19,20,0,IMG_1354,0.117,0,0,0.366,0.003,0.514,0,0,0.057248836,0,0,0.267223265,0.002577096,0.352293555,3.59E-05,0,1,21.1,15.84420783,-21.2035
2021,11,19,20,10,IMG_1355,0.211,0,0.001,0.742,0.001,0.044,0.002,0,0.108379965,0,0.000380078,0.481603155,0.001064851,0.033126119,0.001133932,0,1,21.1,15.84420783,-23.3326
2021,11,19,20,20,IMG_1356,0.258,0,0,0.688,0,0.053,0.001,0,0.131137883,0,0,0.450701825,1.71E-05,0.038702103,0.000828914,0,1,21,15.75256894,-25.4287
2021,11,19,20,30,IMG_1357,0.191,0,0,0.809,0,0,0,0,0.101777021,0,0,0.527705536,0,0,0,0,1,20.8,15.57066419,-26.5249
2021,11,19,20,40,IMG_1358,0.215,0,0,0.785,0,0,0,0,0.114067097,0,0,0.518201683,0,0,0,0,1,20.8,15.57066419,-26.449
2021,11,19,20,50,IMG_1359,0.159,0,0.022,0.819,0,0,0,0,0.087700083,0,0.011759225,0.527909127,0,0,0,0,1,20.7,15.48039453,-26.083
2021,11,19,21,0,IMG_1360,0.228,0,0.003,0.768,0,0,0,0,0.123188514,0,0.003303313,0.499526923,0,0,0,0,1,20.8,15.57066419,-26.8316
2021,11,19,21,10,IMG_1361,0.2,0,0,0.8,0,0,0,0,0.107948069,0,0,0.520836133,0,0,0,0,1,20.7,15.48039453,-26.0865
2021,11,19,21,20,IMG_1362,0.152,0,0.012,0.836,0,0,0,0,0.082982039,0,0.005951082,0.53712337,0,0,0,0,1,20.7,15.30038994,-26.2702
2021,11,19,21,30,IMG_1363,0.201,0,0,0.799,0,0,0,0,0.109499639,0,9.16E-06,0.516623453,0,0,0,0,1,20.7,15.48039453,-26.9615
2021,11,19,21,40,IMG_1364,0.194,0,0,0.806,0,0,0,0,0.105549557,0,0,0.519111313,0,0,0,0,1,20.6,15.39057748,-25.2963
2021,11,19,21,50,IMG_1365,0.191,0,0,0.809,0,0,0,0,0.10129239,0,0,0.520438642,0,0,0,0,1,20.5,15.30121118,-26.0602
2021,11,19,22,0,IMG_1366,0.165,0,0,0.835,0,0,0,0,0.088746582,0,0,0.531616264,0,0,0,0,1,20.5,15.12329012,-25.593
2021,11,19,22,10,IMG_1367,0.239,0,0,0.761,0,0,0,0,0.126510006,0,8.95E-06,0.492152178,0,0,0,0,1,20.5,15.30121118,-25.7338
2021,11,19,22,20,IMG_1368,0.243,0,0.023,0.58,0.004,0.143,0.007,0,0.118299985,0,0.014485705,0.372443938,0.003447837,0.107188649,0.005144877,0,1,21.3,15.46972162,-26.5282
2021,11,19,22,30,IMG_1369,0.133,0,0.002,0.31,0.018,0.507,0.03,0,0.065471079,0,0.001014536,0.227200669,0.013774977,0.383984195,0.017625849,0,1,21.5,15.64973181,-27.0262
2021,11,19,23,20,IMG_1374,0.361,0,0,0.639,0,0,0,0,0.188731145,0,3.48E-06,0.379762387,0,0,0,0,1,21.8,15.92313875,-26.9044
2021,11,19,23,30,IMG_1375,0.417,0,0,0.583,0,0,0,0,0.211371079,0,0,0.354975518,0,0,0,0,1,21.6,15.9300569,-19.9658
2021,11,19,23,40,IMG_1376,0.438,0,0,0.562,0,0,0,0,0.226085352,0,1.00E-05,0.338679417,0,0,0,0,1,21.6,15.9300569,-26.2959
2021,11,19,23,50,IMG_1377,0.445,0,0,0.555,0,0,0,0,0.230027133,0,0,0.334632061,0,0,0,0,1,21.5,16.02683378,-26.4018
2021,11,20,0,0,IMG_1378,0.479,0,0,0.521,0,0,0,0,0.249077404,0,0.00023611,0.314268299,0,0,0,0,1,21.5,15.8382828,-26.6942
2021,11,20,0,10,IMG_1379,0.469,0,0,0.531,0,0,0,0,0.24363119,0,0,0.318080108,0,0,0,0,1,21.5,15.8382828,-26.3548
2021,11,20,0,20,IMG_1380,0.499,0,0,0.501,0,0,0,0,0.263302021,0,0,0.298772506,0,0,0,0,1,21.6,15.74041336,-26.6523
2021,11,20,0,30,IMG_1381,0.445,0,0,0.555,0,0,0,0,0.234128576,0,0,0.326444426,0,0,0,0,1,21.4,15.93442961,-25.6744
2021,11,20,0,40,IMG_1382,0.492,0,0,0.508,0,0,0,0,0.259957429,0,0,0.302812703,0,0,0,0,1,21.4,15.74696573,-27.2324
2021,11,20,0,50,IMG_1383,0.532,0,0,0.468,0,0,0,0,0.277607234,0,0,0.282005859,0,0,0,0,1,21.4,15.74696573,-26.2333
2021,11,20,1,0,IMG_1384,0.51,0,0,0.49,0,0,0,0,0.269418127,0,0,0.293927374,0,0,0,0,1,21.4,15.93442961,-26.6375
2021,11,20,1,10,IMG_1385,0.536,0,0,0.464,0,0,0,0,0.276896214,0,6.01E-06,0.28307669,0,0,0,0,1,21.5,15.8382828,-26.9398
2021,11,20,1,20,IMG_1386,0.476,0,0,0.524,0,0,0,0,0.248228606,0,0,0.313510855,0,0,0,0,1,21.5,15.64973181,-26.7335
2021,11,20,1,30,IMG_1387,0.501,0,0.006,0.493,0,0,0,0,0.259695688,0,0.003523107,0.298242571,0,0,0,0,1,21.4,15.55950185,-26.6238
2021,11,20,1,40,IMG_1388,0.479,0,0,0.521,0,0,0,0,0.25475785,0,0,0.310463739,0,0,0,0,1,21.7,15.64080684,-26.2189
2021,11,20,1,50,IMG_1389,0.457,0,0,0.543,0,0,0,0,0.238040805,0,0,0.326920252,0,0,0,0,1,21.6,15.55076983,-25.848
2021,11,20,2,0,IMG_1390,0.476,0,0.002,0.522,0,0,0,0,0.25087319,0,0.001301818,0.313278185,0,0,0,0,1,21.7,15.64080684,-25.2912
2021,11,20,2,10,IMG_1391,0.491,0,0.008,0.501,0,0,0,0,0.261273392,0,0.005502659,0.301914123,0,0,0,0,1,21.6,15.55076983,-24.6392
2021,11,20,2,20,IMG_1392,0.505,0,0.003,0.489,0.001,0,0.003,0,0.268540107,0,0.002136328,0.294974136,0.000381318,2.74E-05,0.001782467,0,1,21.5,15.64973181,-25.6395
2021,11,20,2,30,IMG_1393,0.452,0,0,0.533,0,0.015,0,0,0.243793833,0,0,0.319314701,5.47E-05,0.00948771,0.000213401,0,1,21.7,15.45006529,-25.4812
2021,11,20,2,40,IMG_1394,0.373,0,0,0.602,0,0.024,0,0,0.2075497,0,0,0.356826893,0.000258,0.01479399,0.000152306,0,1,21.6,15.55076983,-25.6234
2021,11,20,2,50,IMG_1395,0.222,0,0.001,0.721,0.002,0.054,0.001,0,0.126749534,0,0.000654545,0.416443104,0.00094713,0.034494133,0.000575864,0,1,21.7,15.64080684,-24.4493
2021,11,20,3,0,IMG_1396,0.312,0,0,0.526,0,0.161,0,0,0.177903673,0,0,0.310941211,0.000162613,0.091513394,0,0,1,21.7,15.64080684,-24.8778
2021,11,20,3,10,IMG_1397,0.301,0,0,0.493,0.019,0.185,0.002,0,0.167153358,0,0,0.299079703,0.012001142,0.10764058,0.001264348,0,1,21.6,15.55076983,-24.2221
2021,11,20,3,20,IMG_1398,0.095,0,0,0.618,0.012,0.274,0,0,0.053134691,0,0,0.354307069,0.007279267,0.152174917,3.32E-05,0,1,21.7,15.64080684,-23.4568
2021,11,20,3,30,IMG_1399,0.078,0,0,0.389,0.014,0.518,0.001,0,0.040324429,0,0,0.239324482,0.008238356,0.314037162,0.000465099,0,1,21.7,15.64080684,-18.1358
2021,11,20,19,30,IMG_1400,0.176,0,0.001,0.229,0.042,0.019,0.532,0,0.098578906,0,0.000796477,0.165638229,0.027681994,0.009925849,0.335009953,0,1,22.4,16.08518405,-20.7632
2021,11,20,19,50,IMG_1402,0.29,0,0,0.45,0.01,0.244,0.005,0,0.160072025,0,0,0.28161697,0.007037169,0.143523017,0.002342894,0,1,22.4,16.28376657,-21.1801
2021,11,20,20,0,IMG_1403,0.494,0,0.003,0.367,0.006,0.05,0.079,0,0.280403501,0,0.001921958,0.243412695,0.004174181,0.0305657,0.050861997,0,1,22.3,16.38798688,-22.3952
2021,11,20,20,10,IMG_1404,0.405,0,0.004,0.28,0.026,0.164,0.121,0,0.214486854,0,0.003024602,0.194358383,0.017252607,0.089237132,0.072917578,0,1,22.2,16.49040577,-22.217
2021,11,20,20,20,IMG_1405,0.049,0,0.015,0.252,0.628,0,0.056,0,0.028365708,0,0.011202426,0.176836584,0.423748678,4.86E-05,0.031218712,0,1,22,16.30176165,-16.9466
2021,11,20,23,20,IMG_1423,0.42,0,0,0.043,0.137,0.323,0.076,0,0.255519832,0,0.000214611,0.02595942,0.084003553,0.195425947,0.039416181,0,1,22.5,14.97937947,-21.9523
2021,11,20,23,30,IMG_1424,0.503,0,0.009,0.047,0.052,0.174,0.215,0,0.319968187,0,0.005102637,0.027053726,0.030723483,0.097987958,0.113833842,0,1,22.4,15.09227145,-22.533
2021,11,20,23,50,IMG_1426,0.344,0,0,0.007,0,0.647,0.002,0,0.203820876,0,0,0.003355191,9.43E-05,0.367934165,0.000953463,0,1,22.2,14.91989094,-22.7127
2021,11,21,0,0,IMG_1427,0.52,0,0,0.009,0,0.468,0.002,0,0.318926961,0,0,0.004164784,7.00E-05,0.269510246,0.000919501,0,1,22.2,14.52726223,-21.7848
2021,11,21,0,10,IMG_1428,0.72,0,0,0.069,0.002,0.192,0.017,0,0.440859638,0,2.21E-06,0.03640755,0.001158857,0.100557302,0.009162628,0,1,22.3,14.21608501,-24.0091
2021,11,21,0,20,IMG_1429,0.795,0,0.003,0.091,0.001,0.061,0.049,0,0.494633887,0,0.001652381,0.047930303,0.00057044,0.032641932,0.025585938,0,1,22.5,13.58130405,-25.9801
2021,11,21,0,30,IMG_1430,0.737,0,0.005,0.158,0,0.075,0.025,0,0.460733023,0,0.002428801,0.081967503,0,0.040119869,0.013299955,0,1,22.5,13.58130405,-24.8376
2021,11,21,0,40,IMG_1431,0.755,0,0.005,0.207,0,0.003,0.03,0,0.477635419,0,0.002546725,0.105607797,1.92E-05,0.001770065,0.015336952,0,1,22.4,13.5036113,-25.6646
2021,11,21,0,50,IMG_1432,0.804,0,0.001,0.188,0,0,0.008,0,0.510380138,0,0.000457264,0.096416203,1.12E-05,4.89E-05,0.003929875,0,1,22.6,13.86025561,-25.9514
2021,11,21,1,0,IMG_1433,0.798,0,0.011,0.191,0,0,0,0,0.506002043,7.60E-06,0.00527023,0.099057903,0,0,3.59E-06,0,1,22.4,13.70219382,-27.3541
2021,11,21,1,10,IMG_1434,0.734,0,0.015,0.252,0,0,0,0,0.469748242,0,0.00677684,0.127484037,0,0,0,0,1,22.5,13.98075417,-25.0661
2021,11,21,1,20,IMG_1435,0.815,0,0.001,0.155,0,0.017,0.012,0,0.512086486,0,0.000772559,0.081480484,0.000167443,0.007503711,0.005985757,0,1,22.3,13.82119376,-23.549
2021,11,21,1,30,IMG_1436,0.684,0,0,0.145,0.003,0.126,0.041,0,0.439964799,0,0.0001346,0.077549106,0.001738484,0.064142308,0.019351164,0,1,22.2,13.93831917,-24.5948
2021,11,21,2,40,IMG_1443,0.193,0,0.033,0.273,0.073,0.42,0.008,0,0.12426229,0,0.018717803,0.135836546,0.036553012,0.181924519,0.00365803,0,1,20.1,14.6005829,-12.5679
2021,11,21,2,50,IMG_1444,0.31,0,0,0.265,0,0.424,0,0,0.182361396,0,0,0.141480724,7.10E-05,0.212999887,0.000131919,0,1,20,14.68827194,-18.319
2021,11,21,3,0,IMG_1445,0.501,0,0.044,0.337,0,0.092,0.026,0,0.31643309,0,0.02305489,0.172135389,4.34E-05,0.047626172,0.011317578,0,1,19.8,14.68811057,-20.6477
2021,11,21,3,10,IMG_1446,0.722,0,0.029,0.249,0,0,0,0,0.451202509,0,0.016600826,0.13375486,0,0,0,0,1,19.7,14.60228302,-23.0774
2021,11,21,3,20,IMG_1447,0.66,0,0,0.34,0,0,0,0,0.413283256,0,0,0.179706355,0,0,0,0,1,19.7,14.60228302,-20.3114
2021,11,21,3,30,IMG_1448,0.528,0,0,0.389,0.004,0.077,0.001,0,0.333481866,0,2.45E-05,0.204679132,0.002151976,0.032781949,0.000681295,0,1,19.6,14.51688951,-19.4759
2021,11,27,19,40,IMG_1732,0.462,0,0,0.165,0.032,0.341,0,0,0.297647416,0,0.00018273,0.087607557,0.01779556,0.153502133,4.71E-06,0,1,19,15.64302317,-22.9062
2021,11,27,19,50,IMG_1733,0.783,0.001,0.077,0.131,0,0,0.009,0,0.517246004,0.000335479,0.036689438,0.068175496,5.16E-05,4.03E-05,0.004106513,0,1,19,15.80597132,-25.21
2021,11,27,20,0,IMG_1734,0.778,0,0.013,0.178,0,0.015,0.017,0,0.51351259,0,0.004899572,0.089772371,0.000122491,0.005281393,0.006983759,0,1,19.1,15.40765909,-23.5878
2021,11,27,20,10,IMG_1735,0.804,0,0,0.148,0,0.047,0,0,0.553678005,0,9.73E-05,0.07403584,0,0.020665828,9.23E-05,0,1,19.1,15.07983655,-24.868
2021,11,27,20,20,IMG_1736,0.788,0,0.001,0.177,0,0.029,0.005,0,0.542714874,0,0.000124136,0.0865782,0,0.012769111,0.002083038,0,1,19.1,14.58810275,-26.3559
2021,11,27,20,30,IMG_1737,0.825,0,0.001,0.138,0,0.035,0,0,0.557486065,0,0.000188364,0.068932437,0,0.013792773,0.000155717,0,1,19.2,14.50937809,-26.2448
2021,11,27,20,40,IMG_1738,0.842,0,0.002,0.154,0,0.002,0,0,0.5687112,0,0.000503951,0.07683264,0,0.001140204,0.000224061,0,1,19.2,14.3444988,-25.8747
2021,11,27,20,50,IMG_1739,0.857,0,0.003,0.14,0,0,0,0,0.583934856,0,0.000957444,0.070087673,0,9.78E-05,0.000129207,0,1,19.2,14.1796195,-26.0732
2021,11,27,21,0,IMG_1740,0.81,0,0.004,0.174,0,0.012,0,0,0.562542713,0,0.001678951,0.083397168,0,0.005297416,0,0,1,19.3,14.26329503,-25.8359
2021,11,27,21,10,IMG_1741,0.841,0,0.002,0.157,0,0,0,0,0.583487049,0,0.000404763,0.075936178,0,0,6.88E-05,0,1,19.1,14.58810275,-26.5117
2021,11,27,21,20,IMG_1742,0.812,0,0.013,0.157,0,0.018,0.001,0,0.566746499,0,0.005785344,0.076905401,0,0.007713251,0.000248017,0,1,19.2,14.67425739,-26.2839
2021,11,27,21,30,IMG_1743,0.578,0,0.001,0.157,0.004,0.26,0,0,0.411472476,0,9.72E-05,0.077333466,0.002148347,0.103144148,0,0,1,19.1,14.91592529,-26.421
2021,11,27,21,40,IMG_1744,0.609,0,0,0.181,0.013,0.197,0,0,0.435265219,0,0,0.085328441,0.006759818,0.108161997,7.35E-05,0,1,18.9,15.2270552,-26.7147
2021,11,27,21,50,IMG_1745,0.824,0,0.004,0.135,0.007,0.03,0.001,0,0.586576668,0,0.000856873,0.064020666,0.003422949,0.014646289,0.000321837,0,1,19,15.31712685,-27.6241
2021,11,27,22,0,IMG_1746,0.636,0,0,0.109,0.001,0.254,0,0,0.455950962,0,0.000106227,0.050152186,0.000687215,0.089792698,7.76E-05,0,1,19,15.15417869,-25.9874
2021,11,27,22,10,IMG_1747,0.813,0,0.039,0.093,0.003,0.005,0.047,0,0.599175331,0.000133864,0.015270343,0.04305,0.001308241,0.001905491,0.018346034,0,1,18.9,15.2270552,-26.6629
2021,11,27,22,20,IMG_1748,0.601,0,0.017,0.105,0.001,0.083,0.193,0,0.458139108,0,0.007562538,0.045513559,0.00055951,0.033417939,0.073088026,0,1,18.8,15.1374422,-26.6028
2021,11,27,22,30,IMG_1749,0.035,0.009,0.043,0.182,0.583,0.014,0.134,0,0.028608804,0.001827659,0.011307918,0.074083767,0.239493307,0.006629725,0.036068209,0,1,18.9,14.74108536,-26.3615
2021,11,27,22,40,IMG_1750,0.063,0.002,0.017,0.118,0,0,0.801,0,0.039263642,0.000934758,0.00674544,0.046984352,1.13E-05,0,0.33852476,0,1,19,14.17648974,-20.2281
2021,11,27,22,50,IMG_1751,0.154,0.212,0.007,0.001,0,0,0.626,0,0.097189648,0.095887447,0.003530709,0.000371357,0,0,0.226170989,0,1,19.1,13.93245769,-18.8789
2021,11,28,22,0,IMG_1795,0.139,0,0.002,0.117,0.521,0.03,0.19,0,0.106904372,0,0.000983015,0.049094666,0.236226668,0.012017578,0.058752772,0,1,21.4,15.18457409,-18.1323
2021,11,28,22,10,IMG_1796,0.326,0,0.013,0.166,0.129,0.001,0.364,0,0.255583902,0,0.006501082,0.069065858,0.058274534,0.000538627,0.150306017,0,1,21.3,15.09695724,-24.6614
2021,11,28,22,50,IMG_1800,0.118,0,0.006,0.175,0.53,0.13,0.042,0,0.092013281,0,0.002429184,0.078164213,0.26240438,0.050835246,0.015271259,0,1,21.6,14.79219569,-18.4084
2021,11,29,2,10,IMG_1820,0.103,0,0.016,0.01,0,0,0.871,0,0.077709157,0.000121725,0.005696199,0.00318418,3.50E-05,0.000128591,0.257269569,0,1,22.4,14.09935886,-18.6609
2021,11,29,2,20,IMG_1821,0.23,0,0.039,0.017,0,0.001,0.713,0,0.186500751,4.17E-05,0.011568036,0.005008308,7.19E-06,0.000277742,0.189277464,0,1,22.6,13.86025561,-22.4623
2021,11,29,2,30,IMG_1822,0.424,0.002,0.053,0.004,0,0.002,0.516,0,0.341305469,0.000894193,0.016163424,0.001147303,3.68E-06,0.000370267,0.142592586,0,1,22.8,13.61351508,-25.23
2021,11,29,2,40,IMG_1823,0.61,0,0.018,0.007,0,0.014,0.351,0,0.493434585,0,0.005115948,0.003135337,0,0.002704177,0.094669704,0,1,22.3,13.82119376,-22.5449
2021,11,29,2,50,IMG_1824,0.703,0.047,0.051,0.004,0,0.015,0.18,0,0.573258271,0.014554289,0.016669644,0.001651232,2.70E-05,0.005920177,0.051414971,0,1,21.9,14.08564582,-24.4279
2021,11,29,3,0,IMG_1825,0.602,0.012,0.098,0.042,0,0.001,0.245,0,0.489916046,0.003813454,0.030364498,0.016807542,0,0.000155191,0.066748505,0,1,21.4,14.43471858,-25.5486
2021,11,29,3,10,IMG_1826,0.716,0.015,0.106,0.044,0,0,0.119,0,0.575792533,0.004101472,0.028793127,0.018187951,0,0,0.031274925,0,1,21.4,14.62218246,-25.0484
2021,11,29,3,20,IMG_1827,0.782,0.041,0.111,0.026,0,0.001,0.039,0,0.630129913,0.012815152,0.036800526,0.011185276,1.29E-05,0.000279184,0.010643998,0,1,21.4,14.43471858,-26.743
2021,11,29,3,30,IMG_1828,0.781,0,0.026,0.094,0.002,0.012,0.086,0,0.630319922,0,0.008476683,0.03600302,0.000637665,0.004042172,0.027170057,0,1,21.3,14.53781068,-25.6286
2021,11,29,22,30,IMG_1829,0.547,0,0.018,0.358,0.002,0.001,0.074,0,0.386772273,0,0.011314453,0.188386095,0.001179537,0.00022171,0.019409645,0,1,21.1,14.37032803,-21.1997
2021,11,29,22,40,IMG_1830,0.469,0,0.027,0.325,0.006,0.125,0.047,0,0.333516301,0,0.016628313,0.183430048,0.002910983,0.039967834,0.020692458,0,1,21,14.47038309,-22.18
2021,12,1,20,10,IMG_1913,0.226,0,0,0.675,0.007,0.06,0.031,0,0.134999234,0,0.000154597,0.42275323,0.003799256,0.032855213,0.018656618,0,1,14.5,7.586917707,-34.8745
2021,12,1,20,20,IMG_1914,0.164,0,0,0.819,0.008,0.003,0.005,0,0.101624189,0,6.36E-06,0.478720275,0.004741677,0.001754545,0.002952224,0,1,14.3,7.740392196,-36.7755
2021,12,1,20,30,IMG_1915,0.157,0,0,0.843,0,0,0,0,0.100346852,0,0,0.480563492,0,0,0,0,1,14.3,7.740392196,-34.4011
2021,12,1,20,40,IMG_1916,0.175,0,0,0.825,0,0,0,0,0.111868254,0,0,0.462399902,0,0,0,0,1,14.1,7.767489332,-37.1081
2021,12,1,20,50,IMG_1917,0.292,0,0,0.708,0,0,0,0,0.188051645,0,8.81E-06,0.399613116,0,0,0,0,1,14.1,7.646122312,-35.1442
2021,12,1,21,0,IMG_1918,0.318,0,0,0.682,0,0,0,0,0.208036801,0,3.32E-05,0.3791753,0,0,0,0,1,14,7.599362219,-36.154
2021,12,1,21,10,IMG_1919,0.158,0,0,0.842,0,0,0,0,0.102083301,0,6.40E-05,0.440430364,0,0,0,0,1,14.1,7.524755291,-34.6384
2021,12,1,23,10,IMG_1931,0.567,0,0.003,0.42,0,0.01,0,0,0.407303628,0,0.001516782,0.215884653,0,0.003177787,0,0,1,14.7,8.183770336,-25.9261
2021,12,1,23,20,IMG_1932,0.507,0,0,0.474,0,0.018,0,0,0.371990805,0,0,0.235106227,0.000144644,0.006433413,0.000262921,0,1,14.6,8.13396381,-34.1527
2021,12,1,23,30,IMG_1933,0.448,0,0,0.46,0.004,0.083,0.004,0,0.330995358,0,0,0.227324279,0.001852817,0.038383383,0.001725496,0,1,14.4,8.158756796,-30.475
2021,12,1,23,40,IMG_1934,0.631,0,0,0.369,0,0,0,0,0.457189386,0,3.97E-05,0.190865708,0,0,5.45E-06,0,1,14.4,8.158756796,-35.8938
2021,12,1,23,50,IMG_1935,0.608,0,0,0.392,0,0,0,0,0.444885231,0,3.21E-06,0.200479883,0,0,0,0,1,14.3,8.1089823,-35.7317
2021,12,2,0,0,IMG_1936,0.653,0,0,0.347,0,0,0,0,0.481818172,0,1.18E-06,0.176812485,0,0,0,0,1,14.3,8.1089823,-36.1334
2021,12,2,0,10,IMG_1937,0.667,0,0,0.333,0,0,0,0,0.49446084,0,0,0.167135975,0,0,0,0,1,14.3,8.1089823,-36.2131
2021,12,2,0,20,IMG_1938,0.66,0,0,0.34,0,0,0,0,0.494303148,0,0,0.168553598,0,0,0,0,1,14.3,8.1089823,-36.4094
2021,12,2,0,30,IMG_1939,0.656,0,0,0.344,0,0,0,0,0.491757459,0,5.86E-06,0.170728869,0,0,0,0,1,14.2,8.059471549,-35.7154
2021,12,2,0,40,IMG_1940,0.625,0,0,0.375,0,0,0,0,0.468304199,0,0,0.185505011,0,0,0,0,1,14.2,8.181584754,-34.6118
2021,12,2,0,50,IMG_1941,0.595,0,0,0.375,0,0.029,0,0,0.440251818,0,0,0.189363304,0,0.005907955,0,0,1,14.1,8.131590395,-34.2554
2021,12,2,1,30,IMG_1945,0.226,0,0.022,0.386,0.063,0.298,0.006,0,0.176611786,0,0.00940758,0.195410479,0.032051134,0.116632144,0.002449099,0,1,14.5,8.084420508,-28.2384
2021,12,2,1,40,IMG_1946,0.275,0,0,0.295,0.219,0.207,0.004,0,0.206995425,0,0,0.153268344,0.120645147,0.086320553,0.002382429,9.75E-06,1,14.5,8.208796208,-32.9695
2021,12,2,2,0,IMG_1948,0.52,0,0.001,0.153,0.026,0.299,0.002,0,0.391274572,0,0.000380198,0.092900143,0.015604995,0.155155011,0.000820162,0,1,14.6,8.13396381,-32.7057
2021,12,2,2,10,IMG_1949,0.329,0,0,0.25,0.021,0.401,0,0,0.247941294,0,0,0.136808774,0.012339303,0.137528576,0,0,1,14.5,8.084420508,-31.7444
2021,12,2,2,20,IMG_1950,0.794,0,0,0.194,0.006,0.006,0,0,0.581026405,0,0,0.111690738,0.003482009,0.003925165,0.000166797,0,1,14.5,8.084420508,-32.1894
2021,12,2,2,30,IMG_1951,0.641,0,0.001,0.333,0,0.002,0.023,0,0.482355266,0,0.000308316,0.170586614,0,0.00068928,0.007414183,0,1,14.3,8.1089823,-29.0757
2021,12,2,2,40,IMG_1952,0.728,0,0,0.272,0,0,0,0,0.549350398,0,0,0.142815888,0,0,0,0,1,14.3,8.1089823,-31.9501
2021,12,2,2,50,IMG_1953,0.74,0,0,0.26,0,0,0,0,0.553996394,0,0,0.135434195,0,0,0,0,1,14.3,8.1089823,-33.7848
2021,12,2,3,0,IMG_1954,0.721,0,0,0.279,0,0,0,0,0.543067706,0,0,0.145612184,0,0,0,0,1,14.2,8.181584754,-34.8357
2021,12,2,3,10,IMG_1955,0.707,0,0,0.293,0,0,0,0,0.53092642,0,3.77E-05,0.148373603,0,0,0,0,1,14.2,8.181584754,-32.9481
2021,12,2,3,20,IMG_1956,0.383,0,0,0.32,0,0.297,0,0,0.286842834,0,0,0.156714153,0,0.092486448,4.45E-06,0,1,14.2,8.181584754,-34
2021,12,2,3,30,IMG_1957,0.425,0,0,0.269,0,0.307,0,0,0.319058226,0,0,0.135127411,0,0.092613649,4.12E-06,0,1,14.3,8.231845668,-33.5347
2021,12,2,19,30,IMG_1958,0.248,0,0,0.752,0,0,0,0,0.151598558,0,0,0.445831535,0,0,0,0,1,,,-31.8694
2021,12,2,19,40,IMG_1959,0.208,0,0,0.792,0,0,0,0,0.130584728,0,0,0.45626102,0,0,0,0,1,,,-30.8271
2021,12,2,19,50,IMG_1960,0.217,0,0,0.783,0,0,0,0,0.136327562,0,0,0.450530732,0,0,0,0,1,,,-31.3455
2021,12,2,20,0,IMG_1961,0.224,0,0,0.775,0,0,0,0,0.141345035,0,0.000127471,0.441242368,0,0,0,0,1,,,-30.6309
2021,12,2,20,10,IMG_1962,0.267,0,0,0.733,0,0,0,0,0.168466399,0,0.000164618,0.423321139,0,0,0,0,1,,,-32.5356
2021,12,2,20,20,IMG_1963,0.225,0,0,0.775,0,0,0,0,0.143534157,0,0,0.43769982,0,0,0,0,1,,,-32.993
2021,12,2,20,30,IMG_1964,0.35,0,0,0.65,0,0,0,0,0.226408075,0,0,0.373710322,0,0,0,0,1,,,-32.1215
2021,12,2,20,40,IMG_1965,0.374,0,0,0.626,0,0,0,0,0.237958323,0,0,0.363429312,0,0,0,0,1,,,-33.0095
2021,12,2,20,50,IMG_1966,0.359,0,0,0.641,0,0,0,0,0.23275921,0,0,0.367663762,0,0,0,0,1,,,-31.8323
2021,12,2,21,0,IMG_1967,0.372,0,0,0.628,0,0,0,0,0.246997168,0,0,0.35430492,0,0,0,0,1,,,-30.8032
2021,12,2,21,10,IMG_1968,0.462,0,0,0.538,0,0,0,0,0.300985344,0,0,0.308355544,0,0,0,0,1,,,-31.9964
2021,12,2,21,20,IMG_1969,0.487,0,0,0.513,0,0,0,0,0.317695846,0,0,0.293141436,0,0,0,0,1,,,-30.6681
2021,12,2,21,30,IMG_1970,0.491,0,0,0.509,0,0,0,0,0.326038454,0,0,0.286401239,0,0,0,0,1,,,-31.4168
2021,12,2,21,40,IMG_1971,0.504,0,0,0.496,0,0,0,0,0.334962733,0,8.16E-06,0.273399707,0,0,0,0,1,,,-31.0923
2021,12,2,21,50,IMG_1972,0.539,0,0,0.461,0,0,0,0,0.360920035,0,3.15E-05,0.252374361,0,0,0,0,1,,,-30.6039
2021,12,2,22,0,IMG_1973,0.586,0,0,0.414,0,0,0,0,0.400837282,0,0,0.221272596,0,0,0,0,1,,,-31.5351
2021,12,2,22,10,IMG_1974,0.619,0,0,0.381,0,0,0,0,0.427816474,0,0,0.200880469,0,0,0,0,1,,,-30.8555
2021,12,2,22,20,IMG_1975,0.63,0,0,0.37,0,0,0,0,0.439281731,0,0,0.193494884,0,0,0,0,1,,,-30.9387
2021,12,2,22,30,IMG_1976,0.63,0,0,0.37,0,0,0,0,0.444356205,0,1.80E-06,0.192034022,0,0,0,0,1,,,-31.12
2021,12,2,22,40,IMG_1977,0.693,0,0,0.307,0,0,0,0,0.492226149,0,1.83E-06,0.162627381,0,0,0,0,1,,,-28.4266
2021,12,2,22,50,IMG_1978,0.666,0,0,0.334,0,0,0,0,0.480688664,0,0,0.169078441,0,0,0,0,1,,,-27.205
2021,12,2,23,0,IMG_1979,0.653,0,0,0.347,0,0,0,0,0.477039468,0,0,0.17501697,0,0,0,0,1,,,-30.4613
2021,12,2,23,10,IMG_1980,0.649,0,0,0.351,0,0,0,0,0.470712846,0,0,0.17934825,0,0,0,0,1,,,-31.1946
2021,12,2,23,20,IMG_1981,0.67,0,0,0.33,0,0,0,0,0.491593254,0,3.12E-06,0.166111546,0,0,0,0,1,,,-26.4279
2021,12,2,23,30,IMG_1982,0.696,0,0,0.304,0,0,0,0,0.508164648,0,1.59E-06,0.155086463,0,0,0,0,1,,,-26.1827
2021,12,2,23,40,IMG_1983,0.716,0,0,0.284,0,0,0,0,0.524440137,0,5.66E-06,0.145973708,0,0,0,0,1,,,-24.0644
2021,12,2,23,50,IMG_1984,0.681,0,0,0.319,0,0,0,0,0.50427793,0,0,0.158149361,0,0,0,0,1,,,-23.3872
2021,12,3,0,0,IMG_1985,0.712,0,0,0.288,0,0,0,0,0.531559998,0,0,0.142190535,0,0,0,0,1,,,-24.1593
2021,12,3,0,10,IMG_1986,0.742,0,0,0.258,0,0,0,0,0.560592653,0,0,0.128467488,0,0,0,0,1,,,-23.3998
2021,12,3,0,20,IMG_1987,0.741,0,0,0.259,0,0,0,0,0.558421236,0,0,0.126882219,0,0,0,0,1,,,-24.6849
2021,12,3,0,30,IMG_1988,0.729,0,0,0.271,0,0,0,0,0.550346139,0,0,0.130111884,0,0,0,0,1,,,-24.2263
2021,12,3,0,40,IMG_1989,0.749,0,0,0.251,0,0,0,0,0.561888492,0,0,0.122691279,0,0,0,0,1,,,-24.1675
2021,12,3,0,50,IMG_1990,0.742,0,0,0.258,0,0,0,0,0.5605814,0,0,0.126003869,0,0,0,0,1,,,-24.3129
2021,12,3,1,0,IMG_1991,0.75,0,0,0.25,0,0,0,0,0.570753621,0,0,0.119915422,0,0,0,0,1,,,-26.3986
2021,12,3,1,10,IMG_1992,0.759,0,0,0.241,0,0,0,0,0.572615362,0,0,0.114946973,0,0,0,0,1,,,-29.6394
2021,12,3,1,20,IMG_1993,0.826,0,0,0.174,0,0,0,0,0.621717338,0,0,0.087489866,0,0,0,0,1,,,-27.8777
2021,12,3,1,30,IMG_1994,0.816,0,0,0.184,0,0,0,0,0.620849775,0,0,0.089495132,0,0,0,0,1,,,-29.9057
2021,12,3,1,40,IMG_1995,0.845,0,0,0.155,0,0,0,0,0.64327515,0,0,0.077126285,0,0,0,0,1,,,-28.2241
2021,12,3,1,50,IMG_1996,0.828,0,0,0.172,0,0,0,0,0.631762139,0,0,0.083720155,0,0,0,0,1,,,-28.4138
2021,12,3,2,0,IMG_1997,0.868,0,0,0.132,0,0,0,0,0.656698715,0,0,0.065124932,0,0,0,0,1,,,-25.9398
2021,12,3,2,10,IMG_1998,0.84,0,0,0.16,0,0,0,0,0.634841038,0,0,0.078112891,0,0,0,0,1,,,-28.1145
2021,12,3,2,20,IMG_1999,0.793,0,0,0.203,0,0.004,0,0,0.598371597,0,0,0.095170951,0,0.000642796,0,0,1,,,-26.9933
2021,12,3,2,30,IMG_2000,0.804,0,0,0.196,0,0,0,0,0.611275128,0,0,0.092812267,0,0,0,0,1,,,-25.411
2021,12,3,2,40,IMG_2001,0.82,0,0,0.18,0,0,0,0,0.623268968,0,0,0.084966624,0,0,0,0,1,,,-24.9464
2021,12,3,2,50,IMG_2002,0.824,0,0,0.176,0,0,0,0,0.622606468,0,0,0.082278561,0,0,2.09E-05,0,1,,,-25.0186
2021,12,3,3,0,IMG_2003,0.835,0,0,0.165,0,0,0,0,0.634786306,0,0,0.077746717,0,0,0,0,1,,,-27.0679
2021,12,3,3,10,IMG_2004,0.837,0,0,0.163,0,0,0,0,0.640800458,0,0,0.076279545,0,0,0,0,1,,,-26.2401
2021,12,3,3,20,IMG_2005,0.853,0,0,0.147,0,0,0,0,0.652478786,0,0,0.068401149,0,0,0,0,1,,,-27.3812
2021,12,3,3,30,IMG_2006,0.846,0,0,0.154,0,0,0,0,0.642634713,0,0,0.071585922,0,0,0,0,1,,,-28.3794
2021,12,3,19,30,IMG_2007,0.416,0,0,0.584,0,0,0,0,0.269341091,0,0,0.328709555,0,0,0,0,1,,,-36.602
2021,12,3,19,40,IMG_2008,0.364,0,0,0.636,0,0,0,0,0.240119073,0,0,0.34969366,0,0,0,0,1,,,-35.8109
2021,12,3,19,50,IMG_2009,0.372,0,0,0.628,0,0,0,0,0.234293577,0,0,0.3597263,0,0,0,0,1,,,-37.2583
2021,12,3,20,0,IMG_2010,0.397,0,0,0.603,0,0,0,0,0.25892811,0,0,0.340267961,0,0,0,0,1,,,-36.1961
2021,12,3,20,10,IMG_2011,0.389,0,0,0.611,0,0,0,0,0.247572348,0,0,0.347668622,0,0,0,0,1,,,-36.0036
2021,12,3,20,20,IMG_2012,0.397,0,0,0.603,0,0,0,0,0.256383421,0,0,0.340091617,0,0,0,0,1,,,-35.7564
2021,12,3,20,30,IMG_2013,0.382,0,0,0.618,0,0,0,0,0.243316602,0,1.73E-05,0.349789694,0,0,0,0,1,,,-35.4179
2021,12,3,20,40,IMG_2014,0.435,0,0,0.565,0,0,0,0,0.284795643,0,0,0.316567803,0,0,0,0,1,,,-36.4636
2021,12,3,20,50,IMG_2015,0.448,0,0,0.552,0,0,0,0,0.288287613,0,2.24E-06,0.313863567,0,0,0,0,1,,,-38.7864
2021,12,3,21,0,IMG_2016,0.454,0,0,0.546,0,0,0,0,0.296203305,0,0,0.306753125,0,0,0,0,1,,,-38.0934
2021,12,3,21,10,IMG_2017,0.401,0,0,0.599,0,0,0,0,0.268549151,0,0,0.326288266,0,0,0,0,1,,,-37.6497
2021,12,3,21,20,IMG_2018,0.426,0,0,0.574,0,0,0,0,0.282754026,0,0,0.314662492,0,0,0,0,1,,,-36.8259
2021,12,3,21,30,IMG_2019,0.471,0,0,0.529,0,0,0,0,0.317123866,0,0,0.287927622,0,0,0,0,1,,,-36.815
2021,12,3,21,40,IMG_2020,0.477,0,0,0.523,0,0,0,0,0.311262169,0,5.39E-06,0.292086193,0,0,0,0,1,,,-36.8698
2021,12,3,21,50,IMG_2021,0.473,0,0,0.527,0,0,0,0,0.316484142,0,0,0.285037763,0,0,0,0,1,,,-38.0299
2021,12,3,22,0,IMG_2022,0.453,0,0,0.547,0,0,0,0,0.309517879,0,1.41E-05,0.283787823,0,0,0,0,1,,,-38.0599
2021,12,3,22,10,IMG_2023,0.553,0,0,0.447,0,0,0,0,0.375671372,0,8.25E-06,0.239021552,0,0,0,0,1,,,-39.1546
2021,12,3,22,20,IMG_2024,0.535,0,0,0.464,0,0,0,0,0.366722694,0,1.40E-05,0.247401022,0,0,0,0,1,,,-36.3668
2021,12,3,22,30,IMG_2025,0.498,0,0,0.502,0,0,0,0,0.345244358,0,9.49E-06,0.261566594,0,0,0,0,1,,,-37.3555
2021,12,3,22,40,IMG_2026,0.546,0,0,0.454,0,0,0,0,0.380479327,0,0,0.239515137,0,0,0,0,1,,,-36.7862
2021,12,3,22,50,IMG_2027,0.541,0,0,0.459,0,0,0,0,0.378381295,0,0,0.237033902,0,0,0,0,1,,,-36.5326
2021,12,3,23,0,IMG_2028,0.668,0,0,0.332,0,0,0,0,0.488617435,0,0,0.162583368,0,0,0,0,1,,,-38.0005
2021,12,3,23,10,IMG_2029,0.678,0,0,0.322,0,0,0,0,0.4919138,0,0,0.159425113,0,0,0,0,1,,,-37.2566
2021,12,3,23,20,IMG_2030,0.673,0,0,0.327,0,0,0,0,0.491836028,0,0,0.15996262,0,0,0,0,1,,,-37.2925
2021,12,3,23,30,IMG_2031,0.683,0,0,0.317,0,0,0,0,0.500143667,0,0,0.15458575,0,0,0,0,1,,,-35.8217
2021,12,3,23,40,IMG_2032,0.678,0,0,0.322,0,0,0,0,0.492495643,0,0,0.158169246,0,0,0,0,1,,,-37.8744
2021,12,3,23,50,IMG_2033,0.68,0,0,0.32,0,0,0,0,0.496183308,0,0,0.15638566,0,0,0,0,1,,,-36.257
2021,12,4,0,0,IMG_2034,0.68,0,0,0.32,0,0,0,0,0.505277562,0,0,0.152972228,0,0,0,0,1,13.5,6.784403669,-36.9141
2021,12,4,0,10,IMG_2035,0.707,0,0,0.293,0,0,0,0,0.527328576,0,0,0.140985607,0,0,0,0,1,13.6,6.826319244,-36.6218
2021,12,4,0,20,IMG_2036,0.751,0,0,0.249,0,0,0,0,0.551671086,0,0,0.123927284,0,0,0,0,1,13.4,6.858965403,-36.8363
2021,12,4,0,30,IMG_2037,0.72,0,0,0.28,0,0,0,0,0.534239491,0,0,0.137278944,0,0,0,0,1,13.4,6.858965403,-37.246
2021,12,4,0,40,IMG_2038,0.686,0,0,0.314,0,0,0,0,0.5114657,0,0,0.150758008,0,0,0,0,1,13.6,6.944014404,-37.1501
2021,12,4,0,50,IMG_2039,0.674,0,0,0.326,0,0,0,0,0.507911306,0,1.44E-06,0.156970478,0,0,0,0,1,13.3,6.932319823,-36.8836
2021,12,4,1,0,IMG_2040,0.667,0,0,0.333,0,0,0,0,0.507854718,0,0,0.157186997,0,0,0,0,1,13.1,6.961328399,-37.0728
2021,12,4,1,10,IMG_2041,0.691,0,0,0.309,0,0,0,0,0.52269873,0,0,0.14748412,0,0,0,0,1,13.2,7.004477399,-34.5645
2021,12,4,1,20,IMG_2042,0.711,0,0,0.289,0,0,0,0,0.536546357,0,0,0.137290249,0,0,0,0,1,13.2,7.004477399,-35.5421
2021,12,4,1,30,IMG_2043,0.713,0,0,0.287,0,0,0,0,0.536180003,0,0,0.137202201,0,0,0,0,1,13.2,7.004477399,-34.8782
2021,12,4,1,40,IMG_2044,0.723,0,0,0.277,0,0,0,0,0.540838371,0,0,0.133578223,0,0,0,0,1,13.2,7.119304898,-36.1342
2021,12,4,1,50,IMG_2045,0.719,0,0,0.281,0,0,0,0,0.541502907,0,0,0.134384247,0,0,0,0,1,13.1,7.075448537,-35.2966
2021,12,4,2,0,IMG_2046,0.736,0,0,0.264,0,0,0,0,0.55490311,0,0,0.126911824,0,0,0,0,1,13.1,7.189568674,-35.6325
2021,12,4,2,10,IMG_2047,0.71,0,0,0.29,0,0,0,0,0.54079689,0,0,0.135653313,0,0,0,0,1,13.1,7.189568674,-36.1194
2021,12,4,2,20,IMG_2048,0.726,0,0,0.274,0,0,0,0,0.553800023,0,0,0.129568337,0,0,0,0,1,12.9,7.213872793,-36.5388
2021,12,4,2,30,IMG_2049,0.76,0,0,0.24,0,0,0,0,0.578556633,0,0,0.116549835,0,0,0,0,1,13,7.145243576,-36.9864
2021,12,4,2,40,IMG_2050,0.759,0,0,0.241,0,0,0,0,0.576863161,0,0,0.116416827,0,0,0,0,1,13.1,7.189568674,-36.9384
2021,12,4,2,50,IMG_2051,0.73,0,0,0.27,0,0,0,0,0.56150927,0,0,0.127200195,0,0,0,0,1,13.1,7.303688812,-36.0738
2021,12,4,3,0,IMG_2052,0.754,0,0,0.246,0,0,0,0,0.571808278,0,0,0.118288349,0,0,0,0,1,13.1,7.303688812,-35.9312
2021,12,4,3,10,IMG_2053,0.751,0,0,0.249,0,0,0,0,0.573526585,0,0,0.118441504,0,0,0,0,1,13.1,7.303688812,-36.5811
2021,12,4,3,20,IMG_2054,0.749,0,0,0.251,0,0,0,0,0.574347837,0,0,0.119394381,0,0,0,0,1,13.3,7.394474478,-36.9986
2021,12,4,3,30,IMG_2055,0.756,0,0,0.244,0,0,0,0,0.575622258,0,0,0.116294982,0,0,0,0,1,13.3,7.394474478,-35.5655
2021,12,4,19,30,IMG_2056,0.39,0,0,0.61,0,0,0,0,0.255681325,0,2.42E-06,0.325831746,0,0,0,0,1,16.9,8.629398191,-35.8333
2021,12,4,19,40,IMG_2057,0.399,0,0,0.601,0,0,0,0,0.258902742,0,0,0.323390069,0,0,0,0,1,16.9,8.773221495,-35.1702
2021,12,4,19,50,IMG_2058,0.496,0,0,0.504,0,0,0,0,0.319368194,0,4.86E-06,0.275394899,0,0,0,0,1,16.9,8.773221495,-35.0699
2021,12,4,20,0,IMG_2059,0.487,0,0,0.513,0,0,0,0,0.320074121,0,4.66E-06,0.276197093,0,0,0,0,1,16.9,8.917044798,-34.8841
2021,12,4,20,10,IMG_2060,0.541,0,0,0.459,0,0,0,0,0.349458489,0,3.19E-06,0.252799392,0,0,0,0,1,16.7,8.952789218,-35.4244
2021,12,4,20,20,IMG_2061,0.521,0,0,0.479,0,0,0,0,0.343455176,0,9.01E-06,0.255633398,0,0,0,0,1,16.8,8.863724894,-34.4757
2021,12,4,20,30,IMG_2062,0.574,0,0,0.426,0,0,0,0,0.37103309,0,9.21E-05,0.233483812,0,0,0,0,1,16.9,9.060868101,-34.9836
2021,12,4,20,40,IMG_2063,0.545,0,0,0.455,0,0,0,0,0.355485337,0,0,0.244045207,0,0,0,0,1,16.8,9.006688199,-34.8506
2021,12,4,20,50,IMG_2064,0.549,0,0,0.451,0,0,0,0,0.367394772,0,4.09E-06,0.239086276,0,0,0,0,1,16.7,8.952789218,-34.767
2021,12,4,21,0,IMG_2065,0.551,0,0,0.449,0,0,0,0,0.365637432,0,0,0.237423791,0,0,0,0,1,16.8,9.006688199,-33.5197
2021,12,4,21,10,IMG_2066,0.594,0,0,0.406,0,0,0,0,0.391581295,0,0,0.21660492,0,0,0,0,1,16.8,9.006688199,-33.4343
2021,12,4,21,20,IMG_2067,0.607,0,0,0.393,0,0,0,0,0.404250361,0,4.18E-06,0.207830852,0,0,0,0,1,16.9,8.917044798,-35.4871
2021,12,4,21,30,IMG_2068,0.609,0,0,0.391,0,0,0,0,0.410565084,0,9.69E-06,0.205041564,0,0,0,0,1,16.8,9.006688199,-34.2435
2021,12,4,21,40,IMG_2069,0.598,0,0,0.402,0,0,0,0,0.408838965,0,0,0.208796071,0,0,0,0,1,16.8,9.149651504,-34.2933
2021,12,4,21,50,IMG_2070,0.624,0,0,0.376,0,0,0,0,0.426707054,0,2.05E-05,0.196081408,0,0,0,0,1,16.9,9.348514707,-35.238
2021,12,4,22,0,IMG_2071,0.635,0,0,0.365,0,0,0,0,0.447042706,0,0,0.182903733,0,0,0,0,1,16.8,9.435578113,-34.2576
2021,12,4,22,10,IMG_2072,0.654,0,0,0.346,0,0,0,0,0.46687983,0,0,0.172505506,0,0,0,0,1,16.8,9.435578113,-32.6908
2021,12,4,22,20,IMG_2073,0.627,0,0,0.373,0,0,0,0,0.454076991,0,0,0.182012958,0,0,0,0,1,16.7,9.663328045,-34.8254
2021,12,4,22,30,IMG_2074,0.624,0,0,0.376,0,0,0,0,0.449400894,0,0,0.182577892,0,0,0,0,1,16.8,9.721504723,-34.0133
2021,12,4,22,40,IMG_2075,0.678,0,0,0.322,0,0,0,0,0.487603696,0,7.90E-06,0.159461696,0,0,0,0,1,16.8,9.864468027,-33.0482
2021,12,4,22,50,IMG_2076,0.65,0,0,0.35,0,0,0,0,0.482404875,0,0,0.166746762,0,0,0,0,1,16.8,10.00743133,-34.9323
2021,12,4,23,0,IMG_2077,0.71,0,0,0.29,0,0,0,0,0.527246387,0,0,0.140584405,0,0,0,0,1,16.9,10.21145453,-33.8121
2021,12,4,23,10,IMG_2078,0.724,0,0,0.276,0,0,0,0,0.539372175,0,0,0.134226555,0,0,0,0,1,16.8,10.15039464,-34.5821
2021,12,4,23,20,IMG_2079,0.733,0,0,0.267,0,0,0,0,0.550807354,0,0,0.128268081,0,0,0,0,1,16.9,10.21145453,-34.3885
2021,12,4,23,30,IMG_2080,0.738,0,0,0.262,0,0,0,0,0.5519609,0,3.68E-06,0.125206919,0,0,0,0,1,16.7,10.23175911,-33.1004
2021,12,4,23,40,IMG_2081,0.732,0,0,0.268,0,0,0,0,0.550738154,0,0,0.126500781,0,0,0,0,1,16.8,10.29335794,-34.231
2021,12,4,23,50,IMG_2082,0.723,0,0,0.277,0,0,0,0,0.549462049,0,0,0.12932038,0,0,0,0,1,16.7,10.23175911,-33.9731
2021,12,5,0,0,IMG_2083,0.753,0,0,0.247,0,0,0,0,0.561970448,0,0,0.11613623,0,0,0,0,1,16.6,10.3117366,-32.6392
2021,12,5,0,10,IMG_2084,0.761,0,0,0.239,0,0,0,0,0.574307595,0,0,0.111803741,0,0,0,0,1,16.7,10.23175911,-33.0508
2021,12,5,0,20,IMG_2085,0.791,0,0,0.209,0,0,0,0,0.599325481,0,0,0.099564919,0,0,0,0,1,16.7,10.37386687,-32.7083
2021,12,5,0,30,IMG_2086,0.767,0,0,0.233,0,0,0,0,0.581327186,0,0,0.108832219,0,0,0,0,1,16.6,10.3117366,-32.4879
2021,12,5,0,40,IMG_2087,0.804,0,0,0.196,0,0,0,0,0.607722649,0,2.59E-06,0.094312252,0,0,0,0,1,16.5,10.39033902,-32.5035
2021,12,5,0,50,IMG_2088,0.82,0,0,0.18,0,0,0,0,0.615284691,0,0,0.086650255,0,0,0,0,1,16.4,10.32801048,-31.7249
2021,12,5,1,0,IMG_2089,0.814,0,0,0.186,0,0,0,0,0.616668202,0,0,0.088166887,0,0,0,0,1,16.5,10.24992903,-33.1768
2021,12,5,1,10,IMG_2090,0.796,0,0,0.204,0,0,0,0,0.607188972,0,0,0.095833158,0,0,0,0,1,16.6,10.3117366,-33.9832
2021,12,5,1,20,IMG_2091,0.8,0,0,0.2,0,0,0,0,0.609368134,0,0,0.093751563,0,8.09E-05,0,0,1,16.7,10.23175911,-33.8145
2021,12,5,1,30,IMG_2092,0.828,0,0,0.172,0,0,0,0,0.625711606,0,0,0.081766241,0,0,0,0,1,16.8,10.29335794,-34.0546
2021,12,5,1,40,IMG_2093,0.811,0,0,0.189,0,0,0,0,0.618851517,0,0,0.087563867,0,0,0,0,1,17,10.1281446,-32.5376
2021,12,5,1,50,IMG_2094,0.848,0,0,0.152,0,0,0,0,0.644333519,0,0,0.072667886,0,0,0,0,1,16.9,10.21145453,-32.482
2021,12,5,2,0,IMG_2095,0.844,0,0,0.156,0,0,0,0,0.64452527,0,0,0.072980416,0,0,0,0,1,16.9,10.06763122,-33.0232
2021,12,5,2,10,IMG_2096,0.826,0,0,0.158,0,0.016,0,0,0.630058413,0,0,0.073838875,0,0.002536644,0,0,1,16.8,10.15039464,-32.1401
2021,12,5,2,20,IMG_2097,0.856,0,0,0.144,0,0,0,0,0.652393036,0,0,0.068420117,0,6.74E-05,0,0,1,16.8,10.15039464,-32.1869
2021,12,5,2,30,IMG_2098,0.863,0,0,0.137,0,0,0,0,0.658553658,0,0,0.06522062,0,0,0,0,1,16.7,10.08965134,-32.3133
2021,12,5,2,40,IMG_2099,0.854,0,0,0.146,0,0,0,0,0.655864618,0,0,0.069111606,0,8.13E-06,0,0,1,16.5,10.10951905,-32.0655
2021,12,5,2,50,IMG_2100,0.819,0,0,0.164,0,0.017,0,0,0.627415865,0,2.18E-06,0.075966632,0,0.0027532,0,0,1,16.5,10.10951905,-32.6937
2021,12,5,3,0,IMG_2101,0.829,0,0,0.139,0,0.032,0,0,0.628495944,0,0,0.067075819,0,0.004814378,0,0,1,16.5,10.24992903,-31.749
2021,12,5,3,10,IMG_2102,0.848,0,0,0.152,0,0,0,0,0.651865865,0,0,0.072514138,0,0,0,0,1,16.5,10.24992903,-31.3508
2021,12,5,3,20,IMG_2103,0.857,0,0,0.136,0,0.007,0,0,0.652061478,0,0,0.065716414,0,0.001207933,0,0,1,16.6,10.3117366,-32.9666
2021,12,5,3,30,IMG_2104,0.846,0,0,0.154,0,0,0,0,0.652661373,0,0,0.073239476,0,0,0,0,1,16.6,10.45299327,-31.927
2021,12,5,21,30,IMG_2117,0.391,0,0.001,0.209,0.075,0.019,0.305,0,0.297464881,0,0.000767345,0.169702141,0.047049482,0.008120463,0.129661223,0,1,17.2,14.35016418,-24.5516
2021,12,5,21,40,IMG_2118,0.575,0,0,0.231,0.042,0.106,0.045,0,0.400796597,0,0.000323107,0.146340708,0.034411734,0.054358504,0.016841271,0,1,17.1,14.11900521,-24.4513
2021,12,5,21,50,IMG_2119,0.61,0,0,0.382,0.005,0.001,0.001,0,0.446510885,0,0.000234142,0.236997048,0.003079808,0.000686245,0.000562432,0,1,17,14.17940245,-22.491
2021,12,5,22,0,IMG_2120,0.575,0,0,0.168,0.096,0.161,0,0,0.425646267,0,0,0.131055747,0.06647524,0.076668788,0.000104935,5.77E-05,1,16.9,13.95086041,-25.9426
2021,12,5,22,10,IMG_2121,0.017,0,0,0.14,0.841,0,0.003,0,0.01242485,0,0,0.09041437,0.421774842,2.22E-05,0.000738123,3.28E-05,1,16.8,14.01040386,-25.3975
2021,12,6,20,20,IMG_2159,0.58,0,0.002,0.247,0.009,0.153,0.008,0,0.361958398,0,0.001069178,0.156963732,0.007966774,0.109971424,0.00591691,0,1,18.6,13.68642824,-24.5909
2021,12,6,20,30,IMG_2160,0.35,0,0,0.381,0.003,0.264,0.001,0,0.210453253,0,9.73E-05,0.226559292,0.002512139,0.12560447,0.001150015,0,1,18.3,13.75813441,-23.2228
2021,12,6,20,40,IMG_2161,0.384,0,0,0.271,0.029,0.27,0.046,0,0.233757542,0,1.67E-05,0.186049594,0.018111448,0.173747731,0.024327426,0,1,18.2,13.6767796,-26.4156
2021,12,6,20,50,IMG_2162,0.481,0,0,0.399,0.006,0.113,0.001,0,0.296554898,0,0,0.267855627,0.004461523,0.067051285,0.000613394,0,1,18.2,13.83219755,-27.4591
2021,12,7,19,30,IMG_2203,0.425,0,0.002,0.573,0,0,0,0,0.272911456,0,0.000697348,0.314735284,0,0,0,0,1,16.6,9.605453273,-30.6823
2021,12,7,19,40,IMG_2204,0.449,0,0,0.551,0,0,0,0,0.28519988,0,0,0.304653065,0,0,0,0,1,16.6,9.605453273,-32.5032
2021,12,7,19,50,IMG_2205,0.487,0,0.009,0.505,0,0,0,0,0.318190956,0,0.002932542,0.281114754,0,0,0,0,1,16.5,9.407469113,-31.6456
2021,12,7,20,0,IMG_2206,0.475,0,0.001,0.524,0,0,0,0,0.301169434,0,0.000268314,0.290981656,0,0,0,0,1,16.6,9.605453273,-32.2457
2021,12,7,20,10,IMG_2207,0.523,0,0,0.476,0,0,0,0,0.340164971,0,6.81E-05,0.265462034,0,0,0,0,1,16.9,9.636161314,-33.0914
2021,12,7,20,20,IMG_2208,0.504,0,0,0.496,0,0,0,0,0.332259029,0,1.10E-05,0.270029958,0,0,0,0,1,16.8,9.578541418,-33.104
2021,12,7,20,30,IMG_2209,0.489,0,0,0.511,0,0,0,0,0.321351074,0,0,0.278188717,0,0,0,0,1,16.9,9.492338011,-32.9209
2021,12,7,20,40,IMG_2210,0.482,0,0,0.517,0,0,0,0,0.319247446,0,2.88E-05,0.27829345,0,0,0,0,1,17,9.549393484,-33.8099
2021,12,7,20,50,IMG_2211,0.504,0,0,0.496,0,0,0,0,0.332171357,0,1.08E-05,0.269118675,0,0,0,0,1,17,9.404705703,-33.463
2021,12,7,21,0,IMG_2212,0.53,0,0.001,0.469,0,0,0,0,0.350709518,0,0.0003404,0.254305506,0,0,0,0,1,17,9.260017923,-32.326
2021,12,7,21,10,IMG_2213,0.504,0,0,0.496,0,0,0,0,0.33451063,0,2.36E-06,0.265049902,0,0,0,0,1,17,9.260017923,-32.096
2021,12,7,21,20,IMG_2214,0.533,0,0,0.467,0,0,0,0,0.359306182,0,3.07E-05,0.247752637,0,0,0,0,1,17,9.115330143,-32.9358
2021,12,7,21,30,IMG_2215,0.543,0,0.001,0.456,0,0,0,0,0.363623235,0,0.000364821,0.24074239,0,0,0,0,1,17,9.115330143,-33.3337
2021,12,7,21,40,IMG_2216,0.524,0,0,0.476,0,0,0,0,0.361757873,0,2.71E-06,0.245052847,0,0,0,0,1,17,8.970642363,-32.6811
2021,12,7,21,50,IMG_2217,0.572,0,0,0.428,0,0,0,0,0.392833564,0,1.86E-06,0.221965971,0,0,0,0,1,17,9.115330143,-32.9204
2021,12,7,22,0,IMG_2218,0.6,0,0,0.4,0,0,0,0,0.426667991,0,0,0.201228733,0,0,0,0,1,17,9.115330143,-31.8034
2021,12,7,22,10,IMG_2219,0.622,0,0,0.378,0,0,0,0,0.4451346,0,0,0.191528065,0,0,0,0,1,16.9,9.204691404,-33.5125
2021,12,7,22,20,IMG_2220,0.614,0,0,0.386,0,0,0,0,0.432060682,0,3.57E-06,0.195640257,0,0,0,0,1,16.9,9.348514707,-33.0874
2021,12,7,22,30,IMG_2221,0.623,0,0,0.377,0,0,0,0,0.451768773,0,0,0.188943134,0,0,0,0,1,16.8,9.292614808,-32.6128
2021,12,7,22,40,IMG_2222,0.651,0,0,0.348,0,0,0,0,0.477518705,0,6.84E-06,0.174915069,0,0,0,0,1,16.9,9.060868101,-33.7458
2021,12,7,22,50,IMG_2223,0.673,0,0,0.327,0,0,0,0,0.498347326,0,4.18E-06,0.162353298,0,0,0,0,1,16.9,9.204691404,-32.627
2021,12,7,23,0,IMG_2224,0.72,0,0,0.28,0,0,0,0,0.538671935,0,0,0.139022198,0,0,0,0,1,16.7,9.094896983,-32.7447
2021,12,7,23,10,IMG_2225,0.698,0,0,0.302,0,0,0,0,0.532478583,0,0,0.146070005,0,0,0,0,1,16.7,9.094896983,-32.1496
2021,12,7,23,20,IMG_2226,0.699,0,0,0.301,0,0,0,0,0.523211636,0,0,0.146582151,0,0,0,0,1,16.7,8.952789218,-33.0905
2021,12,7,23,30,IMG_2227,0.69,0,0,0.31,0,0,0,0,0.516450383,0,1.32E-06,0.152014603,0,0,0,0,1,16.7,8.952789218,-32.7823
2021,12,7,23,40,IMG_2228,0.689,0,0,0.311,0,0,0,0,0.521522085,0,0,0.153096334,0,0,0,0,1,16.7,9.094896983,-31.9084
2021,12,7,23,50,IMG_2229,0.695,0,0,0.305,0,0,0,0,0.527432925,0,0,0.150351593,0,0,0,0,1,16.6,9.181683275,-32.7157
2021,12,8,0,0,IMG_2230,0.704,0,0,0.296,0,0,0,0,0.530398257,0,0,0.145286103,0,0,0,0,1,16.6,9.181683275,-32.6675
2021,12,8,0,10,IMG_2231,0.703,0,0,0.297,0,0,0,0,0.532874189,0,0,0.143970147,0,0,0,0,1,16.7,9.237004749,-33.1479
2021,12,8,0,20,IMG_2232,0.7,0,0,0.3,0,0,0,0,0.532744982,0,0,0.142680319,0,0,0,0,1,16.8,9.149651504,-33.2149
2021,12,8,0,30,IMG_2233,0.713,0,0,0.287,0,0,0,0,0.541641834,0,0,0.137151262,0,0,0,0,1,16.7,8.952789218,-32.2245
2021,12,8,0,40,IMG_2234,0.712,0,0,0.288,0,0,0,0,0.542282828,0,0,0.136279928,0,0,0,0,1,16.8,8.863724894,-33.1187
2021,12,8,0,50,IMG_2235,0.726,0,0,0.274,0,0,0,0,0.5542077,0,0,0.131802622,0,0,0,0,1,16.9,8.917044798,-32.4495
2021,12,8,1,0,IMG_2236,0.721,0,0,0.279,0,0,0,0,0.551095545,0,0,0.133645831,0,0,0,0,1,16.8,9.006688199,-32.2216
2021,12,8,1,10,IMG_2237,0.733,0,0,0.267,0,0,0,0,0.55649345,0,0,0.12851392,0,0,0,0,1,16.4,8.932333386,-30.3034
2021,12,8,1,20,IMG_2238,0.717,0,0,0.283,0,0,0,0,0.550269193,0,0,0.13515015,0,0,0,0,1,16.2,8.963258326,-30.0099
2021,12,8,1,30,IMG_2239,0.755,0,0,0.245,0,0,0,0,0.575788439,0,0,0.120203328,0,0,0,0,1,16.1,9.046428226,-31.1896
2021,12,8,1,40,IMG_2240,0.746,0,0,0.254,0,0,0,0,0.568284345,0,0,0.123385239,0,1.32E-05,0,0,1,16.1,9.183495321,-31.3215
2021,12,8,1,50,IMG_2241,0.726,0,0,0.274,0,0,0,0,0.558881295,0,0,0.132350466,0,0,0,0,1,16.1,9.183495321,-30.6259
2021,12,8,2,0,IMG_2242,0.737,0,0,0.263,0,0,0,0,0.562563484,0,0,0.128373866,0,0,0,0,1,16,9.264471789,-31.3904
2021,12,8,2,10,IMG_2243,0.726,0,0,0.274,0,0,0,0,0.557036877,0,0,0.132351735,0,0,0,0,1,16,9.264471789,-30.6457
2021,12,8,2,20,IMG_2244,0.741,0,0,0.259,0,0,0,0,0.567404845,0,0,0.125876285,0,0,0,0,1,16,9.400714021,-31.308
2021,12,8,2,30,IMG_2245,0.743,0,0,0.257,0,0,0,0,0.570321988,0,0,0.123469614,0,0,0,0,1,16.1,9.320562415,-32.3889
2021,12,8,2,40,IMG_2246,0.747,0,0,0.253,0,0,0,0,0.570559863,0,0,0.122592503,0,0,0,0,1,16.4,9.351036514,-32.4643
2021,12,8,2,50,IMG_2247,0.753,0,0,0.247,0,0,0,0,0.578584029,0,0,0.120359931,0,0,0,0,1,16.7,9.379112514,-32.9396
2021,12,8,3,0,IMG_2248,0.733,0,0,0.267,0,0,0,0,0.560117308,0,0,0.128828215,0,0,0,0,1,16.8,9.435578113,-31.8537
2021,12,8,3,10,IMG_2249,0.729,0,0,0.271,0,0,0,0,0.562078117,0,0,0.129401367,0,0,0,0,1,16.6,9.322939941,-32.668
2021,12,8,3,20,IMG_2250,0.759,0,0,0.241,0,0,0,0,0.579065918,0,0,0.11831869,0,0,0,0,1,16.5,9.407469113,-32.0934
2021,12,8,3,30,IMG_2251,0.734,0,0,0.266,0,0,0,0,0.565740978,0,0,0.127501623,0,0,0,0,1,16.2,9.376947172,-30.3311
2021,12,8,19,30,IMG_2252,0.253,0,0,0.747,0,0,0,0,0.162200699,0,0,0.414820651,0,0,0,0,1,18.9,11.01531653,-31.7629
2021,12,8,19,40,IMG_2253,0.247,0,0,0.753,0,0,0,0,0.156802825,0,3.48E-05,0.415028546,0,0,0,0,1,18.9,11.01531653,-31.9407
2021,12,8,19,50,IMG_2254,0.285,0,0.001,0.714,0,0,0,0,0.17854402,0,0.000335975,0.399742353,0,0,0,0,1,18.9,11.17730648,-31.2127
2021,12,8,20,0,IMG_2255,0.303,0,0,0.697,0,0,0,0,0.191167308,0,7.69E-06,0.390925421,0,0,0,0,1,18.9,11.17730648,-30.0737
2021,12,8,20,10,IMG_2256,0.319,0,0.002,0.68,0,0,0,0,0.20048451,0,0.000561336,0.384393149,0,0,0,0,1,18.9,11.17730648,-32.3176
2021,12,8,20,20,IMG_2257,0.354,0,0.006,0.64,0,0,0,0,0.227259495,0,0.002202757,0.358282136,0,0,0,0,1,18.9,11.33929643,-29.9258
2021,12,8,20,30,IMG_2258,0.353,0,0,0.647,0,0,0,0,0.228884953,0,0.000132625,0.359769246,0,0,0,0,1,18.8,11.27256334,-30.4509
2021,12,8,20,40,IMG_2259,0.355,0,0.005,0.64,0,0,0,0,0.230603936,0,0.001895974,0.34362162,0,0,0,0,1,18.7,11.3662585,-31.1921
2021,12,8,20,50,IMG_2260,0.411,0,0,0.589,0,0,0,0,0.262447003,0,5.44E-05,0.328280394,0,0,0,0,1,18.6,11.29926052,-31.653
2021,12,8,21,0,IMG_2261,0.44,0,0.007,0.553,0,0,0,0,0.287754087,0,0.00292633,0.304484262,0,0,0,0,1,18.7,11.52634665,-31.5982
2021,12,8,21,10,IMG_2262,0.399,0,0.005,0.596,0,0,0,0,0.26688575,0,0.001788477,0.3130971,0,0,0,0,1,18.7,11.3662585,-31.36
2021,12,8,21,20,IMG_2263,0.478,0,0.014,0.507,0,0,0.001,0,0.308933767,0,0.005389919,0.277936877,0,0,0.000382024,0,1,18.7,11.3662585,-31.5376
2021,12,8,21,30,IMG_2264,0.384,0,0.045,0.571,0,0,0,0,0.255978035,0,0.014850586,0.302563664,0,0,0,0,1,18.6,11.29926052,-31.0527
2021,12,8,21,40,IMG_2265,0.413,0,0.001,0.586,0,0,0,0,0.282690956,0,0.000355657,0.303454349,0,0,0,0,1,18.7,11.52634665,-30.9818
2021,12,8,21,50,IMG_2266,0.533,0,0,0.467,0,0,0,0,0.366362117,0,5.09E-06,0.250833774,0,0,0,0,1,18.7,11.52634665,-31.2305
2021,12,8,22,0,IMG_2267,0.568,0,0,0.432,0,0,0,0,0.397213867,0,7.10E-06,0.229917308,0,0,0,0,1,18.6,11.45840504,-31.0763
2021,12,8,22,10,IMG_2268,0.543,0,0,0.457,0,0,0,0,0.386141181,0,1.36E-05,0.237808556,0,0,0,0,1,18.6,11.61754955,-31.5174
2021,12,8,22,20,IMG_2269,0.579,0,0,0.421,0,0,0,0,0.407050781,0,1.44E-05,0.218310179,0,0,0,0,1,18.6,11.61754955,-30.1415
2021,12,8,22,30,IMG_2270,0.635,0,0,0.365,0,0,0,0,0.456931475,0,7.80E-06,0.188527877,0,0,0,0,1,18.7,11.68643479,-30.8306
2021,12,8,22,40,IMG_2271,0.65,0,0,0.35,0,0,0,0,0.462878546,0,2.16E-05,0.182647972,0,0,0,0,1,18.6,11.61754955,-30.9607
2021,12,8,22,50,IMG_2272,0.611,0,0,0.389,0,0,0,0,0.441921424,0,6.47E-05,0.194698723,0,0,0,0,1,18.7,11.52634665,-30.2276
2021,12,8,23,0,IMG_2273,0.752,0,0,0.248,0,0,0,0,0.561590159,0,0,0.121266113,0,0,0,0,1,18.7,11.52634665,-30.9323
2021,12,8,23,10,IMG_2274,0.733,0,0,0.267,0,0,0,0,0.549053989,0,4.12E-06,0.125678703,0,0,0,0,1,18.8,11.59463658,-30.6678
2021,12,8,23,20,IMG_2275,0.753,0,0,0.247,0,0,0,0,0.571700308,0,0,0.115588356,0,0,0,0,1,18.9,11.66327633,-30.3246
2021,12,8,23,30,IMG_2276,0.783,0,0,0.217,0,0,0,0,0.593635021,0,1.30E-06,0.104059052,0,0,0,0,1,18.9,11.66327633,-30.2162
2021,12,8,23,40,IMG_2277,0.819,0,0,0.181,0,0,0,0,0.614158857,0,0,0.089605574,0,0,0,0,1,18.8,11.59463658,-31.074
2021,12,8,23,50,IMG_2278,0.827,0,0,0.173,0,0,0,0,0.62461256,0,0,0.084942526,0,0,0,0,1,18.8,11.7556732,-31.4617
2021,12,9,0,0,IMG_2279,0.818,0,0,0.182,0,0,0,0,0.628523257,0,0,0.087653861,0,0,0,0,1,18.8,11.7556732,-30.1817
2021,12,9,0,10,IMG_2280,0.855,0,0,0.145,0,0,0,0,0.644977847,0,0,0.070788912,0,0,0,0,1,18.9,11.66327633,-29.807
2021,12,9,0,20,IMG_2281,0.854,0,0,0.146,0,0,0,0,0.660290054,0,0,0.071273595,0,0,0,0,1,18.8,11.59463658,-29.9493
2021,12,9,0,30,IMG_2282,0.857,0,0,0.143,0,0,0,0,0.647676901,0,0,0.070224061,0,0,0,0,1,18.9,11.66327633,-30.4778
2021,12,9,0,40,IMG_2283,0.841,0,0,0.159,0,0,0,0,0.639368344,0,3.03E-06,0.077182489,0,0,0,0,1,18.8,11.7556732,-28.9521
2021,12,9,0,50,IMG_2284,0.832,0,0,0.168,0,0,0,0,0.6375702,0,0,0.081017571,0,0,0,0,1,18.9,11.66327633,-29.2607
2021,12,9,1,0,IMG_2285,0.863,0,0,0.137,0,0,0,0,0.658508083,0,1.21E-06,0.068075331,0,0,0,0,1,18.8,11.7556732,-29.9997
2021,12,9,1,10,IMG_2286,0.855,0,0,0.145,0,0,0,0,0.658563582,0,0,0.071580732,0,0,0,0,1,18.9,11.82526628,-30.1692
2021,12,9,1,20,IMG_2287,0.848,0,0,0.152,0,0,0,0,0.658802674,0,0,0.07718149,0,0,0,0,1,18.9,11.82526628,-29.6995
2021,12,9,1,30,IMG_2288,0.838,0,0,0.162,0,0,0,0,0.640975443,0,0,0.081335667,0,0,0,0,1,18.8,11.7556732,-29.5339
2021,12,9,1,40,IMG_2289,0.835,0,0,0.165,0,0,0,0,0.655678884,0,0,0.081003726,0,0,0,0,1,18.6,11.77669407,-28.4162
2021,12,9,1,50,IMG_2290,0.8,0,0,0.175,0,0.024,0,0,0.617743923,0,0,0.086266113,0,0.003420358,0,0,1,18.6,11.93583858,-27.8476
2021,12,9,2,0,IMG_2291,0.803,0,0,0.175,0,0.02,0.003,0,0.625912785,0,0,0.086196943,0,0.005251194,0.00066274,0,1,18.5,11.86542738,-27.911
2021,12,9,2,10,IMG_2292,0.785,0,0,0.215,0,0,0,0,0.610584315,0,0,0.103126179,0,0,0,0,1,18.6,11.93583858,-29.6167
2021,12,9,2,20,IMG_2293,0.791,0,0,0.209,0,0,0,0,0.62293732,0,0,0.099589784,0,0,0,0,1,18.7,12.00661109,-27.7658
2021,12,9,2,30,IMG_2294,0.811,0,0,0.189,0,0,0,0,0.63609372,0,3.84E-05,0.092670185,0,0,2.29E-05,0,1,18.6,11.93583858,-29.2735
2021,12,9,2,40,IMG_2295,0.802,0,0,0.198,0,0,0,0,0.630935817,0,3.34E-05,0.095639461,0,0,0,0,1,18.6,11.93583858,-29.2118
2021,12,9,2,50,IMG_2296,0.758,0,0.002,0.196,0,0,0.044,0,0.589981205,0,0.000269817,0.095220974,0,0,0.007496229,0,1,18.6,11.93583858,-28.4359
2021,12,9,3,0,IMG_2297,0.802,0,0,0.198,0,0,0,0,0.633524226,0,0,0.096473798,0,0,0,0,1,18.5,12.02363308,-28.5338
2021,12,9,3,10,IMG_2298,0.784,0,0,0.216,0,0,0,0,0.618916474,0,0,0.105583549,0,0,0,0,1,18.5,12.02363308,-26.9903
2021,12,9,3,20,IMG_2299,0.797,0,0,0.203,0,0,0,0,0.6314705,0,0,0.10127672,0,0,0,0,1,18.6,12.0949831,-29.1044
2021,12,9,3,30,IMG_2300,0.812,0,0,0.187,0,0.001,0,0,0.637972551,0,0,0.095258999,0,9.12E-05,0,0,1,18.6,12.0949831,-26.8755
2021,12,9,22,20,IMG_2301,0.555,0,0,0.445,0,0,0,0,0.402210359,0,0,0.224988214,0,0,0,0,1,19.9,12.54103839,-30.2288
2021,12,9,22,30,IMG_2302,0.595,0,0,0.405,0,0,0,0,0.437513672,0,0,0.204844719,0,0,0,0,1,19.9,12.36924335,-28.4822
2021,12,9,22,40,IMG_2303,0.601,0,0,0.399,0,0,0,0,0.433186306,0,5.07E-06,0.201866218,0,0,0,0,1,20,12.44183035,-28.8405
2021,12,9,22,50,IMG_2304,0.618,0,0,0.382,0,0,0,0,0.454502524,0,6.48E-06,0.192364431,0,0,0,0,1,20,12.44183035,-28.2748
2021,12,9,23,0,IMG_2305,0.628,0,0,0.372,0,0,0,0,0.4711362,0,0,0.183799579,0,0,0,0,1,20.1,12.34096888,-27.7913
2021,12,9,23,10,IMG_2306,0.636,0,0,0.364,0,0,0,0,0.471582595,0,0,0.18018309,0,0,0,0,1,20.3,12.3100887,-29.2732
2021,12,9,23,20,IMG_2307,0.642,0,0,0.358,0,0,0,0,0.479957903,0,0,0.176556107,0,0,0,0,1,20.3,12.3100887,-29.88
2021,12,9,23,30,IMG_2308,0.638,0,0,0.362,0,0,0,0,0.480316534,0,0,0.179624459,0,0,0,0,1,20.5,12.27655315,-29.3119
2021,12,9,23,40,IMG_2309,0.62,0,0,0.38,0,0,0,0,0.465925098,0,0,0.185846469,0,0,0,0,1,20.5,12.27655315,-29.5656
2021,12,9,23,50,IMG_2310,0.651,0,0,0.349,0,0,0,0,0.487450924,0,0,0.171804184,0,0,0,0,1,20.4,12.20521241,-30.0362
2021,12,10,0,0,IMG_2311,0.63,0,0,0.37,0,0,0,0,0.475461058,0,0,0.178871432,0,0,0,0,1,20.4,12.20521241,-29.2127
2021,12,10,0,10,IMG_2312,0.662,0,0,0.338,0,0,0,0,0.5053779,0,0,0.162583954,0,0,0,0,1,20.4,12.20521241,-30.4947
2021,12,10,0,20,IMG_2313,0.684,0,0,0.316,0,0,0,0,0.514257106,0,0,0.153365505,0,0,0,0,1,20.3,12.13423029,-29.3269
2021,12,10,0,30,IMG_2314,0.7,0,0,0.3,0,0,0,0,0.533967172,0,0,0.144550308,0,0,0,0,1,20.3,12.13423029,-29.9828
2021,12,10,0,40,IMG_2315,0.699,0,0,0.301,0,0,0,0,0.53494194,0,0,0.145656137,0,0,0,0,1,20.4,12.20521241,-30.0953
2021,12,10,0,50,IMG_2316,0.685,0,0,0.315,0,0,0,0,0.529697724,0,0,0.149518788,0,0,0,0,1,20.3,12.13423029,-29.5239
2021,12,10,1,0,IMG_2317,0.684,0,0,0.316,0,0,0,0,0.52368569,0,0,0.14941244,0,0,0,0,1,20.2,12.23844016,-29.0259
2021,12,10,1,10,IMG_2318,0.669,0,0,0.303,0,0.028,0,0,0.512198723,0,0,0.145288492,5.39E-06,0.007922679,2.65E-06,0,1,20.1,12.16715242,-29.119
2021,12,10,1,20,IMG_2319,0.401,0,0,0.342,0,0.257,0,0,0.299230649,0,0,0.158778666,3.82E-05,0.066070065,6.85E-05,0,1,20,12.09622395,-25.9372
2021,12,10,1,30,IMG_2320,0.538,0,0,0.297,0,0.165,0,0,0.397958676,0,0,0.142185795,0,0.035088056,0,0,1,20,11.92342075,-19.5492
2021,12,10,1,40,IMG_2321,0.539,0,0,0.295,0,0.166,0,0,0.401512447,0,0,0.141163747,0,0.051528914,0,0,1,20.1,11.81951949,-18.1385
2021,12,10,1,50,IMG_2322,0.591,0,0,0.31,0,0.098,0,0,0.456101735,0,0,0.146229259,0,0.029975398,9.70E-05,0,1,20.2,11.88877045,-23.9712
2021,12,10,2,0,IMG_2323,0.427,0,0,0.274,0,0.299,0,0,0.308565204,0,0,0.132683444,0,0.077508984,1.98E-06,0,1,20.3,11.95837188,-16.7192
2021,12,10,2,10,IMG_2324,0.675,0,0,0.325,0,0,0,0,0.523250729,0,0,0.151855439,0,0,0,0,1,20.4,12.02832527,-24.3076
2021,12,10,2,20,IMG_2325,0.578,0,0,0.323,0,0.099,0,0,0.443660299,0,0,0.150459706,0,0.025385614,2.24E-05,0,1,20.1,11.81951949,-19.8091
2021,12,10,2,40,IMG_2327,0.211,0,0,0.351,0,0.438,0,0,0.162740002,0,0,0.161281047,3.99E-05,0.190730078,0,0,1,20.4,12.02832527,-14.3831
2021,12,10,21,10,IMG_2333,0.464,0,0,0.536,0,0,0,0,0.302914986,0,9.87E-05,0.304262057,0,0,0,0,1,20.5,13.69992164,-30.6364
2021,12,10,21,20,IMG_2334,0.495,0,0,0.505,0,0,0,0,0.325648888,0,1.56E-05,0.284757993,0,0,0,0,1,20.2,13.8119539,-30.0875
2021,12,10,21,30,IMG_2335,0.568,0,0,0.432,0,0,0,0,0.381032505,0,5.60E-06,0.241582031,0,0,0,0,1,20.2,13.8119539,-29.4134
2021,12,10,21,40,IMG_2336,0.565,0,0,0.435,0,0,0,0,0.389313522,0,1.86E-06,0.237361306,0,0,0,0,1,20.2,13.63711904,-31.1067
2021,12,10,21,50,IMG_2337,0.52,0,0,0.48,0,0,0,0,0.352596567,0,3.85E-05,0.259983797,0,0,0,0,1,20.5,13.52200058,-30.9129
2021,12,10,22,0,IMG_2338,0.574,0,0,0.426,0,0,0,0,0.394503974,0,7.74E-05,0.225588852,0,0,0,0,1,20.3,13.54109757,-29.4514
2021,12,10,22,10,IMG_2339,0.647,0,0,0.353,0,0,0,0,0.461758075,0,6.39E-06,0.187465002,0,0,0,0,1,20.4,13.26653523,-30.5513
2021,12,10,22,20,IMG_2340,0.585,0,0.001,0.413,0,0,0,0,0.414367841,0,0.00033901,0.213639941,0,0,0,0,1,20.3,13.54109757,-29.1894
2021,12,10,22,30,IMG_2341,0.672,0,0,0.328,0,0,0,0,0.4740141,0,8.22E-06,0.177432452,0,0,0,0,1,20.3,13.54109757,-29.312
2021,12,10,22,40,IMG_2342,0.69,0,0.019,0.291,0,0,0,0,0.491368983,0.000169298,0.010573798,0.15967189,0,0,6.71E-05,0,1,20.4,13.6203095,-29.8539
2021,12,10,22,50,IMG_2343,0.693,0,0,0.301,0.001,0,0.005,0,0.496304147,0,1.32E-05,0.164069306,0.000624497,0,0.002686651,0,1,20.2,13.8119539,-28.5417
2021,12,10,23,0,IMG_2344,0.811,0,0,0.189,0,0,0,0,0.604937402,0,0,0.09621226,0,0,0,0,1,20.1,13.90531705,-28.7428
2021,12,10,23,10,IMG_2345,0.791,0,0,0.209,0,0,0,0,0.583532181,0,5.57E-06,0.100956528,0,0,0,0,1,20,13.82425594,-29.2014
2021,12,10,23,20,IMG_2346,0.8,0,0,0.2,0,0,0,0,0.608813957,0,0,0.097459555,0,0,0,0,1,19.8,13.83415066,-27.3133
2021,12,10,23,30,IMG_2347,0.773,0,0,0.227,0,0,0,0,0.597448032,0,0,0.108817165,0,0,0,0,1,19.4,14.01373693,-26.8713
2021,12,10,23,40,IMG_2348,0.773,0,0,0.227,0,0,0,0,0.578027344,0,0,0.113677441,0,0,0,0,1,19.1,14.09636895,-27.7184
2021,12,10,23,50,IMG_2349,0.742,0,0,0.238,0.003,0.017,0,0,0.552516587,0,0,0.122121214,0.001717097,0.008465783,0.000108586,0,1,19.1,14.42419149,-27.7124
2021,12,11,0,0,IMG_2350,0.801,0,0,0.199,0,0,0,0,0.597567075,0,0,0.108479184,0,0,0,0,1,19,14.99123053,-28.9327
2021,12,11,0,10,IMG_2351,0.835,0,0,0.165,0,0,0,0,0.633994659,0,0,0.087854507,0,0,0,0,1,18.9,15.5510351,-27.9921
2021,12,11,0,20,IMG_2352,0.85,0,0,0.138,0.001,0.011,0,0,0.641582444,0,0,0.074449061,0.000383789,0.007135096,0,0,1,18.8,15.45951544,-26.9397
2021,12,11,0,30,IMG_2353,0.864,0,0,0.136,0,0,0,0,0.651824241,0,0,0.074174707,0,0,0,0,1,18.8,14.81536896,-26.9832
2021,12,11,0,40,IMG_2354,0.867,0,0,0.133,0,0,0,0,0.666514686,0,8.86E-07,0.072330551,0,0,0,0,1,19,14.17648974,-27.3105
2021,12,11,0,50,IMG_2355,0.808,0,0,0.192,0,0,0,0,0.625072791,0,0,0.097617157,0,0,0,0,1,18.9,14.09312556,-26.9232
2021,12,11,1,0,IMG_2356,0.778,0,0,0.221,0,0,0.001,0,0.608948881,0,0,0.114290835,0,0,0.0004689,0,1,18.9,14.25511551,-25.0658
2021,12,11,1,10,IMG_2357,0.759,0,0,0.23,0.006,0.005,0,0,0.589013567,0,0,0.129012861,0.0036907,0.002948603,4.27E-05,0,1,18.7,14.24784516,-27.0026
2021,12,11,1,20,IMG_2358,0.796,0,0,0.177,0.009,0.013,0.004,0,0.603595816,0,0,0.105137838,0.006317698,0.008769028,0.002869772,0,1,18.8,14.49329573,-28.486
2021,12,11,1,30,IMG_2359,0.735,0,0,0.258,0.002,0.005,0,0,0.568957565,0,0,0.150932197,0.001146867,0.001807332,0.000141609,0,1,18.7,14.7281096,-26.4863
2021,12,11,1,40,IMG_2360,0.721,0.002,0.004,0.232,0.009,0.026,0.006,0,0.55705912,0.000864498,0.002243592,0.13926108,0.006798227,0.015476232,0.003229522,0,1,18.4,15.41262456,-25.6317
2021,12,11,1,50,IMG_2361,0.546,0,0,0.212,0.035,0.206,0.001,0,0.425351442,0,0,0.120669366,0.022600248,0.086191023,0.000505634,9.47E-05,1,18.4,15.72716792,-20.1196
2021,12,11,2,0,IMG_2362,0.558,0,0,0.245,0.043,0.154,0,0,0.42957968,0,0,0.141604507,0.028524407,0.060065249,6.00E-05,0,1,18.3,15.63424365,-17.7411
2021,12,11,2,10,IMG_2363,0.547,0,0,0.216,0.04,0.197,0,0,0.430863499,0,0,0.128439709,0.023294509,0.091502554,1.76E-05,0,1,18.3,15.63424365,-20.4384
2021,12,11,2,20,IMG_2364,0.658,0,0,0.193,0.034,0.115,0,0,0.519168818,0,0,0.120514881,0.021897506,0.050750496,5.17E-05,2.46E-05,1,18.3,15.63424365,-23.2308
2021,12,11,2,30,IMG_2365,0.283,0,0,0.23,0.039,0.448,0,0,0.218167864,0,0,0.135077186,0.01983771,0.175147679,0,0,1,18.3,15.63424365,-19.4528
2021,12,13,21,30,IMG_2470,0.046,0,0.01,0.15,0.656,0.017,0.12,0,0.025132272,0,0.004485029,0.10809837,0.47999502,0.013119111,0.072740415,0,1,17.1,11.93565389,-23.1828
2021,12,13,22,20,IMG_2475,0.174,0,0.003,0.185,0.011,0.618,0.008,0,0.08757509,0,0.00273735,0.118092976,0.007983624,0.406748265,0.005431806,0,1,17.1,11.93565389,-19.1098
2021,12,13,22,30,IMG_2476,0.502,0,0,0.363,0.018,0.115,0.002,0,0.313755334,0,0,0.21265139,0.009635329,0.044661606,0.000643735,0,1,17.1,11.93565389,-24.1688
2021,12,13,22,40,IMG_2477,0.225,0,0,0.312,0.003,0.458,0.003,0,0.132707775,0,0,0.180663416,0.001456858,0.243405303,0.001267736,0,1,17.1,11.93565389,-29.0077
2021,12,13,22,50,IMG_2478,0.568,0,0,0.35,0.004,0.073,0.004,0,0.377892834,0,5.65E-05,0.194312515,0.002132354,0.029934277,0.002062357,0,1,17.1,11.93565389,-30.5628
2021,12,13,23,0,IMG_2479,0.48,0,0,0.194,0.003,0.323,0.001,0,0.328620117,0,5.66E-06,0.096958691,0.001107948,0.125638702,0.000309758,0,1,17.1,11.93565389,-29.9107
2021,12,13,23,10,IMG_2480,0.728,0,0.008,0.264,0,0,0,0,0.500039295,0,0.002394419,0.125508579,0,0,0,0,1,17,11.86439796,-27.8082
2021,12,13,23,20,IMG_2481,0.782,0,0.001,0.203,0,0.013,0.001,0,0.535556949,0,0.000210983,0.098380469,0,0.003956445,0.00035003,0,1,17,11.86439796,-29.8485
2021,12,13,23,30,IMG_2482,0.762,0,0.001,0.201,0,0.035,0.001,0,0.525953553,0,0.000384029,0.096211734,0,0.013726375,0.00034399,0,1,17.1,11.79009713,-29.9759
2021,12,13,23,40,IMG_2483,0.743,0,0,0.212,0,0.045,0,0,0.519110314,0,5.92E-06,0.100577569,0,0.018506025,1.90E-05,0,1,17,11.86439796,-30.2581
2021,12,13,23,50,IMG_2484,0.815,0,0,0.185,0,0,0,0,0.57338306,0,5.92E-06,0.088715678,0,0,0,0,1,17,11.71971018,-30.2285
2021,12,14,0,0,IMG_2485,0.808,0,0,0.148,0.001,0.044,0,0,0.574788694,0,0,0.071941226,0.000312087,0.016674031,0,0,1,17,11.71971018,-30.0593
2021,12,14,0,10,IMG_2486,0.828,0,0,0.171,0,0,0.002,0,0.594974609,0,5.01E-05,0.081456032,5.29E-05,0,0.000822701,0,1,17,11.71971018,-30.1544
2021,12,14,0,20,IMG_2487,0.796,0,0,0.14,0.001,0.062,0.001,0,0.571963552,0,0,0.068387921,0.000305784,0.023369629,0.000260915,0,1,17,11.71971018,-30.0123
2021,12,14,0,30,IMG_2488,0.131,0.221,0.067,0.202,0,0,0.378,0,0.083989911,0.061996544,0.020661028,0.091659217,6.28E-05,5.44E-05,0.116149399,0,1,17.1,11.64454038,-29.4357
2021,12,14,2,50,IMG_2502,0.361,0,0,0.07,0.027,0.492,0.049,0,0.283137492,0,0,0.034516549,0.013264754,0.167272221,0.018297716,0,1,17.5,11.92624178,-25.0331
2021,12,14,3,0,IMG_2503,0.191,0,0,0.128,0.069,0.609,0.003,0,0.152517383,0,0,0.058753681,0.029309428,0.172480026,0.000773888,0,1,17.6,11.99758236,-24.2987
2021,12,14,3,10,IMG_2504,0.43,0,0,0.089,0.002,0.478,0.001,0,0.338544967,0,0,0.038363559,0.001123182,0.16533907,0.00019393,0,1,17.5,11.92624178,-25.0662
2021,12,14,3,20,IMG_2505,0.35,0,0,0.103,0.008,0.539,0,0,0.266577524,0,0,0.046238657,0.003892315,0.168840678,0,2.46E-05,1,17.7,11.91842605,-26.0441
2021,12,14,19,30,IMG_2507,0.686,0.009,0.057,0.227,0,0,0.021,0,0.389548603,0.00541537,0.029203846,0.133416729,0,0,0.012576149,0,1,20.4,13.26653523,-29.7319
2021,12,14,19,40,IMG_2508,0.683,0.048,0.198,0.024,0,0,0.048,0,0.38474188,0.028877644,0.103384413,0.013838199,0,8.00E-05,0.030045252,0,1,20.3,13.36523916,-29.692
2021,12,14,19,50,IMG_2509,0.677,0,0.064,0.114,0,0.056,0.088,0,0.387240054,0,0.028258068,0.065312027,0.000310735,0.034636035,0.051794989,0,1,20.4,13.26653523,-30.2477
2021,12,14,20,0,IMG_2510,0.687,0,0.088,0.025,0,0,0.2,0,0.392120831,8.93E-05,0.046866489,0.01472506,0,2.86E-05,0.117406318,0,1,20.3,13.18938075,-27.4512
2021,12,14,20,10,IMG_2511,0.691,0.013,0.052,0.048,0,0.01,0.186,0,0.391871642,0.006699512,0.028996597,0.029051247,0.000302276,0.005768051,0.108779402,0,1,20.3,13.18938075,-28.3523
2021,12,14,20,20,IMG_2512,0.736,0,0.032,0.056,0,0.021,0.154,0,0.420564994,0.000270636,0.018848453,0.032835712,0.000208804,0.013399437,0.089050541,0,1,20.4,13.26653523,-28.1166
2021,12,14,20,30,IMG_2513,0.69,0.005,0.091,0.062,0,0,0.152,0,0.401019336,0.00319037,0.053241068,0.036215565,0,5.60E-05,0.089056904,0,1,20.2,13.11261446,-28.7411
2021,12,14,20,40,IMG_2514,0.421,0,0.024,0.094,0.003,0.03,0.428,0,0.248693262,0,0.014619005,0.054382512,0.001894824,0.018447814,0.24157328,0,1,20.2,13.11261446,-25.8169
2021,12,14,20,50,IMG_2515,0.377,0,0.016,0.06,0.004,0.045,0.498,0,0.227631505,0,0.009672476,0.037562981,0.002533023,0.028482309,0.29968131,0,1,20.2,13.28744932,-24.038
2021,12,14,21,10,IMG_2517,0.576,0,0.021,0.107,0.004,0.126,0.166,0,0.351038807,0,0.011764498,0.067355889,0.002301067,0.070524902,0.089144516,0,1,20.2,13.28744932,-19.1091
2021,12,14,21,50,IMG_2518,0.76,0,0.021,0.122,0,0.011,0.085,0,0.480968607,0,0.011535254,0.065836516,0,0.005661058,0.044679515,0,1,19.5,13.08942327,-23.8368
2021,12,14,22,0,IMG_2519,0.674,0,0.009,0.108,0.001,0.084,0.124,0,0.429917984,0,0.004930003,0.055509991,0.000685983,0.039148873,0.062947686,0,1,18.7,13.12722812,-21.0076
2021,12,14,22,10,IMG_2520,0.581,0,0,0.112,0.008,0.286,0.013,0,0.38245764,0,8.93E-05,0.057270838,0.004547686,0.128763169,0.007191391,0,1,18.3,12.97642223,-19.5895
2021,12,14,22,20,IMG_2521,0.533,0,0,0.109,0.013,0.33,0.015,0,0.349742706,0,3.51E-06,0.056872318,0.006669141,0.149882632,0.00696715,0,1,18,13.05456897,-23.7217
2021,12,14,22,30,IMG_2522,0.702,0,0.014,0.122,0,0.059,0.102,0,0.462442819,0,0.008710907,0.063316722,0.000197521,0.02801244,0.046530657,0,1,17.9,13.12986294,-21.0772
2021,12,14,22,40,IMG_2523,0.766,0,0.001,0.108,0.002,0.056,0.067,0,0.510394396,0,0.000508136,0.054177419,0.001090948,0.026635765,0.034498843,0,1,17.8,13.05197584,-19.615
2021,12,14,22,50,IMG_2524,0.708,0,0,0.1,0.002,0.185,0.005,0,0.473390542,0,0,0.049984413,0.000843848,0.092883376,0.002654567,0,1,17.8,13.20374301,-20.0444
2021,12,14,23,0,IMG_2525,0.537,0,0,0.067,0.001,0.389,0.007,0,0.356908023,0,0,0.033950789,0.000390212,0.179518667,0.002619546,0,1,17.4,12.8926049,-23.8174
2021,12,14,23,40,IMG_2529,0.54,0,0,0.035,0.024,0.381,0.021,0,0.383497273,0,1.34E-05,0.018049677,0.011560201,0.169468179,0.009152614,0,1,17.1,12.95455117,-18.7037
2021,12,15,0,0,IMG_2531,0.439,0,0,0.147,0.1,0.314,0,0,0.331774076,0,0,0.073643863,0.049760885,0.137621372,0,0,1,17.6,13.1973406,-19.512
2021,12,15,0,30,IMG_2534,0.762,0,0.011,0.071,0,0.125,0.03,0,0.545797806,0,0.005833954,0.039752607,0.000248077,0.048822206,0.012924617,0,1,17.9,13.12986294,-18.1677
2021,12,15,0,40,IMG_2535,0.77,0.002,0.05,0.069,0,0.005,0.103,0,0.569189731,0.001009465,0.026033361,0.037627171,0,0.002612004,0.045387327,0,1,17.6,13.04737082,-19.0764
2021,12,15,0,50,IMG_2536,0.703,0,0,0.131,0,0.117,0.049,0,0.50564689,0,5.25E-05,0.071144156,0,0.044800916,0.016525766,0,1,17,12.87721242,-24.826
2021,12,15,1,10,IMG_2538,0.718,0.011,0.017,0.144,0.001,0.018,0.09,0,0.531614671,0.006921755,0.010273024,0.079874361,0.000742661,0.006494306,0.041581798,0,1,17,13.0219002,-19.131
2021,12,15,19,30,IMG_2553,0.131,0,0.004,0.866,0,0,0,0,0.080363702,0,0.001795936,0.49812005,0,0,0,0,1,19.9,14.774374,-18.7166
2021,12,15,19,40,IMG_2554,0.215,0,0.001,0.785,0,0,0,0,0.12850157,0,0.000369681,0.463527734,0,0,0,0,1,19.9,14.774374,-18.2587
2021,12,15,19,50,IMG_2555,0.152,0,0.014,0.834,0,0,0,0,0.091962049,0,0.006731949,0.485355273,0,0,0,0,1,19.8,14.68811057,-17.5193
2021,12,15,20,0,IMG_2556,0.185,0,0.004,0.811,0,0,0,0,0.111377734,0,0.00198155,0.477846732,0,0,0,0,1,19.7,14.60228302,-19.8251
2021,12,15,20,10,IMG_2557,0.091,0,0,0.909,0,0,0,0,0.055169862,0,0,0.530937883,0,0,0,0,1,19.5,14.59974134,-19.6498
2021,12,15,20,20,IMG_2558,0.069,0,0,0.931,0,0,0,0,0.04053771,0,0,0.548654349,0,0,0,0,1,19.4,14.51422753,-20.0531
2021,12,15,20,30,IMG_2559,0.065,0,0.005,0.929,0,0,0,0,0.040410246,0,0.002485915,0.535911486,0,0,0,0,1,19.5,14.59974134,-18.51
2021,12,15,20,40,IMG_2560,0.081,0,0.001,0.918,0,0,0,0,0.048192458,0,0.00023617,0.520264453,0,0,0,0,1,19.5,14.43192822,-21.5207
2021,12,15,20,50,IMG_2561,0.09,0,0,0.91,0,0,0,0,0.05460619,0,0.000116451,0.525798715,0,0,0,0,1,19,14.17648974,-21.8405
2021,12,15,21,0,IMG_2562,0.102,0,0,0.898,0,0,0,0,0.063540167,0,0.000145913,0.507156746,0,0,0,0,1,18.9,14.25511551,-21.0595
2021,12,15,21,10,IMG_2563,0.142,0,0,0.858,0,0,0,0,0.085025068,0,8.54E-06,0.492418014,0,0,0,0,1,19,14.3394379,-20.6501
2021,12,15,21,20,IMG_2564,0.292,0,0,0.708,0,0,0,0,0.172171297,0,0,0.424499962,0,0,0,0,1,19.1,14.42419149,-18.7729
2021,12,15,21,30,IMG_2565,0.249,0,0,0.751,0,0,0,0,0.146073926,0,0,0.440106731,0,0,0,0,1,19.3,14.42914729,-17.983
2021,12,15,21,40,IMG_2566,0.241,0,0.001,0.757,0,0,0,0,0.143906783,0,0.000650421,0.440490197,0,0,0,0,1,19.4,14.51422753,-20.5656
2021,12,15,21,50,IMG_2567,0.037,0,0,0.962,0,0,0,0,0.022890595,0,2.32E-05,0.547967045,0,0,0,0,1,18.9,14.09312556,-19.7873
2021,12,15,22,0,IMG_2568,0.002,0,0,0.998,0,0,0,0,0.001478658,0,0,0.577789108,0,0,0,0,1,18.7,14.24784516,-19.2348
2021,12,15,22,10,IMG_2569,0.009,0,0,0.991,0,0,0,0,0.005094772,0,0,0.580225511,0,0,0,0,1,18.7,14.24784516,-17.5765
2021,12,15,22,20,IMG_2570,0.004,0,0,0.996,0,0,0,0,0.002618893,0,0,0.587011899,0,0,0,0,1,18.6,14.3230063,-15.4933
2021,12,15,22,50,IMG_2573,0,0,0,0.998,0.002,0,0,0,0,0,0,0.631257452,0.001245996,0,0,0,1,18.2,14.14303345,-11.8619
2021,12,16,19,30,IMG_2602,0,0,0,0.985,0.015,0,0,0,0,0,0,0.679587252,0.007726803,0,0,0,1,19.2,15.00401598,-23.9737
2021,12,16,19,40,IMG_2603,0,0,0,1,0,0,0,0,0,0,0,0.709515287,0,0,0,0,1,19.2,15.00401598,-26.407
2021,12,16,19,50,IMG_2604,0,0,0,1,0,0,0,0,0,0,0,0.733583526,0,0,0,0,1,19,14.82828238,-23.2849
2021,12,16,20,0,IMG_2605,0,0,0,1,0,0,0,0,0,0,0,0.742126315,4.00E-06,0,0,0,1,18.8,14.81536896,-25.3321
2021,12,16,20,10,IMG_2606,0,0,0,1,0,0,0,0,0,0,0,0.758563882,0,0,0,0,1,18.8,14.81536896,-25.1865
2021,12,16,20,20,IMG_2607,0,0,0,1,0,0,0,0,0,0,0,0.728452171,0,0,0,0,1,18.9,15.06506526,-24.9273
2021,12,16,20,30,IMG_2608,0,0,0,0.137,0.863,0,0,0,0,0,0,0.077511666,0.687330672,0,0,7.51E-06,1,18.9,15.06506526,-25.348
2021,12,16,20,40,IMG_2609,0,0,0,0.976,0.01,0,0,0.015,0,0,0,0.694294727,0.007851089,0,0,0.011319614,1,19,15.15417869,-26.6992
2021,12,16,21,0,IMG_2611,0,0,0,0.118,0.862,0,0,0.02,0,0,0,0.072249512,0.714454718,0,0,0.014134322,1,19.2,15.33377458,-18.2757
2021,12,16,21,10,IMG_2612,0,0,0,0.072,0.928,0,0,0,0,0,0,0.038521867,0.717953726,0,0,0,1,19.2,15.33377458,-27.7373
2021,12,16,21,20,IMG_2613,0,0,0,0.304,0.696,0,0,0,0,0,0.000136809,0.17072204,0.565487222,0,0,0,1,19.3,15.25840863,-27.6076
2021,12,16,21,30,IMG_2614,0,0,0,0.273,0.721,0.006,0,0,0,0,0,0.148182888,0.575154334,0.005033699,0,0,1,19.4,15.34837854,-27.2044
2021,12,16,21,40,IMG_2615,0,0,0.001,0.074,0.925,0,0,0,0,0,0.000752524,0.040481798,0.714338086,0,0,0,1,19.3,15.25840863,-25.2227
2021,12,16,22,0,IMG_2617,0,0,0,0.021,0.968,0,0,0.011,0,0,0,0.01244191,0.874038018,0,0,0.009349279,1,19.4,15.34837854,-19.1798
2021,12,16,22,10,IMG_2618,0,0,0,0.272,0.004,0,0,0.724,0,0,0,0.263205717,0.003845741,0,0,0.692690302,1,19.5,15.43880694,-24.3547
2021,12,18,20,10,IMG_2704,0.18,0,0,0.261,0,0.559,0,0,0.059216834,0,0,0.201705138,1.56E-05,0.356181746,0,0,1,14.5,9.452553209,-27.5835
2021,12,18,20,20,IMG_2705,0.027,0,0.003,0.964,0.006,0,0,0,0.014828223,0,0.001647048,0.629473272,0.002930161,0,0.000117571,0,1,14.4,8.900461959,-22.7813
2021,12,18,20,30,IMG_2706,0.107,0,0.212,0.658,0.002,0.013,0.008,0,0.0487984,0,0.162089551,0.416397085,0.001118555,0.009882782,0.0055439,0,1,14.3,8.846162509,-29.0144
2021,12,18,20,40,IMG_2707,0.126,0,0.034,0.674,0.054,0.03,0.082,0,0.062598362,0,0.025630364,0.443788619,0.041075135,0.021518547,0.061957452,0,1,14.3,8.846162509,-28.7166
2021,12,18,20,50,IMG_2708,0.361,0,0,0.581,0.005,0.053,0,0,0.16330806,0,0,0.413443329,0.004253125,0.029517638,0,0,1,14.3,8.846162509,-29.5178
2021,12,18,21,0,IMG_2709,0.287,0,0.051,0.418,0.086,0.038,0.12,0,0.125431453,0,0.034007767,0.30878267,0.054019576,0.025115332,0.080729605,0,1,14.3,8.723299141,-29.4364
2021,12,18,21,10,IMG_2710,0.385,0,0.014,0.325,0.005,0.207,0.065,0,0.15899713,0,0.011281641,0.243057955,0.00323886,0.125093472,0.040476465,0,1,14.4,8.776844432,-26.2049
2021,12,19,20,30,IMG_2755,0.071,0.006,0.261,0.108,0.371,0.001,0.182,0,0.041202366,0.003360291,0.195900736,0.079895921,0.298297453,0.000279244,0.105172213,0,1,16.6,8.899169944,-20.0494
2021,12,19,20,40,IMG_2756,0.245,0.023,0.285,0.047,0,0,0.399,0,0.108882535,0.017638785,0.215836426,0.031770718,0.000151562,3.51E-06,0.245870808,0,1,16.5,8.845829166,-27.3412
2021,12,19,20,50,IMG_2757,0.291,0.147,0.488,0.073,0,0,0,0,0.157919734,0.085031731,0.319974429,0.04748922,0,0,0,0,1,16.5,8.845829166,-29.5839
2021,12,19,21,0,IMG_2758,0.118,0.328,0.542,0.013,0,0,0,0,0.067412658,0.191577231,0.320801397,0.008923896,0,0,0,0,1,16.5,8.986239153,-29.1603
2021,12,19,21,10,IMG_2759,0.427,0.025,0.329,0.208,0,0,0.011,0,0.206961756,0.011991864,0.187069283,0.139360209,0,0,0.005185029,0,1,16.5,8.986239153,-28.1319
2021,12,19,21,20,IMG_2760,0.011,0.726,0.262,0.001,0,0,0,0,0.006621357,0.428898475,0.17414375,0.000389536,0,0,0,0,1,16.5,8.986239153,-29.2932
2021,12,19,21,30,IMG_2761,0.118,0.022,0.648,0.173,0,0,0.04,0,0.05128753,0.010216639,0.359347251,0.108466226,2.10E-05,0,0.021551337,0,1,16.5,8.986239153,-28.8353
2021,12,19,21,40,IMG_2762,0.393,0.067,0.304,0.236,0,0,0,0,0.212781393,0.040953733,0.183124264,0.146428373,0,0,6.31E-05,0,1,16.5,8.986239153,-28.8109
2021,12,19,21,50,IMG_2763,0.542,0,0.16,0.298,0,0,0,0,0.294347604,0,0.105891602,0.180694201,0,0,0,0,1,16.5,9.126649139,-29.4774
2021,12,19,22,0,IMG_2764,0.555,0,0.208,0.237,0,0,0,0,0.300395515,0,0.135675548,0.140449279,0,0,0,0,1,16.5,9.126649139,-30.0111
2021,12,19,22,10,IMG_2765,0.683,0.001,0.22,0.096,0,0,0,0,0.36400933,0.000353268,0.140521627,0.058766819,0,0,0,0,1,16.5,9.126649139,-29.6576
2021,12,19,22,20,IMG_2766,0.511,0.123,0.281,0.001,0,0,0.084,0,0.278277186,0.074277494,0.179212943,0.000768697,0,0,0.049529718,0,1,16.5,9.126649139,-29.0888
2021,12,19,22,30,IMG_2767,0.315,0.001,0.562,0.118,0,0,0.004,0,0.177195575,0.000639791,0.322018142,0.067757294,0,0,0.001976517,0,1,16.6,9.181683275,-28.5062
2021,12,19,22,40,IMG_2768,0.367,0,0.401,0.231,0,0,0,0,0.210085637,0,0.235155484,0.125472844,0,0,0,0,1,16.5,9.126649139,-29.3643
2021,12,19,22,50,IMG_2769,0.418,0,0.453,0.13,0,0,0,0,0.233790445,0,0.261931295,0.077523422,0,0,0,0,1,16.5,9.126649139,-29.2258
2021,12,19,23,0,IMG_2770,0.293,0,0.53,0.177,0,0,0,0,0.168994569,4.05E-05,0.29746851,0.099604688,0,0,0,0,1,16.5,9.267059126,-28.5201
2021,12,19,23,10,IMG_2771,0.503,0,0.123,0.374,0,0,0,0,0.279257903,0,0.078219501,0.213938447,0,0,0,0,1,16.5,9.267059126,-28.1876
2021,12,19,23,20,IMG_2772,0.525,0,0.202,0.273,0,0,0,0,0.292922709,0,0.124851232,0.154199865,0,0,0,0,1,16.4,9.211468805,-28.2384
2021,12,19,23,30,IMG_2773,0.542,0,0.307,0.151,0,0,0,0,0.301429049,0,0.18892195,0.081935389,0,0,0,0,1,16.4,9.211468805,-28.4049
2021,12,19,23,40,IMG_2774,0.547,0,0.297,0.156,0,0,0,0,0.298868247,0,0.18048439,0.089192383,0,0,0,0,1,16.3,9.294897531,-27.4376
2021,12,19,23,50,IMG_2775,0.466,0.046,0.383,0.105,0,0,0,0,0.258754417,0.027680138,0.23003877,0.056781498,0,0,0,0,1,16.3,9.294897531,-25.7999
2021,12,20,0,0,IMG_2776,0.337,0.095,0.516,0.038,0,0,0.015,0,0.188167954,0.054842601,0.297002885,0.01989206,0,0,0.007027419,0,1,16.2,9.376947172,-24.3911
2021,12,20,0,10,IMG_2777,0.342,0.074,0.335,0.05,0,0,0.199,0,0.182976059,0.038095305,0.196073715,0.029925616,8.98E-05,0,0.109986418,0,1,16.2,9.376947172,-24.8668
2021,12,20,0,20,IMG_2778,0.228,0.043,0.609,0.007,0.001,0,0.111,0,0.128836959,0.021169373,0.344414536,0.004447408,0.000435547,0,0.060669486,0,1,16.1,9.320562415,-23.8191
2021,12,20,0,30,IMG_2779,0.423,0,0.507,0.036,0.006,0,0.028,0,0.237200316,0,0.307160607,0.020159901,0.003401855,0,0.01496247,0,1,16.3,9.433627345,-25.0709
2021,12,20,0,40,IMG_2780,0.4,0.014,0.551,0.005,0.001,0,0.03,0,0.220005071,0.008099902,0.324313048,0.002867383,0.000741331,0,0.018974947,0,1,16.3,9.433627345,-25.6756
2021,12,20,0,50,IMG_2781,0.509,0.012,0.42,0.025,0,0,0.033,0,0.279652209,0.007011073,0.254337057,0.012243975,0,6.78E-05,0.019755934,0,1,16.3,9.572357159,-24.2009
2021,12,20,1,0,IMG_2782,0.422,0.001,0.559,0.018,0,0,0,0,0.230124467,0.000329229,0.320827532,0.009884195,0,0,0,0,1,16.3,9.433627345,-23.4191
2021,12,20,1,10,IMG_2783,0.37,0.006,0.612,0.012,0,0,0,0,0.200623941,0.003867541,0.33514034,0.006546064,0,0,0,0,1,16.2,9.514843454,-23.926
2021,12,20,1,20,IMG_2784,0.389,0,0.478,0.132,0,0,0,0,0.211178681,7.48E-05,0.260847175,0.074076638,0,0,0.00014055,0,1,16.1,9.594696604,-23.1175
2021,12,20,1,30,IMG_2785,0.507,0,0.341,0.152,0,0,0,0,0.280375481,0,0.198941722,0.082207918,0,0,0,0,1,16.1,9.594696604,-21.8695
2021,12,20,1,40,IMG_2786,0.539,0,0.272,0.189,0,0,0,0,0.295174129,0,0.158546943,0.106311418,0,0,0,0,1,16,9.673198486,-22.4512
2021,12,20,1,50,IMG_2787,0.587,0.032,0.305,0.075,0,0,0,0,0.31746259,0.018413755,0.186209465,0.042097769,0,0,1.51E-05,0,1,16.1,9.594696604,-22.984
2021,12,20,2,0,IMG_2788,0.442,0.076,0.402,0,0,0,0.08,0,0.24751697,0.042581806,0.240604087,0.000150684,0,0,0.043886569,0,1,16.1,9.731763698,-22.16
2021,12,20,2,30,IMG_2791,0.005,0.046,0.463,0.087,0,0,0.398,0,0.003051292,0.026328125,0.262751134,0.054023468,0,0,0.201359585,0,1,16.1,9.731763698,-20.7084
2021,12,20,2,40,IMG_2792,0.098,0.548,0.193,0.001,0,0,0.16,0,0.055687275,0.28994659,0.123589889,0.000807324,0,0,0.072543187,0,1,16,9.809440718,-20.7235
2021,12,20,2,50,IMG_2793,0.592,0.01,0.292,0.083,0,0,0.022,0,0.310811148,0.004835442,0.175169298,0.053046109,0,0.000195433,0.013993006,0,1,16.1,9.731763698,-21.0759
2021,12,20,3,0,IMG_2794,0.388,0,0.185,0.17,0.024,0.001,0.233,0,0.217338447,1.27E-05,0.129088191,0.109907767,0.016942255,0.000552441,0.141602148,0,1,16,9.809440718,-20.9022
2021,12,28,22,0,IMG_3176,0.402,0,0,0.417,0,0.181,0,0,0.264064416,0,0,0.269687267,6.82E-05,0.072768194,4.98E-05,0,1,16.2,12.41066538,-18.5531
2021,12,28,22,10,IMG_3177,0.471,0,0,0.529,0,0,0,0,0.329803448,0,0,0.314096469,0,0,0,0,1,16.2,12.54856166,-18.863
2021,12,28,22,20,IMG_3178,0.466,0,0,0.534,0,0,0,0,0.329699782,0,0,0.319048475,0,0,0,0,1,16.1,12.47310558,-22.7339
2021,12,28,22,30,IMG_3179,0.441,0,0,0.559,0,0,0,0,0.317299324,0,0,0.335940182,0,0,0,0,1,15.7,12.17520035,-20.4912
2021,12,30,20,40,IMG_3266,0,0,0,0.137,0.863,0,0,0,0,0,0,0.080097123,0.663399324,0,0,0.000200353,1,14.2,8.181584754,-19.5684
2021,12,30,21,10,IMG_3269,0,0,0,0.654,0.346,0,0,0,0,0,0,0.471351224,0.221154672,0,0,4.84E-05,1,14.3,8.1089823,-23.3492
2021,12,30,21,20,IMG_3270,0,0,0,0.752,0.248,0,0,0,0,0,0,0.521039633,0.138948084,0,0,0,1,14.3,8.1089823,-24.3174
2021,12,30,21,40,IMG_3272,0.011,0,0,0.756,0.233,0,0,0,0.007174008,0,0,0.488778486,0.127345403,0,0,0,1,14.3,8.1089823,-25.2967
2021,12,30,21,50,IMG_3273,0.016,0,0,0.661,0.246,0.078,0,0,0.010676172,0,0,0.436178268,0.125029928,0.031255446,7.82E-05,0,1,14.2,8.059471549,-27.557
2021,12,30,22,0,IMG_3274,0.071,0,0,0.834,0.039,0.056,0,0,0.047308256,0,0,0.498393547,0.02009191,0.023142112,0,0,1,14.3,8.1089823,-27.7133
2021,12,30,22,10,IMG_3275,0.063,0,0,0.702,0.195,0.04,0,0,0.043164626,0,0,0.411620155,0.11722992,0.016565918,0,2.30E-05,1,14.2,8.059471549,-27.9967
2021,12,30,22,20,IMG_3276,0,0,0,0.475,0.525,0,0,0,0,0,0,0.306679304,0.31327506,0,0,0,1,14.1,8.131590395,-26.2837
2021,12,30,22,30,IMG_3277,0,0,0,0.364,0.636,0,0,0,0,0,0,0.253989528,0.389912327,0,0,0,1,14.2,8.059471549,-22.8266
2021,12,31,2,10,IMG_3299,0.257,0,0,0.414,0.035,0.284,0.01,0,0.188625038,0,0,0.228651991,0.018407129,0.113575954,0.004126487,0,1,14.1,8.374324437,-22.877
2021,12,31,2,20,IMG_3300,0.428,0,0,0.328,0.014,0.228,0.002,0,0.305762192,0,0,0.194321913,0.007578328,0.093279928,0.001000368,0,1,14.1,8.374324437,-25.9459
2021,12,31,2,30,IMG_3301,0.419,0,0.004,0.548,0,0.02,0.009,0,0.313067849,0,0.001203275,0.283123791,0,0.006138379,0.0025862,0,1,14,8.323111002,-26.0899
2021,12,31,2,40,IMG_3302,0.488,0,0,0.512,0,0,0,0,0.363159736,0,0,0.27005447,0,0,0,0,1,14.1,8.374324437,-24.094
2021,12,31,2,50,IMG_3303,0.537,0,0,0.458,0,0.005,0,0,0.39869197,0,0,0.249405168,0,0.001371845,0.000110472,0,1,14.1,8.374324437,-27.6158
2021,12,31,19,30,IMG_3308,0.237,0.151,0.027,0.176,0,0.17,0.238,0,0.14270474,0.102361193,0.017829943,0.128189784,3.86E-05,0.089446409,0.138597108,0,1,14.5,9.328177509,-25.1518
2021,12,31,19,50,IMG_3310,0.047,0,0.157,0.255,0.53,0.001,0.01,0,0.032970373,0,0.111366188,0.166780912,0.347594531,0.000346905,0.004238431,0,1,14.4,9.394932068,-22.2121
2021,12,31,20,0,IMG_3311,0.286,0,0.048,0.306,0.232,0.127,0,0,0.186269824,0,0.034820921,0.202549842,0.156892849,0.077001675,0.000234608,0,1,14.4,9.518549595,-22.5515
2022,1,4,0,0,IMG_3335,0.635,0,0,0.365,0,0,0,0,0.47474197,0,0,0.187836185,0,0,0,0,1,17.2,11.71441974,-27.9058
2022,1,4,0,10,IMG_3336,0.608,0,0,0.392,0,0,0,0,0.457737117,0,0,0.195341279,0,0,0,0,1,17.2,11.71441974,-26.4288
2022,1,4,0,20,IMG_3337,0.664,0,0,0.336,0,0,0,0,0.498344967,0,0,0.174342683,0,0,0,0,1,17.1,11.79009713,-27.8676
2022,1,4,0,30,IMG_3338,0.642,0,0,0.356,0,0.003,0,0,0.481944171,0,0,0.181875999,0,0.000647386,0,0,1,17.3,11.78466205,-28.1852
2022,1,4,0,40,IMG_3339,0.601,0,0.016,0.358,0.002,0.02,0.004,0,0.453828305,0,0.004025856,0.183536043,0.000837222,0.00535601,0.001528298,0,1,17.1,11.79009713,-26.2164
2022,1,4,0,50,IMG_3340,0.656,0,0,0.344,0,0,0,0,0.493964551,0,0,0.175256145,0,0,0,0,1,17.2,11.86084999,-28.5418
2022,1,4,1,0,IMG_3341,0.591,0,0,0.369,0,0.041,0,0,0.44617497,0,0,0.185391564,0,0.01250474,0,0,1,17.2,12.00728023,-26.9975
2022,1,4,1,10,IMG_3342,0.644,0,0,0.336,0,0.02,0,0,0.488791151,0,0,0.172825841,0,0.004072814,9.01E-06,0,1,17.1,11.93565389,-27.3957
2022,1,4,1,20,IMG_3343,0.679,0,0,0.319,0,0.002,0,0,0.516087417,0,0,0.165438612,0.000141902,0.000503275,0,0,1,17.1,11.93565389,-27.4989
2022,1,4,1,30,IMG_3344,0.685,0,0,0.252,0.004,0.044,0.016,0,0.507783752,0,0,0.145763897,0.001884044,0.018646898,0.005675143,0,1,17.1,11.79009713,-29.005
2022,1,4,1,40,IMG_3345,0.555,0,0,0.23,0.007,0.207,0.001,0,0.414751217,0,0,0.139630995,0.004075346,0.077729011,0.00017316,0,1,17.1,11.79009713,-27.8518
2022,1,4,1,50,IMG_3346,0.621,0,0,0.322,0,0.048,0.009,0,0.470542308,0,0,0.178516714,0,0.015322867,0.003135337,0,1,17,11.71971018,-28.5809
2022,1,4,2,0,IMG_3347,0.554,0,0,0.318,0.007,0.098,0.023,0,0.416561178,0,1.55E-05,0.18109858,0.003789859,0.03770474,0.008851547,0,1,17,11.71971018,-26.4792
2022,1,4,2,10,IMG_3348,0.213,0,0,0.249,0.047,0.458,0.033,0,0.161632497,0,0,0.146436561,0.021072867,0.188559255,0.010892841,0.000122371,1,16.9,11.79351086,-27.9219
2022,1,4,2,30,IMG_3350,0.231,0,0,0.281,0.125,0.355,0.008,0,0.175714055,0,0,0.148558015,0.061766414,0.145133331,0.003002599,0,1,16.9,11.79351086,-25.1215
2022,1,4,19,40,IMG_3358,0.468,0,0,0.42,0,0.111,0,0,0.303759781,0,0,0.236053448,1.66E-05,0.053810359,5.75E-05,0,1,17.8,12.4449072,-25.3787
2022,1,4,19,50,IMG_3359,0.121,0,0,0.183,0.107,0.589,0,0,0.067643788,0,0,0.1180439,0.084168525,0.382476082,5.60E-06,0,1,17.7,12.52189066,-21.6972
2022,1,4,20,0,IMG_3360,0.043,0,0,0.243,0.479,0.172,0.062,0,0.028534893,0,0.00013448,0.157681055,0.33669215,0.115648625,0.040644351,0,1,17.7,12.67275681,-20.2285
2022,1,4,20,10,IMG_3361,0.211,0,0,0.176,0.002,0.611,0,0,0.127009773,0,4.51E-06,0.119932392,0.001582294,0.375877877,0,0,1,17.7,12.67275681,-15.0332
2022,1,4,20,20,IMG_3362,0.589,0,0,0.255,0.003,0.135,0.017,0,0.362379688,0,3.05E-05,0.153410457,0.002288837,0.056998167,0.007424114,0,1,17.7,12.67275681,-26.0896
2022,1,4,20,30,IMG_3363,0.485,0,0.002,0.292,0.003,0.211,0.008,0,0.307642668,0,0.000743074,0.167239904,0.001504349,0.099817976,0.003302464,0,1,17.5,12.67163189,-24.7284
2022,1,4,22,10,IMG_3373,0.381,0,0,0.093,0.025,0.414,0.087,0,0.260263807,0,0.000214047,0.05351872,0.015369005,0.190038416,0.030744163,0,1,18,12.74740264,-17.8494
2022,1,7,19,50,IMG_3506,0,0,0,0.471,0.525,0.004,0,0,2.95E-05,0,3.79E-05,0.339431828,0.315015467,0.003061749,0.000212019,0,1,15.3,9.532904734,-20.2916
2022,1,7,22,50,IMG_3524,0.286,0,0,0.246,0.119,0.349,0,0,0.203101255,0,0,0.14799538,0.072870358,0.157980709,7.94E-05,0,1,15.2,9.475166764,-18.9735
2022,1,7,23,0,IMG_3525,0.682,0,0,0.238,0.009,0.044,0.027,0,0.488785855,0,0,0.14752186,0.005584285,0.023053005,0.014422634,0,1,15.1,9.546742378,-27.3583
2022,1,7,23,20,IMG_3527,0,0,0.001,0.328,0.654,0.001,0.017,0,0,0,0.000221327,0.21323155,0.301812162,0.000221387,0.00429387,0,1,15.3,9.532904734,-22.0888
2022,1,8,19,30,IMG_3553,0.151,0,0,0.486,0.167,0.194,0,0.001,0.092848821,0,0,0.284905822,0.138333924,0.119410795,0,0.001001134,1,15,9.745282346,-27.1018
2022,1,8,19,40,IMG_3554,0.447,0,0,0.302,0.068,0.183,0,0.001,0.266587072,0,0,0.19540933,0.058631693,0.131510006,9.07E-06,0.000733706,1,15,9.873509745,-28.1106
2022,1,8,19,50,IMG_3555,0.253,0,0,0.235,0.356,0.151,0.001,0.004,0.15322678,0,0,0.163964581,0.259366309,0.106409698,0.00068563,0.00357666,1,15,9.873509745,-30.2211
2022,1,8,20,0,IMG_3556,0.154,0,0.005,0.157,0.664,0,0.019,0,0.093309029,0,0.002706889,0.107417458,0.464767773,0.000135892,0.01095438,0,1,15,9.873509745,-29.2247
2022,1,8,20,10,IMG_3557,0.212,0,0,0.191,0.262,0.243,0.091,0,0.131355732,0,0,0.120097506,0.190934232,0.172979943,0.047038912,2.07E-05,1,15.1,10.06278251,-29.8883
2022,1,8,20,20,IMG_3558,0.399,0,0,0.23,0.185,0.186,0,0,0.245385614,0,0,0.165328996,0.139085599,0.117072814,0.000236523,5.64E-05,1,15,10.00173714,-30.166
2022,1,8,20,30,IMG_3559,0.562,0,0.001,0.274,0.019,0.118,0.026,0,0.336434563,0,0.000502509,0.182734435,0.015694787,0.08707841,0.018052148,0,1,15,10.12996454,-30.421
2022,1,8,20,40,IMG_3560,0.463,0,0,0.24,0.035,0.262,0,0,0.282945185,0,0,0.161916068,0.028681333,0.175114476,0,0,1,14.9,10.06846217,-30.0326
2022,1,8,20,50,IMG_3561,0.444,0,0,0.327,0.029,0.191,0.009,0,0.275837928,0,0,0.207039085,0.022523332,0.125541218,0.006021071,0,1,14.9,10.06846217,-30.7786
2022,1,8,21,0,IMG_3562,0.465,0,0,0.312,0.028,0.195,0,0,0.286422243,0,0,0.200673077,0.021882715,0.118457797,0,2.48E-05,1,15,10.12996454,-30.142
2022,1,8,21,10,IMG_3563,0.605,0,0,0.283,0.015,0.097,0,0,0.369253921,0,0,0.186578764,0.012039205,0.06680468,0.000190159,0,1,15,10.12996454,-29.4922
2022,1,8,21,20,IMG_3564,0.602,0,0,0.295,0.009,0.094,0,0,0.376288559,0,0,0.188241158,0.007288251,0.066561148,5.37E-05,0,1,15,10.12996454,-29.4227
2022,1,8,21,30,IMG_3565,0.569,0,0,0.318,0.01,0.103,0,0,0.357745598,0,8.87E-05,0.200675608,0.008390099,0.071506205,0,0,1,14.8,10.13395847,-29.5562
2022,1,8,21,40,IMG_3566,0.562,0,0,0.385,0.007,0.046,0,0,0.3624138,0,0,0.242436223,0.004905469,0.028555221,0.000141932,0,1,14.7,10.07233272,-29.054
2022,1,8,21,50,IMG_3567,0.559,0,0,0.4,0.012,0.029,0,0,0.364454597,0,0,0.24710755,0.007944358,0.016622686,0,0,1,14.7,10.07233272,-28.7014
2022,1,8,22,0,IMG_3568,0.602,0,0,0.339,0.006,0.054,0.001,0,0.398173077,0,0,0.208696559,0.003230018,0.030460562,0.000295793,0,1,14.7,10.07233272,-27.991
2022,1,8,22,10,IMG_3569,0.513,0,0.005,0.473,0,0.007,0.002,0,0.354416481,0,0.001887342,0.264479199,0,0.002308368,0.000780251,0,1,14.7,10.07233272,-29.1891
2022,1,8,22,20,IMG_3570,0.587,0,0,0.399,0,0.014,0,0,0.402951901,0,0,0.233569126,0.000132858,0.007466917,0,0,1,14.8,10.13395847,-28.6346
2022,1,8,22,30,IMG_3571,0.397,0,0.01,0.468,0.022,0.095,0.008,0,0.283095688,0,0.005692375,0.258971297,0.010311704,0.036112132,0.002566076,0,1,14.8,10.13395847,-28.2305
2022,1,8,22,40,IMG_3572,0.555,0.009,0.041,0.281,0.009,0.07,0.036,0,0.389664047,0.004667323,0.020437523,0.168366564,0.004594171,0.023886215,0.018240482,0,1,14.8,10.13395847,-28.4502
2022,1,8,22,50,IMG_3573,0.562,0,0.008,0.282,0.001,0.009,0.138,0,0.394517931,0,0.003127148,0.169606813,0.000421612,0.003857557,0.053385299,0,1,14.9,10.19591106,-26.7458
2022,1,8,23,0,IMG_3574,0.544,0,0.004,0.345,0.009,0.035,0.063,0,0.394212124,0,0.0013263,0.195674812,0.005043247,0.015252554,0.023888191,0,1,14.9,10.19591106,-28.3388
2022,1,8,23,10,IMG_3575,0.427,0,0.005,0.256,0.046,0.086,0.179,0,0.313537628,0,0.002807287,0.158847476,0.025076209,0.026221747,0.072679905,0,1,15,10.25819194,-25.7511
2022,1,8,23,30,IMG_3577,0.297,0,0,0.186,0.039,0.2,0.276,0,0.227036261,0,0,0.122551465,0.023100398,0.090600729,0.133917886,0,1,15.2,10.25394759,-25.7784
2022,1,8,23,40,IMG_3578,0.299,0,0,0.289,0.024,0.378,0.009,0,0.222153095,0,0,0.176813169,0.013350421,0.144900639,0.003761636,0,1,15.2,10.25394759,-24.9977
2022,1,15,19,30,IMG_3878,0.004,0,0.002,0.976,0.018,0,0,0,0.002717203,0,0.001229642,0.636502141,0.015505867,0,0,0,1,15.3,10.83878209,-25.6539
2022,1,15,19,40,IMG_3879,0.001,0,0,0.995,0.004,0,0,0,0.000806611,0,0,0.639172296,0.003191196,0,0,0,1,15.3,10.83878209,-25.5928
2022,1,15,19,50,IMG_3880,0.03,0,0,0.97,0,0,0,0,0.017411922,0,0,0.613147799,0,0,0,0,1,15.3,10.96936983,-26.6793
2022,1,15,20,0,IMG_3881,0.017,0,0,0.983,0,0,0,0,0.010364821,0,0,0.620850947,0,0,0,0,1,15.4,10.90477603,-27.1172
2022,1,15,20,10,IMG_3882,0.015,0,0.052,0.5,0.432,0,0,0,0.009395944,0,0.031112192,0.339599917,0.302175218,0,0,0,1,15.3,10.96936983,-26.111
2022,1,15,20,40,IMG_3885,0,0,0.42,0.325,0.255,0,0,0,0,0,0.265400143,0.268702809,0.170584082,0,0,0,1,15.3,10.96936983,-19.223
2022,1,15,21,0,IMG_3887,0,0,0.438,0.189,0.372,0,0.002,0,0,0,0.261064851,0.157454778,0.246899955,0,0.001172318,0,1,15.3,10.83878209,-19.3991
2022,1,15,21,10,IMG_3888,0.033,0,0,0.949,0.014,0.003,0,0,0.019407227,0,0,0.598055243,0.012521094,0.002938642,0,0.000371297,1,15.3,10.83878209,-26.4264
2022,1,15,21,20,IMG_3889,0,0,0,1,0,0,0,0,5.22E-05,0,0,0.624888529,0,0,0,0,1,15.2,10.77313481,-26.7051
2022,1,15,21,30,IMG_3890,0.001,0,0,0.999,0,0,0,0,0.000748047,0,0,0.606510652,0,0,0,0,1,15.2,10.77313481,-25.3848
2022,1,15,21,40,IMG_3891,0.067,0,0,0.933,0,0,0,0,0.03881543,0,0,0.566470883,0,0,0,0,1,15.1,10.70783267,-23.7475
2022,1,15,21,50,IMG_3892,0.088,0,0,0.912,0,0,0,0,0.050599279,0,0,0.547018314,0,0,0,0,1,15,10.77110154,-24.8441
2022,1,15,22,0,IMG_3893,0.085,0,0,0.915,0,0,0,0,0.049220162,0,0,0.531402509,0,0,0,0,1,15.1,10.70783267,-25.0973
2022,1,15,22,10,IMG_3894,0.269,0,0,0.731,0,0,0,0,0.154070981,0,2.36E-06,0.428440738,0,0,0,0,1,15.2,10.64333801,-25.7524
2022,1,15,22,20,IMG_3895,0.328,0,0,0.672,0,0,0,0,0.188344471,0,0,0.394448054,0,0,0,0,1,15.3,10.70819436,-27.4388
2022,1,15,22,30,IMG_3896,0.318,0,0,0.682,0,0,0,0,0.184429207,0,0,0.391809811,0,0,0,0,1,15.3,10.70819436,-26.9731
2022,1,15,22,40,IMG_3897,0.418,0,0,0.582,0,0,0,0,0.240518209,0,1.35E-05,0.335362665,0,0,0,0,1,15.3,10.70819436,-27.4883
2022,1,15,22,50,IMG_3898,0.467,0,0,0.533,0,0,0,0,0.268481333,0,0,0.308801052,0,0,0,0,1,15.4,10.64201034,-27.0055
2022,1,15,23,0,IMG_3899,0.455,0,0,0.545,0,0,0,0,0.267491872,0,0,0.306952975,0,0,0,0,1,15.5,10.70675386,-27.2133
2022,1,15,23,10,IMG_3900,0.466,0,0,0.534,0,0,0,0,0.274670237,0,2.44E-06,0.299303651,0,0,0,0,1,15.4,10.64201034,-26.3338
2022,1,15,23,20,IMG_3901,0.464,0,0,0.536,0,0,0,0,0.272900225,0,7.25E-06,0.298918089,0,0,0,0,1,15.4,10.64201034,-26.4487
2022,1,15,23,30,IMG_3902,0.481,0,0,0.519,0,0,0,0,0.28426736,0,2.53E-06,0.287878283,0,0,0,0,1,15.5,10.70675386,-27.4341
2022,1,15,23,40,IMG_3903,0.523,0,0,0.477,0,0,0,0,0.307437162,0,0,0.267946394,0,0,0,0,1,15.5,10.70675386,-27.33
2022,1,15,23,50,IMG_3904,0.513,0,0,0.487,0,0,0,0,0.303665219,0,0,0.271226315,0,0,0,0,1,15.5,10.70675386,-27.9563
2022,1,16,0,0,IMG_3905,0.47,0,0,0.513,0,0.017,0,0,0.281308444,0,0,0.282105694,0,0.007350849,0,0,1,15.5,10.70675386,-26.9368
2022,1,16,0,10,IMG_3906,0.503,0,0,0.497,0,0,0,0,0.305161261,0,0,0.274427141,0,0,0,0,1,15.5,10.70675386,-26.9141
2022,1,16,0,20,IMG_3907,0.495,0,0,0.505,0,0,0,0,0.302430183,0,4.15E-06,0.277162462,0,0,0,0,1,15.4,10.64201034,-26.4168
2022,1,16,0,30,IMG_3908,0.53,0,0,0.47,0,0,0,0,0.322564956,0,2.33E-06,0.259635096,0,0,0,0,1,15.4,10.77339319,-26.8784
2022,1,16,0,40,IMG_3909,0.43,0,0,0.57,0,0,0,0,0.263442803,0,0,0.311034217,0,0,0,0,1,15.3,10.70819436,-25.0177
2022,1,16,0,50,IMG_3910,0.418,0,0,0.58,0.003,0,0,0,0.25376709,0,0,0.326718983,0.002163259,0,5.79E-05,0,1,14.9,10.70570661,-25.9842
2022,1,16,1,0,IMG_3911,0.391,0,0,0.609,0,0,0,0,0.236681453,0,0,0.356635502,0,0,0,0,1,14.5,10.57193451,-23.0249
2022,1,16,1,10,IMG_3912,0.428,0,0,0.572,0,0,0,0,0.262848941,0,0,0.331669373,0,0,0,0,1,14.3,10.56624966,-20.0162
2022,1,18,23,30,IMG_4049,0.338,0,0.001,0.371,0.196,0.046,0.049,0,0.186522874,0,0.000295035,0.257630356,0.128947994,0.028793006,0.030407031,0,1,15.9,10.56289078,-10.4553
2022,1,19,19,30,IMG_4074,0.594,0,0,0.107,0.001,0.216,0.081,0,0.304698107,0,0.000365557,0.072751164,0.001310449,0.139957197,0.047676698,0,1,15.9,10.96915581,-28.8043
2022,1,19,19,40,IMG_4075,0.629,0,0.002,0.155,0.003,0.185,0.027,0,0.323099166,0,0.000814183,0.098351217,0.002945155,0.12486069,0.016672529,0,1,15.8,10.90303813,-28.0014
2022,1,19,19,50,IMG_4076,0.693,0,0.001,0.083,0.003,0.182,0.037,0,0.355381047,0,0.000612568,0.054119328,0.002530664,0.132523392,0.024423963,0,1,15.7,10.97105966,-28.7798
2022,1,19,20,0,IMG_4077,0.644,0,0,0.144,0.002,0.203,0.008,0,0.338907219,0,8.19E-06,0.099308068,0.001457452,0.142804958,0.006194351,0,1,15.6,10.90482432,-28.299
2022,1,19,20,10,IMG_4078,0.461,0,0.002,0.191,0.006,0.308,0.032,0,0.234532813,0,0.001348483,0.122794501,0.00561398,0.206266759,0.021177855,0,1,15.6,10.77183866,-30.6552
2022,1,19,20,20,IMG_4079,0.414,0.001,0.004,0.049,0.011,0.041,0.482,0,0.206691767,0.00034988,0.002638131,0.033415963,0.009839363,0.028767999,0.319860126,0,1,15.6,10.90482432,-27.9776
2022,1,19,20,30,IMG_4080,0.252,0,0.016,0.084,0.007,0.024,0.616,0,0.133764055,0.000206566,0.012605844,0.062500533,0.005879793,0.017850856,0.402625346,0,1,15.5,10.83893601,-28.7684
2022,1,19,20,40,IMG_4081,0.262,0,0.002,0.164,0.039,0.123,0.41,0,0.133086824,0,0.001638356,0.124869554,0.030216196,0.082034698,0.251563266,0,1,15.5,10.83893601,-26.3668
2022,1,19,20,50,IMG_4082,0.267,0,0,0.059,0.041,0.511,0.122,0,0.136665227,0,0.000101457,0.044322679,0.033902006,0.3454798,0.082647386,0,1,15.6,10.77183866,-26.1629
2022,1,19,21,0,IMG_4083,0.407,0,0.002,0.12,0.009,0.189,0.274,0,0.216705642,0,0.001294396,0.094371875,0.006988537,0.111690174,0.17804399,0,1,15.7,10.83726625,-26.9085
2022,1,19,21,10,IMG_4084,0.401,0,0.004,0.066,0.017,0.045,0.467,0,0.224344216,0,0.002659518,0.054860397,0.013274827,0.027043419,0.292353974,0,1,15.6,10.77183866,-29.1887
2022,1,19,21,20,IMG_4085,0.45,0,0.007,0.122,0.007,0.221,0.193,0,0.234030386,0,0.004770989,0.094099497,0.004895688,0.141367894,0.116974805,0,1,15.6,10.77183866,-28.6075
2022,1,19,21,30,IMG_4086,0.119,0,0.004,0.117,0.011,0.016,0.734,0,0.055343021,0,0.00284387,0.081184014,0.008689491,0.01198294,0.460160224,0,1,15.7,10.83726625,-25.0795
2022,1,19,21,40,IMG_4087,0.374,0,0.025,0.116,0.005,0.171,0.31,0,0.198793006,0,0.017454252,0.089401923,0.00418611,0.11263445,0.192696815,0,1,15.8,10.90303813,-26.8119
2022,1,19,21,50,IMG_4088,0.582,0,0.001,0.226,0.002,0.165,0.024,0,0.312918758,0,0.000172806,0.160246544,0.001557166,0.098065024,0.013858496,0,1,15.7,10.83726625,-29.0043
2022,1,19,22,0,IMG_4089,0.638,0,0.028,0.224,0.002,0.007,0.101,0,0.362616714,0,0.016850225,0.155145966,0.001038281,0.00448768,0.060544899,0,1,15.6,10.77183866,-29.8247
2022,1,19,22,10,IMG_4090,0.516,0,0.002,0.243,0.011,0.207,0.022,0,0.295680386,0,0.001201833,0.162239671,0.007293555,0.115026983,0.013575308,0,1,15.6,10.77183866,-30.2201
2022,1,19,22,20,IMG_4091,0.429,0,0,0.175,0.008,0.343,0.045,0,0.231337109,0,0.000246424,0.12282826,0.006326976,0.195674992,0.022509578,0,1,15.6,10.90482432,-29.7501
2022,1,19,22,30,IMG_4092,0.359,0,0,0.265,0.065,0.251,0.06,0,0.208698332,0,0.000335622,0.184519291,0.046205957,0.15879227,0.038492233,0,1,15.5,10.83893601,-29.1442
2022,1,19,22,40,IMG_4093,0.1,0,0,0.282,0.016,0.578,0.025,0,0.059281468,0,2.88E-05,0.188622003,0.011161561,0.3390891,0.01243454,0,1,15.5,10.83893601,-26.2461
2022,1,19,22,50,IMG_4094,0.308,0,0,0.281,0.079,0.326,0.005,0,0.182064153,0,0,0.185917405,0.05297953,0.191757933,0.003209337,0,1,15.5,10.83893601,-26.8157
2022,1,19,23,0,IMG_4095,0.467,0,0,0.249,0.001,0.184,0.099,0,0.27185803,0,9.01E-06,0.152462883,0.000588792,0.091883158,0.043346176,0,1,15.5,10.83893601,-28.128
2022,1,19,23,10,IMG_4096,0.471,0,0.003,0.268,0,0.011,0.247,0,0.271963108,0,0.002053433,0.15594858,5.48E-05,0.005335186,0.118839581,0,1,15.6,10.90482432,-26.6533
2022,1,19,23,20,IMG_4097,0.568,0,0,0.306,0.001,0.116,0.009,0,0.33920311,0,6.12E-05,0.177029627,0.000659375,0.05480127,0.004935457,0,1,15.6,10.77183866,-26.0719
2022,1,19,23,30,IMG_4098,0.442,0,0,0.33,0.001,0.084,0.143,0,0.255286959,0,0.000231663,0.18865314,0.00062008,0.040705273,0.069158421,0,1,15.6,10.77183866,-27.1451
2022,1,19,23,40,IMG_4099,0.401,0,0.001,0.245,0.003,0.115,0.236,0,0.23184357,0,0.000269133,0.143079928,0.001478929,0.061074955,0.109144306,0,1,15.6,10.77183866,-23.4991
2022,1,20,0,0,IMG_4101,0.582,0.001,0.045,0.313,0,0.043,0.016,0,0.348368239,0.000418284,0.025184706,0.17333463,0,0.016754274,0.008296424,0,1,15.8,10.76843272,-23.4403
2022,1,20,0,10,IMG_4102,0.622,0,0.006,0.265,0.004,0.051,0.051,0,0.377550225,0,0.003370921,0.147607287,0.002593592,0.028189866,0.029546334,0,1,15.8,10.76843272,-26.9016
2022,1,20,0,20,IMG_4103,0.517,0,0.024,0.16,0,0.007,0.292,0,0.314136621,0,0.014246206,0.089387019,0.000292849,0.002913341,0.156900421,0,1,15.8,10.76843272,-28.3499
2022,1,20,0,30,IMG_4104,0.032,0.024,0.15,0.002,0,0,0.793,0,0.01661591,0.013849692,0.085556453,0.000944073,4.77E-06,0,0.406299196,0,1,15.8,10.76843272,-27.41
2022,1,20,0,40,IMG_4105,0.411,0,0,0.082,0.018,0.289,0.2,0,0.243815309,0,0.000229605,0.05167017,0.011341143,0.157882227,0.113409518,0,1,15.8,10.76843272,-25.2314
2022,1,20,0,50,IMG_4106,0.128,0,0,0.176,0.107,0.06,0.528,0,0.07171881,0,2.66E-05,0.100941474,0.064326337,0.036144772,0.285049932,0,1,15.8,10.76843272,-20.7511
2022,1,20,2,10,IMG_4114,0.064,0,0.014,0.172,0.008,0.001,0.741,0,0.0365298,1.70E-05,0.008093269,0.106171905,0.005125285,0.000516384,0.407459082,0,1,16.5,10.95197897,-15.404
2022,1,25,21,20,IMG_4379,0.467,0,0.005,0.168,0.039,0.275,0.047,0,0.295745282,0,0.003096928,0.114282677,0.023544734,0.144286095,0.026703989,0,1,18.6,13.04985018,-18.048
2022,1,25,23,20,IMG_4391,0.167,0,0,0.104,0.056,0.673,0,0,0.116538462,0,0,0.057657309,0.03161582,0.330947574,0.000190655,0,1,18.5,13.13107297,-22.0878
2022,1,25,23,40,IMG_4393,0.341,0,0.002,0.136,0.012,0.49,0.018,0,0.232722506,0,0.001238807,0.075779214,0.006628696,0.171244524,0.009430386,0,1,18.4,13.21082105,-23.2043
2022,1,26,0,0,IMG_4395,0.213,0,0,0.021,0.51,0.123,0.132,0,0.162574294,0,8.54E-05,0.010394779,0.29199248,0.04440175,0.03885761,0,1,18.4,13.05354937,-21.4605
2022,2,13,2,20,IMG_4674,0.492,0.017,0.202,0.266,0,0,0.023,0,0.364916218,0.006013386,0.076753981,0.148899241,0,0,0.006037072,0,1,16.7,12.22126782,-18.9229
2022,2,13,3,30,IMG_4681,0.002,0,0.001,0.302,0.212,0.003,0.48,0,0.001481603,0,0.000400143,0.170957121,0.088594719,0.001024609,0.158119141,0,1,16.6,12.14807326,-15.0839
2022,2,14,22,10,IMG_4731,0.287,0,0,0.713,0,0,0,0,0.166183954,0,0,0.425191804,0,0,0,0,1,14.3,8.969025877,-32.5157
2022,2,14,22,20,IMG_4732,0.201,0,0,0.799,0,0,0,0,0.118129357,0,0,0.46565148,0,0,0,0,1,14.6,8.884791238,-31.6691
2022,2,14,22,30,IMG_4733,0.259,0,0,0.741,0,0,0,0,0.149546627,0,0,0.441810194,0,0,0,0,1,14.4,8.900461959,-30.8108
2022,2,14,22,40,IMG_4734,0.186,0,0,0.814,0,0,0,0,0.107956821,0,0,0.466482903,0,0,0,0,1,14.2,8.914263986,-30.4936
2022,2,14,22,50,IMG_4735,0.205,0,0,0.795,0,0,0,0,0.120013935,0,0,0.455017383,0,0,0,0,1,14.3,8.846162509,-31.12
2022,2,14,23,0,IMG_4736,0.369,0,0,0.631,0,0,0,0,0.218049346,0,0,0.349706558,0,0,7.56E-05,0,1,14.4,8.900461959,-30.0261
2022,2,14,23,10,IMG_4737,0.401,0,0,0.599,0,0,0,0,0.233894847,0,0,0.333049204,0,0,0,0,1,14.5,8.830674709,-30.2762
2022,2,14,23,20,IMG_4738,0.432,0,0,0.568,0,0,0,0,0.250318863,0,0,0.318147093,0,0,0,0,1,14.7,8.687386972,-29.3481
2022,2,14,23,30,IMG_4739,0.454,0,0,0.546,0,0,0,0,0.263045222,0,5.18E-06,0.309004965,0,0,0,0,1,14.7,8.561482813,-29.2523
2022,2,14,23,40,IMG_4740,0.428,0,0,0.572,0,0,0,0,0.253381175,0,0,0.319355288,0,0,0,0,1,14.9,8.539075512,-30.0704
2022,2,14,23,50,IMG_4741,0.394,0,0,0.606,0,0,0,0,0.230879672,0,0,0.338374399,0,0,0,0,1,15,8.591235753,-29.3088
2022,2,15,0,0,IMG_4742,0.404,0,0,0.596,0,0,0,0,0.241228613,0,2.42E-06,0.32814079,0,0,0,0,1,15.1,8.643672153,-29.4941
2022,2,15,0,10,IMG_4743,0.47,0,0,0.53,0,0,0,0,0.280610269,0,0,0.294588815,0,0,0,0,1,15,8.591235753,-29.1999
2022,2,15,0,20,IMG_4744,0.435,0,0,0.565,0,0,0,0,0.260639198,0,4.63E-06,0.309770395,0,0,0,0,1,14.9,8.539075512,-29.0635
2022,2,15,0,30,IMG_4745,0.488,0,0,0.512,0,0,0,0,0.292541977,0,0,0.284553373,0,0,0,0,1,14.8,8.613864697,-28.9447
2022,2,15,0,40,IMG_4746,0.449,0,0,0.551,0,0,0,0,0.270157752,0,0,0.302580777,0,0,0,0,1,14.7,8.561482813,-29.088
2022,2,15,0,50,IMG_4747,0.438,0,0,0.562,0,0,0,0,0.266052359,0,0,0.305666684,0,0,0,0,1,14.7,8.435578654,-29.4705
2022,2,15,1,0,IMG_4748,0.489,0,0,0.51,0,0,0,0,0.298101758,0,4.74E-06,0.280079364,0,0,0,0,1,14.8,8.233841254,-28.9909
2022,2,15,1,10,IMG_4749,0.475,0,0,0.502,0,0.023,0,0,0.289244111,0,0,0.274977644,0,0.00998898,0,0,1,15,8.206553555,-29.0973
2022,2,15,1,20,IMG_4750,0.504,0,0,0.496,0,0,0,0,0.31064203,0,0,0.270510817,0,0,0,0,1,14.9,8.029279959,-28.5291
2022,2,15,1,30,IMG_4751,0.526,0,0,0.474,0,0,0,0,0.32649354,0,4.06E-06,0.259452126,0,0,0,0,1,14.9,8.156728847,-28.6209
2022,2,15,1,40,IMG_4752,0.45,0,0.019,0.262,0,0,0.268,0,0.278002629,0.000130559,0.010001472,0.157743742,0,0.000148535,0.140972438,0,1,14.9,8.156728847,-28.7205
2022,2,15,1,50,IMG_4753,0.055,0.001,0.023,0.464,0,0,0.457,0,0.031070681,0.000426239,0.011455506,0.259466526,0,0,0.220627915,0,1,14.8,8.107166774,-26.676
2022,2,15,2,0,IMG_4754,0.34,0,0.001,0.472,0,0.011,0.176,0,0.21209067,0,0.000501953,0.262589115,0,0.004291279,0.073898092,0,1,14.8,8.233841254,-24.2004
2022,2,15,2,10,IMG_4755,0.267,0,0.016,0.237,0,0,0.48,0,0.171889025,0,0.00876591,0.146344651,0,0,0.228702276,0,1,14.8,8.360515735,-26.2299
2022,2,15,2,20,IMG_4756,0.042,0,0.002,0.31,0.011,0.001,0.634,0,0.026752006,0,0.001014355,0.184429087,0.006842127,0.000411276,0.29565779,0,1,14.7,8.435578654,-25.4275
2022,2,16,23,20,IMG_4815,0.09,0,0.051,0.338,0.054,0.015,0.452,0,0.031902629,0,0.033451638,0.244299647,0.039258992,0.007987575,0.301748445,0,1,15.9,10.96915581,-25.3734
2022,2,16,23,30,IMG_4816,0.128,0.006,0.087,0.321,0.034,0.034,0.39,0,0.047671537,0.004534841,0.062333526,0.235263364,0.024021462,0.019946267,0.256074782,0,1,15.9,10.96915581,-23.9763
2022,2,16,23,40,IMG_4817,0.353,0,0.009,0.419,0.007,0.015,0.197,0,0.135642999,0,0.005861907,0.295498385,0.004264709,0.009386456,0.123851961,0,1,16,11.03562081,-24.998
2022,2,16,23,50,IMG_4818,0.389,0,0.07,0.339,0.001,0.108,0.094,0,0.141474241,0,0.050799339,0.241652111,0.000414926,0.067597566,0.060384938,0,1,16,10.89937858,-24.8397
2022,2,17,0,0,IMG_4819,0.194,0,0.045,0.614,0.006,0.121,0.021,0,0.071390309,0,0.030729785,0.413156017,0.00339508,0.080223738,0.012809292,0,1,16.1,11.10243464,-25.5958
2022,2,17,0,10,IMG_4820,0.154,0,0,0.596,0.008,0.202,0.039,0,0.057708804,0,4.63E-05,0.393106498,0.005260179,0.138112395,0.0261747,0,1,16.1,11.10243464,-25.2101
2022,2,17,0,20,IMG_4821,0.228,0,0.016,0.381,0.057,0.122,0.195,0,0.082572882,0,0.010376247,0.263749001,0.03881404,0.079595733,0.130840933,0,1,16,11.03562081,-24.6661
2022,2,17,0,30,IMG_4822,0.17,0,0.005,0.269,0.034,0.028,0.494,0,0.059950654,0,0.00378768,0.190200023,0.024067007,0.019350135,0.328515625,0,1,16,11.17186304,-24.3029
2022,2,17,1,0,IMG_4825,0.065,0,0.087,0.151,0.013,0.003,0.682,0,0.024464378,0,0.060784961,0.100212958,0.00858276,0.001761463,0.449168081,0,1,16.2,11.03170256,-21.2172
2022,2,17,1,10,IMG_4826,0.145,0,0.024,0.713,0,0.018,0.1,0,0.058990415,4.86E-06,0.014779177,0.436593434,0.00026392,0.01232325,0.065263214,0,1,16.2,11.03170256,-26.3341
2022,2,17,1,20,IMG_4827,0.156,0.005,0.08,0.735,0,0,0.023,0,0.064200045,0.002893923,0.050104372,0.448520335,0,0,0.01531848,0,1,16.3,10.9596553,-27.766
2022,2,17,1,30,IMG_4828,0.195,0,0.009,0.783,0,0,0.014,0,0.087602426,0,0.00575462,0.481340377,1.37E-05,4.71E-05,0.008861208,0,1,16.2,11.03170256,-27.9928
2022,2,17,1,40,IMG_4829,0.122,0,0.041,0.834,0.001,0,0.002,0,0.059589491,3.92E-05,0.027615099,0.521944584,0.000536771,0,0.001350511,0,1,16,11.03562081,-26.9808
2022,2,17,1,50,IMG_4830,0.256,0,0.002,0.566,0.001,0.103,0.072,0,0.111884307,0,0.001434029,0.360898377,0.00037053,0.070334067,0.045918968,0,1,15.9,11.10457749,-26.9833
2022,2,17,3,10,IMG_4838,0.254,0,0.032,0.365,0.011,0.273,0.065,0,0.105345613,0,0.020268697,0.240734142,0.008129214,0.176526179,0.043424301,0,1,16,11.17186304,-23.7323
2022,2,17,3,20,IMG_4839,0.199,0,0.071,0.728,0.002,0.001,0,0,0.102365077,0,0.037993081,0.462992608,0.001283992,0.000799925,0,0,1,16,11.30810527,-25.6006
2022,2,17,3,30,IMG_4840,0.278,0,0,0.722,0,0,0,0,0.147549196,0,0,0.450839228,0,0,0,0,1,15.9,11.23999916,-26.7515
2022,3,2,22,30,IMG_5066,0.173,0,0,0.796,0.018,0.013,0,0,0.120587883,0,0,0.471275361,0.012242172,0.007108992,0,0,1,,,-24.5268
2022,3,2,22,40,IMG_5067,0.083,0,0,0.899,0.018,0,0,0,0.058060014,0,0,0.502109172,0.009072837,0,0,0,1,,,-25.6726
2022,3,2,22,50,IMG_5068,0.099,0,0,0.895,0.003,0.004,0,0,0.07240918,0,0,0.498380702,0.001069035,0.001829958,6.39E-06,0,1,,,-25.2968
2022,3,2,23,0,IMG_5069,0.172,0,0.008,0.81,0.01,0,0,0,0.127471988,0,0.003442743,0.449177479,0.007029898,0,0,0,1,,,-25.5728
2022,3,3,19,40,IMG_5098,0,0,0,0.62,0.347,0,0,0.033,0,0,0,0.444254455,0.28423451,0,0,0.030368119,1,20.5,15.30121118,-16.4935
2022,3,3,20,0,IMG_5100,0,0,0,0.96,0.037,0,0,0.003,0,0,0,0.672076502,0.025755266,0,0,0.002191331,1,20.5,15.47913224,-18.8175
2022,3,3,20,40,IMG_5104,0,0,0,0.76,0.197,0,0,0.042,0,0,0,0.535831152,0.136193525,0,0,0.036115017,1,20.2,15.03579792,-18.5863
2022,3,4,19,30,IMG_5146,0,0,0,1,0,0,0,0,0,0,0,0.597728981,3.45E-06,0,0,0,1,20.9,13.65818752,-16.8753
2022,3,4,19,50,IMG_5148,0,0,0,0.992,0.006,0.002,0,0,5.66E-05,0,0,0.587057527,0.003237147,0.001023167,0,0,1,20.9,14.38662419,-20.5298
2022,3,5,20,40,IMG_5202,0.073,0,0.049,0.613,0.264,0,0,0,0.048531122,0,0.022765279,0.359758616,0.141043404,0,0.00013445,0,1,19.5,10.57222649,-22.5772
2022,3,8,2,50,IMG_5337,0.437,0,0,0.193,0.095,0.262,0.012,0,0.344960787,0,0,0.10225157,0.052985276,0.109516872,0.005060006,0,1,12.8,8.289532826,-18.5855
2022,3,8,3,0,IMG_5338,0.441,0,0.005,0.112,0.165,0.047,0.23,0,0.359547453,2.22E-05,0.001256393,0.063900593,0.098860645,0.023906603,0.114423723,0,1,12.8,7.953470684,-24.6713
2022,3,8,3,10,IMG_5339,0.191,0,0,0.184,0.048,0.576,0,0,0.147199722,0,0,0.088366684,0.024945763,0.245003185,0,0,1,12.7,7.792988156,-26.7536
2022,3,8,3,20,IMG_5340,0.271,0,0,0.185,0.01,0.534,0,0,0.217267097,0,0,0.086617233,0.005638582,0.226145628,8.98E-05,0,1,12.7,7.681659754,-24.2617
2022,3,8,3,30,IMG_5341,0.779,0,0,0.113,0.019,0.084,0.005,0,0.601365122,0,0,0.058024872,0.009749452,0.043468547,0.002280882,0,1,12.6,7.412867317,-31.1413
2022,3,8,19,30,IMG_5342,0.54,0,0.012,0.447,0,0,0,0,0.329123212,0,0.005121815,0.249479552,0,0,0,0,1,16.3,7.630139764,-37.1811
2022,3,8,19,40,IMG_5343,0.57,0,0.011,0.418,0,0,0,0,0.348671019,0,0.005017616,0.234070658,0,0,0,0,1,16.1,7.675757283,-35.0897
2022,3,8,19,50,IMG_5344,0.544,0,0.005,0.451,0,0,0,0,0.334510479,0,0.002173858,0.248216173,0,0,0,0,1,16.1,7.675757283,-37.1154
2022,3,8,20,0,IMG_5345,0.581,0,0.004,0.415,0,0,0,0,0.353566414,0,0.002019764,0.232293111,0,0,0,0,1,16.1,7.675757283,-37.5164
2022,3,8,20,10,IMG_5346,0.59,0,0.002,0.407,0,0,0,0,0.363569208,0,0.001138116,0.226335224,0,0,0,0,1,16.2,7.722191789,-36.3294
2022,3,8,20,20,IMG_5347,0.603,0,0.003,0.394,0,0,0,0,0.374130491,0,0.001205341,0.218116459,0,0,0,0,1,16.3,7.768869578,-37.5877
2022,3,8,20,30,IMG_5348,0.531,0.005,0.03,0.426,0,0,0.008,0,0.330481152,0.001902306,0.01114203,0.231841384,0,0,0.003729349,0,1,16.3,7.630139764,-35.1597
2022,3,8,20,40,IMG_5349,0.574,0,0.014,0.412,0,0,0,0,0.359944118,0,0.005426946,0.224464175,0,0,0,0,1,16.2,7.722191789,-36.9031
2022,3,8,20,50,IMG_5350,0.612,0,0.004,0.383,0,0,0,0,0.380895373,0,0.001882422,0.209295989,0,0,0,0,1,16.3,7.630139764,-36.2485
2022,3,8,21,0,IMG_5351,0.598,0,0.005,0.396,0,0,0,0,0.378227426,0,0.002142338,0.211990888,0,0,0,0,1,16.2,7.722191789,-36.4599
2022,3,8,21,10,IMG_5352,0.648,0,0,0.348,0,0,0.004,0,0.409885404,0,6.29E-05,0.18682035,0,0,0.001458361,0,1,16.3,7.630139764,-35.7905
2022,3,8,21,20,IMG_5353,0.65,0,0.039,0.311,0,0,0,0,0.409005439,0,0.013187102,0.167536118,0,0,0.000143525,0,1,16.1,7.675757283,-35.0164
2022,3,8,21,30,IMG_5354,0.638,0,0.007,0.354,0,0,0,0,0.412713401,0,0.002331581,0.18333466,0,0,0,0,1,16.2,7.722191789,-35.0846
2022,3,8,21,40,IMG_5355,0.634,0,0.011,0.353,0,0,0.002,0,0.416147251,0,0.003923866,0.180613041,0,0,0.000805792,0,1,16.2,7.584295507,-35.8565
2022,3,8,21,50,IMG_5356,0.648,0,0.013,0.34,0,0,0,0,0.427046567,0,0.004064032,0.172672423,0,0,0,0,1,16.2,7.722191789,-31.7781
2022,3,8,22,0,IMG_5357,0.689,0,0,0.311,0,0,0,0,0.464858421,0,5.97E-05,0.153357933,0,0,0,0,1,16.2,7.722191789,-35.3211
2022,3,8,22,10,IMG_5358,0.735,0,0,0.265,0,0,0,0,0.501384067,0,0,0.129214889,0,0,0,0,1,15.9,7.71903557,-34.4553
2022,3,8,22,20,IMG_5359,0.806,0,0,0.194,0,0,0,0,0.557535855,0,6.90E-06,0.096231385,0,0,0,0,1,15.9,7.71903557,-34.2342
2022,3,8,22,30,IMG_5360,0.827,0,0,0.173,0,0,0,0,0.577938289,0,0,0.085648453,0,0,0,0,1,15.8,7.672508313,-32.4979
2022,3,8,22,40,IMG_5361,0.822,0,0,0.178,0,0,0,0,0.58567473,0,0,0.085849444,0,0,0,0,1,15.8,7.672508313,-33.2673
2022,3,8,22,50,IMG_5362,0.815,0,0,0.185,0,0,0,0,0.589367105,0,0,0.087436516,0,0,0,0,1,15.7,7.760017808,-31.7098
2022,3,8,23,0,IMG_5363,0.855,0,0,0.145,0,0,0,0,0.619656303,0,0,0.06907835,0,0,0,0,1,15.8,7.672508313,-31.2581
2022,3,8,23,10,IMG_5364,0.844,0,0,0.156,0,0,0,0,0.616641895,0,0,0.072410269,0,0,0,0,1,15.6,7.713168424,-30.0143
2022,3,8,23,20,IMG_5365,0.859,0,0,0.141,0,0,0,0,0.632501825,0,0,0.06552684,0,0,0,0,1,15.5,7.666564492,-29.895
2022,3,8,23,30,IMG_5366,0.85,0,0,0.15,0,0,0,0,0.62909526,0,0,0.068618232,0,0,0,0,1,15.6,7.580182761,-28.8791
2022,3,8,23,40,IMG_5367,0.873,0,0,0.127,0,0,0,0,0.64477364,0,0,0.058814956,0,0,0,0,1,15.4,7.620204938,-28.7869
2022,3,8,23,50,IMG_5368,0.881,0,0,0.118,0,0,0,0,0.65037313,0,1.50E-06,0.054883398,0,0,0,0,1,15.4,7.620204938,-28.5988
2022,3,9,0,0,IMG_5369,0.879,0,0,0.121,0,0,0,0,0.656463724,0,0,0.054740347,0,0,0,0,1,15.5,7.534382345,-29.0916
2022,3,9,0,10,IMG_5370,0.883,0,0,0.117,0,0,0,0,0.662756175,0,0,0.052644967,0,0,0,0,1,15.5,7.534382345,-30.9453
2022,3,9,0,20,IMG_5371,0.889,0,0,0.111,0,0,0,0,0.666369606,0,0,0.04998898,0,0,0,0,1,15.5,7.534382345,-27.9812
2022,3,9,0,30,IMG_5372,0.885,0,0,0.115,0,0,0,0,0.666332512,0,0,0.05174659,0,0,0,0,1,15.5,7.666564492,-28.9236
2022,3,9,0,40,IMG_5373,0.887,0,0,0.113,0,0,0,0,0.668618555,0,0,0.05071579,0,0,0,0,1,15.3,7.574088693,-28.4157
2022,3,9,0,50,IMG_5374,0.896,0,0,0.104,0,0,0,0,0.674833819,0,0,0.047545395,0,0,0,0,1,15.2,7.658011494,-29.7909
2022,3,9,1,0,IMG_5375,0.882,0,0,0.118,0,0,0,0,0.673172634,0,0,0.052782039,0,0,0,0,1,15.1,7.740601928,-27.3544
2022,3,9,1,10,IMG_5376,0.854,0,0,0.146,0,0,0,0,0.644021019,0,0,0.064036989,0,0,0,0,1,15,7.693643957,-28.9969
2022,3,9,1,20,IMG_5377,0.828,0,0,0.172,0,0,0,0,0.625718179,0,0,0.073691849,0,0,0,0,1,15,7.565416558,-29.6843
2022,3,9,1,30,IMG_5378,0.829,0,0,0.171,0,0,0,0,0.62044707,0,0,0.073762019,0,0,0,0,1,15.1,7.740601928,-28.7691
2022,3,9,1,40,IMG_5379,0.87,0,0,0.13,0,0,0,0,0.648968765,0,0,0.057558797,0,0,0,0,1,15,7.693643957,-30.0472
2022,3,9,1,50,IMG_5380,0.827,0,0,0.173,0,0,0,0,0.627087162,0,0,0.074070658,0,0,0,0,1,15,7.693643957,-30.3929
2022,3,9,2,0,IMG_5381,0.827,0,0,0.173,0,0,0,0,0.625566053,0,0,0.073864536,0,0,0,0,1,15,7.693643957,-30.2688
2022,3,9,2,10,IMG_5382,0.83,0,0,0.17,0,0,0,0,0.630344907,0,2.42E-06,0.072380837,0,0,0,0,1,14.9,7.774382182,-27.7453
2022,3,9,2,20,IMG_5383,0.862,0,0,0.138,0,0,0,0,0.647909653,0,0,0.060675083,0,0,0,0,1,14.5,7.835669108,-29.089
2022,3,9,2,30,IMG_5384,0.864,0,0,0.136,0,0,0,0,0.648837139,0,2.68E-06,0.059456716,0,0,0,0,1,14.3,7.863255564,-29.2118
2022,3,9,2,40,IMG_5385,0.883,0,0,0.117,0,0,0,0,0.663115693,0,0,0.05229049,0,0,0,0,1,14.1,7.767489332,-29.5518
2022,3,9,2,50,IMG_5386,0.887,0,0,0.113,0,0,0,0,0.664958609,0,0,0.050983489,0,0,0,0,1,14.1,7.646122312,-28.8935
2022,3,9,3,0,IMG_5387,0.85,0,0,0.15,0,0,0,0,0.642626465,0,0,0.065106731,0,0,0,0,1,14.2,7.693131933,-28.4842
2022,3,9,3,10,IMG_5388,0.858,0,0,0.142,0,0,0,0,0.644953012,0,0,0.062293081,0,0,0,0,1,14.1,7.524755291,-29.1704
2022,3,9,3,20,IMG_5389,0.808,0,0,0.192,0,0,0,0,0.613069321,0,0,0.082167383,0,0,0,0,1,14.2,7.448905523,-29.2834
2022,3,9,3,30,IMG_5390,0.784,0,0,0.216,0,0,0,0,0.595745485,0,0,0.091411907,0,0,0,0,1,14,7.358112625,-27.9003
2022,3,11,19,30,IMG_5391,0,0,0,1,0,0,0,0,0,0,0,0.609317345,0,0,0,0,1,19.5,11.07566585,-22.9054
2022,3,11,19,40,IMG_5392,0.003,0,0,0.997,0,0,0,0,0.001965204,0,0,0.58939088,0,0,0,0,1,19.3,10.94624967,-24.4595
2022,3,11,19,50,IMG_5393,0.006,0,0,0.994,0,0,0,0,0.00389538,0,0,0.583769974,0,0,0,0,1,19.4,10.8439631,-24.9045
2022,3,11,20,0,IMG_5394,0.01,0,0,0.99,0,0,0,0,0.006033534,0,0,0.575866827,0,0,0,0,1,19.5,10.90785273,-24.6722
2022,3,11,20,10,IMG_5395,0.023,0,0,0.977,0,0,0,0,0.013850338,0,0,0.563684863,0,0,0,0,1,19.4,10.8439631,-22.8214
2022,3,11,20,20,IMG_5396,0,0,0,1,0,0,0,0,6.41E-05,0,0,0.589359856,0,0,0,0,1,19.2,11.04691287,-22.4711
2022,3,11,20,30,IMG_5397,0,0,0,1,0,0,0,0,2.80E-05,0,0,0.58628137,0,0,0,0,1,18.7,11.84652294,-24.0608
2022,3,11,20,40,IMG_5398,0.007,0,0,0.993,0,0,0,0,0.004033278,0,0,0.569427381,0,0,0,0,1,18.2,12.1226001,-25.1847
2022,3,11,20,50,IMG_5399,0.108,0,0,0.892,0,0,0,0,0.0654686,0,0,0.51604659,0,0,0,0,1,18.3,11.72568274,-24.6606
2022,3,11,21,0,IMG_5400,0.089,0,0,0.911,0,0,0,0,0.057927539,0,0,0.499940377,0,0,0,0,1,18.1,11.89636135,-24.8749
2022,3,11,21,10,IMG_5401,0.148,0,0,0.852,0,0,0,0,0.095536125,0,0,0.473364386,0,0,0,0,1,18,12.44023631,-25.763
2022,3,11,21,20,IMG_5402,0.241,0,0,0.759,0,0,0,0,0.154244111,0,0,0.435717383,0,0,0,0,1,17.9,12.67184447,-25.2131
2022,3,11,21,30,IMG_5403,0.204,0,0,0.796,0,0,0,0,0.132261704,0,0,0.448850128,0,0,0,0,1,18,12.74740264,-24.9328
2022,3,11,21,40,IMG_5404,0.301,0,0,0.699,0,0,0,0,0.193283286,0,0,0.406484315,0,0,0,0,1,18,13.05456897,-23.7758
2022,3,11,21,50,IMG_5405,0.273,0,0,0.727,0,0,0,0,0.177726247,0,0,0.418509675,0,0,0,0,1,17.7,12.97448912,-23.8615
2022,3,11,22,0,IMG_5406,0.344,0,0,0.656,0,0,0,0,0.230348235,0,0,0.382837275,0,0,0,0,1,17.6,13.04737082,-22.4802
2022,3,11,22,10,IMG_5407,0.317,0,0,0.683,0,0,0,0,0.209232835,0,0,0.400154778,0,0,0,0,1,17.5,13.26794398,-24.9612
2022,3,11,22,20,IMG_5408,0.333,0,0,0.667,0,0,0,0,0.221029056,0,0,0.387055491,0,0,0,0,1,17.5,13.26794398,-27.3355
2022,3,11,22,30,IMG_5409,0.363,0,0,0.637,0,0,0,0,0.247524422,0,0,0.372027802,0,0,0,0,1,17.5,13.41702201,-25.7481
2022,3,11,22,40,IMG_5410,0.375,0,0,0.625,0,0,0,0,0.258748558,0,0,0.365343344,0,0,0,0,1,17.5,13.41702201,-24.7417
2022,3,11,22,50,IMG_5411,0.443,0,0,0.557,0,0,0,0,0.310077006,0,1.83E-06,0.320511403,0,0,0,0,1,17.4,13.48536834,-19.6586
2022,3,12,19,30,IMG_5438,0,0,0,1,0,0,0,0,0,0,0,0.608604357,0,0,0,0,1,20.6,13.77993565,-21.6362
2022,3,12,19,40,IMG_5439,0,0,0,1,0,0,0,0,4.95E-06,0,0,0.608393547,0,0,0,0,1,20.5,14.05576376,-20.7013
2022,3,12,19,50,IMG_5440,0.002,0,0,0.998,0,0,0,0,0.001383241,0,0,0.610242976,0,0,0,0,1,20.4,13.97408377,-20.2841
2022,3,12,20,0,IMG_5441,0.003,0,0,0.997,0,0,0,0,0.001730093,0,0,0.602758534,0,0,0,0,1,20.2,13.8119539,-20.6739
2022,3,12,20,10,IMG_5442,0.01,0,0,0.99,0,0,0,0,0.006160945,0,0,0.594254244,0,0,0,0,1,20.2,13.8119539,-20.1377
2022,3,12,20,20,IMG_5443,0.004,0,0,0.996,0,0,0,0,0.002297025,0,0,0.599265505,0,0,0,0,1,20.2,13.98678876,-19.8558
2022,3,12,20,30,IMG_5444,0,0,0,1,0,0,0,0,0.000259413,0,0,0.599674129,0,0,0,0,1,20.1,14.42676644,-19.9769
2022,3,12,20,40,IMG_5445,0.004,0,0,0.996,0,0,0,0,0.002061328,0,0,0.588818374,0,0,0,0,1,19.8,14.17573462,-19.7463
2022,3,12,20,50,IMG_5446,0.001,0,0,0.999,0,0,0,0,0.000274557,0,0,0.596723107,0,0,0,0,1,19.9,14.43078391,-19.2883
2022,3,12,21,0,IMG_5447,0.002,0,0,0.998,0,0,0,0,0.001079109,0,0,0.579079087,0,0,0,0,1,19.5,14.2641151,-19.7592
2022,3,12,21,10,IMG_5448,0.01,0,0,0.99,0,0,0,0,0.006425811,0,0,0.566121026,0,0,0,0,1,19.6,14.51688951,-20.1958
2022,3,12,21,20,IMG_5449,0.006,0,0,0.994,0,0,0,0,0.003966932,0,0,0.560890009,0,0,0,0,1,19.6,14.51688951,-20.4389
2022,3,12,21,30,IMG_5450,0.002,0,0,0.998,0,0,0,0,0.001116699,0,0,0.559540828,0,0,0,0,1,19.5,14.59974134,-23.0642
2022,3,12,21,40,IMG_5451,0.014,0,0,0.986,0,0,0,0,0.008825563,0,0,0.5546452,0,0,0,0,1,19.5,14.43192822,-21.2697
2022,3,12,21,50,IMG_5452,0.004,0,0,0.996,0,0,0,0,0.002851653,0,0,0.553130506,0,0,0,0,1,19.4,14.34739733,-24.0984
2022,3,12,22,0,IMG_5453,0,0,0,1,0,0,0,0,0.000223295,0,0,0.546002517,0,0,0,0,1,19.3,14.42914729,-22.5449
2022,3,12,22,10,IMG_5454,0.134,0,0,0.866,0,0,0,0,0.085173362,0,0,0.480147852,0,0,0,0,1,19.2,14.3444988,-22.2281
2022,3,12,22,20,IMG_5455,0.196,0,0,0.804,0,0,0,0,0.128157993,0,0,0.433868307,0,0,0,0,1,19.3,14.26329503,-21.2998
2022,3,12,22,30,IMG_5456,0.292,0,0,0.708,0,0,0,0,0.195787966,0,0,0.387512958,0,0,0,0,1,19.3,14.09744276,-19.7558
2022,3,12,22,40,IMG_5457,0.274,0,0,0.722,0.004,0,0,0,0.182773881,0,0,0.392180048,0.003115783,0,0,0,1,19.2,14.0147402,-23.9582
2022,3,13,2,20,IMG_5479,0.496,0,0,0.504,0,0,0,0,0.361709503,0,0,0.273082046,0,0,0,0,1,18.1,13.59584154,-21.4514
2022,3,13,19,30,IMG_5487,0.14,0,0,0.86,0,0,0,0,0.087164581,0,2.65E-05,0.476021071,0,0,0,0,1,23.5,12.89943586,-20.808
2022,3,13,19,40,IMG_5488,0.12,0,0,0.879,0,0,0,0,0.075592946,0,1.29E-05,0.482646672,0,0,0,0,1,23.6,12.76034166,-21.2617
2022,3,13,19,50,IMG_5489,0.148,0,0,0.852,0,0,0,0,0.091930146,0,0,0.467284157,0,0,0,0,1,23.5,12.47650354,-23.1806
2022,3,13,20,0,IMG_5490,0.147,0,0,0.853,0,0,0,0,0.091305852,0,6.66E-06,0.468728764,0,0,0,0,1,23.6,12.5476693,-20.729
2022,3,13,20,10,IMG_5491,0.155,0,0,0.845,0,0,0,0,0.096358706,0,2.21E-06,0.464870733,0,0,0,0,1,23.4,12.82621795,-20.65
2022,3,13,20,20,IMG_5492,0.156,0,0,0.844,0,0,0,0,0.097212335,0,0,0.460933436,0,0,0,0,1,23.4,12.82621795,-24.1563
2022,3,13,20,30,IMG_5493,0.32,0,0,0.68,0,0,0,0,0.19527989,0,0,0.384617593,0,0,0,0,1,23.4,12.61595208,-23.3796
2022,3,13,20,40,IMG_5494,0.325,0,0,0.675,0,0,0,0,0.190630243,0,0,0.389135614,0,0,0,0,1,23.3,12.75335884,-23.1323
2022,3,13,20,50,IMG_5495,0.264,0,0,0.736,0,0,0,0,0.157568547,0,5.08E-05,0.415180409,0,0,0,0,1,23.2,12.88873996,-23.5042
2022,3,13,21,0,IMG_5496,0.28,0,0,0.72,0,0,0,0,0.171715039,0,2.04E-06,0.397120215,0,0,0,0,1,23.2,12.88873996,-24.6011
2022,3,13,21,10,IMG_5497,0.341,0,0,0.658,0,0,0,0,0.202980326,0,2.71E-06,0.37402005,0,0,0,0,1,23.1,13.02211153,-23.2438
2022,3,13,21,20,IMG_5498,0.345,0,0,0.655,0,0,0,0,0.205117127,0,0,0.370349767,0,0,0,0,1,22.9,13.07853769,-22.4878
2022,3,13,21,30,IMG_5499,0.34,0,0,0.66,0,0,0,0,0.208336929,0,0,0.365688837,0,0,0,0,1,22.6,13.2576358,-24.3239
2022,3,13,21,40,IMG_5500,0.344,0,0,0.656,0,0,0,0,0.212011336,0,0,0.36192944,0,0,0,0,1,22.4,13.10644626,-24.5701
2022,3,13,21,50,IMG_5501,0.401,0,0,0.599,0,0,0,0,0.242924324,0,0,0.333930581,0,0,0,0,1,22.3,13.22885688,-24.849
2022,3,13,22,0,IMG_5502,0.394,0,0,0.605,0,0,0,0,0.249513454,0,1.78E-05,0.324106513,0,0,0,0,1,22.2,13.15306175,-24.874
2022,3,13,22,10,IMG_5503,0.382,0,0,0.618,0,0,0,0,0.24092159,0,0,0.329608669,0,0,0,0,1,21.9,13.12087556,-25.6106
2022,3,13,22,20,IMG_5504,0.414,0,0,0.586,0,0,0,0,0.26140145,0,0,0.311550008,0,0,0,0,1,21.9,13.12087556,-25.4932
2022,3,13,22,30,IMG_5505,0.48,0,0,0.52,0,0,0,0,0.306906197,0,0,0.278238537,0,0,0,0,1,21.9,13.12087556,-25.8717
2022,3,13,22,40,IMG_5506,0.423,0,0.003,0.574,0,0,0,0,0.268078456,0,0.000946837,0.299739551,0,0,0,0,1,21.8,13.04546307,-24.9532
2022,3,13,22,50,IMG_5507,0.465,0,0,0.535,0,0,0,0,0.303155581,0,0,0.278061456,0,0,0,0,1,21.7,12.97042518,-25.1534
2022,3,13,23,0,IMG_5508,0.322,0,0.047,0.624,0,0,0.007,0,0.213781167,0,0.016316429,0.306457565,0,0,0.002829913,0,1,21.7,12.97042518,-22.0426
2022,3,13,23,10,IMG_5509,0.338,0,0,0.662,0,0,0,0,0.228760014,0,0,0.318501164,0,0,0,0,1,21.5,12.82146703,-24.5637
2022,3,13,23,20,IMG_5510,0.475,0,0,0.525,0,0,0,0,0.321199038,0,0.0001138,0.263296597,0,0,0,0,1,21.6,12.89576035,-23.2146
2022,3,13,23,30,IMG_5511,0.345,0,0.156,0.498,0,0,0,0,0.237794854,0,0.062652712,0.248838492,0,0,0,0,1,21.3,12.86037098,-24.4786
2022,3,13,23,50,IMG_5513,0.575,0,0,0.425,0,0,0,0,0.387162462,0,0,0.21816241,0,0,0,0,1,21.2,12.97141262,-23.1153
2022,3,14,0,0,IMG_5514,0.537,0,0,0.463,0,0,0,0,0.365044103,0,0,0.23027977,0,0,0,0,1,21.3,13.04675317,-23.3367
2022,3,14,0,10,IMG_5515,0.593,0,0,0.407,0,0,0,0,0.409073693,0,0,0.206526886,0,0,0,0,1,21.4,12.93500756,-19.7294
2022,3,14,0,20,IMG_5516,0.596,0,0,0.404,0,0,0,0,0.420217939,0,0,0.203072536,0,0,0,0,1,21.3,12.86037098,-22.776
2022,3,14,0,30,IMG_5517,0.594,0,0.001,0.406,0,0,0,0,0.404281851,0,0.000158015,0.206786125,0,0,0,0,1,21.1,12.89644823,-23.1299
2022,3,14,0,40,IMG_5518,0.559,0,0,0.441,0,0,0,0,0.393936884,0,0,0.217641729,0,0,0,0,1,20.7,12.78032571,-23.4198
2022,3,14,1,0,IMG_5520,0.458,0.021,0.371,0.134,0.004,0,0.012,0,0.329818502,0.011292631,0.19802811,0.07481588,0.002153238,0,0.005632482,0,1,20.7,13.14033489,-24.6673
2022,3,15,19,30,IMG_5569,0,0,0,0.968,0,0,0,0.032,0,0,0,0.648333391,0,0,0,0.02733898,1,19.6,15.52969576,-24.7931
2022,3,15,19,40,IMG_5570,0,0,0,0.954,0,0,0,0.046,0,0,0,0.638274677,3.80E-06,0,0,0.039240317,1,19.6,15.6984968,-24.1848
2022,3,15,19,50,IMG_5571,0,0,0,1,0,0,0,0,0,0,0,0.696318465,4.03E-06,0,0,0,1,19.7,15.79084094,-23.8682
2022,3,15,20,0,IMG_5572,0,0,0,0.999,0,0,0,0.001,0,0,0,0.683430191,0,0,0,0.000882527,1,19.7,15.79084094,-23.0642
2022,3,15,20,10,IMG_5573,0,0,0,1,0,0,0,0,0,0,0,0.680681738,3.97E-06,0,0,0,1,19.7,15.79084094,-21.988
2022,3,15,23,0,IMG_5575,0.227,0,0,0.773,0,0,0,0,0.132917698,0,0,0.416287763,0,0,0,0,1,21.3,14.1650463,-20.3096
2022,3,15,23,30,IMG_5578,0.202,0,0,0.798,0,0,0,0,0.121112042,0,0,0.420163116,0,0,0,0,1,21.2,14.26855389,-22.6273
2022,3,15,23,40,IMG_5579,0.24,0,0,0.76,0,0,0,0,0.141908083,0,0,0.405994208,0,0,0,0,1,21,14.28721369,-20.9565
2022,3,15,23,50,IMG_5580,0.258,0,0,0.742,0,0,0,0,0.154346575,0,0,0.396263289,0,0,0,0,1,20.6,14.49577647,-19.7754
2022,3,16,1,10,IMG_5588,0.306,0,0,0.694,0,0,0,0,0.191710975,0,0,0.362674895,0,0,0,0,1,18.5,14.23851285,-17.7702
2022,3,18,20,10,IMG_5695,0.06,0.086,0.374,0.062,0.171,0,0.247,0,0.029598888,0.059054605,0.263910938,0.048424331,0.137264416,0,0.18838309,0,1,18.1,10.96937215,-19.7595
2022,3,18,20,20,IMG_5696,0.154,0,0.173,0.473,0.091,0.038,0.07,0,0.073577163,4.21E-05,0.13821573,0.290676555,0.079295726,0.031702727,0.056310246,0,1,18.1,11.12387035,-22.3466
2022,3,18,20,30,IMG_5697,0.17,0.007,0.458,0.307,0.001,0,0.056,0,0.07898125,0.005546995,0.369501142,0.211980784,0.000718442,0,0.044517142,0,1,17.9,10.9924434,-23.5748
2022,3,18,20,40,IMG_5698,0.107,0.355,0.255,0.056,0,0,0.226,0,0.044292901,0.271804477,0.19118934,0.049500616,0.000167563,0,0.165426532,0,1,17.9,11.14511622,-23.0192
2022,3,18,20,50,IMG_5699,0.179,0.408,0.244,0.056,0.001,0,0.111,0,0.086866166,0.328774925,0.176501435,0.048589506,0.001036892,0,0.077059262,0,1,17.9,10.9924434,-22.8808
2022,3,18,21,0,IMG_5700,0.086,0.269,0.557,0.087,0,0,0,0,0.041906783,0.21738134,0.43318451,0.075178463,4.96E-05,0,0.0001782,0,1,17.9,11.14511622,-22.7486
2022,3,18,21,10,IMG_5701,0,0.719,0.163,0.055,0,0,0.062,0,0.000116985,0.520233166,0.130988139,0.04544197,0.000288552,0,0.039544712,0,1,17.8,11.07900275,-21.6931
2022,3,18,21,20,IMG_5702,0.017,0.707,0.147,0.042,0,0,0.087,0,0.009333226,0.464072897,0.110750616,0.036597288,0,0,0.07110474,0,1,17.8,11.07900275,-23.3316
2022,3,18,21,30,IMG_5703,0.043,0.063,0.581,0.207,0.001,0,0.105,0,0.011504642,0.038827712,0.383265017,0.156948415,0.000801044,0,0.088295711,0,1,17.6,11.09776369,-24.3196
2022,3,18,21,40,IMG_5704,0,0.637,0.225,0.139,0,0,0,0,0,0.392804838,0.175383939,0.116685667,0,0,3.69E-05,0,1,17.5,11.03177365,-23.5487
2022,3,18,21,50,IMG_5705,0.035,0.028,0.671,0.217,0.013,0,0.035,0,0.019394561,0.017223881,0.452010096,0.160988169,0.010272934,0,0.027222408,0,1,17.4,11.26250543,-24.3586
2022,3,18,22,0,IMG_5706,0,0,0.328,0.663,0.007,0,0.001,0,0,0,0.212147025,0.454394561,0.003544674,0,0.000578929,0,1,17.3,11.19542894,-25.0054
2022,3,18,22,10,IMG_5707,0,0,0.761,0.238,0,0,0,0,0.00024834,0.00012835,0.518430341,0.157633361,5.66E-05,0,2.24E-05,0,1,17.5,11.03177365,-24.5233
2022,3,18,22,20,IMG_5708,0.007,0,0.582,0.41,0,0,0,0,0.00394861,0,0.394930627,0.279518434,2.39E-05,0,0.00017787,0,1,17.5,11.18085167,-23.167
2022,3,18,22,30,IMG_5709,0.047,0,0.001,0.796,0.006,0.108,0.042,0,0.016090069,0,0.000766406,0.531969419,0.005028253,0.087623903,0.034397333,0,1,17.4,10.9661237,-24.6655
2022,3,18,22,40,IMG_5710,0.003,0.704,0.293,0,0,0,0,0,0.001547273,0.511908616,0.2281747,0.000152186,6.39E-06,0,1.93E-05,0,1,17.4,10.9661237,-24.7703
2022,3,18,22,50,IMG_5711,0.013,0.062,0.102,0,0.001,0,0.821,0,0.004905965,0.052556002,0.083131273,0.000276239,0.0012391,0,0.652340542,0,1,17.4,11.11431457,-21.5441
2022,3,18,23,0,IMG_5712,0,0.786,0.178,0.001,0,0,0.035,0,0,0.593924752,0.145780604,0.000600255,6.80E-05,0,0.027122604,0,1,17.5,11.18085167,-20.6919
2022,3,18,23,10,IMG_5713,0.184,0.14,0.346,0.023,0,0,0.307,0,0.083863739,0.11261872,0.250854222,0.018349331,0.000213161,0,0.239863897,0,1,17.5,11.18085167,-23.0003
2022,3,18,23,20,IMG_5714,0.126,0.005,0.295,0.517,0,0.001,0.057,0,0.047655807,0.003185892,0.218726465,0.354828576,0.000299392,0.000458293,0.04240909,0,1,17.5,11.32992969,-24.8503
2022,3,18,23,30,IMG_5715,0.216,0,0.256,0.512,0.001,0.001,0.014,0,0.071197063,0,0.1947202,0.355166677,0.001231055,0.000847476,0.011285877,0,1,17.5,11.47900772,-25.0709
2022,3,18,23,40,IMG_5716,0.071,0,0.403,0.466,0.002,0,0.058,0,0.021457242,0,0.292439874,0.316590542,0.001556107,0,0.048407189,0,1,17.4,11.41069629,-24.9161
2022,3,18,23,50,IMG_5717,0.009,0.01,0.731,0.206,0.029,0,0.014,0,0.002259555,0.007413304,0.540859052,0.162853831,0.024558474,0,0.011246905,0,1,17.5,11.47900772,-24.1053
2022,3,19,0,0,IMG_5718,0,0.031,0.948,0.021,0,0,0,0,0,0.018989769,0.712070373,0.017623287,2.19E-05,0,4.96E-05,0,1,17.5,11.47900772,-24.1574
2022,3,19,0,10,IMG_5719,0.026,0,0.801,0.168,0.005,0,0,0,0.006283436,4.10E-05,0.595036411,0.127351795,0.004169757,0,0.000195666,0,1,17.5,11.47900772,-22.9138
2022,3,19,0,20,IMG_5720,0.025,0,0.301,0.665,0.005,0,0.004,0,0.006393878,0,0.218595816,0.479628876,0.00371256,0,0.003168337,0,1,17.5,11.47900772,-24.5652
2022,3,19,0,30,IMG_5721,0.045,0.003,0.652,0.284,0.001,0,0.015,0,0.011456656,0.0024939,0.468110389,0.214319824,0.000843202,0,0.011948768,0,1,17.5,11.47900772,-23.7813
2022,3,19,0,40,IMG_5722,0.019,0,0.603,0.378,0,0,0,0,0.005011636,0,0.443813131,0.276162921,1.88E-05,0,0,0,1,17.5,11.62808574,-22.9671
2022,3,19,0,50,IMG_5723,0.007,0,0.165,0.828,0,0,0,0,0.001728298,0,0.124745944,0.607331115,4.51E-06,0,0,0,1,17.5,11.62808574,-22.8183
2022,3,19,1,0,IMG_5724,0,0,0.442,0.558,0,0,0,0,0,0,0.330190039,0.398665189,0,0,0,0,1,17.3,11.63735377,-22.6394
2022,3,19,1,10,IMG_5725,0.001,0,0.001,0.998,0,0,0,0,0.00038892,0,0.000928516,0.72035,0,0,0,0,1,17.4,11.55888715,-23.488
2022,3,19,1,20,IMG_5726,0,0,0.007,0.993,0,0,0,0,0.000147326,0,0.005129943,0.718950759,0,0,0,0,1,17.3,11.63735377,-24.0214
2022,3,19,1,30,IMG_5727,0.007,0,0.009,0.984,0,0,0,0,0.001927464,0,0.007080003,0.711328628,0,0,0,0,1,17.3,11.63735377,-23.4063
2022,3,19,1,40,IMG_5728,0.008,0,0.199,0.793,0,0,0,0,0.002602517,0,0.15214523,0.56841576,0,0,0,0,1,17.1,11.64454038,-23.3354
2022,3,19,1,50,IMG_5729,0,0,0.106,0.894,0,0,0,0,7.10E-06,0,0.081311155,0.646634818,0,0,0,0,1,16.9,11.79351086,-23.0962
2022,3,19,2,0,IMG_5730,0,0,0.72,0.28,0,0,0,0,1.81E-05,0,0.523464453,0.199809345,0,0,0,0,1,16.6,11.72430326,-22.8096
2022,3,19,2,10,IMG_5731,0.079,0,0.58,0.342,0,0,0,0,0.019114551,0,0.424688206,0.248301134,4.97E-05,0,7.51E-06,0,1,16.7,11.79494453,-23.2968
2022,3,19,2,20,IMG_5732,0.005,0.01,0.976,0.009,0,0,0,0,0.001197386,0.005672108,0.718247371,0.006486493,0,0,1.49E-05,0,1,16.6,11.86555993,-21.1506
2022,3,19,2,30,IMG_5733,0,0,0.992,0.008,0,0,0,0,0,4.00E-05,0.719135119,0.005980303,0,0,0,0,1,16.3,11.930764,-22.0536
2022,3,19,2,40,IMG_5734,0,0.045,0.955,0,0,0,0,0,0,0.029979169,0.685951315,5.74E-05,0,0,6.87E-06,0,1,16.3,11.930764,-23.7518
2022,3,19,20,10,IMG_5744,0,0,0,1,0,0,0,0,0,0,0,0.685868299,8.45E-06,0,0,0,1,21.3,14.53781068,-19.5387
2022,3,19,20,20,IMG_5745,0,0,0,1,0,0,0,0,0,0,0,0.700916759,1.41E-05,0,0,0,1,21.2,14.26855389,-21.5224
2022,3,19,22,0,IMG_5755,0.063,0,0.094,0.413,0.389,0,0.04,0,0.035317541,0,0.072641699,0.284650323,0.279284322,0,0.021757843,0,1,21.1,14.73879798,-17.9446
2022,3,19,22,20,IMG_5757,0.017,0,0.023,0.36,0.599,0,0,0,0.010352592,0,0.01767189,0.233715678,0.451631813,0,3.83E-06,0,1,21,14.83672191,-18.2018
2022,3,19,22,30,IMG_5758,0.038,0,0.099,0.532,0.292,0.035,0.003,0,0.023180439,0,0.077386403,0.337041294,0.220131242,0.027072491,0.002594772,0,1,21.1,14.73879798,-19.5086
2022,3,29,23,0,IMG_6232,0.001,0,0.334,0.624,0.042,0,0,0,0.000610915,0,0.120977592,0.259607993,0.015698438,0,2.36E-06,0,1,21.8,14.77206848,-15.1818
2022,3,29,23,40,IMG_6236,0.03,0,0.418,0.553,0,0,0,0,0.022439288,0,0.128179207,0.22147038,0,0,0,0,1,21.7,14.6870991,-14.5621
2021,10,19,19,30,IMG_0001,0,0,0,0.298,0.702,0,0,0,0,0,0,0.244413386,0.538522168,0,0,0.000103726,2,22.4,14.89368893,-12.8314
2021,10,19,19,40,IMG_0002,0,0,0,0.371,0.629,0,0,0,0,0,0,0.276117022,0.460007189,0,0,0,2,22.6,15.06549523,-14.9048
2021,10,19,19,50,IMG_0003,0,0,0,0.435,0.13,0,0,0.435,0,0,0,0.360516647,0.109651442,0,0,0.382838221,2,22.5,14.97937947,-9.2028
2021,10,19,20,0,IMG_0004,0,0,0,0,1,0,0,0,0,0,0,2.35E-05,0.920760276,0,0,0,2,22.4,15.09227145,-9.2082
2021,10,19,20,10,IMG_0005,0,0,0,0.026,0.937,0.037,0,0,1.44E-06,0,0,0.020942976,0.852638927,0.033715678,0,0,2,22.4,15.29085397,-11.5509
2021,10,19,20,20,IMG_0006,0,0,0,0,1,0,0,0,0,0,0,6.66E-06,0.960171477,0,0,7.21E-05,2,22.3,15.20331313,-6.3289
2021,10,19,20,30,IMG_0007,0,0,0,0,0.999,0,0,0.001,0,0,0,6.63E-06,0.946401946,0,0,0.000450661,2,22.3,15.40075876,-7.2794
2021,10,19,20,40,IMG_0008,0,0,0,0.046,0.954,0,0,0,0,0,0,0.038243983,0.831341767,0,0,8.35E-05,2,22.3,15.20331313,-10.3007
2021,10,19,20,50,IMG_0009,0,0,0,0.229,0.771,0,0,0,0,0,0,0.200487012,0.646141001,0,0,6.43E-05,2,22.3,15.40075876,-13.1621
2021,10,19,21,0,IMG_0010,0,0,0,0.419,0.58,0,0,0,0,0,0,0.348025105,0.481817909,0,0,0.000317067,2,22.3,15.40075876,-12.0603
2021,10,19,21,10,IMG_0011,0,0,0,0.205,0.793,0,0.002,0,4.09E-05,0,1.41E-05,0.168974151,0.622773257,0,0.001946792,0,2,22.3,15.20331313,-17.6076
2021,10,19,21,20,IMG_0012,0,0,0,0.285,0.715,0,0,0,0,0,0,0.234979763,0.579008736,0,0,1.30E-05,2,22.2,15.11620529,-15.1236
2021,10,19,21,30,IMG_0013,0,0,0,0.059,0.94,0,0,0,0,0,0,0.047838394,0.812598392,0.00033439,0,5.03E-05,2,22.1,15.41990604,-12.0359
2021,10,19,21,40,IMG_0014,0,0,0,0.621,0.375,0,0,0.004,0,0,0,0.528972709,0.331423603,0,0,0.003241038,2,22.1,15.61509473,-10.7434
2021,10,19,21,50,IMG_0015,0,0,0,0.151,0.846,0,0,0.003,0,0,0,0.1297263,0.738351097,0,0,0.003050796,2,22,15.71955587,-11.3403
2021,10,19,22,0,IMG_0016,0,0,0,0.206,0.749,0,0,0.044,0,0,0,0.176644426,0.664540355,6.45E-05,0,0.039204845,2,22,15.91362446,-10.5284
2021,10,19,22,10,IMG_0017,0,0,0,0.274,0.72,0,0,0.006,0,0,0,0.23343143,0.631753185,0,0,0.00485465,2,21.9,15.82223229,-10.3578
2021,10,19,22,20,IMG_0018,0,0,0,0.118,0.881,0,0,0.001,0,0,0,0.1029263,0.774208323,0.000169156,0,0.000559398,2,21.8,15.73129371,-10.012
2021,10,19,22,30,IMG_0019,0,0,0,0.305,0.694,0,0,0.001,0,0,0,0.257547784,0.597510397,0,0,0.000662147,2,21.9,15.82223229,-10.6917
2021,10,19,22,40,IMG_0020,0,0,0,0.154,0.839,0,0,0.006,0,0,0,0.133660149,0.747799917,0,0,0.005397694,2,21.9,15.82223229,-11.9909
2021,10,19,22,50,IMG_0021,0,0,0,0.078,0.888,0,0,0.034,0,0,0,0.063695763,0.807154507,0,0,0.031059165,2,21.9,15.82223229,-8.1884
2021,10,19,23,0,IMG_0022,0,0,0,0.049,0.95,0,0,0.001,0,0,0,0.039489506,0.821410727,0,0,0.000432459,2,21.9,15.82223229,-8.4931
2021,10,19,23,10,IMG_0023,0,0,0,0.205,0.665,0,0,0.13,0,0,0,0.169981235,0.576055303,0,0,0.116595613,2,21.9,15.62927824,-8.6861
2021,10,19,23,30,IMG_0025,0,0,0,0.049,0.053,0,0,0.898,0,0,0,0.040190865,0.047731573,0,0,0.783130859,2,21.9,15.62927824,-8.7525
2021,10,19,23,40,IMG_0026,0,0,0,0.162,0.394,0,0,0.444,0,0,0,0.135302246,0.343380056,0,0,0.379745831,2,21.9,15.62927824,-8.1011
2021,10,19,23,50,IMG_0027,0,0,0,0.111,0.021,0,0,0.868,0,0,0,0.091430168,0.018273618,0,0,0.748943487,2,22,15.52548728,-9.5857
2021,10,20,0,0,IMG_0028,0,0,0,0.086,0.143,0,0,0.771,0,0,0,0.066921131,0.118931318,0,0,0.620875721,2,22,15.52548728,-9.7668
2021,10,20,0,10,IMG_0029,0,0,0,0.441,0.544,0,0,0.016,0,0,0,0.349160802,0.434039641,0,0,0.012832677,2,21.9,15.62927824,-9.2607
2021,10,20,0,20,IMG_0030,0,0,0,0.545,0.121,0,0,0.333,0,0,0,0.411383421,0.096165542,0.000323933,0,0.271533218,2,21.9,15.62927824,-8.8554
2021,10,20,0,40,IMG_0032,0,0,0,0.059,0.064,0,0,0.877,0,0,0,0.045056708,0.054337673,0,0,0.71799049,2,21.9,15.43632419,-6.9877
2021,10,20,1,0,IMG_0034,0,0,0,0.218,0.236,0,0,0.546,0,0,0,0.168257392,0.196843833,0,0,0.444822393,2,22,15.91362446,-6.556
2021,10,20,1,50,IMG_0039,0,0,0,0.002,0.016,0,0,0.982,0,0,0,0.001688499,0.012856453,0,0,0.821311892,2,22,15.91362446,-6.3188
2021,10,20,19,40,IMG_0051,0,0,0,0.001,0.149,0,0,0.849,0,0,0,0.001234653,0.147002118,0,0,0.831947882,2,22.7,20.20271728,-6.7787
2021,10,20,19,50,IMG_0052,0,0,0,0,0.634,0,0,0.365,0,0,0,0.000178253,0.623147243,0,0,0.363837169,2,22.7,20.20271728,-5.0747
2021,10,20,20,40,IMG_0057,0,0,0,0.003,0.018,0,0,0.98,0,0,0,0.002362575,0.017225766,0,0,0.950951172,2,22.6,20.08732697,-6.5676
2021,10,20,21,20,IMG_0061,0,0,0,0.048,0.017,0,0,0.935,0,0,0,0.045104372,0.016368277,0,0,0.87213898,2,22.5,19.97250596,-8.8537
2021,10,20,21,30,IMG_0062,0,0,0,0.004,0.111,0,0,0.885,0,0,0,0.003379905,0.10432165,0,0,0.826781701,2,22.5,19.97250596,-10.2634
2021,10,20,21,40,IMG_0063,0,0,0,0.03,0.029,0,0,0.941,0,0,0,0.026522498,0.027536321,0,0,0.89227968,2,22.5,19.97250596,-10.0864
2021,10,20,22,0,IMG_0065,0,0,0,0.305,0.016,0,0,0.678,0,0,0,0.283189573,0.015993795,0,0,0.64359372,2,22.5,19.97250596,-8.9893
2021,10,20,22,10,IMG_0066,0,0,0,0.085,0.13,0,0,0.785,0,0,0,0.076493975,0.118330326,0,0,0.734803718,2,22.5,19.97250596,-10.2744
2021,10,20,22,20,IMG_0067,0,0,0,0.368,0.05,0,0,0.582,0,0,0,0.329604011,0.047733075,0,0,0.539831438,2,22.5,19.97250596,-10.4327
2021,10,20,22,30,IMG_0068,0,0,0,0.188,0.002,0,0,0.811,0,0,0,0.171846747,0.001573077,0,0,0.742509367,2,22.5,19.97250596,-11.2459
2021,10,20,23,10,IMG_0072,0,0,0,0.135,0,0,0,0.865,0,0,0,0.11802316,0.000125669,0,0,0.785938439,2,22.5,19.97250596,-8.7179
2021,10,20,23,20,IMG_0073,0,0,0,0.505,0.041,0,0,0.454,0,0,0,0.451368307,0.038349181,0,0,0.420500563,2,22.5,19.97250596,-8.5092
2021,10,20,23,30,IMG_0074,0,0,0,0.034,0.82,0,0,0.146,0,0,0,0.03020595,0.734886644,0,0,0.132154094,2,22.5,19.97250596,-7.751
2021,10,21,0,0,IMG_0077,0,0,0,0.005,0.346,0,0,0.649,0,0,0,0.004101886,0.306616677,0,0,0.590089288,2,22.5,19.97250596,-7.692
2021,10,21,0,10,IMG_0078,0,0,0,0.118,0.866,0,0,0.016,0,0,0,0.106318404,0.778464603,0,0,0.014722115,2,22.5,19.97250596,-10.8361
2021,10,21,0,20,IMG_0079,0,0,0,0.022,0.465,0,0,0.513,0,0,0,0.020296913,0.415844704,0,0,0.459947919,2,22.5,19.97250596,-11.3363
2021,10,21,0,30,IMG_0080,0,0,0,0.039,0.036,0,0,0.925,0,0,0,0.034283887,0.031226082,0,0,0.833228846,2,22.5,19.97250596,-12.4784
2021,10,21,0,40,IMG_0081,0,0,0,0,0.016,0,0,0.984,0,0,0,6.96E-05,0.013605063,0,0,0.875529672,2,22.4,19.85825191,-9.103
2021,10,21,1,0,IMG_0083,0,0,0,0,0.001,0,0,0.999,0,0,0,0.000315625,0.000666068,0,0,0.90577041,2,22.4,19.85825191,-7.7517
2021,10,21,1,10,IMG_0084,0,0,0,0,0.593,0,0,0.407,0,0,0,0.000170005,0.540628448,0,0,0.371520636,2,22.5,19.97250596,-5.6209
2021,10,21,1,20,IMG_0085,0,0,0,0.002,0.998,0,0,0,0,0,0,0.001441895,0.870088762,0,0,0,2,22.4,19.85825191,-10.4555
2021,10,21,1,30,IMG_0086,0,0,0,0.023,0.977,0,0,0,0,0,0,0.019437395,0.824129312,0,0,0,2,22.5,19.97250596,-10.3703
2021,10,21,1,40,IMG_0087,0,0,0,0.105,0.884,0,0,0.011,0,0,0,0.087207294,0.768367503,0,0,0.009718254,2,22.4,19.85825191,-8.2871
2021,10,21,1,50,IMG_0088,0,0,0,0.028,0.843,0,0,0.128,0,0,0,0.02388925,0.731122206,0,0,0.109460164,2,22.4,19.85825191,-8.4725
2021,10,21,2,0,IMG_0089,0,0,0,0.361,0.639,0,0,0,0,0,0,0.305644651,0.565494494,0,0,5.80E-05,2,22.4,19.85825191,-10.0428
2021,10,21,2,10,IMG_0090,0,0,0,0.335,0.665,0,0,0,0,0,9.65E-05,0.28265021,0.578680416,0,0,0,2,22.4,19.85825191,-10.3622
2021,10,21,2,20,IMG_0091,0,0,0,0.049,0.025,0,0,0.926,0,0,0,0.042347198,0.021724023,0,0,0.821704642,2,22.4,19.85825191,-10.7314
2021,10,21,2,30,IMG_0092,0,0,0,0.018,0.001,0,0,0.981,0,0,0,0.013708226,0.00108415,0,0,0.855661884,2,22.4,19.85825191,-15.2513
2021,10,21,2,40,IMG_0093,0,0,0,0,0,0,0,1,0,0,0,0.000229928,7.35E-05,0,0,0.876497544,2,22.4,19.85825191,-9.4336
2021,10,21,2,50,IMG_0094,0,0,0,0,0.001,0,0,0.999,0,0,0,3.25E-05,0.000498235,0,0,0.855106107,2,22.3,19.74456251,-8.141
2021,10,21,3,0,IMG_0095,0,0,0,0,0.002,0,0,0.998,0,0,0,0.000385261,0.001431791,0,0,0.862367405,2,22.3,19.74456251,-7.6393
2021,10,21,3,10,IMG_0096,0,0,0,0.005,0.032,0,0,0.962,0,0,0,0.004545628,0.026719013,0,0,0.803707459,2,22.4,19.85825191,-7.3192
2021,10,22,23,50,IMG_0174,0,0,0,0.219,0,0,0,0.781,0,0,0,0.16594354,5.36E-05,0,0,0.629356438,2,18.7,14.7281096,-5.2871
2021,10,23,0,0,IMG_0175,0,0,0,0.082,0.001,0,0,0.918,0,0,0,0.06347983,0.000415197,0,0,0.713825323,2,18.8,14.65433234,-5.5346
2021,10,23,0,20,IMG_0177,0,0,0,0.204,0,0,0,0.796,0,0,0,0.149394351,5.26E-05,0,0,0.633779372,2,18.9,14.41710546,-5.3808
2021,10,25,23,20,IMG_0295,0,0,0,0.053,0.947,0,0,0,0,0,0,0.031789566,0.701074865,0,0,0.000155807,2,21.4,14.99711022,-5.428
2021,10,25,23,30,IMG_0296,0,0,0,0.297,0.197,0,0,0.505,0,0,0,0.209865167,0.151827366,0,0,0.409593262,2,21.6,14.41290862,-4.9806
2021,10,26,0,0,IMG_0299,0,0,0,0.17,0.362,0,0,0.468,0,0,0,0.118482895,0.27276534,0,0,0.38237633,2,21.6,14.60255216,-3.9395
2021,10,26,0,10,IMG_0300,0,0,0,0.354,0.34,0,0,0.306,0,0,0,0.250994794,0.253152133,0,0,0.262598595,2,21.7,14.30561601,-4.01
2021,10,26,0,20,IMG_0301,0,0,0,0.012,0.988,0,0,0,0,0,0,0.00707011,0.713814836,0,0,0,2,21.7,14.49635756,-4.6049
2021,10,26,0,30,IMG_0302,0,0,0,0.029,0.971,0,0,0,0,0,0,0.016351014,0.700711636,0,0,0,2,22,14.36107574,-6.5099
2021,10,26,0,40,IMG_0303,0,0,0,0.022,0.978,0,0,0,0,0,0,0.0123654,0.708391369,0,0,0,2,22,14.16700714,-4.8388
2021,10,26,0,50,IMG_0304,0,0,0,0.063,0.926,0,0,0.011,0,0,0,0.037520005,0.685176164,0,0,0.008058421,2,22.1,14.24877394,-4.6111
2021,10,26,1,20,IMG_0307,0,0,0,0.042,0.958,0,0,0,0,0,0,0.023596492,0.644300879,0,0,1.09E-05,2,21.8,14.77206848,-4.7282
2021,10,26,1,40,IMG_0309,0,0,0,0.057,0.943,0,0,0,0,0,0,0.0341013,0.639888056,0,0,0,2,21.7,14.87784065,-5.3531
2021,10,26,1,50,IMG_0310,0,0,0,0.028,0.972,0,0,0,0,0,0,0.015567646,0.678826472,0,0,0,2,21.6,14.79219569,-6.1773
2021,10,26,2,10,IMG_0312,0,0,0,0.091,0.909,0,0,0,0,0,0,0.05260172,0.650471725,0,0,4.79E-05,2,22,14.74921292,-5.8552
2021,10,26,2,20,IMG_0313,0,0,0,0.029,0.971,0,0,0,0,0,0,0.015253463,0.672496229,0,0,0,2,22,14.74921292,-7.9162
2021,10,26,2,30,IMG_0314,0,0,0,0.117,0.883,0,0,0,0,0,0,0.067839633,0.608473235,0,0,0,2,22,14.74921292,-6.1797
2021,10,26,3,10,IMG_0318,0,0,0,0.11,0.889,0,0,0.001,0,0,0,0.060735291,0.649382189,0,0,0.000335299,2,21.9,14.85746203,-4.3641
2021,10,26,3,20,IMG_0319,0,0,0,0.145,0.855,0,0,0,0,0,0,0.085121402,0.614147491,0,0,0,2,22,14.74921292,-4.4237
2021,10,26,23,30,IMG_0330,0.1,0,0,0.199,0.007,0.694,0,0,0.067942796,0,0,0.106158827,0.003529349,0.285954793,0.000200999,0,2,22.5,15.17910453,-16.8408
2021,10,27,0,10,IMG_0334,0.349,0,0,0.196,0.005,0.423,0.027,0,0.249546364,0,0,0.10348125,0.002314205,0.15066745,0.010871597,0,2,22.4,15.29085397,-20.105
2021,10,27,0,20,IMG_0335,0.171,0,0,0.095,0.021,0.392,0.32,0,0.118000331,0,0,0.051139175,0.011250736,0.184960352,0.158531648,0,2,22.4,15.29085397,-14.6464
2021,10,27,0,30,IMG_0336,0.248,0,0,0.112,0.072,0.528,0.04,0,0.18610966,0,0,0.063453057,0.038367007,0.237848325,0.018440092,0,2,22.3,15.20331313,-14.447
2021,10,27,0,40,IMG_0337,0.124,0,0.008,0.095,0.056,0.014,0.703,0,0.086677299,0,0.004799857,0.052565189,0.030469546,0.005919411,0.31921866,0,2,22.3,15.40075876,-18.4405
2021,10,27,0,50,IMG_0338,0.127,0,0,0.074,0.027,0.054,0.718,0,0.096958428,0,0,0.040762012,0.014927239,0.023733474,0.33884191,0,2,22.2,15.31251965,-14.2318
2021,10,27,1,0,IMG_0339,0.21,0,0,0.092,0.028,0.597,0.073,0,0.15771564,0,0,0.049390227,0.015164911,0.259087305,0.035931227,0,2,22.2,15.31251965,-16.3016
2021,10,27,1,10,IMG_0340,0.277,0,0,0.112,0.019,0.564,0.028,0,0.205025721,0,0,0.057555296,0.009546567,0.240801931,0.012956438,0,2,22.2,15.11620529,-15.8266
2021,10,27,1,20,IMG_0341,0.18,0,0,0.111,0.007,0.703,0,0,0.130135922,0,0,0.056187132,0.003247814,0.280954733,0.000125819,0,2,22.4,14.89368893,-16.5438
2021,10,27,1,30,IMG_0342,0.348,0,0,0.123,0.009,0.52,0.001,0,0.259484998,0,0,0.061449234,0.004145485,0.199721822,0.000209803,0,2,22.5,14.97937947,-18.7053
2021,10,27,2,10,IMG_0346,0.132,0,0,0.056,0,0.812,0,0,0.08971902,0,0,0.02637482,9.66E-05,0.340610419,0,0,2,22.4,15.09227145,-20.1485
2021,10,27,2,20,IMG_0347,0.555,0,0,0.06,0.001,0.384,0.001,0,0.425600045,0,0,0.027665204,0.000403027,0.148586208,0.000386118,0,2,22.4,15.09227145,-21.4352
2021,10,27,3,30,IMG_0354,0.242,0,0.003,0.341,0.374,0,0.041,0,0.179141564,0,0.000960652,0.132861606,0.139630852,0.000121514,0.014909916,0,2,22.2,14.91989094,-18.9205
2021,10,27,19,30,IMG_0355,0,0,0.007,0.625,0.368,0,0,0,0,0,0.003056656,0.414959638,0.201242721,0,0,0,2,22.6,14.06112888,-17.3035
2021,10,27,19,40,IMG_0356,0.02,0,0.026,0.726,0.229,0,0,0,0.013096544,0,0.011393585,0.446510562,0.110444772,0,0.000221469,0,2,22.5,13.98075417,-20.0283
2021,10,27,19,50,IMG_0357,0.175,0,0.078,0.587,0.033,0.008,0.119,0,0.11126087,0,0.038117518,0.341041286,0.015522897,0.003977306,0.059224174,0,2,22.5,14.18047923,-22.0624
2021,10,27,20,0,IMG_0358,0.015,0,0.333,0.475,0.149,0,0.028,0,0.01022521,1.38E-05,0.160003591,0.29404668,0.074774437,0,0.013910224,0,2,22.3,14.21608501,-23.3178
2021,10,27,20,40,IMG_0362,0.107,0,0.099,0.794,0,0,0,0,0.071604124,0,0.049380213,0.416244817,0,0,0,0,2,22.1,14.05358525,-25.3815
2021,10,27,20,50,IMG_0363,0.104,0,0,0.896,0,0,0,0,0.069777794,0,7.42E-06,0.458732414,0,0,0,0,2,22.1,14.05358525,-25.5117
2021,10,27,22,50,IMG_0375,0.231,0.001,0.04,0.496,0,0,0.232,0,0.158699422,0.000263424,0.012465002,0.281393645,0,0,0.067195598,0,2,21.8,13.81284325,-23.6619
2021,10,27,23,10,IMG_0377,0.019,0.152,0.563,0.258,0,0,0.008,0,0.01331872,0.054851112,0.23868569,0.146503816,4.78E-05,0,0.002637455,0,2,21.8,13.62099821,-22.4552
2021,10,27,23,20,IMG_0378,0,0,0,0.701,0.299,0,0,0,0,0,9.18E-05,0.434800413,0.185003621,0,0,0,2,21.7,13.73339137,-13.7662
2021,10,27,23,30,IMG_0379,0,0,0.001,0.5,0.289,0.003,0.208,0,0,0,0.000403944,0.349759938,0.193844501,0.001522551,0.120476615,0,2,21.9,13.50678366,-10.912
2021,10,27,23,40,IMG_0380,0,0,0,0.317,0.622,0,0,0.061,0,0,0,0.216671702,0.439654327,0,0,0.046080521,2,21.9,13.50678366,-9.7036
2021,10,27,23,50,IMG_0381,0,0,0,0.249,0.749,0,0,0.002,0,0,0,0.167772198,0.507081122,0,0,0.001463815,2,21.9,13.31382961,-11.8465
2021,10,28,0,0,IMG_0382,0,0,0.02,0.192,0.367,0.002,0.419,0,0,0,0.013084638,0.123428042,0.228475,0.001510832,0.228367743,0,2,21.9,13.12087556,-14.0374
2021,10,28,0,10,IMG_0383,0.064,0.003,0.068,0.159,0.012,0,0.694,0,0.051242045,0.00135776,0.039325714,0.098773362,0.006751863,0,0.309210675,0,2,21.8,13.23730812,-21.206
2021,10,28,0,20,IMG_0384,0.185,0,0.026,0.187,0.008,0.005,0.589,0,0.127900376,0,0.015027456,0.113497949,0.004747799,0.002404703,0.197680349,0,2,21.8,13.23730812,-22.6231
2021,10,28,0,40,IMG_0386,0.197,0,0,0.206,0.027,0.003,0.567,0,0.144435509,0,8.31E-05,0.118877381,0.014415858,0.001625631,0.216348685,0,2,21.8,13.04546307,-23.1008
2021,10,28,0,50,IMG_0387,0.018,0.002,0.033,0.204,0.016,0,0.727,0,0.013598287,0.000521011,0.010954943,0.113142233,0.007773438,0,0.255930574,0,2,21.7,13.16116673,-22.4687
2021,10,28,1,0,IMG_0388,0.356,0,0.017,0.188,0.028,0.045,0.368,0,0.257372206,0,0.008803703,0.107580454,0.015101307,0.015661764,0.143050676,0,2,21.8,13.04546307,-22.3818
2021,10,28,1,10,IMG_0389,0,0,0,0.244,0.756,0,0,0,0,0,0,0.15262364,0.463440505,0,0,3.96E-05,2,21.7,13.16116673,-14.7202
2021,10,28,1,20,IMG_0390,0,0,0,0.01,0.735,0,0,0.255,0,0,0,0.006140738,0.485041421,0,0,0.172286336,2,21.8,13.23730812,-8.5392
2021,10,28,1,30,IMG_0391,0.001,0,0,0.171,0.827,0.001,0,0,0.000533827,0,0,0.101124414,0.446446845,0.000469336,8.75E-06,0,2,21.9,13.12087556,-12.6234
2021,10,28,1,50,IMG_0393,0.351,0.001,0.028,0.189,0.025,0.009,0.397,0,0.256455416,0.000234525,0.012993202,0.106430469,0.013634165,0.004997175,0.143332625,0,2,21.7,12.97042518,-25.0139
2021,10,28,2,0,IMG_0394,0,0,0,0.289,0.642,0,0.069,0,0.000144081,0,0,0.17602956,0.324920433,0,0.032223821,0,2,21.6,13.08540388,-18.0003
2021,10,28,2,10,IMG_0395,0.035,0,0.018,0.327,0.23,0,0.391,0,0.026408902,4.71E-05,0.009503944,0.209447972,0.118264573,0,0.151842916,0,2,21.7,12.97042518,-11.9384
2021,10,28,2,20,IMG_0396,0.113,0,0,0.22,0.177,0.034,0.455,0,0.083248843,0,0,0.127744419,0.086521845,0.014362245,0.185337154,0,2,21.8,13.04546307,-21.4226
2021,10,28,2,50,IMG_0399,0,0,0,0.11,0.89,0,0,0,0,0,0,0.065609886,0.552203057,0,0,0,2,21.7,12.97042518,-18.8577
2021,10,28,3,0,IMG_0400,0,0,0,0.183,0.817,0,0,0,0,0,0,0.107610885,0.515043187,0,0,0,2,21.7,12.97042518,-13.852
2021,10,28,3,10,IMG_0401,0.022,0,0,0.204,0.769,0.005,0,0,0.015602051,0,0,0.116092661,0.45294194,0.002199962,6.78E-06,0,2,21.6,12.89576035,-13.9008
2021,10,28,3,20,IMG_0402,0.036,0,0,0.104,0.807,0.053,0,0,0.027011779,0,0,0.05521576,0.489814378,0.017413424,0,0,2,21.6,12.89576035,-16.8123
2021,10,28,3,30,IMG_0403,0,0,0,0.056,0.944,0,0,0,0,0,0,0.034822949,0.58305954,0,0,2.73E-05,2,21.7,13.16116673,-11.9439
2021,10,28,19,30,IMG_0404,0.004,0,0,0.996,0,0,0,0,0.002627502,0,0.00014037,0.530783902,0,0,0,0,2,21.7,11.8259759,-27.4147
2021,10,28,19,40,IMG_0405,0.017,0,0,0.983,0,0,0,0,0.010986576,0,0.000179965,0.52109393,0,0,0,0,2,21.9,11.77019719,-28.4486
2021,10,29,0,0,IMG_0406,0.297,0.013,0.053,0.414,0.001,0,0.222,0,0.220539273,0.004167758,0.014847078,0.219641955,0.00078122,0,0.081457009,0,2,20.6,12.16929382,-24.6627
2021,10,29,1,10,IMG_0413,0.437,0,0,0.563,0,0,0,0,0.324725293,0,0,0.287244411,0,0,0,0,2,20.5,12.45447422,-22.9332
2021,10,29,1,30,IMG_0415,0.424,0,0,0.576,0,0,0,0,0.312716286,0,0,0.307809525,0,0,0,0,2,20.1,12.51478534,-24.1668
2021,10,29,1,40,IMG_0416,0.367,0,0,0.633,0,0,0,0,0.267520681,0,0,0.342228065,0,0,0,0,2,20.2,13.11261446,-23.9629
2021,10,29,1,50,IMG_0417,0,0,0,0.671,0.329,0,0,0.001,6.10E-06,0,0,0.348403125,0.167425233,0,0,0.000444066,2,20.3,13.89281439,-22.9397
2021,10,29,2,0,IMG_0418,0,0,0,0.58,0.419,0,0,0,0,0,0.000168209,0.324838214,0.172119389,0,0,5.10E-05,2,20.3,14.42038962,-20.7508
2021,10,29,2,10,IMG_0419,0.033,0,0,0.589,0.367,0.001,0,0.009,0.024472243,0,0,0.308101164,0.197370643,0.000614303,0,0.005877021,2,20.3,14.77210644,-26.2197
2021,10,29,2,30,IMG_0421,0.063,0,0.008,0.76,0.169,0,0,0,0.046871815,0,0.003759518,0.361406783,0.074758909,0,0,0,2,20.4,14.85851946,-19.5374
2021,10,29,2,40,IMG_0422,0,0,0,0,0.684,0,0,0.315,0,0,0,0.000274084,0.476630311,0,0,0.213554808,2,20.4,14.68163232,-14.9372
2021,10,29,3,0,IMG_0424,0,0,0,0.004,0.929,0,0,0.067,0,0,0,0.00186537,0.685955649,0,0,0.043962695,2,20.7,14.76037618,-4.1571
2021,10,29,19,30,IMG_0428,0,0,0,0.826,0.174,0,0,0,0,0,0,0.541057985,0.106847837,0,0,0,2,21.5,12.44436505,-15.6278
2021,10,29,19,40,IMG_0429,0,0,0,0.453,0.547,0,0,0,0,0,0,0.301287147,0.310568029,0,2.30E-06,0,2,21.4,12.56007981,-15.5317
2021,10,29,19,50,IMG_0430,0,0,0,0.365,0.169,0.001,0.465,0,0,0,8.68E-05,0.241571665,0.087676668,0.000251961,0.236725346,0,2,21.2,12.60080083,-20.5315
2021,10,29,20,0,IMG_0431,0,0,0,0.415,0.585,0,0,0,0,0,0,0.274146191,0.322029567,0.000224038,2.62E-05,0,2,21.2,12.60080083,-18.8719
2021,10,29,20,10,IMG_0432,0,0,0.002,0.417,0.581,0,0,0,0,0,0.001277224,0.276474684,0.350799542,0,0,1.81E-05,2,21.1,12.71221326,-17.1672
2021,10,29,20,20,IMG_0433,0,0,0,0.41,0.59,0,0,0,0,0,0,0.277527396,0.355049549,0,0,0,2,21,12.82185844,-16.9144
2021,10,29,20,30,IMG_0434,0,0,0,0.651,0.349,0,0,0,0,0,0,0.42899831,0.20174556,0,0,0,2,20.8,12.67379643,-15.8769
2021,10,29,20,40,IMG_0435,0,0,0,0.482,0.518,0,0,0,0,0,0.000204327,0.324818412,0.318580995,0,0,0,2,20.8,12.67379643,-15.9035
2021,10,29,20,50,IMG_0436,0,0,0,0.578,0.422,0,0,0,0,0,0,0.383139318,0.254287981,0,0,0,2,20.8,12.67379643,-15.0863
2021,10,29,21,0,IMG_0437,0,0,0,0.66,0.34,0,0,0,0,0,0,0.434588139,0.175865002,0,0,0,2,20.9,12.74764169,-14.9098
2021,10,29,21,10,IMG_0438,0,0,0.018,0.357,0.073,0,0.552,0,0,0,0.010464273,0.247930574,0.036100759,3.57E-05,0.255082835,0,2,20.9,12.74764169,-16.0419
2021,10,29,21,20,IMG_0439,0.004,0,0.007,0.425,0.203,0.004,0.357,0,0.002475075,0,0.003601585,0.290102727,0.095617488,0.001692323,0.147379041,0,2,20.8,12.85485067,-16.8532
2021,10,29,21,30,IMG_0440,0.032,0.009,0.081,0.359,0.19,0.001,0.327,0,0.022363281,0.004411764,0.036627577,0.260752351,0.109064446,0.00090966,0.126154815,0,2,20.7,12.78032571,-18.2905
2021,10,29,21,40,IMG_0441,0.009,0,0,0.198,0.793,0,0,0,0.006390993,0,0,0.135484007,0.553286644,0,0,2.53E-05,2,20.8,13.0359049,-18.0965
2021,10,29,21,50,IMG_0442,0.008,0,0,0.201,0.791,0,0,0,0.005292939,0,0,0.129153087,0.498896913,0.000123377,0,0.000138604,2,20.9,13.11186002,-19.632
2021,10,29,22,0,IMG_0443,0.016,0,0,0.216,0.758,0.01,0,0,0.011178711,0,0,0.149537027,0.458921837,0.004930093,2.47E-05,0,2,20.8,13.0359049,-20.1904
2021,10,29,22,10,IMG_0444,0.029,0,0,0.364,0.425,0.031,0.15,0,0.018242067,0,0,0.245279627,0.246805213,0.014643427,0.069695575,0,2,20.9,13.11186002,-20.1147
2021,10,29,22,20,IMG_0445,0,0,0,0.203,0.796,0,0,0.001,0,0,0,0.142259525,0.521708646,0,0,0.000771973,2,21,13.00502784,-18.4171
2021,10,29,22,30,IMG_0446,0,0,0,0.229,0.771,0,0,0,0,0,0,0.160919351,0.541857001,0,0,7.32E-05,2,20.9,13.11186002,-10.1156
2021,10,29,22,40,IMG_0447,0,0,0,0.232,0.727,0,0,0.041,0,0,0,0.164906318,0.555432249,0,0,0.029244494,2,21.1,13.26491818,-7.6062
2021,10,29,22,50,IMG_0448,0,0,0,0.228,0.772,0,0,0,0,0,0,0.140980484,0.509401104,4.78E-05,0,0,2,21.1,13.26491818,-8.0142
2021,10,29,23,10,IMG_0450,0,0,0,0.115,0.885,0,0,0,0,0,0,0.069066474,0.619078936,0,0,0,2,20.9,13.11186002,-18.6516
2021,10,29,23,20,IMG_0451,0.108,0,0.008,0.307,0.554,0.023,0,0,0.080324226,0,0.004797175,0.173188957,0.358914881,0.010630889,0,5.33E-06,2,20.8,13.21695914,-12.3436
2021,10,29,23,30,IMG_0452,0,0,0,0.073,0.927,0,0,0,0,0,0.000115535,0.045681265,0.606475593,0,0,0,2,20.8,13.21695914,-14.1045
2021,10,29,23,40,IMG_0453,0,0,0,0.263,0.737,0,0,0,7.31E-06,0,0,0.155812417,0.402242586,0,3.77E-06,0,2,21.1,13.44915316,-12.7455
2021,10,29,23,50,IMG_0454,0.001,0,0,0.273,0.587,0.001,0.137,0,0.000669396,0,0,0.155275526,0.27280652,0.000615047,0.052891947,0,2,21.1,13.44915316,-16.3504
2021,10,30,0,0,IMG_0455,0.363,0,0.131,0.468,0.001,0,0.037,0,0.265098392,0,0.043087823,0.238272386,0.000359548,0,0.012783338,0,2,21,13.55453606,-20.8178
2021,10,30,0,10,IMG_0456,0,0,0,0.45,0.55,0,0,0,0,0,0,0.234102299,0.298241511,0,0,0,2,20.8,13.5790676,-16.5294
2021,10,30,0,20,IMG_0457,0,0,0,0.009,0.991,0,0,0,0,0,0,0.005938206,0.647531077,0,0,0,2,20.6,13.60097545,-12.278
2021,10,30,0,30,IMG_0458,0,0,0,0.074,0.925,0,0,0.001,0,0,0,0.050105672,0.596355349,0,0,0.000493111,2,20.7,13.68034865,-10.7256
2021,10,30,0,40,IMG_0459,0,0,0,0.008,0.992,0,0,0,0,0,0,0.005053643,0.627521973,0,0,0,2,20.5,13.69992164,-7.8091
2021,10,30,0,50,IMG_0460,0,0,0,0.004,0.995,0,0,0.001,0,0,0,0.002311313,0.651584976,0,0,0.00052319,2,20.4,13.79719664,-7.075
2021,10,30,1,0,IMG_0461,0,0,0.001,0.131,0.868,0,0,0,0,0,0.000467278,0.065258887,0.440783105,0,0,0.000137072,2,20.7,13.86035324,-12.904
2021,10,30,1,10,IMG_0462,0,0,0,0.029,0.971,0,0,0,0,0,0,0.017624286,0.586463544,0,0,0,2,20.7,14.04035783,-9.1073
2021,10,30,1,20,IMG_0463,0,0,0,0.101,0.898,0,0,0.001,0,0,0,0.054913627,0.532709247,0,0,0.000751495,2,20.6,13.95889586,-8.2649
2021,10,30,1,30,IMG_0464,0,0,0.001,0.247,0.752,0,0,0,0,0,0.000494734,0.114722468,0.380887598,0,0,0,2,20.7,14.04035783,-11.3903
2021,10,30,1,40,IMG_0465,0,0,0.017,0.656,0.327,0,0,0,0,0,0.00492962,0.266965407,0.149340242,0,1.59E-06,0,2,20.7,14.04035783,-13.9567
2021,10,30,1,50,IMG_0466,0,0,0,0.051,0.948,0,0,0,0,0,0.000287545,0.025701803,0.492699316,0,0,0,2,20.7,14.04035783,-11.4612
2021,10,30,2,0,IMG_0467,0,0,0,0.09,0.91,0,0,0,0,0,0,0.053246252,0.471327772,0,0,1.41E-05,2,20.7,14.22036241,-11.3954
2021,10,30,2,10,IMG_0468,0,0,0,0.088,0.912,0,0,0,0,0,0,0.056249497,0.518092653,0,0,0,2,20.8,14.12223031,-11.1007
2021,10,30,2,20,IMG_0469,0,0,0,0.083,0.917,0,0,0,0,0,0,0.043399001,0.529324331,0,0,0.000215347,2,20.7,14.22036241,-9.1292
2021,10,30,2,30,IMG_0470,0,0,0,0.474,0.526,0,0,0,0,0,0,0.260968758,0.249319704,0,0,5.24E-05,2,20.8,14.12223031,-14.9984
2021,10,30,2,40,IMG_0471,0,0,0,0.005,0.995,0,0,0,0,0,0,0.003137312,0.60019511,0,0,0,2,20.8,14.12223031,-11.2362
2021,10,30,2,50,IMG_0472,0,0,0,0.031,0.969,0,0,0,0,0,0,0.018178996,0.637306573,0,0,0.000231603,2,20.8,14.12223031,-8.6229
2021,10,30,3,0,IMG_0473,0,0,0,0.016,0.984,0,0,0,0,0,0,0.009305213,0.595740182,0,0,0,2,20.9,14.02240586,-12.196
2021,10,30,3,10,IMG_0474,0,0,0,0.152,0.844,0,0,0.004,0,0,0,0.100176931,0.561900451,0,0,0.002725361,2,20.9,14.20451502,-8.0412
2021,10,30,3,20,IMG_0475,0,0,0,0.005,0.544,0,0,0.451,0,0,0,0.00327053,0.376429139,0,0,0.297248918,2,21,14.10404428,-7.6067
2021,10,30,3,30,IMG_0476,0,0,0,0.023,0.919,0,0,0.058,0,0,0,0.014016985,0.597291992,0,0,0.03655178,2,21,14.10404428,-6.7911
2021,10,30,20,20,IMG_0482,0,0,0,0.011,0.983,0,0,0.006,0,0,0,0.008532332,0.82345812,0,0,0.005055619,2,21.8,14.0046883,-9.6357
2021,10,30,20,30,IMG_0483,0,0,0,0,0.802,0,0,0.198,0,0,0,3.34E-05,0.698855874,0,0,0.177446004,2,21.7,13.73339137,-6.4379
2021,10,30,20,50,IMG_0485,0,0,0,0,1,0,0,0,0,0,0,1.30E-05,0.798587154,0,0,5.89E-06,2,21.8,13.62099821,-5.3582
2021,10,30,21,0,IMG_0486,0,0,0,0,0.645,0,0,0.355,0,0,0,0.000115535,0.545926217,0,0,0.308590482,2,21.7,13.73339137,-6.2452
2021,10,30,21,10,IMG_0487,0,0,0,0.023,0.967,0,0,0.009,0,0,0,0.019190497,0.783035795,0,0,0.007333353,2,21.7,13.73339137,-8.0484
2021,10,30,21,20,IMG_0488,0,0,0,0.35,0.624,0,0,0.026,0,0,0,0.262252284,0.377098768,0,0,0.02149846,2,21.7,13.73339137,-7.174
2021,10,30,21,30,IMG_0489,0,0,0,0.244,0.756,0,0,0,0,0,0,0.189762267,0.552336854,0,0,0,2,21.6,13.65433449,-9.1396
2021,10,30,21,40,IMG_0490,0.234,0,0.001,0.727,0.036,0,0.003,0,0.158527464,0,0.000247363,0.412561922,0.017798092,0,0.00138433,0,2,21.6,13.27504742,-10.7263
2021,10,30,22,40,IMG_0496,0,0,0,0.311,0.689,0,0,0,0,0,0,0.19562971,0.39263922,0,0,0,2,20.9,13.65818752,-11.48
2021,10,30,22,50,IMG_0497,0,0,0,0.223,0.777,0,0,0,0,0,0,0.154905288,0.493464663,0,0,2.27E-05,2,20.9,13.47607835,-15.6392
2021,10,30,23,0,IMG_0498,0.003,0,0,0.292,0.703,0.002,0,0,0.002237432,0,0,0.195963161,0.395657227,0.000987996,0,1.81E-05,2,21.1,13.44915316,-13.2061
2021,10,30,23,10,IMG_0499,0,0,0,0.056,0.944,0,0,0,0.000277058,0,0,0.022831738,0.609871852,0,1.53E-06,0,2,21.2,13.34202441,-16.3236
2021,10,31,1,10,IMG_0511,0.35,0,0,0.309,0.147,0.092,0.102,0,0.261992984,0,0,0.162879252,0.07689064,0.047434187,0.048053087,0,2,19.9,13.57180867,-17.2859
2021,10,31,1,20,IMG_0512,0.335,0,0,0.234,0.185,0.186,0.059,0,0.251280904,0,0,0.128849955,0.101155551,0.076148603,0.026853733,0,2,20.1,13.55768412,-21.1823
2021,10,31,1,40,IMG_0514,0.311,0,0,0.298,0.06,0.329,0.002,0,0.23716099,0,0,0.153436501,0.0301564,0.135225593,0.000810592,0,2,20.2,13.46228418,-19.1764
2021,10,31,1,50,IMG_0515,0.474,0,0,0.385,0,0.141,0,0,0.354720463,0,0,0.191684014,7.31E-06,0.043311861,4.90E-05,0,2,20,13.47864954,-17.8558
2021,10,31,2,0,IMG_0516,0.503,0,0,0.42,0,0.077,0,0,0.379084976,0,0.000100751,0.204658601,0,0.017086306,6.79E-05,0,2,20.2,13.46228418,-18.5361
2021,10,31,3,0,IMG_0522,0.164,0,0,0.639,0.001,0.196,0,0,0.124040114,0,0,0.282427441,0.000261035,0.064931152,0,0,2,20,13.82425594,-22.2274
2021,10,31,3,10,IMG_0523,0.552,0.001,0.069,0.267,0.024,0.086,0,0,0.41492974,0.000810269,0.038474031,0.142034435,0.012998265,0.034530454,0.0001452,0,2,20,13.82425594,-22.1477
2021,10,31,19,30,IMG_0526,0,0,0.205,0.314,0.288,0,0.193,0,0,0,0.128395583,0.212946417,0.182332377,0,0.096972686,0,2,22.7,15.96014665,-13.4492
2021,10,31,19,40,IMG_0527,0,0,0.095,0.348,0.472,0,0.085,0,2.66E-05,0,0.04599206,0.227539799,0.247911569,0.000252607,0.043377757,0,2,22.7,16.16217383,-15.2232
2021,10,31,19,50,IMG_0528,0,0,0.012,0.307,0.681,0,0,0,0,0,0.006101112,0.205842435,0.444624249,0,0.000308819,0,2,22.6,15.86898831,-18.413
2021,10,31,20,0,IMG_0529,0.042,0,0.171,0.436,0.08,0,0.272,0,0.026062733,0,0.091152727,0.26507992,0.043916444,0,0.145783669,0,2,22.6,16.06986158,-11.6997
2021,10,31,20,10,IMG_0530,0,0,0.001,0.551,0.448,0,0,0,1.54E-05,0,0.000655724,0.362405581,0.322409826,0,6.27E-05,0.0001247,2,22.6,16.06986158,-15.1186
2021,10,31,20,20,IMG_0531,0,0.006,0.175,0.278,0.035,0,0.505,0,0,0.003027021,0.118953531,0.196770478,0.021319907,0,0.227030364,0,2,22.6,16.06986158,-17.296
2021,10,31,20,30,IMG_0532,0.007,0,0.003,0.373,0.565,0,0.053,0,0.00427938,0,0.001656566,0.245688987,0.317980183,0,0.020287432,0,2,22.5,15.97800477,-16.7557
2021,10,31,20,40,IMG_0533,0,0,0.001,0.287,0.712,0,0,0,0,0,0.000896875,0.198118021,0.442915933,0,0,0,2,22.5,15.97800477,-13.5346
2021,10,31,20,50,IMG_0534,0,0,0.055,0.825,0.12,0,0,0,0,0,0.030962072,0.597130258,0.056958872,0,4.83E-05,0,2,22.5,15.77827971,-10.1898
2021,10,31,21,0,IMG_0535,0.033,0,0.1,0.397,0.418,0,0.053,0,0.023932557,0,0.049824805,0.248213492,0.267583812,0,0.030266106,0,2,22.5,15.77827971,-12.3101
2021,10,31,21,20,IMG_0537,0,0.011,0.539,0.32,0.093,0,0.037,0,0,0.004710329,0.237918525,0.187564754,0.042947536,0,0.01839994,0,2,22.5,15.57855465,-23.7477
2021,10,31,21,30,IMG_0538,0.256,0.208,0.06,0.238,0,0,0.238,0,0.165336065,0.110456468,0.031384953,0.134987335,0,0,0.080955086,0,2,22.5,15.57855465,-23.327
2021,10,31,21,40,IMG_0539,0,0.363,0.111,0.261,0,0,0.264,0,3.80E-06,0.193486193,0.056588514,0.157542037,0.000236846,0,0.136240602,0,2,22.4,15.48943649,-19.0726
2021,10,31,21,50,IMG_0540,0,0,0.432,0.385,0.183,0,0.001,0,0,0,0.26730613,0.246286441,0.114828403,0,0.000379635,0,2,22.5,15.57855465,-12.301
2021,10,31,22,0,IMG_0541,0.005,0.002,0.158,0.276,0.216,0,0.344,0,0.003337192,0.000423528,0.075186801,0.163951322,0.110659525,0,0.151978486,0,2,22.5,15.37882959,-14.2019
2021,10,31,22,10,IMG_0542,0,0,0,0.244,0.756,0,0,0,0,0,0.000131626,0.144264709,0.42066739,0,1.88E-05,0,2,22.5,15.17910453,-12.3026
2021,10,31,22,20,IMG_0543,0,0,0,0.253,0.747,0,0,0,0,0,2.70E-05,0.152235427,0.382729808,0,2.51E-05,0,2,22.5,15.17910453,-12.0171
2021,10,31,22,30,IMG_0544,0,0,0,0.282,0.718,0,0,0,8.58E-05,0,0,0.166220365,0.362213897,0,0,0,2,22.5,15.17910453,-12.6843
2021,10,31,22,40,IMG_0545,0,0,0.001,0.263,0.736,0,0,0,0,0,0.000677201,0.151205491,0.382198933,0,0,0,2,22.6,15.06549523,-13.0666
2021,10,31,22,50,IMG_0546,0,0,0.008,0.144,0.756,0,0.092,0,0,0,0.004572611,0.080767465,0.365906566,0,0.043321229,0,2,22.6,14.86462196,-15.8879
2021,10,31,23,0,IMG_0547,0,0,0.003,0.187,0.088,0.002,0.72,0,0,0,0.001585156,0.100971852,0.041938251,0.000955236,0.293781167,0,2,22.5,14.97937947,-16.8801
2021,10,31,23,10,IMG_0548,0,0,0.001,0.197,0.802,0,0,0,0,0,0.000352502,0.10904553,0.376122115,0,6.13E-06,0,2,22.5,14.77965441,-14.663
2021,10,31,23,20,IMG_0549,0,0,0,0.322,0.678,0,0,0,0,0,3.79E-05,0.177951074,0.317020583,0,7.04E-06,0,2,22.5,14.97937947,-12.7842
2021,10,31,23,30,IMG_0550,0,0,0,0.159,0.841,0,0,0,0,0,0.000124992,0.08847494,0.42451434,0,0,0,2,22.4,14.89368893,-12.2808
2021,10,31,23,40,IMG_0551,0,0,0,0.191,0.809,0,0,0,0,0,0,0.106168284,0.427989198,0,0,0,2,22.4,14.89368893,-10.9147
2021,10,31,23,50,IMG_0552,0,0,0,0.157,0.843,0,0,0,0,0,0,0.089303035,0.425331558,0,1.14E-05,0,2,22.4,14.89368893,-10.9334
2021,11,1,0,0,IMG_0553,0,0,0,0.105,0.895,0,0,0,0,0,0,0.055356483,0.513697506,0,0,0,2,22.4,14.89368893,-12.0729
2021,11,1,0,10,IMG_0554,0,0,0,0.148,0.852,0,0,0,0,0,1.46E-05,0.084151142,0.443190903,0,0,0,2,22.3,14.80842188,-11.9838
2021,11,1,0,20,IMG_0555,0,0,0,0.035,0.965,0,0,0,0,0,0,0.018722724,0.54477476,0,0,0,2,22.2,14.91989094,-11.5318
2021,11,1,0,30,IMG_0556,0,0,0,0.103,0.897,0,0,0,0,0,4.89E-06,0.058005191,0.43734357,0,0,0,2,22.2,14.91989094,-13.3658
2021,11,1,0,40,IMG_0557,0,0,0,0.039,0.961,0,0,0,0,0,0,0.020228718,0.518709698,0,0,0,2,22.2,14.91989094,-12.8646
2021,11,1,0,50,IMG_0558,0,0,0,0.507,0.493,0,0,0,0,0,0,0.269257843,0.261823685,0,0,0,2,22.1,14.83433999,-12.7057
2021,11,1,1,0,IMG_0559,0,0,0,0.725,0.275,0,0,0,7.92E-05,0,0,0.405528613,0.116424279,0,2.77E-06,0,2,22.2,14.72357658,-10.8619
2021,11,1,1,10,IMG_0560,0.001,0,0.053,0.202,0.035,0,0.709,0,0.000381761,0,0.032795913,0.108752036,0.020389799,0,0.320940828,0,2,22.1,14.63915131,-16.8592
2021,11,1,1,20,IMG_0561,0.01,0,0,0.182,0.694,0.007,0.107,0,0.008338191,0,0,0.094248888,0.357755559,0.003540017,0.045820463,0,2,22,14.55514433,-16.1654
2021,11,1,1,30,IMG_0562,0.082,0,0,0.259,0.044,0.362,0.253,0,0.057786043,0,4.86E-06,0.120699647,0.017302246,0.165171274,0.108228253,0,2,22,14.55514433,-14.1783
2021,11,1,1,40,IMG_0563,0.006,0,0.057,0.329,0.508,0,0.101,0,0.004101119,0,0.016000015,0.147062124,0.178429605,0,0.034782888,0,2,22,14.55514433,-15.3475
2021,11,1,1,50,IMG_0564,0.006,0.001,0.044,0.271,0.016,0.005,0.657,0,0.004281648,0.000205446,0.015010637,0.119853298,0.006437417,0.002515204,0.205277148,0,2,22,14.74921292,-18.0062
2021,11,1,2,10,IMG_0566,0.397,0,0.047,0.375,0.012,0,0.169,0,0.317485945,2.95E-05,0.014306122,0.162430829,0.004319591,0,0.044805747,0,2,21.9,14.85746203,-22.599
2021,11,1,2,20,IMG_0567,0,0,0,0.97,0.03,0,0,0,0,0,0,0.459628756,0.013371334,0,0,0,2,21.9,14.85746203,-14.0082
2021,11,1,2,30,IMG_0568,0,0,0,0.41,0.59,0,0,0,0,0,0,0.201328628,0.249237838,0,0,0,2,22,14.74921292,-11.9655
2021,11,1,2,40,IMG_0569,0,0,0,0.253,0.747,0,0,0,0,0,0,0.121184721,0.37945027,0,0,0,2,22,14.74921292,-11.2351
2021,11,1,2,50,IMG_0570,0,0,0,0.161,0.839,0,0,0,0,0,0,0.07230024,0.420439115,0,0,0,2,22,14.74921292,-10.8528
2021,11,1,3,0,IMG_0571,0,0,0,0.238,0.762,0,0,0,0,0,0,0.105497739,0.365197461,0,0,0,2,22,14.55514433,-10.3645
2021,11,1,3,10,IMG_0572,0,0,0,0.455,0.545,0,0,0,0,0,0,0.218997987,0.275889513,0,0,0,2,22,14.55514433,-8.7424
2021,11,1,3,20,IMG_0573,0,0,0,0.325,0.675,0,0,0,0,0,9.16E-06,0.154397243,0.345286163,0,0,0,2,22,14.55514433,-9.1052
2021,11,1,3,30,IMG_0574,0,0,0,0.96,0.04,0,0,0,0,0,0,0.477969336,0.018388747,0,0,4.27E-05,2,22,14.55514433,-9.5746
2021,11,2,2,50,IMG_0599,0.236,0,0.001,0.278,0.002,0.056,0.427,0,0.165638018,0,0.000432722,0.140955116,0.000980566,0.021653613,0.126300992,0,2,21,13.37136666,-12.5889
2021,11,2,3,0,IMG_0600,0.134,0,0.043,0.327,0.001,0.002,0.492,0,0.094354169,0,0.018308323,0.173637523,0.000491286,0.00107681,0.161511861,0,2,21,13.55453606,-12.2246
2021,11,2,3,10,IMG_0601,0,0,0,0.004,0.996,0,0,0,0,0,0,0.001208053,0.505977592,0,0,0,2,21.1,13.63338813,-11.1647
2021,11,2,3,20,IMG_0602,0,0,0,0.106,0.868,0,0,0.026,0,0,0,0.062890685,0.548128238,0,0,0.016059931,2,21.1,13.63338813,-8.0531
2021,11,2,3,30,IMG_0603,0,0,0,0.106,0.894,0,0,0,0,0,0,0.064535404,0.54708101,0,0,0,2,21.1,13.63338813,-7.431
2021,11,2,19,30,IMG_0604,0,0,0,0.115,0.508,0,0,0.377,0,0,0,0.101825623,0.391640122,0,0,0.326849812,2,22,14.74921292,-11.3776
2021,11,2,19,40,IMG_0605,0,0,0,0.357,0.185,0,0,0.458,0,0,0,0.290407242,0.137867353,0,0,0.389189971,2,22,14.74921292,-9.9323
2021,11,2,19,50,IMG_0606,0,0,0,0.162,0.288,0,0,0.55,0,0,0,0.144575706,0.247451337,0,0,0.455514528,2,22,14.94328151,-10.0838
2021,11,2,20,0,IMG_0607,0,0,0,0.144,0.52,0,0,0.335,0,0,0,0.120680679,0.42552681,0,0,0.286256543,2,22.1,14.63915131,-9.9147
2021,11,2,20,10,IMG_0608,0,0,0,0.187,0.034,0,0,0.779,0,0,0,0.155572236,0.026650962,0,0,0.626932918,2,22.1,14.63915131,-9.756
2021,11,2,20,20,IMG_0609,0,0,0,0.128,0.003,0,0,0.869,0,0,0,0.114567075,0.002639844,0,0,0.703742368,2,22.1,14.63915131,-9.6142
2021,11,2,20,30,IMG_0610,0,0,0,0.551,0.321,0,0,0.128,0,0,0,0.437932722,0.234226082,0,0,0.110987019,2,22.1,14.63915131,-9.571
2021,11,2,20,40,IMG_0611,0,0,0,0.617,0.381,0,0,0.001,0,0,0,0.480382024,0.242919141,0,0,0.001031122,2,22.1,14.63915131,-9.621
2021,11,2,20,50,IMG_0612,0,0,0,0.428,0.572,0,0,0,0,0,0,0.338117195,0.310168592,2.51E-05,0,0,2,22.1,14.63915131,-10.9104
2021,11,2,21,0,IMG_0613,0,0,0.003,0.548,0.449,0,0,0,0,0,0.001512305,0.411060284,0.227798655,0,5.78E-06,0,2,22.5,14.38020429,-14.9831
2021,11,2,21,10,IMG_0614,0,0,0,0.566,0.434,0,0,0,0,0,0,0.414749482,0.233664423,0,0,0,2,22.4,14.29794138,-14.2898
2021,11,2,21,20,IMG_0615,0,0,0,0.509,0.491,0,0,0,0,0,0,0.382853185,0.279573347,0,0,0,2,22.3,14.21608501,-12.6035
2021,11,2,21,30,IMG_0616,0,0,0,0.496,0.504,0,0,0,0,0,0,0.378529733,0.3021221,0,0,0.00010649,2,22.3,14.01863938,-11.2294
2021,11,2,21,40,IMG_0617,0,0,0,0.991,0.009,0,0,0,0,0,0,0.662669449,0.004227118,0,0,1.89E-05,2,22.3,14.01863938,-10.7739
2021,11,2,21,50,IMG_0618,0,0,0,0.537,0.461,0,0,0.002,0,0,0,0.409800533,0.295033992,0,0,0.001575548,2,22.3,14.21608501,-11.1027
2021,11,2,22,0,IMG_0619,0,0,0,0.902,0.097,0,0,0.001,0,0,0,0.640557775,0.063008782,0,0,0.000822018,2,22.2,14.33094788,-9.8589
2021,11,2,22,10,IMG_0620,0,0,0,0.45,0.55,0,0,0,0,0,0,0.332450038,0.332347874,0,0,0,2,22.1,14.44396262,-10.7961
2021,11,2,22,20,IMG_0621,0,0,0,0.584,0.415,0,0,0,0,0,0,0.414229177,0.242368525,0,0,0.000369772,2,22,14.55514433,-11.2227
2021,11,2,22,30,IMG_0622,0,0,0,0.939,0.034,0,0,0.027,0,0,0,0.662468833,0.020681032,0,0,0.01817331,2,22,14.74921292,-11.7562
2021,11,2,22,40,IMG_0623,0,0,0,0.839,0.043,0,0,0.118,0,0,0,0.628483489,0.025667743,0,0,0.087937643,2,22,14.74921292,-9.8356
2021,11,2,22,50,IMG_0624,0,0,0,0.728,0,0,0,0.272,0,0,0,0.537088371,0.000279537,0,0,0.193030822,2,22,14.74921292,-9.7321
2021,11,2,23,0,IMG_0625,0,0,0,0.944,0.048,0,0,0.008,0,0,0,0.611204575,0.033932467,0,0,0.005864799,2,22,14.94328151,-9.8962
2021,11,2,23,10,IMG_0626,0,0,0.008,0.723,0.268,0,0,0,0,0,0.003965287,0.413419441,0.094588401,0,0,0,2,22.1,15.02952867,-11.9738
2021,11,2,23,20,IMG_0627,0.074,0,0.021,0.482,0.118,0.056,0.25,0,0.054853733,0,0.00601854,0.28372349,0.04647648,0.014010915,0.074213123,0,2,21.9,14.85746203,-16.7941
2021,11,2,23,30,IMG_0628,0,0,0.003,0.43,0.567,0,0,0,0,0,0.001177855,0.249433917,0.268108151,0,0,0,2,21.9,14.85746203,-15.3971
2021,11,2,23,40,IMG_0629,0,0,0,0.601,0.399,0,0,0,0,0,0,0.367231453,0.241375616,0,0,0,2,21.9,14.66450798,-11.4112
2021,11,3,0,0,IMG_0631,0,0,0,0.974,0.026,0,0,0,0,0,0,0.618818525,0.017525804,0,0,0,2,22.2,14.33094788,-9.7917
2021,11,3,0,10,IMG_0632,0,0,0,0.704,0.296,0,0,0,0,0,0,0.428503313,0.178212673,0,0,0.000129793,2,22.2,14.33094788,-9.3222
2021,11,3,0,20,IMG_0633,0,0,0,0.678,0.32,0,0,0.002,0,0,0,0.427755611,0.212293434,0,0,0.001262725,2,22.2,14.33094788,-9.6066
2021,11,3,0,30,IMG_0634,0,0,0,0.531,0.469,0,0,0,0,0,0,0.316250766,0.269075992,0,0,0,2,22.2,14.33094788,-9.26
2021,11,3,0,40,IMG_0635,0,0,0,0.415,0.585,0,0,0,0,0,0,0.243979364,0.334531017,0,0,0,2,22.2,14.52726223,-9.3571
2021,11,3,0,50,IMG_0636,0,0,0,0.78,0.22,0,0,0,0,0,0,0.452673453,0.121884337,0,0,1.28E-05,2,22.1,14.44396262,-9.0572
2021,11,3,1,0,IMG_0637,0,0,0,0.92,0.08,0,0,0,0,0,0,0.471333721,0.033215557,0,0,0,2,22.1,14.63915131,-10.0349
2021,11,3,1,10,IMG_0638,0,0,0,0.964,0.036,0,0,0,0,0,0,0.498959833,0.017692871,0,0,0,2,21.9,14.47155392,-11.2344
2021,11,3,1,20,IMG_0639,0,0,0.007,0.876,0.117,0,0,0,0,0,0.003957009,0.450853185,0.057165993,0,0,0,2,21.9,14.66450798,-10.1405
2021,11,3,1,30,IMG_0640,0,0,0,0.537,0.463,0,0,0,0,0,0,0.299983564,0.212792142,0,0,0,2,21.9,14.66450798,-11.7833
2021,11,3,1,40,IMG_0641,0,0,0,0.953,0.047,0,0,0,0,0,0,0.49563104,0.019272656,0,0,2.01E-05,2,21.9,14.66450798,-12.5637
2021,11,3,1,50,IMG_0642,0,0,0,0.998,0.002,0,0,0,0,0,0,0.531170959,0.000607444,0,0,4.02E-05,2,21.9,14.66450798,-11.3551
2021,11,3,2,0,IMG_0643,0,0,0,0.536,0.464,0,0,0,0,0,0,0.288223956,0.210972619,0,0,0,2,21.9,14.66450798,-13.5968
2021,11,3,2,10,IMG_0644,0,0,0,0.944,0.056,0,0,0,0,0,0,0.454099174,0.022560712,0,0,0,2,21.9,14.47155392,-16.2081
2021,11,3,2,20,IMG_0645,0,0,0.02,0.449,0.528,0,0.002,0,6.30E-06,0,0.006192375,0.242493427,0.185768292,0,0.00049671,0,2,21.9,14.66450798,-15.3243
2021,11,3,2,30,IMG_0646,0,0,0.168,0.458,0.223,0,0.151,0,1.19E-05,1.56E-06,0.054575203,0.246125714,0.079656566,0,0.039926119,0,2,21.9,14.47155392,-15.6078
2021,11,3,2,40,IMG_0647,0,0,0.021,0.769,0.21,0,0,0,0,0,0.008021837,0.378908489,0.074755491,0,4.57E-06,9.95E-06,2,22.1,14.63915131,-13.9649
2021,11,3,2,50,IMG_0648,0.03,0,0.014,0.386,0.218,0,0.352,0,0.023918855,0,0.003697063,0.221635352,0.094278313,0,0.111279515,0,2,22.1,14.44396262,-13.7644
2021,11,3,3,0,IMG_0649,0.01,0,0,0.311,0.42,0,0.259,0,0.006960194,0,5.70E-05,0.182762094,0.185930491,0,0.091097874,0,2,22.1,14.44396262,-16.4931
2021,11,3,3,10,IMG_0650,0,0,0.018,0.37,0.609,0,0.002,0,0.000311321,0,0.005991113,0.196389724,0.28658907,0,0.000733556,0,2,22.3,14.41353063,-19.4227
2021,11,3,3,20,IMG_0651,0.106,0,0.107,0.291,0.251,0,0.245,0,0.087515467,0,0.053145358,0.161590017,0.116714273,0,0.068754244,0,2,22.2,14.52726223,-18.4137
2021,11,3,3,30,IMG_0652,0.073,0,0.009,0.549,0.369,0,0,0,0.053153726,0,0.003652434,0.269370756,0.145049166,0,7.07E-06,0,2,22.1,14.63915131,-16.7272
2021,11,3,19,40,IMG_0654,0,0,0,0.96,0.038,0,0,0.002,0,0,0,0.760251728,0.027059059,0,0,0.001655326,2,21.8,14.77206848,-8.4061
2021,11,3,19,50,IMG_0655,0,0,0,0.36,0.64,0,0,0.001,0,0,0,0.274952659,0.428316955,0,0,0.00048463,2,21.8,14.77206848,-8.4815
2021,11,3,20,0,IMG_0656,0,0,0.001,0.946,0.053,0,0,0,0,0,0.000842556,0.705062951,0.040769614,0,0,0,2,21.7,14.87784065,-8.8195
2021,11,3,20,10,IMG_0657,0,0,0.016,0.839,0.144,0,0,0,0,0,0.01100764,0.611377584,0.097452486,0,0,0,2,21.8,14.96391352,-8.5043
2021,11,3,20,20,IMG_0658,0,0,0.008,0.438,0.554,0,0,0,0,0,0.005630566,0.303188131,0.364890708,0,0,0,2,21.8,14.96391352,-8.4363
2021,11,3,20,30,IMG_0659,0,0,0,0.26,0.74,0,0,0,0,0,0,0.168863477,0.440473791,0,0,0,2,21.8,14.96391352,-12.3146
2021,11,3,20,40,IMG_0660,0,0,0,0.214,0.785,0,0,0,2.15E-06,0,0,0.140408654,0.513329237,7.47E-05,8.38E-05,0,2,21.8,14.96391352,-9.3483
2021,11,3,20,50,IMG_0661,0,0,0,0.225,0.773,0,0.001,0,8.43E-05,0,0.000145936,0.148682099,0.486867608,4.77E-05,0.000416812,0,2,22,14.94328151,-9.9746
2021,11,3,21,0,IMG_0662,0,0,0,0.241,0.759,0,0,0,0,0,1.91E-05,0.152061388,0.464431475,0,4.99E-05,0,2,22.1,14.83433999,-10.804
2021,11,3,21,10,IMG_0663,0.001,0,0.002,0.232,0.604,0,0.16,0,0.000249136,0,0.001085945,0.148355161,0.377002381,0.000150038,0.092189123,0,2,22.2,14.91989094,-10.1093
2021,11,3,21,20,IMG_0664,0.043,0,0.002,0.229,0.412,0.11,0.203,0,0.023969441,0,0.001991864,0.139186493,0.227574324,0.053127802,0.097090843,0,2,22.1,14.83433999,-9.2836
2021,11,3,21,30,IMG_0665,0.058,0,0.013,0.175,0.005,0,0.749,0,0.033856791,0,0.008172401,0.104982647,0.003020065,9.25E-06,0.308705604,0,2,22.1,14.83433999,-12.2546
2021,11,3,22,40,IMG_0672,0.557,0,0.002,0.305,0.002,0.126,0.008,0,0.393478328,0,0.001257985,0.159770192,0.001309946,0.039001194,0.003845681,0,2,21.9,14.85746203,-17.6
2021,11,3,22,50,IMG_0673,0.152,0,0,0.335,0.054,0.031,0.428,0,0.099923993,0,0,0.175485539,0.022186411,0.012213777,0.178886486,0,2,21.9,14.85746203,-14.7612
2021,11,3,23,0,IMG_0674,0.014,0,0.013,0.191,0.496,0.029,0.258,0,0.009099204,0,0.00635287,0.097450391,0.221332482,0.010858669,0.095997799,0,2,22,14.74921292,-10.5157
2021,11,3,23,10,IMG_0675,0.002,0,0,0.25,0.7,0.006,0.042,0,0.001559878,0,0,0.142919787,0.333451991,0.001792931,0.012208474,0,2,22,14.74921292,-11.4594
2021,11,3,23,20,IMG_0676,0,0,0.012,0.24,0.572,0,0.175,0,3.11E-05,0,0.006811013,0.140463184,0.256931971,0.000203651,0.075102133,0,2,22,14.74921292,-12.865
2021,11,3,23,30,IMG_0677,0.004,0,0.015,0.076,0.878,0,0.026,0,0.003121259,0,0.009424962,0.045595485,0.424866023,9.26E-05,0.009290602,0,2,22,14.74921292,-12.1927
2021,11,3,23,40,IMG_0678,0,0,0,0.003,0.997,0,0,0,0,0,3.11E-05,0.001968592,0.571079432,0,0,0,2,22.1,14.83433999,-13.5686
2021,11,3,23,50,IMG_0679,0,0,0,0,1,0,0,0,0,0,0,0,0.674405251,0,0,0,2,22.2,14.72357658,-10.6879
2021,11,4,0,0,IMG_0680,0,0,0,0.009,0.991,0,0,0,0,0,0,0.005607797,0.662137568,0,0,0,2,22.2,14.72357658,-8.7169
2021,11,4,0,10,IMG_0681,0,0,0,0.062,0.938,0,0,0,0,0,0,0.038955627,0.601141677,0,0,1.53E-05,2,22.2,14.72357658,-8.2914
2021,11,4,0,20,IMG_0682,0,0,0,0.029,0.888,0,0,0.083,0,0,0,0.018974564,0.623170928,0,0,0.053961749,2,22.2,14.72357658,-7.7854
2021,11,4,0,30,IMG_0683,0,0,0,0.015,0.816,0,0,0.169,0,0,0,0.009369929,0.603492,0,0,0.120616046,2,22.3,14.80842188,-5.6899
2021,11,4,0,40,IMG_0684,0,0,0,0.071,0.915,0,0,0.014,0,0,0,0.045126112,0.627308902,0,0,0.010456145,2,22.4,14.89368893,-5.1117
2021,11,4,1,0,IMG_0686,0,0,0,0.052,0.029,0,0,0.92,0,0,0,0.035304102,0.020142112,0,0,0.741376112,2,22.3,14.80842188,-4.6765
2021,11,4,1,20,IMG_0688,0,0,0,0.43,0.219,0,0,0.351,0,0,0,0.305930874,0.15572198,0,0,0.281228876,2,22.3,14.80842188,-4.9362
2021,11,4,1,30,IMG_0689,0,0,0,0,0.999,0,0,0.001,0,0,0,8.60E-05,0.730358308,0,0,0.000765903,2,22.3,14.80842188,-5.2971
2021,11,4,3,10,IMG_0699,0,0,0,0.001,0.008,0,0,0.991,0,0,0,0.000481949,0.00529689,0,0,0.73595459,2,22.3,15.00586751,-6.8663
2021,11,5,1,30,IMG_0716,0.724,0,0,0.276,0,0,0,0,0.55424553,0,0,0.1391048,0,0,0,0,2,21.7,16.59451457,-18.432
2021,11,5,1,40,IMG_0717,0.727,0,0,0.273,0,0,0,0,0.561214941,0,0,0.137692248,0,0,0,0,2,21.7,16.59451457,-19.0256
2021,11,5,2,0,IMG_0719,0.716,0,0,0.284,0,0,0,0,0.556111306,0,0,0.140866737,0,0,0,0,2,21.5,16.59248674,-18.7819
2021,11,5,2,20,IMG_0721,0.645,0,0,0.355,0,0,0,0,0.504902081,0,0,0.170476112,0,0,0,0,2,21.5,16.59248674,-18.2917
2021,11,5,2,40,IMG_0723,0.714,0,0,0.286,0,0,0,0,0.552744358,0,0,0.143493352,0,0,0,0,2,21.4,16.87174899,-18.78
2021,11,5,3,0,IMG_0725,0.685,0,0.003,0.29,0,0,0.023,0,0.538169779,0,0.001295102,0.148350924,0,0,0.010147236,0,2,21.3,16.77439694,-16.9541
2021,11,5,3,10,IMG_0726,0.631,0,0,0.369,0,0,0,0,0.491725023,0,0,0.191131107,0,0,0,0,2,21.2,17.4187541,-16.9052
2021,11,5,3,20,IMG_0727,0.607,0,0,0.393,0,0,0,0,0.471240865,0,0,0.206140204,0,0,0,0,2,21,17.76743241,-16.4638
2021,11,5,3,30,IMG_0728,0.616,0,0,0.384,0,0,0,0,0.473355664,0,0,0.205218675,0,0,0,0,2,21.2,17.78936588,-17.8046
2021,11,5,19,30,IMG_0729,0,0,0,0.257,0.742,0,0,0,0,0,0,0.222421109,0.588344441,0,0,0.000379079,2,23.7,18.39406614,-8.1225
2021,11,5,19,40,IMG_0730,0.007,0,0,0.869,0.047,0.076,0,0,0.004541857,0,0,0.537233398,0.027901172,0.042378981,6.51E-06,0,2,23.8,18.49882128,-13.5432
2021,11,5,20,0,IMG_0732,0,0,0,0.663,0.18,0.145,0,0.012,0,0,0,0.442933872,0.107655957,0.078410044,0,0.009282031,2,23.2,18.91734413,-13.313
2021,11,5,20,10,IMG_0733,0,0,0,0.972,0.023,0.004,0,0,2.16E-05,0,0.000106227,0.555137455,0.017127344,0.003250083,0,0,2,23.3,19.02550253,-14.6472
2021,11,5,20,20,IMG_0734,0.001,0,0,0.471,0.311,0.212,0.006,0,0.000465805,0,5.56E-05,0.310614716,0.170189273,0.102124136,0.003558459,0,2,23.4,19.134194,-13.8232
2021,11,5,20,30,IMG_0735,0.049,0,0,0.631,0.043,0.277,0,0,0.030759097,0,0,0.40058261,0.025267165,0.117505476,2.57E-05,0,2,23.5,18.60902222,-11.629
2021,11,5,20,40,IMG_0736,0.145,0,0.055,0.624,0.139,0.008,0.029,0,0.096578936,0.00025921,0.037555206,0.350220823,0.099673828,0.006264085,0.022020853,0,2,23.6,18.71516776,-17.5066
2021,11,5,20,50,IMG_0737,0,0,0,0.319,0.616,0.065,0,0,0,0,0,0.220916023,0.437353117,0.04845444,0,0,2,23.7,18.82183512,-19.4994
2021,11,5,21,0,IMG_0738,0.043,0,0.041,0.488,0.347,0.05,0.031,0,0.029449474,0,0.016550744,0.269776998,0.188119253,0.034273663,0.016093247,0,2,23.8,18.71392385,-12.3183
2021,11,5,21,10,IMG_0739,0.032,0,0,0.954,0.015,0,0,0,0.021079935,0,0,0.482575623,0.010241827,0,0,0,2,23.7,18.82183512,-13.7726
2021,11,5,21,20,IMG_0740,0,0,0.097,0.888,0.015,0,0,0,0,0,0.04625607,0.517912658,0.005442293,0,0,0,2,23.7,19.03571961,-10.5832
2021,11,5,21,30,IMG_0741,0,0,0.001,0.455,0.544,0,0,0,0,0,0.000324196,0.304681693,0.33018904,0,0,0,2,23.5,19.03195455,-8.3574
2021,11,5,21,40,IMG_0742,0,0,0,0.304,0.696,0,0,0,0,0,0,0.228657294,0.459730011,0,0,0,2,23.6,19.14051249,-7.9589
2021,11,5,21,50,IMG_0743,0,0,0,0.186,0.81,0,0,0.005,0,0,0,0.152647468,0.601881776,0,0,0.004093134,2,23.5,19.24342071,-4.1712
2021,11,5,22,0,IMG_0744,0,0,0,0.304,0.696,0,0,0,0,0,0,0.236368217,0.47276875,0,0,0,2,23.6,19.99120193,-7.365
2021,11,5,22,10,IMG_0745,0,0,0,0.206,0.794,0,0,0,0,0,0,0.171709059,0.596808894,0,0,0.000112297,2,23.5,20.08928536,-9.8417
2021,11,5,22,20,IMG_0746,0,0,0,0.078,0.92,0,0,0.002,0,0,0,0.067548903,0.667210126,0,0,0.001549422,2,23.3,20.48900272,-7.8133
2021,11,5,22,30,IMG_0747,0,0,0,0.789,0.022,0,0,0.189,0,0,0,0.603663777,0.015604349,0,0,0.136117495,2,23.3,20.69807418,-4.947
2021,11,5,22,40,IMG_0748,0,0,0,0.322,0.668,0,0,0.01,0,0,0,0.259087688,0.484569193,0,0,0.007913544,2,23.2,20.37252445,-5.7145
2021,11,5,22,50,IMG_0749,0,0,0,0.37,0.31,0,0,0.32,0,0,0,0.290039709,0.225052997,0,0,0.245343081,2,23.3,20.27993127,-4.8289
2021,11,5,23,0,IMG_0750,0,0,0,0.125,0.874,0,0,0,0,0,0,0.09420785,0.561641511,0,0,0.000101961,2,23.3,20.27993127,-9.7902
2021,11,5,23,10,IMG_0751,0.028,0,0.009,0.246,0.681,0.011,0.025,0,0.021119854,0,0.006141534,0.156629342,0.351783151,0.005206828,0.009139063,0,2,23.3,20.27993127,-14.6355
2021,11,5,23,20,IMG_0752,0.396,0,0.033,0.283,0.18,0.045,0.064,0,0.310815925,0,0.010371387,0.153872724,0.1001561,0.023057302,0.031440129,0,2,23.2,20.37252445,-18.3362
2021,11,5,23,30,IMG_0753,0.424,0,0,0.235,0.182,0.142,0.016,0,0.33197687,0,0.000175075,0.152299827,0.10267675,0.063719569,0.007433008,0,2,23.1,20.46331811,-14.9851
2021,11,5,23,40,IMG_0754,0,0,0,0.303,0.697,0,0,0,0,0,0,0.203992623,0.402363431,0,0,0,2,23,20.55232738,-10.7445
2021,11,5,23,50,IMG_0755,0,0,0.014,0.266,0.72,0,0,0,0,0,0.005446447,0.175565024,0.382737673,0,7.74E-06,0,2,22.7,20.20271728,-13.7178
2021,11,6,0,0,IMG_0756,0,0,0,0.046,0.954,0,0,0,0,0,0,0.029840159,0.600836276,0,0,0.000327434,2,22.7,20.20271728,-7.3995
2021,11,6,0,10,IMG_0757,0,0,0.234,0.24,0.511,0,0.015,0,0,0,0.087673039,0.12930006,0.246577614,0,0.005100511,0,2,22.6,20.08732697,-12.2073
2021,11,6,0,20,IMG_0758,0.334,0.002,0.225,0.257,0.099,0,0.084,0,0.270766932,0.000647416,0.103036125,0.135591211,0.048546206,3.54E-06,0.036503553,0,2,22.5,19.97250596,-18.4365
2021,11,6,0,30,IMG_0759,0.435,0,0,0.317,0.013,0.232,0.003,0,0.342959886,0,0.000130266,0.154385134,0.005613627,0.084845545,0.001045553,0,2,23,17.88052482,-17.8758
2021,11,6,0,40,IMG_0760,0.566,0.025,0.091,0.201,0.005,0.001,0.111,0,0.448174782,0.009092871,0.037547311,0.112968187,0.002477141,0.000385855,0.051591692,0,2,23.2,17.87792962,-18.0566
2021,11,6,0,50,IMG_0761,0.093,0,0.011,0.237,0.467,0.098,0.093,0,0.07554991,0,0.006042668,0.139334345,0.223926931,0.028733857,0.033763048,0,2,23.2,17.67004672,-17.8954
2021,11,6,1,0,IMG_0762,0.069,0,0,0.263,0.62,0.046,0.002,0,0.054954102,0,0,0.155648099,0.318478358,0.017675871,0.000817218,1.54E-05,2,23.2,17.67004672,-13.1473
2021,11,6,1,10,IMG_0763,0.361,0.007,0.094,0.251,0.048,0.19,0.05,0,0.270023978,0.003740633,0.054066151,0.143336043,0.022836659,0.06298436,0.021507001,0,2,23.5,17.34022525,-15.6155
2021,11,6,1,20,IMG_0764,0.066,0,0,0.394,0.278,0.065,0.196,0,0.046347566,0,0,0.213505814,0.123712027,0.032201345,0.073492383,0,2,23.4,17.24180118,-12.9455
2021,11,6,1,30,IMG_0765,0.007,0,0.001,0.172,0.336,0.001,0.482,0,0.005346199,0,0.000235171,0.104505649,0.155928869,0.000567939,0.180872867,0,2,23.2,17.46216382,-13.1372
2021,11,6,1,40,IMG_0766,0.051,0,0,0.328,0.398,0.217,0.007,0,0.041658744,0,0,0.18265498,0.183741399,0.08342672,0.001545651,0,2,23.1,17.56951555,-13.709
2021,11,6,1,50,IMG_0767,0.193,0,0.066,0.338,0.068,0.006,0.329,0,0.154314078,6.81E-05,0.026448993,0.18417038,0.025409187,0.001634465,0.111416121,0,2,23.1,17.56951555,-15.5529
2021,11,6,2,0,IMG_0768,0.005,0.014,0.103,0.41,0.298,0.036,0.133,0,0.003377344,0.004767631,0.033245252,0.216261786,0.127200436,0.017632414,0.034220756,0,2,22.8,17.67725093,-12.7469
2021,11,6,2,10,IMG_0769,0.1,0.006,0.093,0.377,0.02,0.003,0.4,0,0.075580401,0.001047972,0.0286638,0.205477614,0.010967961,0.00187494,0.108896913,0,2,22.6,18.07859428,-13.5195
2021,11,6,2,20,IMG_0770,0.048,0,0.065,0.306,0.179,0.002,0.4,0,0.036240017,0,0.030898588,0.162304041,0.093424129,0.001200511,0.096263259,0,2,22.6,18.07859428,-14.0813
2021,11,6,2,30,IMG_0771,0.132,0,0.022,0.305,0.098,0.009,0.434,0,0.104339235,0.000201825,0.013687102,0.181976277,0.04794825,0.003936561,0.146056866,0,2,22.5,18.17498042,-13.631
2021,11,6,2,40,IMG_0772,0.53,0,0.04,0.337,0.061,0.024,0.008,0,0.397211276,3.42E-05,0.020479357,0.194848407,0.034089363,0.010256791,0.003355664,1.07E-05,2,22.4,18.46817428,-14.0928
2021,11,6,2,50,IMG_0773,0.261,0.001,0.089,0.395,0.119,0.083,0.052,0,0.197134029,0.000833481,0.043331746,0.234946499,0.052642495,0.028242571,0.015165941,0,2,22.1,18.54292499,-14.3706
2021,11,6,3,0,IMG_0774,0.002,0,0,0.443,0.554,0,0,0,0.00158415,0,0,0.26517192,0.287058353,0,0,0.000235877,2,21.9,18.52358902,-14.3064
2021,11,6,3,10,IMG_0775,0,0,0,0.144,0.818,0,0,0.039,0,0,0,0.082686591,0.487467097,0,0,0.03152965,2,22,18.63058474,-9.3821
2021,11,6,3,20,IMG_0776,0,0,0,0.289,0.086,0,0,0.625,0,0,0,0.155709195,0.053804943,0,0,0.486787447,2,22,18.82465333,-10.459
2021,11,6,3,30,IMG_0777,0,0,0,0.134,0.001,0,0,0.864,0,0,0,0.068745696,0.000618667,0,0,0.648975623,2,22.6,19.48470716,-8.0487
2021,11,6,19,30,IMG_0778,0,0,0,0.045,0.36,0,0,0.595,0,0,0,0.044012154,0.339655476,0,0,0.567827404,2,22.8,20.31867922,-5.7611
2021,11,6,19,50,IMG_0780,0,0,0,0.134,0,0,0,0.866,0,0,0,0.126020335,0.000172363,0,0,0.821475038,2,22.9,20.43521514,-3.4675
2021,11,6,20,0,IMG_0781,0.001,0,0,0.338,0.553,0.086,0,0.022,0.000378696,0,0,0.176188251,0.403337928,0.044978613,0,0.020296176,2,23,20.55232738,-8.8191
2021,11,6,20,10,IMG_0782,0,0,0,0.539,0.455,0.006,0,0,9.55E-06,0,0,0.296077021,0.305301067,0.003498565,0,5.99E-05,2,22.9,20.43521514,-20.3971
2021,11,6,20,30,IMG_0784,0,0,0,0,0.992,0,0,0.008,0,0,0,7.25E-06,0.796661569,0,0,0.007858308,2,22.7,20.20271728,-5.9
2021,11,6,20,40,IMG_0785,0,0,0,0.544,0.416,0,0,0.04,0,0,0,0.339148813,0.304377802,0,0,0.037341331,2,22.8,19.50593206,-14.1095
2021,11,6,21,20,IMG_0789,0,0,0,0.002,0.994,0,0,0.003,0,0,0,0.002128343,0.815550443,0,0,0.002914017,2,23,17.263955,-5.8301
2021,11,6,21,30,IMG_0790,0,0,0,0,0.998,0,0,0.002,0,0,0,0.000168149,0.788169869,0,0,0.00132017,2,23.1,17.15611518,-10.5605
2021,11,6,21,40,IMG_0791,0.013,0,0,0.551,0.418,0.016,0,0.001,0.00947198,0,0.000138634,0.322898257,0.268104229,0.005741774,0,0.000654785,2,23.1,17.15611518,-14.8461
2021,11,6,21,50,IMG_0792,0.103,0,0,0.453,0.19,0.25,0,0.004,0.071102502,0,0,0.265147769,0.128431077,0.162910359,0,0.003617728,2,23,17.05843172,-17.689
2021,11,6,22,0,IMG_0793,0,0,0,0.075,0.924,0,0,0.001,0,0,0,0.056819764,0.641263845,0,0,0.000539949,2,23.1,17.36281537,-13.7976
2021,11,6,22,10,IMG_0794,0.005,0,0.003,0.335,0.657,0,0,0,0.003445868,0,0.002049812,0.167132444,0.449105747,0,0,0,2,22.9,17.36993287,-15.8286
2021,11,6,23,10,IMG_0800,0,0,0,0.278,0.719,0,0,0.003,0,0,0,0.172971402,0.419434593,0,0,0.002535938,2,23.2,15.38333479,-5.0169
2021,11,6,23,20,IMG_0801,0,0,0,0.369,0.631,0,0,0,2.46E-05,0,0,0.185853839,0.369626082,0,0,0.000110562,2,23.1,15.50251372,-14.0007
2021,11,6,23,30,IMG_0802,0,0,0,0.127,0.873,0,0,0,0,0,0,0.089269156,0.536058992,0,0,0,2,23,15.82529208,-8.0703
2021,11,6,23,40,IMG_0803,0,0,0,0.121,0.879,0,0,0,0,0,4.89E-06,0.078180086,0.5101612,0,0,0,2,23,16.23633863,-7.4669
2021,11,6,23,50,IMG_0804,0,0,0.01,0.076,0.915,0,0,0,0,0,0.006442188,0.047454041,0.482956731,0,2.18E-05,0,2,23.1,16.32931445,-14.8364
2021,11,7,1,20,IMG_0813,0.038,0,0,0.72,0.241,0,0,0,0.031925992,0,0,0.336615264,0.081349835,0,0,0,2,22,16.10769305,-21.2809
2021,11,7,1,30,IMG_0814,0,0,0,0.089,0.911,0,0,0,0,0,0,0.04612032,0.506588604,0,0,0,2,21.9,16.2081404,-18.2347
2021,11,7,1,40,IMG_0815,0,0,0,0.079,0.921,0,0,0,0,0,0,0.034923197,0.51262482,0,0,0,2,21.7,16.02228993,-18.9207
2021,11,7,1,50,IMG_0816,0.412,0,0.019,0.495,0.019,0.013,0.042,0,0.31768907,0,0.005003418,0.266180183,0.008379229,0.006518487,0.011349309,0,2,21.7,16.21303148,-21.1036
2021,11,7,2,40,IMG_0821,0.078,0,0.107,0.323,0.456,0,0.036,0,0.060198024,0,0.034845575,0.167210239,0.203639761,2.13E-05,0.008608977,0,2,21.4,16.12189348,-20.9433
2021,11,7,2,50,IMG_0822,0,0,0,0.265,0.735,0,0,0,0,0,0,0.153709202,0.335924241,0,0,0,2,21.5,16.02683378,-13.3408
2021,11,7,3,0,IMG_0823,0.187,0,0,0.262,0.119,0.431,0,0,0.13788744,0,0,0.135152246,0.059089363,0.19704689,6.98E-06,0,2,21.5,16.02683378,-21.6412
2021,11,7,3,10,IMG_0824,0.054,0,0,0.462,0.113,0.37,0.001,0,0.042408797,0,0,0.2335997,0.048309675,0.142399602,0.000229364,0,2,21.4,16.12189348,-22.154
2021,11,7,19,30,IMG_0827,0.119,0.225,0.098,0.365,0,0.148,0.045,0,0.073501457,0.097666917,0.045170741,0.199752013,0,0.051572544,0.01567358,0,2,23.7,17.75241267,-16.2753
2021,11,7,19,40,IMG_0828,0.001,0.003,0.234,0.324,0.009,0.381,0.049,0,0.00037189,0.001169373,0.102939791,0.196446635,0.004572228,0.180918442,0.022203613,0,2,24,17.40453578,-15.0853
2021,11,7,19,50,IMG_0829,0,0.011,0.435,0.554,0,0,0,0,0,0.004648791,0.195454432,0.314094907,3.24E-06,0,4.53E-05,0,2,24.2,17.38275931,-13.9483
2021,11,7,20,0,IMG_0830,0.067,0,0.005,0.401,0.004,0.012,0.511,0,0.045405033,0,0.002603786,0.233850864,0.001803854,0.005073851,0.226434232,0,2,24.4,17.35792191,-14.0341
2021,11,7,20,10,IMG_0831,0,0,0.005,0.358,0.636,0.001,0,0,0,0,0.002804425,0.216946582,0.340321867,0.000515678,0.00019988,0,2,24.4,17.13538445,-12.7589
2021,11,7,20,20,IMG_0832,0,0,0.001,0.262,0.737,0,0,0,0,0,0.000755889,0.162666587,0.454226765,0,7.99E-05,8.34E-05,2,24.4,17.13538445,-10.8969
2021,11,7,20,30,IMG_0833,0,0,0,0.425,0.575,0,0,0,0,0,0,0.275568765,0.385340189,0,0,0,2,24.4,17.35792191,-10.3891
2021,11,7,20,40,IMG_0834,0,0,0,0.319,0.681,0,0,0,0,0,0,0.216260134,0.448349887,0,0,0,2,23.9,17.52245735,-9.8359
2021,11,7,20,50,IMG_0835,0,0,0,0.504,0.494,0.001,0,0,0,0,0,0.363863356,0.347142691,0.00088288,0,0.000159961,2,23.5,17.76315758,-10.6131
2021,11,7,21,0,IMG_0836,0,0,0,0.775,0.224,0,0,0.002,0,0,0,0.538498685,0.156292894,0,0,0.001284262,2,23.3,17.98014525,-10.1564
2021,11,7,21,10,IMG_0837,0,0,0,0.415,0.585,0,0,0,0,0,0,0.276924519,0.413224392,0,0,0,2,23.1,17.98291592,-9.7203
2021,11,7,21,20,IMG_0838,0,0,0,0.348,0.652,0,0,0,0,0,0,0.236715835,0.428333601,0,0,0.000134037,2,23.1,18.1896161,-9.5581
2021,11,7,21,30,IMG_0839,0,0,0,0.335,0.665,0,0,0,0,0,0,0.22044088,0.410394366,0,0,0,2,23.2,18.50157833,-10.1223
2021,11,7,21,40,IMG_0840,0,0,0,0.392,0.608,0,0,0,0,0,0,0.241232414,0.318721988,0.000156836,0,0,2,23.1,18.60301646,-10.748
2021,11,7,21,50,IMG_0841,0.031,0,0,0.396,0.097,0.279,0.197,0,0.023032234,0,0,0.230490167,0.051642541,0.121994193,0.086493682,0,2,23.1,18.80971665,-13.1935
2021,11,7,22,0,IMG_0842,0,0,0.047,0.349,0.583,0.021,0,0,0,0,0.023737245,0.218548205,0.348162207,0.01272029,0,0,2,23,19.11366446,-13.7606
2021,11,7,22,10,IMG_0843,0,0,0,0.359,0.641,0,0,0,0,0,0,0.233589363,0.32676226,0,0,0,2,23,19.93575756,-13.5585
2021,11,7,22,20,IMG_0844,0,0,0,0.167,0.833,0,0,0.001,0,0,0,0.133424069,0.575665032,0,0,0.000501127,2,23,20.3468041,-13.1362
2021,11,7,22,30,IMG_0845,0.001,0,0,0.344,0.394,0.26,0,0,0.000854102,0,0,0.219986185,0.257194479,0.168471905,0,0.000102697,2,22.8,20.31867922,-10.6297
2021,11,7,22,40,IMG_0846,0.068,0,0,0.479,0.287,0.166,0,0,0.04798934,0,0,0.251737665,0.144828313,0.07651389,0,0,2,22.8,20.31867922,-12.8594
2021,11,7,22,50,IMG_0847,0,0,0,0.243,0.757,0,0,0,0,0,0,0.166156941,0.450086403,0,0,3.89E-05,2,22.8,20.31867922,-13.4149
2021,11,7,23,0,IMG_0848,0,0,0,0.023,0.964,0,0,0.013,0,0,0,0.017782602,0.655443855,0,0,0.011394614,2,22.8,20.31867922,-10.3999
2021,11,7,23,10,IMG_0849,0,0,0,0.026,0.956,0,0,0.017,0,0,0,0.016302734,0.639257692,0,0,0.011226608,2,22.9,20.43521514,-9.1403
2021,11,7,23,20,IMG_0850,0,0,0,0.009,0.991,0,0,0.001,0,0,0,0.005525931,0.680745162,0,0,0.000447837,2,22.9,20.43521514,-8.8573
2021,11,7,23,30,IMG_0851,0,0,0,0.012,0.988,0,0,0,0,0,0,0.006745643,0.651730536,0,0,0,2,22.9,20.43521514,-11.2171
2021,11,7,23,40,IMG_0852,0,0,0,0,1,0,0,0,0,0,0,6.51E-06,0.679617503,0,0,0.000243157,2,22.8,20.31867922,-11.0558
2021,11,7,23,50,IMG_0853,0,0,0,0,1,0,0,0,0,0,0,0,0.700458143,0,0,0,2,22.8,20.31867922,-9.3242
2021,11,8,0,10,IMG_0855,0,0,0,0,1,0,0,0,0,0,0,6.78E-06,0.710130859,0,0,0,2,22.9,20.43521514,-7.3865
2021,11,8,0,20,IMG_0856,0,0,0,0,0.947,0,0,0.053,0,0,0,9.34E-05,0.70906721,0,0,0.033034352,2,22.9,20.43521514,-5.5723
2021,11,8,1,0,IMG_0860,0,0,0,0,0.994,0,0,0.006,0,0,0,2.62E-05,0.734306122,0,0,0.003487906,2,23.1,20.67001829,-7.772
2021,11,8,1,10,IMG_0861,0,0,0,0,0.995,0,0,0.004,0,0,0,0.000192015,0.68193928,0,0,0.003024572,2,23,20.55232738,-8.5284
2021,11,8,1,20,IMG_0862,0,0,0,0.052,0.934,0,0,0.014,0,0,0,0.033042631,0.565664919,0,0,0.011810044,2,23,20.55232738,-6.8884
2021,11,8,1,30,IMG_0863,0,0,0,0.095,0.895,0,0,0.01,0,0,0,0.057215279,0.523493269,0,0,0.007459788,2,23,20.55232738,-8.7169
2021,11,8,1,40,IMG_0864,0,0,0,0.01,0.98,0,0,0.011,0,0,0,0.005408654,0.636181656,0,0,0.005242593,2,23,20.55232738,-8.3829
2021,11,8,1,50,IMG_0865,0,0,0,0.135,0.862,0,0,0.003,0,0,0,0.058559728,0.536127802,1.05E-05,0,0.00143288,2,23,20.55232738,-9.9725
2021,11,8,2,0,IMG_0866,0,0,0,0.038,0.952,0,0,0.01,0,0,0,0.029910419,0.608911756,0,0,0.008170778,2,23,20.55232738,-9.0803
2021,11,8,2,20,IMG_0868,0,0,0,0.001,0.909,0,0,0.089,0,0,0,0.000492969,0.659411208,0,0,0.054043442,2,22.8,20.31867922,-4.9706
2021,11,8,2,30,IMG_0869,0,0,0,0,0.797,0,0,0.203,0,0,0,1.28E-05,0.591261456,0,0,0.158616789,2,22.9,20.43521514,-5.4261
2021,11,8,3,0,IMG_0872,0,0,0,0,0.877,0,0,0.123,0,0,0,6.16E-06,0.65223611,0,0,0.086240753,2,23.1,20.67001829,-7.606
2021,11,8,3,10,IMG_0873,0,0,0,0,0.998,0,0,0.002,0,0,0,5.72E-05,0.693875203,0,0,0.000863619,2,23,20.55232738,-5.8898
2021,11,9,1,10,IMG_0910,0,0,0,0,0.263,0,0,0.737,0,0,0,2.96E-05,0.209059998,0,0,0.626288326,2,15.8,9.287773221,-4.9764
2021,11,9,19,30,IMG_0925,0.028,0,0,0.128,0.842,0.002,0,0,0.018257091,0,0,0.100375804,0.668913792,0.000800368,0.000218998,0,2,15.8,8.345535358,-15.3843
2021,11,9,19,40,IMG_0926,0,0,0,0.04,0.96,0,0,0,0,0,0,0.032509518,0.828703718,0,3.76E-05,8.65E-05,2,15.9,8.396143953,-16.6852
2021,11,9,19,50,IMG_0927,0,0,0,0.126,0.874,0,0,0,0,0,0,0.101973595,0.762182993,0,0,0.000230018,2,15.9,8.53156563,-12.9939
2021,11,9,20,0,IMG_0928,0,0,0,0.112,0.887,0,0,0,0,0,0.000287432,0.087628621,0.720563522,0,1.17E-05,0,2,15.8,8.480140767,-14.6571
2021,11,9,20,10,IMG_0929,0,0,0,0.073,0.927,0,0,0,0,0,0,0.058291091,0.765166324,0,0,0.000104492,2,15.8,8.345535358,-11.9943
2021,11,9,20,20,IMG_0930,0,0,0,0.029,0.971,0,0,0,0,0,0,0.02365299,0.837879432,0,0.000383406,0,2,15.9,8.396143953,-9.9978
2021,11,9,20,30,IMG_0931,0,0,0,0.007,0.993,0,0,0,0,0,0,0.005790828,0.830611599,0,0,0,2,16.1,8.498159849,-13.1178
2021,11,9,20,40,IMG_0932,0,0,0,0.096,0.904,0,0,0,0,0,0,0.074679665,0.707250481,5.61E-05,8.26E-05,0,2,16.1,8.361092755,-16.9025
2021,11,9,21,10,IMG_0935,0.005,0,0.033,0.138,0.035,0,0.788,0,0.003006663,7.53E-05,0.023864303,0.096368397,0.026458158,0.000108706,0.472700436,0,2,15.9,8.260722277,-24.6825
2021,11,9,21,20,IMG_0936,0.015,0.01,0.059,0.127,0.595,0,0.194,0,0.01091078,0.007541151,0.046735599,0.089451209,0.421349392,0.000218818,0.120438086,0,2,16,8.310776164,-23.2944
2021,11,9,21,30,IMG_0937,0,0,0.016,0.051,0.841,0,0.092,0,8.82E-05,0,0.011550954,0.036367188,0.552097739,5.50E-05,0.050148588,0,2,16.1,8.361092755,-19.1096
2021,11,9,21,40,IMG_0938,0,0,0,0.118,0.882,0,0,0,0,0,0,0.081341061,0.657274459,0,0,0,2,16,8.174533931,-17.2585
2021,11,9,21,50,IMG_0939,0.006,0,0.016,0.149,0.649,0,0.181,0,0.003672844,0,0.012425849,0.104635802,0.444612733,5.15E-05,0.113174519,0,2,16.1,8.22402566,-12.0277
2021,11,9,22,0,IMG_0940,0.001,0,0.008,0.068,0.43,0.002,0.491,0,0.000234285,0,0.005684157,0.046117991,0.288281633,0.001230026,0.294184105,0,2,16.1,8.361092755,-15.1806
2021,11,9,22,10,IMG_0941,0,0,0,0.122,0.84,0,0.037,0,8.31E-06,0,0,0.081349722,0.550160727,8.59E-05,0.022519238,2.73E-05,2,16.1,8.361092755,-12.1793
2021,11,9,22,20,IMG_0942,0.004,0,0.004,0.049,0.938,0.004,0.001,0,0.002890625,0,0.002699437,0.033213702,0.581382625,0.001815437,0.000344524,5.39E-05,2,16,8.447018396,-13.9181
2021,11,9,22,30,IMG_0943,0,0,0,0.081,0.919,0,0,0,0,0,6.10E-05,0.051851578,0.547788522,0,5.79E-05,6.45E-05,2,16.1,8.361092755,-15.7684
2021,11,9,22,40,IMG_0944,0,0,0,0.008,0.992,0,0,0,0,0,0,0.004944058,0.650116714,0,0,0,2,16,8.310776164,-16.107
2021,11,9,22,50,IMG_0945,0,0,0,0.073,0.926,0,0,0.001,0,0,0,0.048690467,0.684855296,0,0,0.000875901,2,16.1,8.498159849,-12.4532
2021,11,9,23,0,IMG_0946,0,0,0,0.068,0.929,0,0,0.003,0,0,0,0.044881633,0.710935201,0,0,0.002284127,2,16,8.583260628,-8.1667
2021,11,9,23,10,IMG_0947,0,0,0,0.01,0.99,0,0,0,0,0,0,0.006232737,0.73862645,0,0,4.60E-06,2,15.9,8.53156563,-9.4802
2021,11,9,23,20,IMG_0948,0,0,0,0.115,0.881,0,0,0.003,0,0,0,0.07693433,0.643068878,0,0,0.002437515,2,15.9,8.53156563,-8.8252
2021,11,9,23,30,IMG_0949,0,0,0,0.011,0.989,0,0,0,0,0,0,0.007589378,0.740963484,0,0,1.59E-05,2,15.9,8.666987307,-8.7605
2021,11,9,23,40,IMG_0950,0,0,0,0.016,0.984,0,0,0,0,0,0,0.010592946,0.744544328,0,0,6.00E-05,2,15.9,8.666987307,-6.4413
2021,11,9,23,50,IMG_0951,0,0,0,0.056,0.944,0,0,0,0,0,0,0.037253516,0.684214919,0,0,0,2,15.9,8.666987307,-7.22
2021,11,10,0,0,IMG_0952,0,0,0,0.52,0.355,0,0,0.125,0,0,0,0.374401277,0.258124061,0,0,0.100182024,2,15.9,8.802408983,-8.2228
2021,11,10,0,20,IMG_0954,0,0,0,0.137,0.818,0,0,0.045,0,0,0,0.094634976,0.630333624,0,0,0.037864055,2,16,8.855745092,-7.258
2021,11,10,0,40,IMG_0956,0,0,0,0.009,0.991,0,0,0.001,0,0,0,0.00579819,0.750387004,0,0,0.000504304,2,16,8.991987325,-6.9017
2021,11,10,0,50,IMG_0957,0,0,0,0.133,0.575,0,0,0.291,0,0,0,0.083561283,0.427499354,0,0,0.224002254,2,15.9,8.93783066,-7.3095
2021,11,10,1,0,IMG_0958,0,0,0,0.283,0.163,0,0,0.554,0,0,0,0.185519126,0.117664851,0,0,0.425071762,2,15.9,8.93783066,-8.1391
2021,11,10,1,40,IMG_0962,0,0,0,0.047,0.895,0,0,0.058,0,0,0,0.027592443,0.619780446,0,0,0.035154627,2,15.8,9.018562403,-8.8434
2021,11,10,2,40,IMG_0968,0,0,0,0.194,0.804,0,0,0.002,0,0,0,0.108013702,0.520963454,0,0,0.000976946,2,15.7,9.097951913,-9.9479
2021,11,10,2,50,IMG_0969,0,0,0,0.366,0.634,0,0,0,0,0,0,0.197622634,0.362626052,0,0,0,2,15.7,9.097951913,-12.5036
2021,11,10,3,0,IMG_0970,0,0,0,0.796,0.195,0,0,0.009,0,0,0,0.489862868,0.130725398,0,0,0.006829222,2,15.7,9.231745323,-12.0482
2021,11,10,3,10,IMG_0971,0,0,0,0.309,0.69,0,0,0,0,0,0,0.172725541,0.416918127,0,0,0.000314829,2,15.6,9.043025048,-12.4515
2021,11,10,3,20,IMG_0972,0,0,0,0.157,0.843,0,0,0,0,0,0,0.085336689,0.512530401,0,0,0,2,15.7,8.964158502,-10.0101
2021,11,11,22,50,IMG_1015,0.288,0,0.017,0.224,0.006,0.087,0.379,0,0.20733771,1.29E-05,0.009448648,0.119927945,0.002811291,0.025924542,0.151998813,0,2,18.5,9.808753299,-23.486
2021,11,11,23,20,IMG_1018,0.006,0,0.001,0.196,0.016,0,0.782,0,0.004618742,0,0.000225593,0.102875158,0.007524099,8.77E-05,0.307871357,0,2,18.4,9.90811579,-31.2577
2021,11,12,0,20,IMG_1024,0.451,0,0,0.23,0.108,0.122,0.088,0,0.357895455,0,0.00023152,0.116957572,0.047716496,0.057734315,0.038837372,0,2,18.1,10.04238296,-28.3563
2021,11,12,0,30,IMG_1025,0.148,0,0,0.256,0.277,0.09,0.229,0,0.118959953,0,0,0.128019449,0.121052479,0.044429267,0.09217044,0,2,18.3,10.00591594,-29.9521
2021,11,12,0,40,IMG_1026,0.219,0,0,0.238,0.037,0.448,0.058,0,0.15316265,0,0,0.119808136,0.016633466,0.183505611,0.025328906,0,2,18.2,9.946748799,-24.0862
2021,11,12,0,50,IMG_1027,0.131,0,0,0.354,0.242,0.272,0,0,0.091755341,0,0,0.156038161,0.115101044,0.122665062,3.10E-05,2.68E-05,2,18.3,10.00591594,-23.655
2021,11,12,1,10,IMG_1029,0.172,0,0,0.177,0.406,0.029,0.217,0,0.128164386,0,0,0.094416151,0.17821582,0.011005168,0.088069944,0,2,18.5,10.1251647,-26.6892
2021,11,12,1,20,IMG_1030,0,0,0,0.144,0.83,0.022,0.003,0,0,0,0,0.076400886,0.42571573,0.013256295,0.00138934,0,2,18.4,10.06538747,-14.6477
2021,11,12,1,40,IMG_1032,0.2,0,0.002,0.179,0.044,0.02,0.554,0,0.154837154,0,0.000616872,0.092499737,0.020694997,0.00707989,0.199525977,0,2,18.6,10.18524892,-22.9679
2021,11,12,1,50,IMG_1033,0.192,0,0,0.288,0.063,0.146,0.311,0,0.141480101,0,0,0.143525939,0.030772438,0.062897138,0.121081115,0,2,18.7,10.08555331,-26.3686
2021,11,12,2,0,IMG_1034,0.1,0,0,0.172,0.155,0.375,0.199,0,0.07173454,0,0,0.094603779,0.075035059,0.204948002,0.097648355,0,2,18.5,10.1251647,-24.0949
2021,11,12,2,10,IMG_1035,0.017,0,0.001,0.225,0.401,0.047,0.31,0,0.011834142,0,0.000285074,0.122283804,0.203132745,0.030611508,0.145140933,0,2,18.5,10.1251647,-16.6084
2021,11,12,2,20,IMG_1036,0,0,0,0.217,0.783,0,0,0,0.000200789,0,0,0.117556092,0.43688107,5.62E-05,0,0,2,18.5,10.1251647,-13.7181
2021,11,12,2,30,IMG_1037,0,0,0,0.357,0.642,0,0,0,0.000369794,0,0,0.192664558,0.333387477,0,0,0,2,18.5,10.1251647,-14.3411
2021,11,12,2,40,IMG_1038,0,0,0,0.304,0.696,0,0,0,0,0,0,0.162617571,0.389407317,0,2.09E-05,0,2,18.6,10.02610441,-17.7564
2021,11,12,2,50,IMG_1039,0,0,0,0.174,0.826,0,0,0,0,0,0,0.098114926,0.507549519,0,0,2.22E-05,2,18.7,10.08555331,-12.0509
2021,11,12,3,0,IMG_1040,0,0,0,0.202,0.798,0,0,0,0,0,0,0.118050233,0.512268983,0,0,4.92E-06,2,18.7,10.08555331,-11.8289
2021,11,12,3,10,IMG_1041,0,0,0,0.239,0.761,0,0,0,0,0,0,0.137906265,0.478162357,0,0,0.000162823,2,18.8,9.984270388,-12.4118
2021,11,12,3,20,IMG_1042,0,0,0,0.269,0.685,0,0,0.046,0,0,0,0.156635119,0.478356986,0,0,0.027621695,2,18.9,9.881386888,-10.2409
2021,11,12,3,30,IMG_1043,0,0,0,0.179,0.82,0,0,0.001,0,0,0,0.107398806,0.55904194,0,0,0.000825023,2,19,9.939837637,-9.7243
2021,11,12,20,20,IMG_1044,0,0,0,0.06,0.94,0,0,0,0,0,0,0.043527111,0.808643127,0,0,0,2,19.1,10.65423235,-9.6978
2021,11,12,20,30,IMG_1045,0,0,0,0.133,0.864,0,0,0.004,0,0,0,0.099156708,0.752133383,0,0,0.003217533,2,19.3,10.61454514,-10.3162
2021,11,12,20,40,IMG_1046,0,0,0,0.225,0.774,0,0,0.001,0,0,0.00011863,0.173847776,0.676759135,0,0,0.000832805,2,19.2,10.55227498,-10.667
2021,11,12,20,50,IMG_1047,0,0,0,0.138,0.862,0,0,0,0,0,0,0.100760449,0.69744058,0,0,0,2,19.2,10.55227498,-9.1287
2021,11,12,21,0,IMG_1048,0,0,0,0.537,0.463,0,0,0,0,0,0,0.43533415,0.390449632,0,0,0.000227539,2,19.1,10.65423235,-7.9425
2021,11,12,21,10,IMG_1049,0,0,0,0.977,0.022,0,0,0.001,0,0,0,0.854019757,0.019378974,0,0,0.000627178,2,19.2,10.71715427,-7.7332
2021,11,12,21,20,IMG_1050,0,0,0,0.933,0.066,0,0,0.001,0,0,1.19E-05,0.810996034,0.053456851,0,0,0.000963717,2,19.1,10.65423235,-8.7202
2021,11,12,21,30,IMG_1051,0,0,0,0.241,0.758,0,0,0.001,0,0,0,0.183509615,0.632508601,0,0,0.000792383,2,19.2,10.71715427,-8.6592
2021,11,12,21,40,IMG_1052,0,0,0,0.959,0.041,0,0,0,0,0,0,0.828029319,0.03573777,0,0,4.56E-05,2,19.1,10.98205488,-8.4417
2021,11,12,21,50,IMG_1053,0,0,0,0.999,0,0,0,0.001,0,0,0,0.87683759,0.000115392,0,0,0.000999189,2,19,10.91752658,-7.2575
2021,11,12,22,0,IMG_1054,0,0,0,1,0,0,0,0,0,0,0,0.864808872,3.38E-05,0,0,0.000158105,2,19,11.08047474,-7.0371
2021,11,13,3,20,IMG_1086,0,0,0,0.877,0.116,0,0,0.007,0,0,0,0.520483624,0.06849701,0,0,0.004682347,2,16.5,14.04099868,-8.7351
2021,11,13,3,30,IMG_1087,0,0,0,0.374,0.001,0,0,0.626,0,0,0,0.227650473,0.00033928,0,0,0.418084052,2,16.4,13.95677092,-7.0083
2021,11,15,1,0,IMG_1156,0.393,0.028,0.092,0.26,0,0,0.226,0,0.289890828,0.008638882,0.027802749,0.123821026,0.000199234,0,0.081597468,0,2,18.1,11.74186315,-26.3541
2021,11,15,1,10,IMG_1157,0.002,0.031,0.273,0.319,0,0,0.375,0,0.001372341,0.008713972,0.095057272,0.145524572,0.000146146,0,0.124064769,0,2,18.2,11.8117642,-26.5981
2021,11,15,2,50,IMG_1167,0.063,0.544,0.023,0.044,0.01,0,0.316,0,0.054433797,0.166862012,0.00637838,0.023483015,0.005448836,0,0.164686501,0,2,18.3,11.5693403,-25.1441
2021,11,15,3,0,IMG_1168,0.001,0.002,0.019,0.084,0.002,0,0.892,0,0.000576127,0.001075751,0.010234082,0.046296252,0.001180627,0.000104815,0.392456137,0,2,18.2,11.65634625,-24.1155
2021,11,15,3,10,IMG_1169,0.009,0,0.019,0.064,0.005,0,0.903,0,0.007267127,0,0.009845696,0.034462725,0.002575684,0,0.360753944,0,2,18.4,11.63810426,-17.8161
2021,11,15,3,20,IMG_1170,0,0,0.004,0.069,0.019,0,0.907,0,0,0,0.002355183,0.037409766,0.010105844,6.00E-05,0.446055071,0,2,18.4,11.63810426,-16.64
2021,11,15,3,30,IMG_1171,0.003,0,0.014,0.102,0.064,0,0.817,0,0.00180492,0,0.006445373,0.055369681,0.032265445,5.45E-06,0.362735494,0,2,18.5,11.54901598,-10.4902
2021,11,15,22,20,IMG_1172,0.066,0,0.007,0.2,0.034,0.013,0.68,0,0.031746176,0,0.004809488,0.133246079,0.021025376,0.008226367,0.438985817,0,2,21.2,12.97141262,-16.4741
2021,11,15,22,30,IMG_1173,0.212,0,0.051,0.183,0.009,0.005,0.539,0,0.108907339,0,0.031334458,0.116987267,0.00588895,0.002891977,0.331594231,0,2,21.3,13.04675317,-17.5754
2021,11,15,22,50,IMG_1175,0.282,0,0,0.395,0.001,0.321,0.002,0,0.161512718,0,0,0.234496432,0.000374249,0.180473963,0.000838664,0,2,21.3,13.04675317,-20.408
2021,11,15,23,0,IMG_1176,0.155,0,0,0.576,0.002,0.265,0.001,0,0.095142142,0,0,0.289883812,0.001074452,0.138561666,0.000632865,0,2,21.2,13.15671852,-20.8846
2021,11,15,23,10,IMG_1177,0.377,0,0,0.424,0,0.182,0.016,0,0.231866632,0,1.41E-05,0.221277336,0,0.104679342,0.010402441,0,2,21.3,13.23313536,-19.0919
2021,11,15,23,20,IMG_1178,0.504,0,0,0.379,0,0.114,0.002,0,0.311629665,0,3.59E-06,0.199243848,0.00020465,0.058799046,0.001068359,0,2,21.4,13.30993532,-17.6142
2021,11,16,0,20,IMG_1184,0.444,0,0,0.412,0,0.069,0.075,0,0.294274722,0,1.56E-06,0.2073112,0,0.031790069,0.038513093,0,2,21.2,13.52733031,-21.7712
2021,11,16,19,30,IMG_1204,0,0,0,0.741,0.256,0,0,0.002,0,0,0,0.660017495,0.230410802,0,0,0.001999256,2,22.5,13.78102911,-7.7908
2021,11,16,19,50,IMG_1206,0,0,0,0.423,0,0,0,0.577,0,0,0,0.370191955,5.16E-05,0,0,0.507202321,2,22.5,13.98075417,-8.2081
2021,11,16,20,0,IMG_1207,0,0,0,0.544,0,0,0,0.456,0,0,0,0.473041399,3.73E-05,0,0,0.397163845,2,22.6,14.06112888,-9.2397
2021,11,16,20,10,IMG_1208,0,0,0,0.203,0,0,0,0.797,0,0,0,0.170303516,6.05E-05,0,0,0.677240648,2,22.7,14.1419021,-9.2439
2021,11,16,20,20,IMG_1209,0,0,0,0.543,0,0,0,0.457,0,0,0,0.467315678,3.15E-05,0,0,0.39837328,2,22.7,14.1419021,-8.3852
2021,11,16,20,30,IMG_1210,0,0,0,0.121,0,0,0,0.879,0,0,0,0.104860892,4.97E-05,0,0,0.757145906,2,22.7,14.34392927,-8.8956
2021,11,16,21,0,IMG_1213,0,0,0,0.749,0,0,0,0.251,0,0,0,0.616539784,6.10E-05,0,0,0.211166339,2,22.7,14.1419021,-10.0875
2021,11,16,21,10,IMG_1214,0,0,0,0.433,0,0,0,0.567,0,0,0,0.358576578,3.47E-05,0,0,0.469849579,2,22.7,14.1419021,-9.9915
2021,11,16,21,20,IMG_1215,0,0,0,0.979,0.005,0,0,0.016,0,0,0,0.811430874,0.004415918,0,0,0.013157317,2,22.6,14.06112888,-10.6399
2021,11,16,21,30,IMG_1216,0,0,0,1,0,0,0,0,0,0,0,0.840981956,1.19E-05,0,0,0.000110735,2,22.7,13.93987493,-9.6429
2021,11,16,21,40,IMG_1217,0,0,0,0.865,0,0,0,0.135,0,0,0,0.734383248,1.31E-05,0,0,0.112890092,2,22.8,14.01988866,-9.1454
2021,11,16,21,50,IMG_1218,0,0,0,0.77,0.153,0,0,0.077,0,0,0,0.626312042,0.125416369,0,0,0.06552817,2,22.7,14.1419021,-6.1665
2021,11,16,22,0,IMG_1219,0,0,0,1,0,0,0,0,0,0,0,0.814362921,0.000346875,0,0,0,2,22.5,14.18047923,-8.3578
2021,11,16,22,20,IMG_1221,0,0,0,1,0,0,0,0,0,0,0,0.804286538,6.42E-06,0,0,0,2,22.6,13.86025561,-7.619
2021,11,16,22,40,IMG_1223,0,0,0,0.935,0.041,0,0,0.024,0,0,0,0.720765197,0.033425421,0,0,0.019036133,2,22.6,13.65938234,-7.7195
2021,11,16,22,50,IMG_1224,0,0,0,0.784,0.201,0,0,0.016,0,0,0,0.597238875,0.159221079,0,0,0.012168998,2,22.4,13.70219382,-7.2554
2021,11,16,23,0,IMG_1225,0,0,0,0.757,0.202,0,0,0.041,0,0,0,0.554685231,0.15406262,0,0,0.03204203,2,22.2,13.74200481,-7.895
2021,11,16,23,10,IMG_1226,0,0,0,0.742,0.011,0,0,0.247,0,0,0,0.550053057,0.008680919,0,0,0.192900526,2,22.2,13.74200481,-8.4143
2021,11,16,23,20,IMG_1227,0,0,0,0.582,0.387,0,0,0.031,0,0,0,0.423516594,0.298041692,0,0,0.023561463,2,22.2,13.74200481,-8.0577
2021,11,16,23,30,IMG_1228,0,0,0,0.654,0.346,0,0,0,0,0,0,0.485113537,0.26946111,0,0,0.000125466,2,22.1,13.66320789,-7.8987
2021,11,16,23,40,IMG_1229,0,0,0.001,0.254,0.745,0,0,0,0,0,0.000624174,0.180828388,0.552548077,0,0,0,2,22.2,13.74200481,-9.646
2021,11,16,23,50,IMG_1230,0,0,0,0.999,0.001,0,0,0,0,0,0,0.720086636,0.00089511,0,0,8.17E-05,2,22.1,13.85839657,-11.4081
2021,11,17,0,20,IMG_1233,0,0,0,0.991,0.001,0,0,0.008,0,0,0,0.730198993,0.001070125,0,0,0.005434285,2,22.2,13.93831917,-7.8493
2021,11,17,0,30,IMG_1234,0,0,0,0.461,0.539,0,0,0,0,0,0,0.327547814,0.400296034,0,0,0,2,22.3,14.21608501,-8.505
2021,11,17,0,40,IMG_1235,0,0,0,0.954,0.046,0,0,0,0,0,0,0.672806813,0.032997416,0,0,0,2,22.1,14.24877394,-9.6329
2021,11,17,1,10,IMG_1238,0,0,0,0.989,0.011,0,0,0,0,0,0,0.680166444,0.007584428,0,0,3.14E-05,2,22.2,14.13463352,-9.1014
2021,11,17,1,20,IMG_1239,0,0,0,0.955,0.045,0,0,0,0,0,0,0.652854004,0.029749745,0,0,0,2,22.3,14.01863938,-8.3022
2021,11,17,1,30,IMG_1240,0,0,0,0.739,0.261,0,0,0,0,0,0,0.486354635,0.162171004,0,0,0,2,22.3,14.01863938,-9.7413
2021,11,17,1,40,IMG_1241,0,0,0.007,0.875,0.117,0,0,0,0,0,0.005009578,0.606159916,0.071770185,0,0.00023258,0,2,22.3,14.01863938,-11.1015
2021,11,17,1,50,IMG_1242,0.368,0.002,0.323,0.032,0.023,0.001,0.251,0,0.245936614,0.000966489,0.187069576,0.018774331,0.010677051,0.000560194,0.120095297,0,2,22.2,13.93831917,-21.9436
2021,11,17,2,20,IMG_1245,0.119,0,0.206,0.186,0.393,0.011,0.085,0,0.077447266,0,0.104625781,0.099123039,0.197373798,0.004041587,0.031737748,0,2,22,14.16700714,-17.0477
2021,11,17,2,30,IMG_1246,0,0,0,0.212,0.788,0,0,0,0,0,5.65E-05,0.116361411,0.462706122,0,0,0,2,22,14.16700714,-10.001
2021,11,17,2,40,IMG_1247,0,0,0,0.394,0.605,0,0,0.001,0,0,0,0.22978931,0.372684413,0,0,0.000697175,2,22,13.97293855,-8.2396
2021,11,17,2,50,IMG_1248,0,0,0,0.007,0.993,0,0,0,0,0,0,0.00328741,0.562452689,0,0,0,2,22.1,14.05358525,-8.0295
2021,11,17,3,0,IMG_1249,0,0,0,0.232,0.768,0,0,0,0,0,0,0.123492172,0.394008736,0,0,0,2,22.1,14.05358525,-10.9419
2021,11,17,3,10,IMG_1250,0,0,0,0.008,0.992,0,0,0,0.000135419,0,0,0.003731325,0.501408075,4.54E-06,0,0,2,22.2,13.93831917,-10.8462
2021,11,17,3,20,IMG_1251,0,0,0,0.166,0.834,0,0,0,0,0,0,0.076464258,0.455936704,0,0,2.70E-05,2,22.1,14.05358525,-11.2471
2021,11,17,3,30,IMG_1252,0,0,0,0.298,0.701,0,0,0.001,0,0,0,0.149215835,0.359693066,0,0,0.000568232,2,22.1,14.05358525,-9.4045
2021,11,17,19,30,IMG_1253,0,0,0,0.834,0.162,0,0,0.003,0,0,0,0.727148911,0.129486651,0,0,0.00265752,2,22,18.63058474,-12.8753
2021,11,17,19,40,IMG_1254,0,0,0,0.059,0.003,0,0,0.938,0,0,0,0.051674294,0.002969749,0,0,0.837949692,2,21.9,18.52358902,-8.8132
2021,11,17,19,50,IMG_1255,0,0,0,0.112,0.832,0,0,0.056,0,0,0,0.1039388,0.75454822,0,0,0.053013852,2,21.8,18.99265947,-11.33
2021,11,17,20,0,IMG_1256,0,0,0,0.291,0.709,0,0,0,0,0,0,0.269249151,0.594902907,0,0,0,2,21.7,19.07415468,-9.5935
2021,11,17,20,10,IMG_1257,0,0,0,0.26,0.738,0,0,0.002,0,0,0,0.207206205,0.616850759,0,0,0.001884075,2,21.7,19.07415468,-14.8045
2021,11,17,20,20,IMG_1258,0,0,0.011,0.222,0.768,0,0,0,0,0,0.007412327,0.170413341,0.62785015,0,0,0,2,21.5,18.85509857,-13.0216
2021,11,17,20,30,IMG_1259,0,0,0,0.497,0.503,0,0,0,0,0,4.05E-05,0.411300669,0.396124624,0,0,0,2,21.5,18.85509857,-12.5019
2021,11,17,20,40,IMG_1260,0,0,0,0.674,0.326,0,0,0,0,0,0,0.491206167,0.265316068,0,0,0,2,21.3,18.63821882,-15.0621
2021,11,17,20,50,IMG_1261,0,0,0,1,0,0,0,0,0,0,0,0.731393344,0,0,0,0,2,21.2,18.53058946,-17.0267
2021,11,17,21,30,IMG_1265,0,0,0,1,0,0,0,0,0,0,0,0.743982106,5.18E-06,0,0,0,2,20.8,18.10542347,-15.1516
2021,11,17,21,40,IMG_1266,0,0,0,0.987,0.013,0,0,0,0,0,0,0.758202832,0.010235907,0,0,0,2,20.7,18.00045875,-13.3021
2021,11,17,21,50,IMG_1267,0,0,0,1,0,0,0,0,0,0,0,0.770350563,2.01E-05,0,0,0,2,20.6,17.89602033,-11.2361
2021,11,17,22,0,IMG_1268,0,0,0,0.886,0.111,0,0,0.003,0,0,0,0.707170237,0.084756348,0,0,0.002457317,2,20.4,17.68871364,-10.8387
2021,11,17,22,10,IMG_1269,0,0,0,0.205,0,0,0,0.795,0,0,0,0.180346995,0.00011389,0,0,0.699686291,2,20.5,17.79210602,-6.6896
2021,11,17,22,20,IMG_1270,0,0,0,0.534,0,0,0,0.466,0,0,0,0.469019899,7.92E-05,0,0,0.41835145,2,20.5,17.79210602,-7.4401
2021,11,17,22,30,IMG_1271,0,0,0,0.734,0.013,0,0,0.253,0,0,0,0.619327456,0.010234495,0,0,0.225727344,2,20.5,17.79210602,-8.7245
2021,11,17,22,40,IMG_1272,0,0,0,0.541,0.459,0,0,0,0,0,0,0.417319419,0.355481092,0,0,0.000196665,2,20.4,17.68871364,-12.4002
2021,11,17,22,50,IMG_1273,0,0,0,0.99,0.01,0,0,0,0,0,0,0.74729523,0.006399977,0,0,0,2,20.4,17.68871364,-12.6272
2021,11,17,23,0,IMG_1274,0,0,0,0.891,0.109,0,0,0,0,0,6.41E-05,0.694802006,0.081878651,0,0,0,2,20.2,17.48348595,-11.7864
2021,11,17,23,10,IMG_1275,0,0,0,0.419,0.018,0,0,0.564,0,0,0,0.337501562,0.014148963,0,0,0.486119704,2,20.4,17.68871364,-7.7147
2021,11,17,23,20,IMG_1276,0,0,0,0.757,0.008,0,0,0.236,0,0,0,0.630720831,0.00645948,0,0,0.210786584,2,20.2,17.48348595,-8.4396
2021,11,17,23,30,IMG_1277,0,0,0,0.597,0,0,0,0.403,0,0,0,0.478169366,8.17E-05,0,0,0.350192188,2,20.3,17.585841,-8.2638
2021,11,17,23,40,IMG_1278,0,0,0,0.986,0,0,0,0.014,0,0,0,0.789150639,0.000154244,0,0,0.01256902,2,20.4,17.68871364,-11.8577
2021,11,17,23,50,IMG_1279,0,0,0,0.647,0.35,0,0,0.003,0,0,0,0.531187898,0.289206438,0,0,0.00207953,2,20.3,17.585841,-6.5847
2021,11,18,1,10,IMG_1287,0,0,0,0,0,0,0,1,0,0,0,0.000239648,6.42E-05,0,0,0.843936711,2,20.7,18.00045875,-5.5543
2021,11,18,20,10,IMG_1306,0,0,0,0.236,0.763,0,0,0.001,0,0,0,0.202349579,0.633274737,0,0,0.000528523,2,19.7,16.97939886,-6.8656
2021,11,18,20,20,IMG_1307,0,0,0,0.055,0.945,0,0,0,2.42E-05,0,0,0.039427764,0.755192398,0.000211546,0,0,2,19.8,17.07919834,-7.969
2021,11,18,20,30,IMG_1308,0,0,0,0.077,0.923,0,0,0,0,0,0,0.062148558,0.762586373,1.46E-05,0,0.000160787,2,19.7,16.97939886,-7.9352
2021,11,18,20,40,IMG_1309,0,0,0,0.265,0.735,0,0,0,0,0,0,0.242302186,0.596765234,0,0,0.000298415,2,19.7,16.97939886,-9.3341
2021,11,18,21,0,IMG_1311,0,0,0,0.126,0.87,0,0,0.004,0,0,0,0.106427464,0.778985201,0,0,0.004194914,2,19.7,16.97939886,-6.8799
2021,11,18,21,10,IMG_1312,0,0,0,0.393,0.607,0,0,0,0,0,0,0.329674895,0.510644712,0,0,6.75E-05,2,19.8,17.07919834,-7.3813
2021,11,18,21,20,IMG_1313,0,0,0,0.036,0.964,0,0,0,0,0,0,0.029227885,0.822947746,0,0,0,2,19.7,16.97939886,-5.362
2021,11,18,21,30,IMG_1314,0,0,0,0.784,0.215,0,0,0.001,0,0,0,0.661506175,0.179227028,0,0,0.001158,2,19.9,17.17950465,-7.7869
2021,11,18,21,40,IMG_1315,0,0,0.002,0.053,0.945,0,0,0,0,0,0.001815024,0.045135246,0.806644103,0,0,0,2,19.8,17.07919834,-8.1142
2021,11,18,21,50,IMG_1316,0,0,0,0.052,0.948,0,0,0,0,0,0,0.042815978,0.808225864,0,0,0,2,19.8,17.07919834,-9.71
2021,11,18,22,0,IMG_1317,0,0,0,0.241,0.759,0,0,0,0,0,0,0.204398776,0.607373355,0,0,0,2,19.9,17.17950465,-9.2628
2021,11,18,22,30,IMG_1320,0,0.004,0.029,0,0.005,0,0.961,0,0,0.00324976,0.023471229,0,0.0053718,0.000113416,0.675820959,0,2,19.5,16.78131189,-14.4575
2021,11,18,22,40,IMG_1321,0.114,0,0,0.256,0.409,0.198,0.023,0,0.054852231,0,2.24E-05,0.174001405,0.308841496,0.133915144,0.015081836,0,2,19.4,16.68302015,-5.0071
2021,11,19,22,40,IMG_1370,0.056,0,0,0.572,0.033,0.339,0,0,0.026507587,0,0,0.383476059,0.021559292,0.230478328,0,0,2,21.6,15.9300569,-17.2173
2021,11,19,22,50,IMG_1371,0,0,0,0.175,0.825,0,0,0,0,0,0,0.142662613,0.708004928,0,0,0,2,21.7,15.83154839,-24.1087
2021,11,19,23,0,IMG_1372,0,0,0,0.224,0.775,0,0,0,0,0,3.46E-05,0.164386606,0.698950879,0,0,0,2,21.8,16.1149838,-5.4502
2021,11,19,23,10,IMG_1373,0.009,0,0.008,0.546,0.061,0.373,0.003,0,0.004161276,0,0.005110209,0.343459007,0.038019186,0.240157249,0.00208563,0,2,21.8,16.1149838,-11.4474
2021,11,20,19,40,IMG_1401,0.144,0,0,0.338,0.167,0.351,0,0,0.080378899,0,0,0.228055356,0.108872078,0.187754995,5.83E-05,0,2,22.4,16.28376657,-20.6755
2021,11,20,20,30,IMG_1406,0,0,0,0.237,0.762,0,0,0,0,0,0,0.188947168,0.605767758,0,0,2.35E-05,2,22,16.68989883,-11.4243
2021,11,20,20,40,IMG_1407,0,0,0,0.195,0.805,0,0,0.001,0,0,0,0.160024977,0.678050939,0,0,0.000508166,2,22.3,16.58543251,-9.5988
2021,11,20,20,50,IMG_1408,0,0,0,0.234,0.766,0,0,0,0,0,0,0.19401392,0.645586614,0,0,3.86E-05,2,22.3,16.78287813,-9.2307
2021,11,20,21,0,IMG_1409,0,0,0,0.114,0.886,0,0,0,0,0,3.15E-05,0.093571214,0.714431415,0,0,0,2,22.3,16.78287813,-9.8092
2021,11,20,21,10,IMG_1410,0,0,0.004,0.139,0.855,0,0.002,0,0,0,0.003219651,0.112405439,0.646223573,4.52E-05,0.001352667,0,2,22.3,16.78287813,-11.0737
2021,11,20,21,20,IMG_1411,0.044,0,0.022,0.176,0.057,0.014,0.687,0,0.023138371,0,0.015966692,0.136678155,0.039479905,0.008406949,0.448033534,0,2,22.3,16.78287813,-15.2536
2021,11,20,21,30,IMG_1412,0.02,0,0.001,0.174,0.37,0.003,0.432,0,0.008498918,0,0.000739416,0.130030168,0.255087643,0.001838762,0.29908931,0,2,22.4,16.6809316,-15.4757
2021,11,20,21,40,IMG_1413,0.02,0,0,0.212,0.76,0.007,0.002,0,0.009773287,0,0,0.15495154,0.53394387,0.004160359,0.001572431,0,2,22.4,16.6809316,-15.2569
2021,11,20,21,50,IMG_1414,0,0,0.102,0.212,0.665,0,0.021,0,0,0,0.070292112,0.156830844,0.464690798,0,0.013380086,0,2,22.3,16.58543251,-13.0218
2021,11,20,22,0,IMG_1415,0,0,0,0.097,0.903,0,0,0,0,0,0.000323603,0.072263589,0.665107084,0,7.74E-05,0,2,22.4,16.6809316,-10.1132
2021,11,20,22,10,IMG_1416,0,0,0,0.227,0.773,0,0,0,0,0,0,0.164646229,0.621718337,0,0,0,2,22.4,16.48234909,-9.9769
2021,11,20,22,20,IMG_1417,0,0,0,0.113,0.886,0,0,0,0,0,0,0.083183474,0.683468344,0,7.86E-05,0,2,22.4,16.08518405,-9.074
2021,11,20,22,30,IMG_1418,0,0,0.003,0.051,0.946,0,0,0,0,0,0.00230619,0.037462147,0.712593089,0,7.85E-05,0,2,22.5,15.97800477,-10.7464
2021,11,20,22,40,IMG_1419,0,0,0,0.044,0.953,0,0.003,0,0,0,0.000155927,0.030901262,0.712405912,0,0.001884165,0,2,22.5,16.17772983,-10.6762
2021,11,20,22,50,IMG_1420,0,0,0,0.002,0.998,0,0,0,0,0,0,0.001163214,0.748698685,0,0,0,2,22.6,15.66811504,-10.8203
2021,11,20,23,0,IMG_1421,0.014,0,0.019,0.028,0.386,0.013,0.54,0,0.007197514,0,0.012122806,0.018219389,0.287679432,0.00834547,0.36891718,0,2,22.6,15.46724177,-12.3071
2021,11,20,23,10,IMG_1422,0.132,0,0.002,0.01,0.552,0.152,0.152,0,0.08198771,0,0.001508534,0.005313326,0.365540512,0.080626916,0.08559221,0,2,22.5,15.17910453,-15.3943
2021,11,20,23,40,IMG_1425,0.354,0,0,0.019,0.033,0.542,0.052,0,0.205513379,0,8.96E-05,0.009628996,0.019854147,0.290011433,0.02921884,0,2,22.2,14.91989094,-23.7163
2021,11,21,1,40,IMG_1437,0.016,0.088,0.091,0.015,0.003,0,0.786,0,0.00815752,0.05352965,0.0529093,0.007558654,0.00235951,5.09E-05,0.52399224,0,2,22.2,13.93831917,-20.6222
2021,11,21,1,50,IMG_1438,0,0.009,0.392,0.002,0.074,0,0.523,0,5.39E-05,0.005896965,0.248952441,0.001138529,0.047403756,0.000169832,0.302571026,0,2,22.1,13.85839657,-13.879
2021,11,21,2,0,IMG_1439,0.027,0,0.005,0.091,0.322,0.02,0.536,0,0.015916346,0,0.003001833,0.053961306,0.218493975,0.011730153,0.346313574,0,2,21.9,13.89269177,-12.1719
2021,11,21,2,10,IMG_1440,0.3,0,0.006,0.06,0.258,0.308,0.068,0,0.198914378,0,0.002821394,0.034885907,0.153983053,0.176087357,0.037259555,0,2,21.8,14.0046883,-12.127
2021,11,21,2,20,IMG_1441,0.406,0,0.027,0.072,0.008,0.014,0.473,0,0.255153538,0,0.015427449,0.038725931,0.004349609,0.006918833,0.251721935,0,2,21,14.47038309,-16.2991
2021,11,21,2,30,IMG_1442,0.175,0,0,0.05,0,0.188,0.587,0,0.094742676,0,0.000149977,0.026525556,7.25E-06,0.107324865,0.301003606,0,2,20.6,14.49577647,-16.5186
2021,11,21,20,10,IMG_1453,0,0,0,0.023,0.072,0,0,0.905,0,0,0,0.021747709,0.06719248,0,0,0.866495808,2,22.4,19.85825191,-2.6791
2021,11,21,20,30,IMG_1455,0,0,0,0,0.731,0,0,0.269,0,0,0,7.25E-06,0.683908782,0,0,0.253038304,2,22.4,19.85825191,-6.7416
2021,11,21,20,40,IMG_1456,0,0,0,0,0.907,0,0,0.093,0,0,0,1.45E-05,0.811771837,0,0,0.086792518,2,22.4,19.85825191,-5.2725
2021,11,21,20,50,IMG_1457,0,0,0,0.043,0.957,0,0,0.001,0,0,0,0.026350481,0.820072731,0,0,0.000401232,2,22.4,19.85825191,-7.0616
2021,11,21,21,40,IMG_1462,0,0,0,0,1,0,0,0,0,0,0,0,0.852276465,0,0,0,2,22.2,19.63143545,-6.6783
2021,11,21,21,50,IMG_1463,0,0,0,0,1,0,0,0,0,0,0,7.25E-06,0.906068329,0,0,7.77E-05,2,22.2,19.63143545,-14.7181
2021,11,21,22,20,IMG_1466,0,0,0,0,0.856,0,0,0.144,0,0,0,1.44E-05,0.750395959,0,0,0.134972371,2,22.1,19.51886841,-4.6242
2021,11,21,22,30,IMG_1467,0,0,0,0,0.501,0,0,0.499,0,0,0,9.49E-05,0.430648099,0,0,0.44928768,2,22.1,19.51886841,-8.5381
2021,11,21,22,40,IMG_1468,0,0,0,0.001,0.226,0,0,0.774,0,0,0,0.000648948,0.192449422,0,0,0.691758226,2,22.1,19.51886841,-8.9779
2021,11,21,22,50,IMG_1469,0,0,0,0.337,0.63,0.014,0,0.02,0,0,0,0.188772183,0.519008444,0.007917255,0,0.018330679,2,22.1,19.51886841,-7.6176
2021,11,21,23,0,IMG_1470,0,0,0,0,0.913,0,0,0.087,0,0,0,6.95E-06,0.76309825,0,0,0.075734555,2,22.1,19.51886841,-9.25
2021,11,21,23,10,IMG_1471,0,0,0,0.216,0.784,0,0,0,0,0,0,0.113789183,0.585190865,0,0,0,2,22.1,19.51886841,-20.8097
2021,11,21,23,20,IMG_1472,0,0,0,0.381,0.606,0.001,0,0.012,0,0,0,0.19886398,0.462730221,0.000678553,0,0.010604703,2,21.9,19.29540523,-18.0568
2021,11,21,23,30,IMG_1473,0,0,0,0,0.957,0,0,0.043,0,0,0,0,0.785687628,0,0,0.034679485,2,21.9,19.29540523,-16.6662
2021,11,21,23,40,IMG_1474,0.001,0,0,0.926,0.019,0.053,0,0.001,0.000471575,0,0,0.523920831,0.012985044,0.024974962,0,0.001142856,2,21.9,19.29540523,-18.4146
2021,11,21,23,50,IMG_1475,0.001,0,0,0.999,0,0,0,0,0.000995237,0,0,0.53404058,0,0,0,0,2,21.8,19.18450452,-16.9704
2021,11,22,0,0,IMG_1476,0.064,0,0,0.885,0.037,0.014,0,0,0.042849737,0,0,0.502111907,0.020631242,0.005486516,0,0,2,21.8,19.18450452,-16.5973
2021,11,22,0,10,IMG_1477,0.04,0,0,0.645,0.156,0.155,0,0.004,0.026492653,0,0,0.373714325,0.100883444,0.087389881,0,0.003243983,2,21.6,18.96435345,-15.0007
2021,11,22,0,20,IMG_1478,0,0,0,0,1,0,0,0,0,0,0,0,0.737554943,0,0,0,2,21.6,18.96435345,-10.9184
2021,11,22,0,30,IMG_1479,0,0,0,0.005,0.995,0,0,0,0,0,0,0.003431288,0.755555273,0,0,0,2,21.4,18.74638777,-10.1432
2021,11,22,0,40,IMG_1480,0,0,0,0.013,0.984,0,0,0.003,0,0,0,0.006637357,0.764573227,0,0,0.00240791,2,21.2,18.53058946,-11.8061
2021,11,22,0,50,IMG_1481,0,0,0,0.072,0.927,0,0,0.001,0,0,0,0.047335502,0.622283744,0,0,0.001148069,2,21.2,18.53058946,-11.1876
2021,11,22,1,0,IMG_1482,0,0,0,0.071,0.929,0,0,0,0,0,0,0.040638108,0.606334668,0,0,0,2,21.2,18.53058946,-12.1381
2021,11,22,1,10,IMG_1483,0,0,0,0.116,0.884,0,0,0,0,0,0,0.062861253,0.678346327,0,0,0,2,20.9,18.2109167,-2.597
2021,11,22,1,30,IMG_1485,0,0,0,0.001,0.991,0,0,0.007,0,0,0,0.000781663,0.769734075,0,0,0.005786877,2,21.3,18.63821882,-8.9853
2021,11,22,1,40,IMG_1486,0,0,0,0.466,0.526,0.005,0,0.002,0.000132181,0,0,0.255070643,0.375713078,0.00285489,0,0.001582384,2,21.4,18.74638777,-9.75
2021,11,22,1,50,IMG_1487,0.069,0,0,0.845,0.032,0.054,0,0,0.044827577,0,0,0.445963071,0.022317623,0.035593712,0,0,2,21,18.31694063,-9.3916
2021,11,22,2,0,IMG_1488,0.04,0,0.001,0.96,0,0,0,0,0.025819163,0,0.00046259,0.507722799,0,0,0,0,2,20.9,18.2109167,-8.267
2021,11,22,2,10,IMG_1489,0.138,0,0,0.862,0,0,0,0,0.085893667,0,0,0.468919509,0,0,0,0,2,21,18.31694063,-7.4878
2021,11,22,2,20,IMG_1490,0,0,0.158,0.735,0.107,0,0,0,0,0,0.092176863,0.440968517,0.059796086,0,0,3.49E-05,2,20.8,18.10542347,-8.375
2021,11,22,2,30,IMG_1491,0,0,0,0.651,0.349,0,0,0,0,0,0,0.472435216,0.249552404,0,0,0.000140843,2,20.7,18.00045875,-4.5331
2021,11,22,22,20,IMG_1515,0,0,0,0.902,0,0,0,0.098,0,0,0,0.861802411,4.55E-05,0,0,0.094815234,2,14.5,10.94506161,-4.2737
2021,11,23,21,0,IMG_1556,0,0,0,0.09,0.068,0,0,0.842,0,0,0,0.087183789,0.065465332,0,0,0.786430934,2,14.6,10.511584,-6.1344
2021,11,23,21,20,IMG_1558,0,0,0,0.005,0.038,0,0,0.957,0,0,0,0.005077299,0.035809998,0,0,0.874355409,2,14.7,10.4500452,-6.2488
2021,11,24,20,0,IMG_1599,0,0,0,0.127,0.872,0,0,0.001,0,0,0,0.106585419,0.812672273,0,0,0.000498768,2,17.5,11.18085167,-4.7787
2021,11,24,21,20,IMG_1607,0,0,0.001,0.052,0.947,0,0,0,0,0,0.000504395,0.040518532,0.797152329,0,0,0.000299654,2,18,11.82590366,-5.9437
2021,11,24,23,40,IMG_1621,0,0,0,0.666,0.32,0,0,0.014,0,0,0,0.512981122,0.243863477,0,0,0.011835735,2,18.3,12.35105249,-8.4556
2021,11,24,23,50,IMG_1622,0,0,0,0.252,0.748,0,0,0,0,0,0,0.172787252,0.578403328,0,0,9.21E-05,2,18.3,12.35105249,-9.36
2021,11,25,0,0,IMG_1623,0,0,0,0.019,0.981,0,0,0,0,0,0,0.010901623,0.680982895,0,0,0,2,18.3,12.35105249,-11.1861
2021,11,25,0,10,IMG_1624,0,0,0.004,0.162,0.834,0,0,0,0,0,0.002713785,0.097006535,0.56268288,0,0,0,2,18.4,12.42446266,-13.6347
2021,11,25,0,20,IMG_1625,0,0,0,0.083,0.917,0,0,0,0,0,0,0.048207722,0.63920178,0,0,0,2,18.4,12.42446266,-11.422
2021,11,25,0,30,IMG_1626,0,0,0,0.004,0.996,0,0,0,0,0,0,0.00200477,0.658504755,0,0,0,2,18.4,12.42446266,-13.5418
2021,11,25,0,40,IMG_1627,0,0,0,0.027,0.973,0,0,0,0,0,0,0.014810374,0.698511148,0,0,0,2,18.3,12.50739492,-10.4803
2021,11,25,0,50,IMG_1628,0,0,0,0.057,0.943,0,0,0,0,0,3.66E-05,0.037753613,0.644837357,0,0,0,2,18.4,12.58173434,-6.9865
2021,11,25,1,0,IMG_1629,0,0,0,0.041,0.959,0,0,0,0,0,0,0.027970928,0.64605015,0,0,0,2,18.4,12.58173434,-11.4007
2021,11,25,1,10,IMG_1630,0,0,0,0.269,0.731,0,0,0,0,0,0,0.188651931,0.512580273,0,0,5.87E-05,2,18.4,12.58173434,-14.7463
2021,11,25,1,20,IMG_1631,0,0,0,0.003,0.997,0,0,0,0,0,0,0.002079943,0.712892661,0,0,0,2,18.4,12.58173434,-8.4832
2021,11,25,1,30,IMG_1632,0,0,0,0.046,0.954,0,0,0,0,0,0,0.028866684,0.621738785,0,0,0,2,18.5,12.65645587,-9.1691
2021,11,25,1,40,IMG_1633,0,0,0.254,0.066,0.679,0,0,0,1.00E-05,0,0.144868142,0.041380529,0.340999422,0,0.000153718,0,2,18.5,12.81466157,-13.8255
2021,11,25,1,50,IMG_1634,0,0,0.042,0.263,0.695,0,0,0,0,0,0.026269501,0.156733271,0.349922078,0,0,0,2,18.5,12.81466157,-17.8021
2021,11,25,2,0,IMG_1635,0,0,0,0.452,0.548,0,0,0,0,0,0,0.268644862,0.258752712,0,8.81E-06,0,2,18.4,12.89627769,-16.0077
2021,11,25,2,10,IMG_1636,0,0,0,0.11,0.889,0,0,0,0,0,0.000223152,0.067605995,0.497924827,0,0,0,2,18.4,12.89627769,-15.5126
2021,11,25,2,20,IMG_1637,0,0,0.001,0.314,0.685,0,0,0,0,0,0.000698205,0.186851495,0.357577802,0,1.03E-05,0,2,18.2,12.89968985,-13.5142
2021,11,25,2,30,IMG_1638,0,0,0,0.29,0.71,0,0,0,0,0,7.91E-05,0.168837816,0.389670267,0,0,0,2,18.2,12.89968985,-15.0632
2021,11,25,2,40,IMG_1639,0,0,0,0.744,0.256,0,0,0,0,0,0,0.436279372,0.138796394,0,0,0,2,17.8,13.05197584,-14.3798
2021,11,25,2,50,IMG_1640,0,0,0,0.734,0.266,0,0,0,0,0,0,0.439600098,0.147539295,0,0,0,2,17.6,12.89740104,-13.2334
2021,11,25,3,0,IMG_1641,0,0,0,0.942,0.058,0,0,0,0,0,8.67E-05,0.56087204,0.036506438,0,0,0,2,17.6,12.89740104,-12.4703
2021,11,25,3,10,IMG_1642,0,0,0,0.91,0.09,0,0,0,0,0,0,0.54455779,0.05890643,0,0,2.06E-05,2,17.7,12.97448912,-14.1956
2021,11,25,3,20,IMG_1643,0,0,0,0.764,0.236,0,0,0,0,0,0,0.471777727,0.130267608,0,0,5.48E-06,2,17.8,13.05197584,-13.8122
2021,11,25,3,30,IMG_1644,0,0,0,0.483,0.516,0,0,0.001,0,0,0,0.316273625,0.332130379,0,0,0.000518592,2,18,13.20815214,-13.8516
2021,11,25,19,30,IMG_1645,0,0,0,0.049,0.946,0,0,0.005,0,0,0,0.04719233,0.872826082,0,0,0.004802269,2,19,13.85059343,-12.085
2021,11,26,3,0,IMG_1678,0,0,0,0.003,0.997,0,0,0.001,0,0,0,0.001505792,0.755664949,0,0,0.000450218,2,18.1,15.44981993,-2.6539
2021,11,26,19,30,IMG_1682,0,0,0,0.297,0.703,0,0,0,0,0,0,0.233457647,0.540871597,0,0,1.93E-05,2,17.1,12.08121064,-8.0461
2021,11,26,19,40,IMG_1683,0,0,0,0.509,0.489,0,0,0.002,0,0,0,0.381994959,0.372260472,0,0,0.001492533,2,17.1,11.93565389,-10.0417
2021,11,26,19,50,IMG_1684,0,0,0,0.14,0.859,0,0,0.001,0,0,0,0.11880939,0.684005852,0,0,0.000443359,2,17.1,11.93565389,-11.9208
2021,11,26,20,0,IMG_1685,0,0,0,0.249,0.75,0,0,0.001,0,0,0,0.201590753,0.58001078,0,0,0.000923302,2,17.1,11.79009713,-11.1798
2021,11,26,20,10,IMG_1686,0,0,0,0.615,0.385,0,0,0,0,0,0,0.506736013,0.315678764,0,0,4.58E-05,2,17.1,11.79009713,-8.9174
2021,11,26,20,20,IMG_1687,0,0,0,0.129,0.871,0,0,0,0,0,0,0.111098317,0.649363304,0,0,0,2,17.1,11.64454038,-8.8458
2021,11,26,20,30,IMG_1688,0,0,0,0.129,0.871,0,0,0.001,0,0,0,0.110786433,0.677235697,0,0,0.000476525,2,17.2,11.71441974,-10.7555
2021,11,26,20,50,IMG_1690,0,0,0,0.115,0.884,0,0,0.001,0,0,0,0.099656566,0.700495793,0,0,0.000788349,2,17.2,11.71441974,-9.2648
2021,11,26,21,0,IMG_1691,0,0,0,0.088,0.911,0,0,0.001,0,0,0,0.073142909,0.801139971,0,0,0.00080791,2,17.2,11.71441974,-6.4452
2021,11,26,22,30,IMG_1700,0,0,0,0.955,0,0,0,0.045,0,0,0,0.651509563,2.30E-05,0,0,0.032764333,2,16.6,11.72430326,-6.4035
2021,11,26,22,50,IMG_1702,0,0,0,0.998,0.002,0,0,0,0,0,0,0.665099038,0.001153726,0,0,0,2,16.5,11.79443889,-6.7769
2021,11,26,23,10,IMG_1704,0,0,0,1,0,0,0,0,0,0,0,0.598922656,6.78E-05,0,0,0,2,16.4,11.72368757,-7.3217
2021,11,26,23,20,IMG_1705,0,0,0,0.944,0.056,0,0,0,0,0,1.05E-05,0.565083902,0.024922168,0,0,0,2,16.5,11.6540289,-8.6104
2021,11,26,23,40,IMG_1707,0,0,0,0.932,0.068,0,0,0,0,0,0.00019502,0.593999429,0.043736245,0,0,0,2,16.6,11.72430326,-7.9928
2021,11,26,23,50,IMG_1708,0,0,0,0.178,0.822,0,0,0,0,0,1.68E-05,0.114383834,0.501115993,0,0,0,2,16.6,11.72430326,-7.2287
2021,11,27,0,0,IMG_1709,0,0,0,0.474,0.523,0,0,0.004,0,0,0,0.296957189,0.313220065,0,0,0.002237049,2,16.7,11.79494453,-8.8735
2021,11,27,0,10,IMG_1710,0,0,0,0.694,0.306,0,0,0,0,0,0,0.429629672,0.169450886,0,0,7.13E-05,2,16.7,11.79494453,-7.0221
2021,11,27,0,20,IMG_1711,0,0,0,0.238,0.761,0,0,0.001,0,0,0,0.141512951,0.472452952,0,0,0.000486043,2,16.6,11.58304659,-7.0358
2021,11,27,0,30,IMG_1712,0,0,0,0.996,0.004,0,0,0.001,0,0,0,0.632422228,0.002507362,0,0,0.000382114,2,16.6,11.72430326,-7.1918
2021,11,27,0,40,IMG_1713,0,0,0,0.661,0.316,0,0,0.022,0,0,0,0.421834615,0.226954507,0,0,0.015158428,2,16.7,11.65283676,-7.8095
2021,11,27,1,0,IMG_1715,0,0,0,0.722,0.002,0,0,0.276,0,0,0,0.445268547,0.001240693,0,0,0.184133676,2,16.8,11.72299099,-6.9433
2021,11,27,1,20,IMG_1717,0,0,0,0.98,0.019,0,0,0.001,0,0,0,0.602383812,0.011748032,0,0,0.000779485,2,16.7,11.93705229,-6.3057
2021,11,27,1,30,IMG_1718,0,0,0,0.1,0.729,0,0,0.17,0,0,0,0.064090219,0.492397634,0,0,0.105972055,2,16.6,11.86555993,-7.0457
2021,11,27,1,50,IMG_1720,0,0,0,0.09,0,0,0,0.91,0,0,0,0.060225038,0.000158105,0,0,0.616096049,2,16.8,11.72299099,-6.4804
2021,11,27,2,0,IMG_1721,0,0,0,0.001,0.898,0,0,0.1,0,0,0,0.000900293,0.628748265,0,0,0.068412665,2,16.8,11.86595429,-4.8597
2021,11,27,2,10,IMG_1722,0,0,0,0.134,0.09,0,0,0.776,0,0,0,0.098451638,0.065654898,0,0,0.520342398,2,16.6,12.00681659,-4.0604
2021,11,27,2,40,IMG_1725,0,0,0,0.011,0,0,0,0.989,0,0,0,0.006464874,5.98E-05,0,0,0.665128117,2,16.5,12.35607883,-5.2795
2021,11,27,3,0,IMG_1727,0,0,0,0.413,0.586,0,0,0.001,0,0,0,0.261641564,0.361644516,0,0,0.000441173,2,16.4,12.56109382,-6.6051
2021,11,27,3,10,IMG_1728,0,0,0,0.716,0.008,0,0,0.277,0,0,0,0.446947266,0.005203148,0,0,0.183363266,2,16.5,12.7773088,-4.1772
2021,11,27,3,20,IMG_1729,0,0,0,0.953,0.03,0,0,0.017,0,0,0,0.60507041,0.020322514,0,0,0.010670395,2,16.5,12.63689881,-3.6024
2021,11,27,3,30,IMG_1730,0,0,0,0.748,0.252,0,0,0,0,0,0,0.465554034,0.165900939,0,0,6.80E-05,2,16.5,12.7773088,-3.5529
2021,11,27,19,30,IMG_1731,0.274,0,0,0.146,0.004,0.558,0.019,0,0.169335081,0,5.18E-06,0.081493359,0.002241053,0.299491864,0.008735006,0,2,19.2,15.49865387,-24.8224
2021,11,27,23,0,IMG_1752,0.051,0,0.018,0.1,0.157,0.002,0.673,0,0.033527261,2.18E-06,0.006242578,0.037505657,0.06901274,0.000864002,0.283641264,0,2,19.3,13.59988596,-15.9355
2021,11,27,23,10,IMG_1753,0.097,0,0,0.078,0.075,0.017,0.734,0,0.064090309,0,1.98E-05,0.031000661,0.030495793,0.008733534,0.334963972,0,2,19.5,13.25723639,-14.2341
2021,11,27,23,20,IMG_1754,0.057,0,0.017,0.11,0.282,0.056,0.478,0,0.038576134,0,0.006163093,0.043167984,0.135133977,0.027304838,0.21035483,0,2,19.7,12.73454915,-12.6324
2021,11,27,23,30,IMG_1755,0.012,0,0.019,0.117,0.647,0.017,0.189,0,0.008102021,0,0.006479868,0.046056836,0.298735239,0.008430754,0.081257632,0,2,20,12.61463355,-11.1538
2021,11,27,23,40,IMG_1756,0.01,0,0.022,0.11,0.569,0,0.289,0,0.006485968,0,0.008027434,0.043864979,0.250986283,0,0.130800984,0,2,20.1,12.51478534,-9.4491
2021,11,27,23,50,IMG_1757,0.016,0.013,0.1,0.112,0,0,0.759,0,0.009798528,0.004339648,0.044517909,0.043870192,0.000178553,0,0.278912906,0,2,20.2,12.41327502,-10.8514
2021,11,28,0,0,IMG_1758,0,0,0.008,0.795,0.196,0,0.001,0,0,0,0.004105566,0.436936922,0.110040828,0,0.000598107,0,2,20.2,12.41327502,-7.8109
2021,11,28,0,10,IMG_1759,0.002,0,0.001,0.157,0.839,0,0.001,0,0.000978005,0,0.000581017,0.0690734,0.473506964,0,0.000545959,0,2,20.3,12.3100887,-6.8765
2021,11,28,0,20,IMG_1760,0,0,0.001,0.92,0.08,0,0,0,0,0,0.000268517,0.594105837,0.043020185,0,0,0,2,20.5,12.45447422,-5.5761
2021,11,28,0,30,IMG_1761,0,0,0.001,0.241,0.758,0,0,0,0,0,0.000423588,0.133989063,0.473131806,0,4.48E-06,0,2,20.5,12.45447422,-6.1795
2021,11,28,0,40,IMG_1762,0,0,0.007,0.06,0.928,0,0.005,0,0.000121875,0,0.002994877,0.027318029,0.493955266,1.21E-05,0.00207841,0,2,20.4,12.55898668,-8.5375
2021,11,28,0,50,IMG_1763,0.002,0,0.02,0.1,0.874,0,0.004,0,0.001145981,0,0.00949375,0.045306107,0.501485757,0,0.001822033,0,2,20.2,12.76294474,-8.7448
2021,11,28,1,0,IMG_1764,0,0,0.001,0.113,0.885,0,0,0,0.000122994,0,0.000465895,0.051127419,0.51432645,0,0,0,2,20.2,12.76294474,-7.7076
2021,11,28,1,10,IMG_1765,0,0,0.003,0.105,0.885,0,0.006,0,3.92E-06,0,0.001328981,0.045022656,0.46926718,0,0.003249256,0,2,20.1,13.03623473,-8.2361
2021,11,28,1,20,IMG_1766,0,0,0,0.128,0.862,0,0.009,0,0.000148618,0,3.89E-06,0.053044787,0.494469178,0.000142961,0.004952659,0,2,19.9,13.05642353,-6.4314
2021,11,28,1,30,IMG_1767,0.005,0,0.005,0.149,0.815,0.002,0.024,0,0.002975376,0,0.003043337,0.065770763,0.485000263,0.000925218,0.013470493,0,2,19.8,13.15098272,-6.5506
2021,11,28,1,40,IMG_1768,0,0,0,0.109,0.864,0,0.027,0,0,0,0.000117278,0.049529597,0.484919787,3.31E-05,0.013735945,0,2,19.9,13.22821858,-8.0567
2021,11,28,1,50,IMG_1769,0.001,0,0.001,0.089,0.907,0,0.002,0,0.000344171,0,0.00048931,0.043598347,0.537588642,0,0.000848918,0,2,20,13.47864954,-7.9727
2021,11,28,2,0,IMG_1770,0,0,0,0.037,0.963,0,0,0,2.16E-05,0,0,0.01615326,0.496494479,0,7.45E-06,0,2,20,13.47864954,-8.6312
2021,11,28,2,10,IMG_1771,0.001,0,0,0.071,0.928,0,0,0,0.000358158,0,2.76E-05,0.031668344,0.46364233,0,0.000197378,0,2,20,13.30584634,-10.2879
2021,11,28,2,20,IMG_1772,0.002,0,0,0.051,0.942,0,0.004,0,0.001498543,0,3.44E-05,0.023249609,0.448037154,8.22E-05,0.000843848,0,2,20.1,13.55768412,-11.4277
2021,11,28,2,30,IMG_1773,0.009,0,0.003,0.126,0.796,0,0.067,0,0.005346379,0,0.001144358,0.062841752,0.405596011,2.18E-06,0.030552299,0,2,19.9,13.57180867,-16.1852
2021,11,28,2,40,IMG_1774,0,0,0.003,0.16,0.386,0,0.451,0,0,0,0.001822446,0.078080897,0.214131197,0,0.22852941,0,2,19.8,13.83415066,-10.2885
2021,11,28,2,50,IMG_1775,0.016,0,0.029,0.117,0.778,0,0.06,0,0.00877793,0,0.015520215,0.060928576,0.391832933,0,0.021761523,0,2,19.8,13.83415066,-9.3976
2021,11,28,3,0,IMG_1776,0,0,0,0.112,0.888,0,0,0,0,0,9.13E-05,0.055280273,0.457016639,0,5.88E-05,0,2,19.7,13.92310707,-9.4443
2021,11,28,3,10,IMG_1777,0,0,0,0.156,0.844,0,0,0,0,0,0,0.075494291,0.498213822,8.05E-05,0,0,2,19.7,14.09290106,-8.1816
2021,11,28,3,20,IMG_1778,0.003,0,0.002,0.118,0.722,0.002,0.153,0,0.00196099,0,0.00076537,0.051904545,0.406997431,0.001608872,0.086732835,0,2,19.7,14.09290106,-7.1586
2021,11,28,3,30,IMG_1779,0.004,0,0,0.095,0.445,0.437,0.018,0,0.00242005,0,0,0.040061629,0.23691851,0.255605942,0.009105131,0,2,19.7,13.92310707,-7.7353
2021,11,28,19,30,IMG_1780,0.001,0,0,0.137,0.862,0,0.001,0,0.000257617,0,0,0.074371056,0.529877156,0,0.000451074,0,2,21.6,14.79219569,-12.5165
2021,11,28,19,40,IMG_1781,0.005,0,0,0.984,0.011,0,0,0,0.002367375,0,0.00015622,0.700572596,0.008217796,0,0,0,2,21.8,14.77206848,-11.4648
2021,11,28,19,50,IMG_1782,0.001,0,0,0.97,0.028,0,0,0.001,0.000466128,0,0,0.645143818,0.023136516,0,0,0.000490723,2,21.9,14.85746203,-10.7878
2021,11,28,20,0,IMG_1783,0,0,0.008,0.992,0,0,0,0,0,0,0.005531941,0.739235014,3.93E-05,0,0,0,2,21.8,14.77206848,-11.0921
2021,11,28,20,10,IMG_1784,0,0,0,0.429,0.571,0,0,0,3.58E-05,0,0,0.281952562,0.431225165,9.12E-05,0,2.05E-05,2,21.8,14.96391352,-10.3746
2021,11,28,20,20,IMG_1785,0,0,0,0.953,0.047,0,0,0,5.85E-05,0,3.25E-05,0.701567511,0.037300473,0,0,0,2,21.7,14.87784065,-10.3948
2021,11,28,20,30,IMG_1786,0,0,0.002,0.931,0.068,0,0,0,5.49E-05,0,0.001092015,0.705296357,0.050228456,0,0,0,2,21.7,14.87784065,-10.0353
2021,11,28,20,40,IMG_1787,0,0,0,0.98,0.02,0,0,0,1.84E-05,0,0,0.77693563,0.014803921,0,0,1.36E-05,2,21.6,15.17148276,-10.907
2021,11,28,20,50,IMG_1788,0,0,0,0.698,0.302,0,0,0,0,0,0,0.543305642,0.224793495,0,0,0.000198993,2,21.6,15.17148276,-8.572
2021,11,28,21,0,IMG_1789,0,0,0.207,0.466,0.327,0,0,0,0.000139874,0,0.125011786,0.353256566,0.202424587,0,3.35E-05,0,2,21.6,15.17148276,-9.6568
2021,11,28,21,10,IMG_1790,0.001,0,0.001,0.115,0.883,0,0,0,0.000380138,0,0.000314295,0.059422634,0.513311005,0,0.00012367,0,2,21.3,15.28333943,-11.0798
2021,11,28,21,20,IMG_1791,0.001,0,0,0.086,0.913,0,0,0,0.000632602,0,0.000126938,0.043413311,0.562284127,0,0.00026899,0,2,21.5,15.27262984,-13.1293
2021,11,28,21,30,IMG_1792,0,0,0.005,0.101,0.873,0,0.021,0,0,0,0.003364678,0.050725075,0.539965978,0,0.012316173,0,2,21.4,15.18457409,-14.0091
2021,11,28,21,40,IMG_1793,0,0,0.001,0.126,0.87,0,0.002,0,0,0,0.001012057,0.060983631,0.53152965,0,0.001449497,0,2,21.5,15.27262984,-14.9989
2021,11,28,21,50,IMG_1794,0.007,0,0.007,0.51,0.452,0.001,0.024,0,0.003953328,0,0.003613755,0.290131355,0.245944809,0.000313086,0.010903651,0,2,21.4,15.18457409,-14.4299
2021,11,28,22,20,IMG_1797,0.005,0,0.097,0.083,0,0,0.814,0,0.00302814,5.30E-05,0.041559375,0.033794456,0.000228215,3.72E-05,0.323080927,0,2,21.4,15.18457409,-21.7049
2021,11,28,22,30,IMG_1798,0.008,0,0.015,0.119,0.747,0.001,0.11,0,0.005383173,0,0.005599016,0.046186486,0.34901404,0.000766759,0.047926863,0,2,21.4,14.99711022,-13.8954
2021,11,28,22,40,IMG_1799,0.012,0,0.01,0.101,0.24,0.012,0.624,0,0.009242082,0.000100308,0.004019869,0.039388169,0.113404597,0.007244742,0.300721477,0,2,21.5,15.08407885,-15.7022
2021,11,28,23,0,IMG_1801,0.039,0,0.039,0.055,0.105,0.002,0.76,0,0.033543878,0,0.014377209,0.020228072,0.043956535,0.000931934,0.277684322,0,2,21.6,14.60255216,-23.0729
2021,11,28,23,10,IMG_1802,0,0,0.043,0.1,0.399,0.004,0.454,0,0,0,0.015919674,0.038360314,0.169675774,0.001852697,0.206437447,0,2,21.6,14.60255216,-20.6577
2021,11,28,23,20,IMG_1803,0.009,0,0.005,0.11,0.813,0.001,0.062,0,0.005931107,0,0.001909645,0.039805717,0.39859855,9.69E-05,0.015655198,0,2,21.5,14.5184259,-16.5357
2021,11,28,23,30,IMG_1804,0,0,0.002,0.128,0.718,0.002,0.151,0,0,0,0.000676465,0.048713529,0.345144321,0.001256686,0.060411809,0,2,21.6,14.60255216,-15.0912
2021,11,28,23,40,IMG_1805,0,0,0,0.207,0.793,0,0,0,0,0,5.05E-05,0.077336058,0.314468059,0,0,0,2,21.5,14.89552787,-14.085
2021,11,28,23,50,IMG_1806,0,0,0.002,0.207,0.791,0,0,0,0,0,0.001075518,0.083116339,0.372582279,0,0,0,2,21.6,14.98183923,-11.203
2021,11,29,0,0,IMG_1807,0,0,0.015,0.547,0.439,0,0,0,0,0,0.006695328,0.253446777,0.202184758,0,0,0,2,21.6,14.79219569,-10.0377
2021,11,29,0,10,IMG_1808,0,0,0.002,0.131,0.867,0,0,0,1.39E-05,0,0.000739716,0.048701773,0.430513619,0,0,0,2,21.6,14.98183923,-9.9428
2021,11,29,0,20,IMG_1809,0.001,0,0,0.213,0.786,0,0,0,0.000579102,0,0,0.085079748,0.40302216,0,0,0,2,21.8,14.77206848,-9.8388
2021,11,29,0,30,IMG_1810,0,0,0,0.221,0.779,0,0,0,0.000106964,0,0.000112943,0.090882234,0.403423392,0,0,0,2,21.9,14.85746203,-10.3981
2021,11,29,0,40,IMG_1811,0,0,0,0.156,0.844,0,0,0,0,0,7.81E-05,0.059365986,0.471093983,0,0,0,2,21.8,14.77206848,-9.0657
2021,11,29,0,50,IMG_1812,0,0,0,0.387,0.613,0,0,0,9.43E-06,0,0,0.186034953,0.358416496,0,0,0,2,21.9,14.66450798,-9.0962
2021,11,29,1,0,IMG_1813,0.001,0,0,0.766,0.233,0,0,0,0.000604853,0,0,0.395650361,0.130512793,0,0,0,2,21.9,14.47155392,-9.7179
2021,11,29,1,10,IMG_1814,0.001,0,0,0.609,0.39,0,0,0,0.000544103,0,5.98E-06,0.313273415,0.221302021,0,0,0,2,22.1,14.44396262,-9.5902
2021,11,29,1,20,IMG_1815,0,0,0,0.756,0.244,0,0,0,0.000181761,0,0,0.39415954,0.145199497,0,0,3.38E-05,2,22.2,14.33094788,-9.4757
2021,11,29,1,30,IMG_1816,0.001,0,0,0.989,0.01,0,0,0,0.000602757,0,0,0.537510164,0.005263364,0,0,0,2,22.2,14.33094788,-9.4404
2021,11,29,1,40,IMG_1817,0.007,0,0,0.626,0.366,0,0,0,0.005186591,0,0.000172837,0.320321424,0.18054396,0,1.20E-05,0,2,22.3,14.41353063,-10.4204
2021,11,29,1,50,IMG_1818,0.004,0,0.008,0.041,0.873,0.003,0.071,0,0.003531212,0,0.00290456,0.013558278,0.36607213,0.001151134,0.017384931,0,2,22.1,14.44396262,-12.8736
2021,11,29,2,0,IMG_1819,0.085,0,0.07,0.057,0.009,0.003,0.776,0,0.068868157,0,0.023423475,0.020320868,0.003782227,0.001130957,0.268485104,0,2,22.1,14.24877394,-14.1639
2021,11,29,22,50,IMG_1831,0.006,0,0.047,0.193,0.006,0,0.748,0,0.005143908,8.10E-06,0.027386463,0.124458519,0.003358962,6.19E-05,0.304168021,0,2,20.9,14.38662419,-20.3299
2021,11,29,23,0,IMG_1832,0.242,0,0.016,0.226,0.063,0.259,0.194,0,0.168424947,0,0.009502141,0.132386937,0.037845643,0.086131017,0.0829154,0,2,21.1,14.37032803,-18.2359
2021,11,29,23,10,IMG_1833,0.101,0,0.007,0.129,0.754,0.001,0.008,0,0.071296282,0,0.003919712,0.055959007,0.414185547,0.000454522,0.002837921,0,2,20.9,14.38662419,-18.0308
2021,11,29,23,20,IMG_1834,0.022,0,0,0.246,0.73,0,0.001,0,0.016512951,0,0,0.12859849,0.385382963,4.00E-05,0.000455521,0,2,20.9,14.38662419,-17.6895
2021,11,29,23,30,IMG_1835,0,0,0,0.125,0.875,0,0,0,0,0,0.000128178,0.071994576,0.52619535,0,0,0,2,21.1,14.37032803,-12.7758
2021,11,29,23,40,IMG_1836,0,0,0,0.072,0.928,0,0,0,0,0,0,0.037482797,0.611712387,0,0,0,2,21.1,14.37032803,-7.5923
2021,11,29,23,50,IMG_1837,0,0,0,0.137,0.863,0,0,0,0,0,0,0.060908158,0.563139318,0,0,0,2,21.4,14.43471858,-8.4288
2021,11,30,0,0,IMG_1838,0,0,0,0.24,0.719,0.04,0,0.001,0,0,0,0.148172221,0.441882865,0.021009383,0,0.000540775,2,21.2,14.26855389,-13.0292
2021,11,30,0,10,IMG_1839,0,0,0,0.314,0.686,0,0,0,0,0,0,0.171371875,0.411991572,0,0,0,2,21.2,14.26855389,-14.9129
2021,11,30,0,20,IMG_1840,0,0,0,0.082,0.918,0,0,0,0,0,0,0.060451487,0.615735149,0,0,0,2,21.2,14.26855389,-14.7318
2021,11,30,0,30,IMG_1841,0,0,0,0.987,0,0,0,0.013,0,0,0,0.591120703,4.37E-05,0,0,0.009937898,2,21.2,14.45385978,-15.0353
2021,11,30,0,40,IMG_1842,0,0,0,0.021,0.979,0,0,0,0,0,0,0.009497258,0.638919479,0,0,0,2,21,14.47038309,-17.2462
2021,11,30,0,50,IMG_1843,0,0,0,0.001,0.874,0,0,0.125,0,0,0,0.000745696,0.636065325,0,0,0.086103591,2,21,14.28721369,-10.6251
2021,11,30,1,0,IMG_1844,0,0,0,0.22,0.643,0,0,0.136,0,0,0,0.147994321,0.428736659,0,0,0.107534495,2,21.3,14.35142849,-10.5461
2021,11,30,1,10,IMG_1845,0,0,0,0.06,0.008,0,0,0.931,0,0,0,0.036695651,0.004873295,0,0,0.649076142,2,21.4,14.43471858,-5.3488
2021,11,30,1,40,IMG_1848,0,0,0,0,0,0,0,1,0,0,0,6.92E-05,8.08E-05,0,0,0.770505747,2,21.4,14.24725471,-3.6957
2021,11,30,1,50,IMG_1849,0,0,0,0,0,0,0,0.999,0,0,0,3.84E-05,0.000262538,0,0,0.759935246,2,21.4,14.43471858,-2.1895
2021,11,30,2,0,IMG_1850,0,0,0,0,0,0,0,1,0,0,0,2.30E-05,7.54E-05,0,0,0.768775361,2,21.5,14.32987491,-1.1305
2021,11,30,2,20,IMG_1852,0,0,0,0,0.048,0,0,0.952,0,0,0,1.22E-05,0.03284514,0,0,0.727504597,2,21.3,14.53781068,-2.4608
2021,11,30,2,30,IMG_1853,0,0,0,0,0.968,0,0,0.032,0,0,0,1.23E-05,0.688018833,0,0,0.024213627,2,21,14.6535525,-2.9097
2021,11,30,2,40,IMG_1854,0,0,0,0,0.004,0,0,0.996,0,0,0,4.15E-05,0.00204834,0,0,0.741101765,2,21.3,15.65610381,-7.3347
2021,11,30,2,50,IMG_1855,0,0,0,0.149,0.001,0,0,0.85,0,0,0,0.078578606,0.000617668,0,0,0.610588266,2,21.7,16.59451457,-12.8635
2021,11,30,3,0,IMG_1856,0,0,0,0,0,0,0,1,0,0,0,5.80E-05,0.000185682,0,0,0.737938642,2,21.5,16.59248674,-14.1227
2021,11,30,19,30,IMG_1860,0,0,0,0.693,0.201,0,0,0.107,0,0,0,0.680185735,0.200772822,0,0,0.106541526,2,18.3,11.5693403,-4.6039
2021,11,30,19,40,IMG_1861,0,0,0,0.549,0.143,0,0,0.309,0,0,0,0.534582099,0.142696049,0,0,0.308375871,2,18.3,11.5693403,-5.0432
2021,12,1,19,30,IMG_1909,0,0,0,0.06,0.907,0,0,0.033,0,0,0,0.054011982,0.807849474,0,0,0.028897709,2,14.9,7.901831071,-9.0863
2021,12,1,19,40,IMG_1910,0,0,0,0,0.999,0,0,0.001,0,0,0,0.000215933,0.947864378,0,0,0.001143209,2,14.8,7.853817812,-8.4968
2021,12,1,19,50,IMG_1911,0,0,0,0.066,0.919,0,0,0.015,0,0,0,0.057051134,0.808074392,0,0,0.012976675,2,14.7,7.6801537,-13.5154
2021,12,1,20,0,IMG_1912,0.008,0,0,0.326,0.665,0.001,0,0,0.005042037,0,0,0.245440385,0.50645459,0.000393307,0,5.37E-05,2,14.7,7.554249541,-22.4404
2021,12,1,21,20,IMG_1920,0.026,0,0,0.586,0.015,0.374,0,0,0.014829372,0,0,0.347753463,0.007115445,0.189563123,0,0,2,14.2,7.571018728,-23.7833
2021,12,1,21,30,IMG_1921,0,0,0,0.271,0.729,0,0,0,0,0,0,0.192161779,0.519009503,0,0,0,2,14.4,7.54066916,-13.442
2021,12,1,21,40,IMG_1922,0,0,0,0.219,0.78,0,0,0.001,0,0,0,0.166367218,0.603217586,0,0,0.001047529,2,14.8,7.60046885,-9.657
2021,12,1,21,50,IMG_1923,0,0,0,0.227,0.772,0.001,0,0,0.000127201,0,0,0.160388093,0.507891541,0.00064683,2.81E-05,0,2,14.8,7.60046885,-13.4281
2021,12,1,22,0,IMG_1924,0,0,0,0.379,0.56,0.061,0,0,2.05E-05,0,0,0.241508504,0.334146161,0.038807535,0,0,2,14.8,7.727143331,-16.8579
2021,12,1,22,10,IMG_1925,0,0,0,0.353,0.641,0.006,0,0,0,0,0,0.224913597,0.363485014,0.003752825,2.56E-05,0,2,14.8,7.727143331,-19.5473
2021,12,1,22,20,IMG_1926,0.004,0,0,0.573,0.008,0.415,0,0,0.002496815,0,0,0.319469501,0.003682685,0.199033218,1.92E-06,0,2,14.7,7.806057859,-19.6097
2021,12,1,22,30,IMG_1927,0,0,0,0.34,0.66,0,0,0,0,0,0,0.216837793,0.434147784,0,0,8.92E-06,2,14.6,7.883688,-13.1822
2021,12,1,22,40,IMG_1928,0,0,0,0.337,0.663,0,0,0,0,0,0,0.212652479,0.430464859,0,0,0.000145763,2,14.7,7.931962018,-17.4495
2021,12,1,22,50,IMG_1929,0.067,0,0,0.345,0.218,0.178,0.192,0,0.045730198,0,0,0.205745485,0.108725346,0.085796394,0.096078666,0,2,14.7,8.057866177,-15.35
2021,12,1,23,0,IMG_1930,0,0,0,0.316,0.679,0,0,0.005,0,0,0,0.186335404,0.440420996,0,0,0.00271546,2,14.7,8.057866177,-14.1295
2021,12,2,1,0,IMG_1942,0,0,0,0.187,0.813,0,0,0,0,0,0,0.108166331,0.455647979,0.000142052,0,0,2,14.2,8.181584754,-33.2706
2021,12,2,1,10,IMG_1943,0,0,0,0.097,0.903,0,0,0,0,0,0,0.057497912,0.598441917,0,0,0,2,14.3,8.1089823,-13.2293
2021,12,2,1,20,IMG_1944,0.064,0,0,0.35,0.155,0.43,0,0,0.043618081,0,0,0.185758331,0.082526014,0.182541654,3.71E-06,0,2,14.5,8.084420508,-24.144
2021,12,2,1,50,IMG_1947,0.002,0,0,0.051,0.947,0,0,0,0.001300931,0,0,0.01105637,0.622457076,0,0,0,2,14.5,8.208796208,-12.2872
2021,12,5,20,0,IMG_2108,0,0,0,0.074,0.924,0.002,0,0,7.17E-05,0,0,0.049039461,0.754092135,0.001285029,0,2.02E-05,2,17.5,14.75872421,-6.4433
2021,12,5,20,10,IMG_2109,0.009,0,0.018,0.042,0.877,0.001,0.052,0,0.003518863,5.36E-05,0.011753538,0.026900511,0.73537796,0.00087684,0.038656025,0,2,17.4,14.81908609,-6.5071
2021,12,5,20,30,IMG_2111,0,0,0,0.041,0.95,0,0,0.009,0,0,0,0.029504004,0.733421943,0,0,0.008019952,2,17.4,14.81908609,-6.9403
2021,12,5,21,0,IMG_2114,0,0,0,0.001,0.998,0,0,0,0,0,0,0.000857429,0.722545425,0,0,0.000445358,2,17.4,14.22632264,-8.7353
2021,12,5,21,10,IMG_2115,0,0,0,0.065,0.906,0,0.027,0.001,0,0,0,0.058948167,0.564677133,6.31E-05,0.016652554,0.000836659,2,17.4,14.22632264,-9.78
2021,12,5,21,20,IMG_2116,0.021,0,0.004,0.176,0.076,0,0.722,0,0.013279364,0,0.003642886,0.141699159,0.063408368,0.000218555,0.294540587,0,2,17.4,14.52270437,-16.1235
2021,12,5,22,20,IMG_2122,0,0,0,0.008,0.681,0,0,0.311,0,0,0,0.007034345,0.547679935,0,0,0.265420853,2,16.8,14.01040386,-18.3664
2021,12,5,22,30,IMG_2123,0,0,0,0.053,0.945,0,0,0.002,0,0,0,0.034578621,0.601256573,0,0,0.001427637,2,16.8,14.01040386,-13.7785
2021,12,5,22,40,IMG_2124,0.014,0,0,0.139,0.847,0,0,0,0.010508729,0,0,0.089320087,0.467505071,0,1.43E-05,0.000298039,2,17,14.32409023,-15.4113
2021,12,5,22,50,IMG_2125,0,0,0,0.149,0.849,0,0,0.003,0,0,0,0.109759322,0.564004259,0,0,0.002264386,2,17,14.46877801,-7.8928
2021,12,5,23,0,IMG_2126,0,0,0,0.002,0.99,0,0,0.008,0,0,0,0.001571777,0.747134886,0,0,0.006682016,2,17,14.46877801,-5.2243
2021,12,5,23,10,IMG_2127,0,0,0,0.003,0.997,0,0,0,0,0,0,0.001353163,0.699346454,0,0,8.54E-05,2,17.1,14.55567547,-4.1546
2021,12,5,23,20,IMG_2128,0,0,0,0.003,0.345,0,0,0.652,0,0,0,0.002533233,0.282956611,0,0,0.56852823,2,17.1,14.55567547,-2.2442
2021,12,5,23,40,IMG_2130,0,0,0,0.004,0.996,0,0,0,0,0,0,0.002611118,0.657750075,0,0,0.000276382,2,17.4,14.81908609,-6.3046
2021,12,6,0,40,IMG_2136,0,0,0,0.013,0.981,0,0,0.006,0,0,0,0.003933496,0.665416286,0,0,0.00525305,2,17.3,14.73082756,-4.0778
2021,12,6,0,50,IMG_2137,0,0,0,0.001,0.999,0,0,0,0,0,0,0.000384112,0.670964926,0,0,0,2,17.3,14.73082756,-8.6122
2021,12,6,1,0,IMG_2138,0,0,0,0,0.86,0,0,0.14,0,0,0,1.29E-05,0.621797461,0,0,0.116753779,2,17.2,14.64302467,-6.223
2021,12,6,1,10,IMG_2139,0.245,0,0.002,0.177,0.539,0.006,0.028,0.002,0.205123167,0,0.00054381,0.117992728,0.28147168,0.001324587,0.005733376,0.002138334,2,17.2,14.64302467,-17.865
2021,12,6,19,30,IMG_2154,0.197,0,0.001,0.48,0.094,0.226,0.002,0,0.124936516,0,0.001267796,0.314768277,0.065820959,0.117415745,0.000704154,0,2,19,13.1988008,-19.269
2021,12,6,19,40,IMG_2155,0,0,0,0.074,0.914,0,0,0.012,0,0,0,0.061211118,0.706808691,0,0,0.011224902,2,18.8,13.04396615,-23.0693
2021,12,6,19,50,IMG_2156,0,0,0,0.016,0.856,0,0,0.128,0,0,0,0.010331062,0.751430409,0,0,0.113379845,2,18.7,13.12722812,-11.7575
2021,12,6,20,0,IMG_2157,0,0,0,0.035,0.963,0,0,0.002,0,0,0,0.027657843,0.755390302,0,0,0.002211065,2,18.8,13.36603939,-12.9033
2021,12,6,20,10,IMG_2158,0,0,0,0.033,0.967,0,0,0,0,0,0,0.02256416,0.80403101,2.82E-05,0,0,2,18.7,13.44740442,-19.5424
2021,12,6,21,0,IMG_2163,0,0,0,0.02,0.726,0,0,0.254,0,0,0,0.01880933,0.670542368,0,0,0.243617405,2,18.1,14.05933614,-20.9886
2021,12,6,21,10,IMG_2164,0,0,0,0.222,0.001,0,0,0.777,0,0,0,0.211459367,0.001198212,0,0,0.742808962,2,18.1,14.67732894,-3.7902
2021,12,6,21,20,IMG_2165,0,0,0,0.324,0.665,0.009,0,0.003,0,0,0,0.188764641,0.449014543,0.007572266,0,0.002347784,2,18.1,14.98632534,-17.8887
2021,12,6,21,30,IMG_2166,0,0,0,0.2,0.767,0.001,0,0.032,0,0,0,0.115992999,0.545589265,0.000941181,0,0.029762297,2,18.1,15.14082354,-11.6636
2021,12,6,21,40,IMG_2167,0,0,0,0.048,0.952,0,0,0,0,0,0,0.030985637,0.734703794,0,0,0,2,18.2,15.38637705,-3.2254
2021,12,6,21,50,IMG_2168,0,0,0,0.017,0.983,0,0,0,0,0,0,0.007121687,0.783834871,0,0,0,2,18.1,15.44981993,-8.5283
2021,12,6,22,0,IMG_2169,0,0,0,0.037,0.963,0,0,0,0,0,0,0.017994734,0.679426112,0,0,0,2,18,15.35831644,-3.8397
2021,12,6,22,10,IMG_2170,0.327,0,0,0.245,0.244,0.184,0,0,0.233594486,0,0,0.132861433,0.17552322,0.112153741,0,0.000301187,2,18,15.35831644,-5.8476
2021,12,6,22,20,IMG_2171,0.172,0,0.001,0.028,0.77,0.002,0.028,0,0.123698565,0,0.000384968,0.009507655,0.511120177,0.001747709,0.014654184,0,2,17.9,15.26728249,-10.8842
2021,12,6,22,30,IMG_2172,0,0,0,0,1,0,0,0,0,0,0,0,0.775988672,0,0,0,2,17.8,15.1767161,-3.974
2021,12,6,22,40,IMG_2173,0.039,0,0,0.043,0.915,0.003,0,0,0.027239168,0,2.02E-05,0.021564093,0.567780063,0.002261118,7.01E-05,0,2,17.8,15.1767161,-5.073
2021,12,6,22,50,IMG_2174,0,0,0,0.108,0.889,0,0,0.003,0,0,0,0.06721425,0.578327825,0,0,0.002854034,2,17.8,15.1767161,-4.0029
2021,12,6,23,0,IMG_2175,0,0,0,0.116,0.883,0,0,0.001,0,0,0,0.04126688,0.601644456,0,0,0.001227231,2,17.7,15.08661525,-4.0259
2021,12,7,0,30,IMG_2184,0,0,0,0.248,0.612,0,0,0.14,0,0,0,0.122399519,0.436086561,0,0,0.125753148,2,17.4,14.81908609,-1.2683
2021,12,7,2,30,IMG_2196,0,0,0,0,0.063,0,0,0.937,0,0,0,5.15E-05,0.044997175,0,0,0.700952817,2,16.9,14.38233032,-4.4486
2021,12,7,3,0,IMG_2199,0,0,0,0.056,0.922,0,0,0.022,0,0,0,0.028883391,0.57486564,0,0,0.017694073,2,17.1,14.11900521,-4.3235
2021,12,10,2,30,IMG_2326,0.428,0,0,0.304,0,0.268,0,0,0.309568427,0,0,0.142654868,0,0.077371822,4.39E-06,0,2,20.2,11.88877045,-24.0171
2021,12,10,2,50,IMG_2328,0,0,0,0.385,0.477,0.137,0,0,2.90E-05,0,0,0.177129672,0.25997817,0.068919419,0,7.70E-05,2,20.4,12.02832527,-11.5798
2021,12,10,3,0,IMG_2329,0.051,0,0,0.274,0.059,0.616,0,0,0.038649249,0,0,0.133062755,0.039683729,0.295526758,0,0,2,20.7,12.06030736,-8.7813
2021,12,10,3,10,IMG_2330,0,0,0,0.253,0.294,0.453,0,0,0,0,0,0.132582542,0.196322589,0.28747331,0,0.000122521,2,20.6,11.99033362,-6.0111
2021,12,10,3,20,IMG_2331,0,0,0,0.245,0.752,0,0,0.003,0,0,0,0.128256738,0.454252832,0.000163762,0,0.001302321,2,20.6,11.81137342,-7.3376
2021,12,10,3,30,IMG_2332,0,0,0,0.161,0.768,0.071,0,0,0,0,0,0.086416504,0.478556986,0.044186877,0,9.78E-05,2,20.7,11.88030278,-9.096
2021,12,11,2,40,IMG_2366,0.049,0,0,0.158,0.785,0.003,0.004,0,0.039794877,0,0,0.085525165,0.367400428,0.000909367,0.001002163,0.000115715,2,18,15.35831644,-17.5744
2021,12,11,2,50,IMG_2367,0.224,0,0,0.28,0.368,0.096,0.032,0,0.175596837,0,0,0.14866905,0.178995568,0.031071214,0.008457617,0,2,17.7,15.08661525,-15.6616
2021,12,11,3,0,IMG_2368,0.138,0,0,0.108,0.753,0.001,0,0,0.11112041,0,0,0.04669701,0.429859187,0.00032325,4.30E-06,1.18E-05,2,17.9,15.26728249,-16.7581
2021,12,11,3,10,IMG_2369,0,0,0,0.102,0.895,0,0,0.003,5.89E-06,0,0,0.032140129,0.50621235,0,0,0.002077441,2,17.9,15.26728249,-16.0746
2021,12,11,3,20,IMG_2370,0,0,0,0.045,0.94,0,0,0.014,0,0,0,0.025955439,0.556148039,0,0,0.011072897,2,17.9,15.26728249,-13.4774
2021,12,11,3,30,IMG_2371,0,0,0,0.044,0.951,0,0,0.005,0,0,0,0.021812635,0.581048498,0,0,0.004084067,2,17.9,15.26728249,-16.5587
2021,12,11,19,30,IMG_2372,0,0,0,0.002,0.902,0,0,0.096,0,0,0,0.001278042,0.840547408,0,0,0.091170493,2,19.3,16.58522678,-11.2046
2021,12,11,19,40,IMG_2373,0,0,0.002,0.06,0.939,0,0,0,0,0,0.000743074,0.027078441,0.783632076,0,0,0,2,19.3,16.58522678,-10.7655
2021,12,11,19,50,IMG_2374,0,0,0,0,1,0,0,0,0,0,0,0,0.827959172,0,0,0,2,19.3,16.58522678,-10.6549
2021,12,11,20,0,IMG_2375,0,0,0,0,0.714,0,0,0.285,0,0,0,0.000434315,0.655248573,0,0,0.2716702,2,19.3,16.58522678,-11.0257
2021,12,11,20,10,IMG_2376,0,0,0,0.001,0.404,0,0,0.595,0,0,0,0.000567172,0.370390745,0,0,0.552744569,2,19.3,16.58522678,-9.1189
2021,12,11,20,20,IMG_2377,0,0,0,0.001,0.001,0,0,0.998,0,0,0,0.000582106,0.001190873,0,0,0.959172498,2,19.3,16.58522678,-12.4182
2021,12,11,20,50,IMG_2380,0,0,0,0.002,0.103,0,0,0.896,0,0,0,0.001505702,0.094126457,0,0,0.821530273,2,19.4,16.68302015,-5.5395
2021,12,12,19,40,IMG_2422,0,0,0,0.042,0.019,0,0,0.938,0,0,0,0.041635261,0.018799489,0,0,0.922332647,2,17.5,12.52255387,-4.5579
2021,12,12,21,10,IMG_2431,0,0,0,0,0.28,0,0,0.72,0,0,0,2.20E-05,0.252546575,0,0,0.689079642,2,17.7,12.82362296,-4.1985
2021,12,12,22,50,IMG_2441,0,0,0,0,0.546,0,0,0.454,0,0,0,2.66E-05,0.43913261,0,0,0.380954793,2,17.1,14.55567547,-3.3187
2021,12,13,21,40,IMG_2471,0.001,0,0.002,0.25,0.62,0.126,0.001,0,0.00047838,0,0.001677126,0.16498309,0.450742864,0.096915122,0.000859172,0,2,17.1,11.93565389,-12.6499
2021,12,13,21,50,IMG_2472,0.115,0,0.002,0.196,0.037,0.65,0,0,0.060620786,0,0.001909405,0.127711193,0.025389686,0.410839874,2.47E-05,0,2,17.1,11.93565389,-24.6622
2021,12,13,22,0,IMG_2473,0.17,0,0.001,0.032,0.012,0.7,0.087,0,0.086981851,0,0.000561193,0.020659736,0.01024701,0.436011471,0.053843795,0,2,17.1,12.08121064,-22.7014
2021,12,13,22,10,IMG_2474,0.001,0,0,0.109,0.831,0.06,0,0,0.000224121,0,1.86E-05,0.075945628,0.612804958,0.034327952,5.28E-05,0,2,17.1,12.08121064,-17.3086
2021,12,14,0,40,IMG_2489,0.053,0.057,0.106,0.146,0,0,0.638,0,0.032160427,0.023292856,0.045587177,0.068202066,0,0,0.230675376,0,2,17.1,11.64454038,-26.8594
2021,12,14,0,50,IMG_2490,0.036,0,0.135,0.163,0,0,0.665,0,0.023016647,0.000139491,0.064856535,0.075985104,4.27E-05,3.24E-05,0.236667819,0,2,17.2,11.71441974,-22.7157
2021,12,14,1,0,IMG_2491,0,0.001,0.004,0.181,0.001,0,0.814,0,4.51E-06,0.000540482,0.001708496,0.089899572,0.000371567,7.36E-06,0.37655764,0,2,17.2,11.71441974,-17.5269
2021,12,14,1,10,IMG_2492,0.033,0,0.025,0.133,0.001,0,0.808,0,0.022949782,0,0.012340805,0.064443547,0.000622791,0.000133098,0.339597153,0,2,17.3,11.78466205,-20.1311
2021,12,14,1,20,IMG_2493,0.135,0,0.012,0.118,0,0,0.736,0,0.10684233,0,0.005339776,0.055232166,1.06E-05,0,0.334090482,0,2,17.3,11.78466205,-20.7465
2021,12,14,1,30,IMG_2494,0.029,0,0.003,0.143,0.001,0.002,0.822,0,0.021586005,0,0.001730919,0.066310772,0.000607617,0.000725075,0.367650361,0,2,17.4,11.70707801,-20.013
2021,12,14,1,40,IMG_2495,0.112,0,0.003,0.131,0.015,0.008,0.73,0,0.088474617,0,0.001403215,0.060324046,0.007666647,0.003080634,0.304168848,0,2,17.4,11.70707801,-17.0611
2021,12,14,1,50,IMG_2496,0.253,0,0,0.139,0.108,0.176,0.325,0,0.202274377,0,0,0.064631648,0.049972281,0.064717428,0.125986877,0,2,17.5,11.77716376,-20.8843
2021,12,14,2,0,IMG_2497,0.196,0,0,0.097,0.009,0.171,0.527,0,0.150908308,0,0,0.044671537,0.004886614,0.068112508,0.229056107,0,2,17.4,11.70707801,-22.1555
2021,12,14,2,10,IMG_2498,0.113,0,0,0.118,0.027,0.051,0.691,0,0.085923918,0,0,0.055364468,0.014248002,0.02156265,0.290566639,0,2,17.4,11.85526887,-20.2443
2021,12,14,2,20,IMG_2499,0.2,0,0,0.147,0.107,0.338,0.208,0,0.150554034,0,0,0.069882933,0.044470418,0.137448302,0.076371988,0,2,17.5,11.77716376,-17.4624
2021,12,14,2,30,IMG_2500,0.293,0,0,0.105,0.017,0.395,0.19,0,0.227907625,0,0,0.049040167,0.007976765,0.142368645,0.077353703,0,2,17.5,11.92624178,-20.5902
2021,12,14,2,40,IMG_2501,0.34,0,0,0.082,0.071,0.097,0.411,0,0.27021552,0,5.20E-05,0.038390362,0.033180469,0.028853636,0.140155544,0,2,17.5,11.77716376,-24.2224
2021,12,14,3,30,IMG_2506,0.367,0,0.006,0.097,0.004,0.025,0.501,0,0.290415753,0,0.003113101,0.040327907,0.002072048,0.009229447,0.18136881,0,2,17.7,11.91842605,-26.1706
2021,12,14,21,0,IMG_2516,0.164,0,0,0.106,0.008,0.605,0.118,0,0.083492443,0,8.15E-05,0.063628275,0.004486268,0.40116413,0.066268945,0,2,20.3,13.18938075,-22.1543
2021,12,14,23,10,IMG_2526,0.303,0,0,0.073,0.005,0.616,0.003,0,0.202788935,0,0,0.034609345,0.002899639,0.290184916,0.001461223,0,2,17.2,12.88586171,-22.0734
2021,12,14,23,20,IMG_2527,0.247,0,0,0.056,0.111,0.312,0.273,0,0.161809833,0,9.19E-05,0.024683196,0.060540925,0.154523002,0.117492338,0,2,17.1,12.95455117,-16.8595
2021,12,14,23,30,IMG_2528,0.324,0,0,0.048,0.043,0.583,0.001,0,0.21502189,0,0,0.021432174,0.022023558,0.281797551,0.000578456,0,2,17,12.87721242,-17.9489
2021,12,14,23,50,IMG_2530,0.568,0,0.006,0.039,0.005,0.317,0.066,0,0.399084007,0,0.003157489,0.021266083,0.002420575,0.146058428,0.031711208,0,2,17.2,13.03229196,-20.0435
2021,12,15,0,10,IMG_2532,0.302,0,0,0.07,0.04,0.571,0.017,0,0.199847754,0,1.48E-05,0.033768855,0.021806776,0.279346454,0.007731986,0,2,17.8,13.35551017,-16.7843
2021,12,15,0,20,IMG_2533,0.536,0,0,0.052,0.006,0.402,0.004,0,0.368998926,0,0,0.026926405,0.003590272,0.169959142,0.001581881,0,2,17.7,13.27622142,-14.5042
2021,12,15,1,0,IMG_2537,0.807,0,0,0.152,0,0.039,0.001,0,0.584473836,0,0,0.082896695,0.00018421,0.014311336,0.000520418,0,2,16.9,12.94409729,-19.4867
2021,12,15,1,20,IMG_2539,0.366,0,0.001,0.241,0.005,0.001,0.387,0,0.275833834,0,0.000661501,0.134645493,0.002095177,0.000357279,0.136005642,0,2,16.8,12.86669743,-20.1983
2021,12,15,1,30,IMG_2540,0.183,0,0.094,0.117,0.016,0.003,0.586,0,0.138656761,4.85E-05,0.051541203,0.062626435,0.007646409,0.000957918,0.215105288,0,2,17,13.0219002,-14.1221
2021,12,15,1,40,IMG_2541,0.037,0,0.019,0.073,0,0,0.87,0,0.028309946,0,0.009578531,0.043745846,8.57E-05,4.54E-05,0.347772671,0,2,17.4,13.33717748,-14.641
2021,12,15,1,50,IMG_2542,0.015,0,0.01,0.108,0,0,0.866,0,0.009013537,0,0.004965708,0.062056911,2.34E-05,3.70E-05,0.387627502,0,2,17.6,13.34731038,-11.1437
2021,12,15,2,0,IMG_2543,0.039,0,0.006,0.132,0.005,0.006,0.812,0,0.025265099,0,0.003234443,0.069454477,0.003164769,0.002638574,0.371654349,0,2,17.7,13.27622142,-11.3811
2021,12,15,2,10,IMG_2544,0.159,0,0.001,0.117,0.003,0.016,0.704,0,0.10280163,0,0.000288169,0.06347005,0.001774722,0.007344366,0.282042796,0,2,18.1,13.13234694,-11.0297
2021,12,15,2,20,IMG_2545,0.288,0,0.001,0.075,0.003,0.038,0.595,0,0.188079455,0,0.000792766,0.04249393,0.001708767,0.01503137,0.246290858,0,2,18.4,13.21082105,-11.3922
2021,12,15,2,30,IMG_2546,0.318,0,0.008,0.056,0,0,0.618,0,0.213913146,0,0.004223377,0.033490497,4.88E-05,0.000144817,0.23576552,0,2,18.7,13.12722812,-11.2396
2021,12,15,2,40,IMG_2547,0.143,0,0.001,0.232,0.002,0.001,0.621,0,0.104472393,0,0.000453929,0.115104935,0.001005551,0.000222619,0.2343362,0,2,18.5,12.97286727,-13.0962
2021,12,15,2,50,IMG_2548,0.211,0,0.001,0.278,0.019,0.218,0.273,0,0.155419171,0,0.000658376,0.145295883,0.009242142,0.080629417,0.115329853,0,2,18.4,12.89627769,-11.6668
2021,12,15,3,0,IMG_2549,0.002,0,0.017,0.175,0.691,0.028,0.087,0,0.001300376,0,0.009164866,0.08738125,0.330074181,0.01330915,0.036671913,0,2,18.3,12.97642223,-10.9063
2021,12,15,3,10,IMG_2550,0,0,0,0.058,0.942,0,0,0,5.83E-06,0,0,0.033647251,0.500276352,2.07E-06,0,0,2,18,12.90098581,-9.6988
2021,12,15,3,20,IMG_2551,0,0,0,0.148,0.849,0,0.003,0,0,0,0,0.080097213,0.441134225,2.32E-05,0.001306678,0,2,18.3,12.82007979,-9.0406
2021,12,15,3,30,IMG_2552,0.001,0,0,0.089,0.864,0.02,0.026,0,0.000507963,0,3.59E-06,0.04884197,0.448201442,0.009505649,0.011014476,0,2,18.4,12.73900602,-9.1217
2021,12,15,22,30,IMG_2571,0,0,0,1,0,0,0,0,0.000134803,0,0,0.602176803,0,0,0,0,2,18.5,14.23851285,-13.5025
2021,12,15,22,40,IMG_2572,0,0,0,1,0,0,0,0,0,0,8.05E-06,0.609862012,0,0,0,0,2,18.4,14.15445113,-15.4211
2021,12,15,23,0,IMG_2574,0,0,0,0.923,0.008,0.069,0,0,0.000193427,0,0,0.552293232,0.004700225,0.039273543,0,0,2,18.4,14.31172281,-9.508
2021,12,15,23,10,IMG_2575,0,0,0,0.987,0.013,0,0,0,0,0,0,0.606648017,0.006390693,0,0,0,2,18.7,14.56802145,-12.8352
2021,12,15,23,20,IMG_2576,0,0,0,1,0,0,0,0,0,0,0,0.652569313,0,0,0,0,2,18.9,14.90307531,-13.4245
2021,12,15,23,30,IMG_2577,0,0,0,0.195,0,0,0,0.804,0,0,0,0.143559135,0.000351946,0,0,0.700553178,2,19.1,15.07983655,-8.4205
2021,12,15,23,50,IMG_2579,0,0,0,0.182,0.007,0,0,0.811,0,0,0,0.132987455,0.004767773,0,0,0.70576537,2,19.1,15.07983655,-2.7015
2021,12,16,0,0,IMG_2580,0,0,0,0.311,0.001,0,0,0.688,0,0,0,0.238737124,0.000577629,0,0,0.611738018,2,19.3,15.25840863,-3.904
2021,12,16,20,50,IMG_2610,0,0,0,0.032,0.966,0,0,0.002,0,0,0,0.021541316,0.833114836,0,0,0.001052742,2,19.2,15.33377458,-27.4903
2021,12,16,21,50,IMG_2616,0,0,0,0.001,0.968,0,0,0.031,0,0,0,0.000606235,0.860834773,0,0,0.025865587,2,19.5,15.43880694,-26.9263
2021,12,16,22,20,IMG_2619,0,0,0,0.839,0,0,0,0.161,0,0,0,0.81166549,6.69E-05,0,0,0.155716203,2,19.5,15.43880694,-9.3585
2021,12,16,22,30,IMG_2620,0,0,0,0.657,0.02,0,0,0.323,0,0,0,0.608884773,0.017842225,0,0,0.309766391,2,19.6,15.52969576,-7.881
2021,12,16,22,40,IMG_2621,0,0,0,0.331,0.471,0,0,0.198,0,0,0,0.298972446,0.417145726,0,0,0.189048655,2,19.7,15.62104695,-7.6399
2021,12,16,23,0,IMG_2623,0,0,0,0.282,0.411,0,0,0.307,0,0,0,0.251482369,0.369035457,0,0,0.291584007,2,19.7,15.62104695,-5.1718
2021,12,16,23,20,IMG_2625,0,0,0,0.008,0.633,0,0,0.359,0,0,0,0.007105101,0.554811373,0,0,0.332165903,2,19.8,15.71286247,-11.5991
2021,12,16,23,30,IMG_2626,0,0,0,0,0.898,0,0,0.102,0,0,0,7.07E-06,0.800795095,0,0,0.087216932,2,19.9,15.80514428,-10.9666
2021,12,17,0,10,IMG_2630,0,0,0,0.085,0.915,0,0,0,0,0,0,0.043965024,0.723124061,0,0,0.000224947,2,20,15.55228793,-9.1082
2021,12,17,0,20,IMG_2631,0,0,0,0.018,0.982,0,0,0,0,0,0,0.00905178,0.769382602,0,0,0,2,20,15.55228793,-11.203
2021,12,17,0,30,IMG_2632,0,0,0,0.017,0.983,0,0,0,0,0,0,0.008559014,0.806833819,0,0,0,2,20,15.55228793,-4.5841
2021,12,17,0,40,IMG_2633,0,0,0,0.007,0.993,0,0,0,0,0,0,0.003845297,0.818977276,0,0,0,2,20.1,15.64348168,-8.1775
2021,12,17,2,10,IMG_2642,0.002,0,0,0.289,0.708,0,0,0.001,0.001196499,0,0,0.113354748,0.51552331,0,0,0.000614423,2,19.8,15.20048652,-10.5902
2021,12,17,2,50,IMG_2646,0.001,0,0,0.163,0.827,0,0,0.008,0.000941091,0,0,0.060730642,0.589706678,0,0,0.007367638,2,19.7,14.941871,-18.9818
2021,12,17,20,30,IMG_2657,0,0,0,0.758,0.181,0,0,0.061,0,0,0,0.738283398,0.179359683,0,0,0.06115302,2,15,8.206553555,-7.4666
2021,12,17,20,40,IMG_2658,0,0,0,0.706,0.127,0,0,0.167,0,0,0,0.684245883,0.123143119,0,0,0.16692938,2,15,7.950098756,-7.8432
2021,12,17,21,20,IMG_2662,0,0,0,0.001,0.976,0,0,0.023,0,0,0,0.00096431,0.933994832,0,0,0.022408646,2,15.2,7.917605104,-7.833
2021,12,17,21,50,IMG_2665,0,0,0,0.476,0.023,0,0,0.501,0,0,0,0.443887162,0.020609916,0,0,0.481744907,2,15.1,7.86961196,-8.0133
2021,12,17,23,30,IMG_2675,0,0,0,0.05,0.004,0,0,0.946,0,0,0,0.040373715,0.003126976,0,0,0.854497634,2,14.6,7.257998476,-8.0425
2021,12,17,23,50,IMG_2677,0,0,0,0.153,0.574,0,0,0.273,0,0,0,0.12490806,0.510534593,0,0,0.243371214,2,14.5,7.462542007,-8.408
2021,12,18,0,0,IMG_2678,0,0,0,0.308,0.473,0,0,0.219,0,0,0,0.259217834,0.421881949,0,0,0.194965978,2,14.5,7.462542007,-8.5852
2021,12,18,0,10,IMG_2679,0,0,0,0.219,0.038,0,0,0.743,0,0,0,0.180642383,0.031095252,0,0,0.665784901,2,14.3,7.617528827,-9.0765
2021,12,18,0,50,IMG_2683,0,0,0,0.049,0,0,0,0.951,0,0,0,0.039148903,7.18E-05,0,0,0.807428148,2,14.2,7.448905523,-9.2796
2021,12,18,1,0,IMG_2684,0,0,0,0.083,0,0,0,0.917,0,0,0,0.06712334,9.35E-05,0,0,0.767021672,2,14.3,7.248938723,-9.5292
2021,12,18,1,10,IMG_2685,0,0,0,0.19,0,0,0,0.809,0,0,0,0.148023069,0.00032343,0,0,0.675814686,2,14.3,7.003211987,-9.2744
2021,12,18,1,40,IMG_2688,0,0,0,0.103,0,0,0,0.897,0,0,0,0.0809218,5.75E-05,0,0,0.741077517,2,14.4,6.798963996,-9.5629
2021,12,18,2,0,IMG_2690,0,0,0,0.112,0.877,0,0,0.011,0,0,0,0.083355807,0.699848821,0,0,0.00880329,2,14.4,6.922581524,-10.4593
2021,12,18,2,10,IMG_2691,0,0,0,0.075,0.923,0,0,0.001,0,0,0,0.050949902,0.739723911,0,0,0.000927133,2,14.4,6.922581524,-11.6264
2021,12,18,2,20,IMG_2692,0,0,0,0.824,0.175,0,0,0.001,0,0,0,0.639801683,0.137541684,0,0,0.000947078,2,14.4,6.922581524,-10.0907
2021,12,18,2,30,IMG_2693,0,0,0,0.021,0.627,0,0,0.351,0,0,0,0.015494471,0.506551157,0,0,0.296851578,2,14.3,6.880348618,-9.4497
2021,12,18,3,30,IMG_2699,0,0,0,0.001,0.999,0,0,0,0,0,0,0.000550999,0.788215084,0,0,0.000120192,2,13.8,7.387434032,-8.7557
2021,12,18,19,30,IMG_2700,0,0,0,0.01,0.988,0,0,0.002,0,0,0,0.008629868,0.902700879,0,0,0.001356873,2,14.4,8.900461959,-8.5919
2021,12,18,19,40,IMG_2701,0,0,0,0.218,0.779,0.001,0,0.002,0,0,0,0.180574241,0.72157832,0.001022754,0,0.001229229,2,14.4,8.900461959,-7.4474
2021,12,18,19,50,IMG_2702,0,0,0,0.191,0.808,0,0,0.001,0,0,0,0.161719719,0.756345448,0,0,0.001086358,2,14.5,9.079426109,-9.5285
2021,12,18,20,0,IMG_2703,0,0,0.001,0.375,0.623,0.001,0,0,1.93E-05,0,0.000728223,0.285322018,0.472745568,0.000921297,0,0,2,14.5,9.328177509,-9.9569
2021,12,18,21,20,IMG_2711,0.188,0,0.005,0.452,0.168,0.033,0.154,0,0.08841078,0,0.003751735,0.341220155,0.116037132,0.02023258,0.100494824,0,2,14.5,8.706299009,-18.3083
2021,12,18,21,30,IMG_2712,0,0,0,0.46,0.539,0,0,0,0,0,0,0.374740527,0.468443096,0,0,0.000261238,2,14.4,8.653226904,-18.9745
2021,12,18,21,40,IMG_2713,0,0,0,0.34,0.66,0,0,0,0,0,0,0.276522198,0.556729447,0,0,3.76E-05,2,14.5,8.706299009,-15.3937
2021,12,18,21,50,IMG_2714,0,0,0,0.598,0.402,0,0,0,0,0,0,0.480443472,0.312239498,0,0,0,2,14.6,8.634515429,-8.2596
2021,12,18,22,0,IMG_2715,0,0,0,0.505,0.478,0,0,0.017,0,0,0,0.402546807,0.395113537,0,0,0.013747228,2,14.6,8.634515429,-22.7536
2021,12,18,22,10,IMG_2716,0,0,0,0.376,0.624,0,0,0,0,0,0,0.306652291,0.528281603,0,0,0.000286103,2,14.5,8.457547608,-17.4882
2021,12,18,22,20,IMG_2717,0,0,0,0.469,0.528,0,0,0.003,0,0,0,0.365010254,0.455628418,0,0,0.002186291,2,14.7,8.561482813,-8.8185
2021,12,18,22,30,IMG_2718,0,0,0,0.111,0.887,0,0,0.002,0,0,0,0.088186478,0.731056776,0,0,0.001693682,2,14.6,8.509377524,-17.8214
2021,12,18,22,40,IMG_2719,0,0,0,0.234,0.764,0,0,0.002,0,0,0,0.187861373,0.635410006,0,0,0.001811839,2,14.7,8.561482813,-11.8495
2021,12,18,22,50,IMG_2720,0,0,0,0.759,0.035,0,0,0.205,0,0,0,0.612600631,0.02851392,0,0,0.177613386,2,14.8,8.487190216,-7.8162
2021,12,18,23,0,IMG_2721,0,0,0,0.391,0.609,0,0,0,0,0,0,0.310791091,0.509194651,0,0,0.000117751,2,14.8,8.487190216,-7.2936
2021,12,18,23,10,IMG_2722,0,0,0,0.348,0.498,0,0,0.154,0,0,0,0.282162432,0.425321191,0,0,0.132688507,2,14.8,8.360515735,-7.3763
2021,12,18,23,20,IMG_2723,0,0,0,0.235,0.762,0,0,0.003,0,0,0,0.18573889,0.61393294,0,0,0.002532347,2,14.9,8.411626624,-7.9619
2021,12,18,23,30,IMG_2724,0,0,0,0.21,0.79,0,0,0,0,0,0,0.166244434,0.636362387,0,0,1.20E-05,2,14.8,8.233841254,-9.1624
2021,12,18,23,40,IMG_2725,0,0,0,0.211,0.279,0,0,0.51,0,0,0,0.169971011,0.2329907,0,0,0.425083075,2,14.9,8.284177735,-8.1121
2021,12,18,23,50,IMG_2726,0,0,0,0.105,0.001,0,0,0.894,0,0,0,0.084829845,0.001091511,0,0,0.741717984,2,14.9,8.156728847,-7.9634
2021,12,19,0,0,IMG_2727,0,0,0,0.858,0.018,0,0,0.124,0,0,0,0.706814318,0.014282174,0,0,0.103494742,2,14.9,8.156728847,-8.0396
2021,12,19,0,10,IMG_2728,0,0,0,0.677,0.042,0,0,0.281,0,0,0,0.549894449,0.03468155,0,0,0.230203208,2,14.9,8.029279959,-8.0906
2021,12,19,0,20,IMG_2729,0,0,0,0.128,0.012,0,0,0.86,0,0,0,0.100718239,0.009301916,0,0,0.697621514,2,14.9,7.901831071,-8.5806
2021,12,19,0,30,IMG_2730,0,0,0,0.67,0.076,0,0,0.254,0,0,0,0.527488274,0.060442826,0,0,0.202724121,2,14.9,7.901831071,-10.1592
2021,12,19,0,40,IMG_2731,0,0,0,0.409,0.144,0,0,0.447,0,0,0,0.32542017,0.112638401,0,0,0.359394351,2,14.9,7.901831071,-8.9721
2021,12,19,0,50,IMG_2732,0,0,0,0.471,0.328,0,0,0.201,0,0,0,0.375095568,0.26490302,0,0,0.166269328,2,14.9,7.774382182,-8.6642
2021,12,19,1,0,IMG_2733,0,0,0,0.107,0.893,0,0,0,0,0,0,0.081062673,0.705397574,0,0,0,2,14.9,7.774382182,-8.2458
2021,12,19,1,10,IMG_2734,0,0,0,0.13,0.87,0,0,0,0,0,0,0.097765362,0.707441699,0,0,3.33E-05,2,14.9,7.774382182,-8.5659
2021,12,19,1,20,IMG_2735,0,0,0,0.88,0.042,0,0,0.078,0,0,0,0.718567383,0.034345185,0,0,0.067700436,2,14.9,7.774382182,-7.855
2021,12,19,1,30,IMG_2736,0,0,0,0.037,0.963,0,0,0,0,0,0,0.026680334,0.747282535,0,0,0,2,14.9,7.646933294,-9.8746
2021,12,19,1,40,IMG_2737,0,0,0,0.054,0.946,0,0,0,0,0,0,0.038118577,0.742857482,0,0,0,2,14.9,7.519484406,-7.5881
2021,12,19,1,50,IMG_2738,0,0,0,0.187,0.813,0,0,0,0,0,0,0.134751923,0.645624264,0,0,0,2,15,7.565416558,-7.2639
2021,12,19,2,0,IMG_2739,0,0,0.003,0.091,0.905,0,0,0,0,0,0.002307843,0.067060442,0.709678899,0,0,0,2,14.9,7.519484406,-8.0087
2021,12,19,2,10,IMG_2740,0,0,0,0.316,0.684,0,0,0,0,0,9.41E-05,0.22367995,0.496439686,0,0,0,2,14.9,7.519484406,-10.4832
2021,12,19,2,20,IMG_2741,0,0,0,0.26,0.74,0,0,0,0,0,4.93E-05,0.178021717,0.552159367,0,0,0.000118277,2,14.8,7.473794369,-12.8694
2021,12,19,2,30,IMG_2742,0,0,0,0.245,0.755,0,0,0,0,0,0.000221297,0.168975038,0.542461441,0,0,0,2,14.9,7.519484406,-15.3264
2021,12,19,2,40,IMG_2743,0,0,0.003,0.327,0.67,0,0,0,0,0,0.002136741,0.220438026,0.467706122,0,0,1.48E-05,2,14.9,7.519484406,-10.4755
2021,12,19,2,50,IMG_2744,0,0,0,0.408,0.592,0,0,0,0,0,0,0.280049377,0.375845117,0,0,0,2,14.8,7.473794369,-14.6815
2021,12,19,3,0,IMG_2745,0,0,0,0.258,0.742,0,0,0,0,0,0,0.173992803,0.485699917,0,0,0,2,14.8,7.60046885,-12.7048
2021,12,19,3,10,IMG_2746,0,0,0,0.298,0.702,0,0,0,0,0,0,0.199205521,0.470669809,0,0,0,2,14.8,7.60046885,-16.7913
2021,12,19,3,20,IMG_2747,0,0,0,0.18,0.819,0,0,0.001,0,0,0,0.118750563,0.587272341,0,0,0.0005378,2,14.6,7.508274286,-14.1952
2021,12,19,3,30,IMG_2748,0,0,0.001,0.006,0.993,0,0,0,0,0,0.000642586,0.004245853,0.672464145,0,0,0,2,14.6,7.508274286,-11.7938
2021,12,19,19,30,IMG_2749,0.003,0,0,0.299,0.697,0.001,0,0,0.000944569,0,0,0.214919959,0.538185802,0.00054387,7.15E-05,0,2,16.3,8.739978276,-22.9012
2021,12,19,19,40,IMG_2750,0.004,0,0,0.302,0.692,0.002,0,0,0.001398355,0,0,0.214232362,0.514776465,0.001377704,0,0,2,16.3,8.739978276,-22.8221
2021,12,19,19,50,IMG_2751,0.018,0,0,0.341,0.639,0.001,0,0,0.006441188,0,0,0.241381858,0.475274557,0.00096887,1.97E-05,0,2,16.4,8.792765677,-17.2866
2021,12,19,20,0,IMG_2752,0,0,0,0.355,0.592,0.052,0,0,0,0,0.000261448,0.248511561,0.418368239,0.036418006,0,2.66E-05,2,16.4,8.792765677,-15.6254
2021,12,19,20,10,IMG_2753,0.276,0,0.021,0.258,0.02,0.018,0.408,0,0.119651765,0,0.01577026,0.19147159,0.012971312,0.011314573,0.267049955,0,2,16.5,8.845829166,-17.7134
2021,12,19,20,20,IMG_2754,0.011,0,0.032,0.324,0.611,0,0.022,0,0.00517678,0,0.025093089,0.240849091,0.447743975,2.30E-05,0.016341233,0,2,16.6,8.899169944,-21.9501
2021,12,20,2,10,IMG_2789,0.084,0.101,0.312,0,0,0,0.503,0,0.04758605,0.055324639,0.190984871,0.000101014,0,0,0.250903208,0,2,16.2,9.790636018,-23.6373
2021,12,20,2,20,IMG_2790,0,0.013,0.4,0.008,0,0,0.58,0,2.90E-05,0.006745643,0.241192819,0.004685141,0,0,0.308800406,0,2,16.1,9.731763698,-21.7544
2021,12,20,3,10,IMG_2795,0.001,0,0,0.252,0.745,0,0,0,0.000760126,0,0,0.16759209,0.500288664,0.000296206,0.000141166,0,2,16.1,9.868830793,-20.0014
2021,12,20,3,20,IMG_2796,0.093,0,0,0.282,0.565,0.039,0.02,0,0.053376901,0,0,0.182426322,0.348910817,0.020670748,0.010357129,0,2,16.1,9.868830793,-15.0363
2021,12,20,3,30,IMG_2797,0,0,0,0.245,0.755,0,0,0,3.31E-05,0,0,0.161973926,0.499283444,0,2.12E-05,0,2,16,9.94568295,-11.4253
2021,12,20,21,40,IMG_2811,0,0,0,0.36,0.64,0,0,0,0,0,0,0.310208128,0.455303839,0,0,0,2,17.6,12.29752192,-6.1019
2021,12,20,23,10,IMG_2820,0,0,0,0.169,0.305,0,0,0.526,0,0,0,0.135276765,0.257293465,0,0,0.450250811,2,17.7,11.91842605,-2.1821
2021,12,20,23,30,IMG_2822,0,0,0,0.2,0.001,0,0,0.799,0,0,0,0.155572123,0.001116136,0,0,0.654329192,2,17.8,12.14137288,-4.2232
2021,12,20,23,40,IMG_2823,0,0,0,0.257,0,0,0,0.743,0,0,0,0.201996131,7.71E-05,0,0,0.624414063,2,17.7,12.0692922,-3.8168
2021,12,22,22,30,IMG_2914,0,0,0,0.315,0.682,0,0,0.003,0,0,0,0.245514025,0.473408511,0,0,0.002830326,2,16.2,12.27276909,-4.2202
2021,12,22,22,40,IMG_2915,0,0,0,0.788,0.173,0,0,0.039,0,0,0,0.618504282,0.129799647,0,0,0.03538747,2,16.2,12.41066538,-7.6882
2021,12,22,22,50,IMG_2916,0,0,0,0.205,0.56,0,0,0.234,0,0,0,0.162582099,0.442578921,0,0,0.208416759,2,16.1,12.33603849,-6.1213
2021,12,22,23,20,IMG_2919,0,0,0,0,0.998,0,0,0.002,0,0,0,1.59E-05,0.808174812,0,0,0.0011205,2,16.1,12.33603849,-4.4404
2021,12,22,23,30,IMG_2920,0,0,0,0.122,0.59,0,0,0.288,0,0,0,0.082032752,0.473350481,0,0,0.251096635,2,16.2,12.41066538,-4.1248
2021,12,23,0,10,IMG_2924,0,0,0,0.001,0.993,0,0,0.007,0,0,0,0.000305574,0.758700804,0,0,0.005740625,2,16.4,12.42152612,-3.7878
2021,12,24,19,30,IMG_2981,0,0,0,0.004,0.993,0,0,0.003,0,0,0,0.003909105,0.839019666,0,0,0.002506273,2,18,13.82248479,-5.8018
2021,12,24,20,20,IMG_2986,0,0,0,0.564,0.432,0,0,0.003,0,0,0,0.561359525,0.432335735,0,0,0.00319994,2,18.3,14.07081929,-2.8221
2021,12,26,2,10,IMG_3070,0,0,0,0.085,0.045,0,0,0.871,0,0,0,0.045696965,0.032531753,0,0,0.640362553,2,12.7,9.796899396,-3.7913
2021,12,26,2,20,IMG_3071,0,0,0,0.001,0.958,0,0,0.041,0,0,0,0.000533293,0.716639949,0,0,0.020222559,2,12.8,9.745802106,-4.6255
2021,12,26,3,0,IMG_3075,0,0,0,0,1,0,0,0,0,0,0,6.48E-06,0.708310765,0,0,0,2,12.9,9.693641566,-7.9678
2021,12,26,20,20,IMG_3084,0,0,0,0,0.211,0,0,0.788,0,0,0,0.000253756,0.18596899,0,0,0.742371732,2,12.6,8.961824667,-2.9358
2021,12,27,22,10,IMG_3128,0.016,0,0,0.229,0.754,0,0,0,0.010698588,0,0,0.169831025,0.501177855,0,0,0.000148235,2,13.1,9.814331841,-6.7993
2021,12,27,22,20,IMG_3129,0.099,0,0,0.264,0.637,0,0,0,0.075764108,0,0,0.194434127,0.382920733,0,0,0,2,13.1,9.814331841,-18.9184
2021,12,27,22,30,IMG_3130,0,0,0,0.238,0.761,0,0,0,2.32E-05,0,0,0.173535389,0.38788152,0,9.76E-05,1.20E-05,2,13.2,9.76033736,-18.6968
2021,12,27,22,40,IMG_3131,0,0,0,0.093,0.619,0,0.288,0,0,0,1.15E-05,0.076764911,0.343897175,3.84E-05,0.102418134,0,2,13.3,9.820786416,-17.7332
2021,12,27,22,50,IMG_3132,0.047,0,0.002,0.127,0.449,0.014,0.36,0,0.037684976,0,0.001808714,0.089222138,0.26334541,0.009582565,0.127310314,0,2,13.3,9.820786416,-22.9103
2021,12,27,23,0,IMG_3133,0.04,0,0,0.021,0.48,0,0.459,0,0.031511268,0,7.87E-06,0.015882828,0.315664295,9.10E-06,0.140283864,0,2,13.2,9.76033736,-15.8448
2021,12,27,23,10,IMG_3134,0,0,0,0.002,0.487,0,0,0.51,0,0,0,0.001818172,0.378850368,0,0,0.425915407,2,13.3,9.820786416,-15.1447
2021,12,27,23,20,IMG_3135,0,0,0,0.001,0.999,0,0,0,0,0,0,0.001068825,0.695846417,0,0,9.35E-05,2,13.4,9.881560326,-2.1355
2021,12,27,23,30,IMG_3136,0,0,0,0.003,0.988,0,0,0.008,0,0,0,0.002698881,0.758251322,0,0,0.006927584,2,13.4,9.997813977,-8.724
2021,12,27,23,40,IMG_3137,0,0,0,0.031,0.962,0,0,0.007,0,0,0,0.015243893,0.712297236,0,0,0.004125721,2,13.3,10.05186374,-4.3464
2021,12,27,23,50,IMG_3138,0,0,0,0.031,0.969,0,0,0,0,0,0,0.015676465,0.56801223,0,0,0,2,13.3,10.05186374,-7.9316
2021,12,28,0,0,IMG_3139,0,0,0,0.001,0.999,0,0,0,0,0,0,0.000585735,0.763621086,0,0,0.000176991,2,13.4,9.997813977,-3.7609
2021,12,28,0,30,IMG_3142,0,0,0,0,1,0,0,0,0,0,0,9.87E-06,0.7277157,0,0,6.58E-05,2,13.4,10.11406763,-12.3843
2021,12,28,1,50,IMG_3150,0,0,0,0,0.983,0,0,0.017,0,0,0,5.66E-06,0.76707373,0,0,0.013201472,2,13.7,10.18426751,-4.1336
2021,12,28,2,0,IMG_3151,0,0,0,0.002,0.563,0,0,0.435,0,0,0,0.001212883,0.437881904,0,0,0.360289258,2,13.7,10.18426751,-4.8334
2021,12,28,20,30,IMG_3167,0,0,0,0.004,0.996,0,0,0,0,0,0,0.001529094,0.8196997,0,0,3.56E-05,2,16.5,12.63689881,-5.3938
2021,12,28,20,40,IMG_3168,0,0,0,0.001,0.999,0,0,0,0,0,0,0.000739446,0.813436734,0,0,0,2,16.5,12.63689881,-10.5752
2021,12,28,21,10,IMG_3171,0,0,0,0,0.94,0,0,0.06,0,0,0,1.46E-05,0.791954748,0,0,0.056121086,2,16.4,12.56109382,-8.2828
2021,12,28,21,20,IMG_3172,0,0,0,0,0.206,0,0,0.794,0,0,0,0.000141579,0.166180003,0,0,0.705731761,2,16.4,12.56109382,-5.2384
2021,12,28,21,30,IMG_3173,0,0,0,0.022,0.974,0,0,0.005,0,0,0,0.009540587,0.792804635,0,0,0.003698978,2,16.5,12.63689881,-6.1481
2021,12,28,21,40,IMG_3174,0,0,0,0.162,0.836,0,0,0.002,0,0,0,0.131415941,0.558009435,0,0,0.001921958,2,16.5,12.63689881,-12.6748
2021,12,28,21,50,IMG_3175,0.114,0,0,0.449,0.025,0.367,0.046,0,0.071640828,0,0,0.301308917,0.013847776,0.145252021,0.020599872,0,2,16.4,12.56109382,-18.6022
2021,12,28,22,40,IMG_3180,0.15,0,0.025,0.579,0.245,0,0,0,0.111104117,0,0.010562372,0.371802118,0.13850782,0,0,4.67E-05,2,15.5,12.16075747,-19.981
2021,12,28,22,50,IMG_3181,0,0,0,0.111,0.888,0,0,0,0,0,9.86E-05,0.078099429,0.552518735,0,0,0.000305138,2,15.4,12.21860447,-21.3371
2021,12,28,23,0,IMG_3182,0,0,0,0.022,0.976,0,0,0.002,0,0,0,0.007139866,0.71726878,0,0,0.001214769,2,15.3,12.14465946,-19.4272
2021,12,28,23,10,IMG_3183,0,0,0,0.01,0.989,0,0,0.001,0,0,0,0.002841812,0.695200406,0,0,0.000898558,2,15.2,12.07110286,-12.3871
2021,12,28,23,30,IMG_3185,0.127,0,0,0.443,0.414,0,0.012,0.004,0.100437492,0,0,0.322894899,0.161148633,0,0.00311422,0.003188514,2,15.5,12.42512176,-16.9169
2021,12,28,23,40,IMG_3186,0.103,0,0.005,0.233,0.017,0.001,0.641,0,0.083764611,0,0.0023279,0.153968998,0.00923436,0.000476998,0.237032572,0,2,15.5,12.42512176,-9.9456
2021,12,28,23,50,IMG_3187,0.737,0,0.004,0.184,0.001,0,0.074,0,0.567941444,0,0.001610457,0.118731325,0.000672544,0,0.029277607,0,2,15.6,12.50065227,-13.2204
2021,12,29,0,0,IMG_3188,0.614,0,0,0.29,0.001,0.09,0.004,0,0.491445959,0,0,0.179599504,0.00035127,0.039824692,0.001640392,0,2,15.2,12.20089967,-13.2941
2021,12,29,0,10,IMG_3189,0,0,0,0.002,0.998,0,0,0,0,0,0,0.000649099,0.697350293,0,0,0.000115625,2,15,12.05337553,-9.0407
2021,12,29,0,20,IMG_3190,0,0,0,0,1,0,0,0,0,0,0,0.000104635,0.649699429,0,0,0,2,15.1,12.12694302,-8.7828
2021,12,29,0,30,IMG_3191,0.049,0,0,0.031,0.916,0.003,0,0.002,0.03930462,0,0,0.01021564,0.533356723,0.000556566,5.53E-05,0.001870553,2,15.4,12.34998731,-3.6613
2021,12,29,19,50,IMG_3212,0,0,0,0.298,0,0,0,0.702,0,0,0,0.284940257,0.000299129,0,0,0.654879808,2,16.5,11.6540289,-5.1457
2021,12,29,21,50,IMG_3224,0,0,0,0.977,0.012,0,0,0.012,0,0,0,0.824341594,0.006802441,0,0,0.009643367,2,16.6,11.58304659,-7.307
2021,12,29,22,0,IMG_3225,0.016,0,0,0.81,0.174,0,0,0,0.010968517,0,0,0.640513792,0.089846665,0,0,0,2,16.6,11.58304659,-11.341
2021,12,29,22,10,IMG_3226,0,0,0,0.371,0.629,0,0,0,0,0,0,0.311246139,0.394481438,0,0,0,2,16.6,11.44178993,-13.2271
2021,12,30,19,30,IMG_3259,0,0,0,0.151,0.04,0,0,0.808,0,0,0,0.124749219,0.029133676,0,0,0.712434187,2,14,8.202486205,-16.0767
2021,12,30,19,40,IMG_3260,0,0,0,0.034,0.901,0,0,0.065,0,0,0,0.029754222,0.712261734,0,0,0.060602284,2,14.1,8.252957416,-18.0562
2021,12,30,19,50,IMG_3261,0,0,0,0.453,0.432,0,0,0.115,0,0,0,0.348960044,0.335015587,0,0,0.107361779,2,14.1,8.252957416,-19.5528
2021,12,30,20,0,IMG_3262,0,0,0,0.17,0.83,0,0,0,0,0,0,0.095763251,0.664300526,0,0,0,2,14.2,8.30369796,-18.0045
2021,12,30,20,10,IMG_3263,0,0,0,0.43,0.385,0,0,0.185,0,0,0,0.3359048,0.286610457,0,0,0.171016391,2,14.2,8.30369796,-19.9549
2021,12,30,20,20,IMG_3264,0,0,0,0.187,0.759,0,0,0.054,0,0,0,0.144599008,0.604049542,0,0,0.050169802,2,14.1,8.252957416,-15.9579
2021,12,30,20,30,IMG_3265,0,0,0,0.005,0.995,0,0,0,0,0,0,0.002642315,0.782814235,0,0,0,2,14.2,8.30369796,-16.952
2021,12,30,20,50,IMG_3267,0,0,0,0.859,0.141,0,0,0,0,0,0,0.586986441,0.092497468,0,0,0,2,14.3,8.231845668,-24.5384
2021,12,30,21,0,IMG_3268,0,0,0,0.991,0.009,0,0,0,0,0,0,0.677494223,0.005567616,0,0,7.72E-05,2,14.3,8.1089823,-22.148
2021,12,30,21,30,IMG_3271,0,0,0.004,0.809,0.187,0,0,0,0,0,0.002595508,0.538801345,0.100286516,0,2.65E-06,0,2,14.4,8.035139268,-24.5809
2021,12,30,22,40,IMG_3278,0.01,0,0,0.339,0.603,0,0.049,0,0.006295959,0,0,0.246459721,0.345905799,0,0.023594516,0,2,14.2,8.059471549,-20.6868
2021,12,30,22,50,IMG_3279,0,0,0,0.255,0.744,0,0,0.001,0,0,0,0.194637387,0.454421161,0,1.24E-05,0.001043142,2,14.2,8.059471549,-20.6158
2021,12,30,23,0,IMG_3280,0,0,0,0.295,0.705,0,0,0,0,0,0,0.2157872,0.419159187,0,0,0,2,14.3,8.1089823,-14.9927
2021,12,30,23,10,IMG_3281,0,0,0,0.28,0.72,0,0,0,0,0,0,0.205141136,0.4241811,0,0,2.26E-05,2,14.4,8.158756796,-15.0987
2021,12,30,23,20,IMG_3282,0,0,0,0.341,0.657,0.002,0,0,8.59E-05,0,0,0.215578365,0.339100886,0.001003929,1.25E-05,0,2,14.2,8.181584754,-12.446
2021,12,30,23,30,IMG_3283,0,0,0,0.283,0.676,0,0.041,0,0,0,0,0.19959674,0.333083436,6.72E-05,0.019274309,0,2,14.2,8.181584754,-19.9422
2021,12,30,23,40,IMG_3284,0.039,0,0.001,0.333,0.52,0.003,0.105,0,0.027966188,0,0.000282655,0.222183556,0.250193427,0.001054425,0.039790107,0,2,14.2,8.30369796,-20.2236
2021,12,30,23,50,IMG_3285,0.139,0,0,0.412,0.191,0.226,0.031,0,0.095414866,0,0,0.250495823,0.100536861,0.093104319,0.011015978,0,2,14.2,8.181584754,-22.9385
2021,12,31,0,0,IMG_3286,0.119,0,0,0.33,0.422,0.127,0.002,0,0.086021785,0,0,0.212244005,0.214563447,0.050405739,0.00067361,0,2,14.2,8.30369796,-23.2635
2021,12,31,0,10,IMG_3287,0.028,0,0,0.315,0.475,0.005,0.176,0,0.020000203,0,0,0.209816091,0.222104425,0.001870403,0.070365497,0,2,14.2,8.30369796,-21.859
2021,12,31,0,20,IMG_3288,0.125,0,0.005,0.336,0.055,0.105,0.375,0,0.088727644,0,0.002298062,0.218775954,0.028918532,0.040984488,0.152194396,0,2,14,8.323111002,-22.9187
2021,12,31,0,30,IMG_3289,0.257,0,0.007,0.31,0.068,0.028,0.33,0,0.183452494,0,0.003713116,0.206093397,0.035469133,0.009092931,0.140626059,0,2,13.9,8.392056164,-25.6728
2021,12,31,0,40,IMG_3290,0.067,0,0,0.394,0.472,0.036,0.03,0,0.048709405,0,0,0.23879852,0.210813003,0.015241384,0.014796409,0,2,14,8.443735799,-23.2554
2021,12,31,0,50,IMG_3291,0.043,0,0,0.367,0.352,0.059,0.179,0,0.030554297,0,0,0.229780499,0.155778809,0.02639049,0.079626405,0,2,13.9,8.392056164,-20.0902
2021,12,31,1,0,IMG_3292,0.056,0,0,0.312,0.387,0.007,0.239,0,0.04120758,0,0,0.200736681,0.182420282,0.002546101,0.102954342,0,2,13.9,8.392056164,-19.9632
2021,12,31,1,10,IMG_3293,0.164,0,0,0.295,0.109,0.162,0.27,0,0.117641166,0,0,0.194196094,0.060342368,0.06406736,0.115359751,0,2,14,8.443735799,-21.1879
2021,12,31,1,20,IMG_3294,0.134,0,0,0.28,0.271,0.045,0.269,0,0.100585261,0,0,0.183140497,0.136602975,0.014292571,0.119822746,0,2,14.1,8.495691457,-23.2943
2021,12,31,1,30,IMG_3295,0.053,0,0,0.318,0.142,0.016,0.471,0,0.038911997,0,0,0.201955213,0.068251292,0.006198565,0.203425361,0,2,14,8.443735799,-22.7858
2021,12,31,1,40,IMG_3296,0.04,0,0,0.266,0.163,0.004,0.527,0,0.029037049,0,1.86E-06,0.172860667,0.081654117,0.001870463,0.233709082,0,2,14.1,8.495691457,-21.4865
2021,12,31,1,50,IMG_3297,0.06,0,0,0.277,0.322,0.03,0.311,0,0.044242608,0,0,0.17272527,0.153376487,0.013135667,0.146744381,0,2,14.2,8.425811165,-20.2457
2021,12,31,2,0,IMG_3298,0.085,0,0,0.31,0.079,0.128,0.399,0,0.062331227,0,0,0.185623761,0.040911486,0.046982024,0.17528602,0,2,14.2,8.54792437,-20.9434
2021,12,31,3,0,IMG_3304,0.027,0,0.033,0.548,0.302,0.048,0.041,0,0.017308631,0,0.011316752,0.278826825,0.105704808,0.020758451,0.012276322,0,2,14.2,8.425811165,-26.0128
2021,12,31,3,10,IMG_3305,0.044,0,0.002,0.386,0.259,0,0.308,0,0.034871379,0,0.000589476,0.215975353,0.105656167,7.85E-05,0.114442255,0,2,14.2,8.425811165,-23.6604
2021,12,31,3,20,IMG_3306,0.047,0,0,0.368,0.372,0.001,0.213,0,0.035179815,0,8.00E-05,0.210963604,0.162474752,0.000380874,0.082712665,0,2,14.2,8.425811165,-18.5097
2021,12,31,3,30,IMG_3307,0,0,0,0.284,0.716,0,0,0,0,0,0,0.172977855,0.342720974,0,2.24E-06,0,2,14.6,8.259101714,-16.435
2021,12,31,19,40,IMG_3309,0.034,0.003,0.146,0.321,0.038,0.005,0.452,0,0.020085757,0.001830724,0.090661561,0.214463169,0.025690189,0.004312928,0.258955386,0,2,14.4,9.394932068,-22.8685
2021,12,31,20,10,IMG_3312,0.009,0.022,0.066,0.319,0.323,0.022,0.24,0,0.004089836,0.013065933,0.043859796,0.210984255,0.179523325,0.014490888,0.119512778,0,2,14.5,9.70130461,-25.2525
2021,12,31,20,20,IMG_3313,0,0,0.223,0.317,0.459,0,0.001,0,0,0,0.150361313,0.222304154,0.268523963,0,0.000260119,0,2,14.4,9.642167122,-19.857
2021,12,31,20,30,IMG_3314,0,0,0,0.223,0.777,0,0,0,0,0,0,0.168576961,0.575795065,0,0,0,2,14.5,9.70130461,-16.7889
2021,12,31,20,40,IMG_3315,0,0,0,0.176,0.794,0,0,0.031,0,0,0,0.13967648,0.673218885,0,0,0.022981032,2,14.5,9.95005601,-9.5359
2021,12,31,20,50,IMG_3316,0,0,0,0.815,0.142,0,0,0.043,0,0,0,0.672565753,0.118214851,0,0,0.038160524,2,14.6,10.01103238,-7.386
2021,12,31,21,0,IMG_3317,0,0,0,0.162,0.804,0,0,0.033,8.83E-06,0,0,0.127812267,0.708190047,4.95E-05,0,0.026021988,2,14.6,10.01103238,-6.8017
2021,12,31,21,10,IMG_3318,0,0,0,0.121,0.85,0,0,0.029,0,0,0,0.100008834,0.742458962,0,0,0.023519869,2,14.6,10.13617029,-6.1021
2021,12,31,21,20,IMG_3319,0,0,0,0.071,0.826,0,0,0.103,0,0,0,0.059312282,0.724647852,0,0,0.085358428,2,14.6,10.13617029,-6.166
2021,12,31,21,40,IMG_3321,0,0,0,0.044,0.87,0,0,0.086,0,0,0,0.038329147,0.772294141,0,0,0.072730867,2,14.8,10.13395847,-6.5946
2021,12,31,21,50,IMG_3322,0,0,0,0.117,0.782,0,0,0.1,0,0,0,0.104857565,0.703043637,0,0,0.094592788,2,14.8,10.13395847,-6.7708
2021,12,31,22,0,IMG_3323,0,0,0,0.018,0.981,0,0,0.001,0,0,0,0.016176998,0.860453493,0,0,0.000597664,2,14.8,10.13395847,-6.9762
2021,12,31,22,10,IMG_3324,0,0,0,0.458,0.487,0,0,0.055,0,0,0,0.375033586,0.421319141,0,0,0.046706641,2,14.8,10.13395847,-6.9833
2021,12,31,22,50,IMG_3328,0,0,0,0.056,0.943,0,0,0.001,0,0,0,0.048170959,0.766223107,0,0,0.000493848,2,14.9,10.32335995,-6.9584
2021,12,31,23,20,IMG_3331,0,0,0,0,0.745,0,0,0.255,0,0,0,0.000189596,0.614816707,0,0,0.216512568,2,14.8,10.38730743,-4.8245
2022,1,4,2,20,IMG_3349,0.088,0,0,0.174,0.677,0.046,0.014,0,0.067884029,0,0,0.10331383,0.351031505,0.028231611,0.004133699,0,2,16.9,11.79351086,-20.7144
2022,1,4,2,40,IMG_3351,0.282,0,0,0.168,0.086,0.442,0.02,0.001,0.21547485,0,0,0.103684893,0.054707001,0.20195009,0.007300916,0.000489461,2,16.8,11.86595429,-28.1872
2022,1,4,2,50,IMG_3352,0,0,0,0.031,0.969,0,0,0,0,0,0,0.023060246,0.559943495,0,0,0,2,16.9,11.79351086,-26.5273
2022,1,4,3,0,IMG_3353,0,0,0,0.126,0.872,0,0,0.002,1.20E-05,0,0,0.053947521,0.528987793,0,0,0.001532512,2,16.9,11.79351086,-22.0208
2022,1,4,3,10,IMG_3354,0,0,0,0.053,0.947,0,0,0,0,0,0,0.03177681,0.639647731,0,0,0.000137545,2,16.8,11.86595429,-24.4897
2022,1,4,3,20,IMG_3355,0,0,0,0.125,0.875,0,0,0,0,0,0,0.085444208,0.531165302,0,0,0,2,16.8,11.86595429,-13.118
2022,1,4,19,30,IMG_3357,0.095,0,0.006,0.414,0.004,0.479,0.001,0,0.053135314,0,0.002965865,0.230418142,0.002519712,0.279876157,0.000910397,0,2,17.8,12.59667436,-25.8787
2022,1,4,20,40,IMG_3364,0.218,0,0,0.21,0.001,0.571,0,0,0.147242939,0,0,0.121277013,0.000339836,0.292202704,0,0,2,17.6,12.74743126,-23.7575
2022,1,4,20,50,IMG_3365,0.042,0,0,0.23,0.105,0.623,0,0,0.028985464,0,0,0.129193975,0.063156843,0.366544238,0,0,2,17.6,12.59746148,-23.6156
2022,1,4,21,0,IMG_3366,0.039,0,0.003,0.138,0.436,0.383,0,0,0.027953576,0,0.002160014,0.082513875,0.288149482,0.273414934,0.000149797,0,2,17.6,12.59746148,-18.542
2022,1,4,21,10,IMG_3367,0,0,0.001,0.166,0.741,0.093,0,0,0,0,0.000656288,0.100999572,0.580377719,0.070380724,0.00016588,0,2,17.7,12.67275681,-16.4006
2022,1,4,21,20,IMG_3368,0.005,0,0.001,0.154,0.511,0.304,0.025,0,0.001849932,0,0.000506813,0.09774831,0.339987447,0.212673806,0.012347138,0,2,17.9,12.67184447,-6.4407
2022,1,4,21,30,IMG_3369,0.065,0,0,0.2,0.156,0.577,0.001,0,0.044920252,0,5.36E-05,0.115431393,0.086483932,0.345190219,0.000282895,0,2,18,12.74740264,-19.3048
2022,1,4,21,40,IMG_3370,0.244,0,0,0.21,0.004,0.542,0,0,0.160407715,0,0,0.116724497,0.002719471,0.255141932,5.86E-06,0,2,18,12.74740264,-22.5756
2022,1,4,21,50,IMG_3371,0.018,0,0.001,0.122,0.649,0.134,0.075,0,0.011574722,0,0.000659938,0.066543532,0.354696777,0.085585322,0.035925248,0,2,18,12.74740264,-26.8733
2022,1,4,22,0,IMG_3372,0.008,0,0,0.167,0.541,0.281,0.003,0,0.004882166,0,4.19E-05,0.083079868,0.274168697,0.182151029,0.00115314,0,2,18.1,12.82335055,-11.7903
2022,1,4,22,20,IMG_3374,0,0,0,0.082,0.591,0.326,0,0,0.000283834,0,0,0.041525,0.342502066,0.221989829,0.000119749,0,2,18.1,12.97784874,-17.4579
2022,1,4,22,30,IMG_3375,0,0,0,0.003,0.995,0,0,0.002,0,0,0,0.002060502,0.800581077,0,0,0.000867916,2,18.1,12.97784874,-8.8568
2022,1,5,19,30,IMG_3406,0,0,0,0.331,0.669,0,0,0,0,0,0,0.267641136,0.416595673,0,6.74E-05,0,2,18.3,13.2891071,-10.0558
2022,1,5,19,40,IMG_3407,0,0,0,0.203,0.796,0,0,0,7.90E-05,0,0,0.171932535,0.536734743,0,5.79E-05,0,2,18.2,13.21052575,-17.2444
2022,1,5,19,50,IMG_3408,0.028,0,0.033,0.218,0.477,0,0.244,0,0.015967225,0,0.02104532,0.169349752,0.282831828,0,0.123995425,0,2,18.3,13.13276467,-16.0713
2022,1,5,20,0,IMG_3409,0,0,0.005,0.2,0.795,0,0,0,0,0,0.004575706,0.14782349,0.500058947,0,3.59E-06,0,2,18.2,13.21052575,-12.552
2022,1,5,20,10,IMG_3410,0,0,0,0.282,0.718,0,0,0,0,0,0,0.214061028,0.530915054,0,0,0,2,18.3,13.13276467,-7.9036
2022,1,5,20,50,IMG_3414,0,0,0,0.223,0.777,0,0,0,0,0,0,0.17932044,0.673985231,0,0,9.88E-05,2,18.9,12.79720597,-4.1426
2022,1,5,21,0,IMG_3415,0,0,0,0.149,0.851,0,0,0,0,0,0,0.117337891,0.691291361,0,0,0,2,19.2,12.69570583,-4.0171
2022,1,5,22,40,IMG_3425,0,0,0,0.34,0,0,0,0.66,0,0,0,0.311655266,0.000106197,0,0,0.60040948,2,18,13.82248479,-2.1507
2022,1,6,19,30,IMG_3455,0,0,0,0,0.007,0,0,0.993,0,0,0,4.35E-05,0.007103748,0,0,0.919291864,2,14.1,11.16576592,-3.8587
2022,1,6,23,20,IMG_3478,0,0,0,0,1,0,0,0,0,0,0,6.63E-05,0.732094584,0,0,0,2,13.9,11.02955953,-4.7053
2022,1,6,23,30,IMG_3479,0,0,0,0,1,0,0,0,0,0,0,6.42E-06,0.784737492,0,0,0,2,13.9,10.90967301,-9.2559
2022,1,7,19,30,IMG_3504,0,0,0.029,0.337,0.633,0,0.001,0,5.04E-06,0,0.012594035,0.244314641,0.388843622,0,0.00046887,0,2,15.3,9.532904734,-20.1454
2022,1,7,19,40,IMG_3505,0,0,0,0.361,0.639,0,0,0,0,0,0,0.279447468,0.357870065,0,2.74E-06,0,2,15.2,9.475166764,-18.7668
2022,1,7,20,0,IMG_3507,0.001,0,0,0.408,0.518,0.07,0.004,0,0.0005657,0,0,0.298886185,0.305251194,0.035397138,0.001764115,0,2,15.3,9.532904734,-21.9666
2022,1,7,20,10,IMG_3508,0.003,0,0.017,0.407,0.564,0,0.008,0,0.001981821,0,0.009963379,0.29359861,0.316346687,0.000127291,0.003560877,0,2,15.3,9.532904734,-22.22
2022,1,7,20,20,IMG_3509,0,0,0,0.353,0.647,0,0,0,0,0,0,0.265678553,0.391773017,0,0,0,2,15.3,9.532904734,-18.3426
2022,1,7,20,30,IMG_3510,0,0,0,0.194,0.806,0,0,0,0,0,0,0.16284994,0.542271019,0,0,2.00E-05,2,15.3,9.532904734,-19.5733
2022,1,7,20,40,IMG_3511,0,0,0,0.246,0.753,0,0,0,0,0,0,0.191054102,0.506027847,0,0,0.000241151,2,15.4,9.590947594,-17.0401
2022,1,7,20,50,IMG_3512,0,0,0,0.067,0.908,0,0,0.024,0,0,0,0.060109645,0.75427328,0,0,0.019752607,2,15.4,9.590947594,-10.7934
2022,1,7,21,0,IMG_3513,0,0,0,0.038,0.959,0,0,0.004,0,0,0,0.033584826,0.815295207,0,0,0.003247461,2,15.5,9.517114541,-7.229
2022,1,7,21,20,IMG_3515,0,0,0,0,1,0,0,0,0,0,0,0,0.84405643,0,0,0,2,15.6,9.441982036,-7.3578
2022,1,7,21,30,IMG_3516,0,0,0,0.046,0.954,0,0,0,0,0,0,0.039805424,0.816943908,0,0,0,2,15.6,9.441982036,-6.6529
2022,1,7,21,40,IMG_3517,0,0,0,0.112,0.888,0,0,0,0,0,0,0.092200316,0.59723614,0,0,0,2,15.6,9.308996373,-7.6219
2022,1,7,21,50,IMG_3518,0,0,0,0.039,0.961,0,0,0,0,0,0,0.03354046,0.729047679,0,0,0.000194727,2,15.6,9.308996373,-12.1754
2022,1,7,22,0,IMG_3519,0,0,0,0,1,0,0,0,0,0,0,4.95E-05,0.786023047,0,0,0,2,15.6,9.441982036,-8.7829
2022,1,7,22,10,IMG_3520,0,0,0,0.038,0.947,0,0,0.015,0,0,0,0.032539213,0.754002344,0,0,0.0109907,2,15.5,9.384932395,-7.5675
2022,1,7,22,20,IMG_3521,0,0,0,0.069,0.927,0,0,0.004,0,0,0,0.05620628,0.739093465,0,0,0.00319517,2,15.5,9.517114541,-5.5953
2022,1,7,22,30,IMG_3522,0,0,0,0.176,0.824,0,0,0,0,0,0,0.131107565,0.537496702,0,0,7.06E-05,2,15.5,9.517114541,-9.3614
2022,1,7,22,40,IMG_3523,0.076,0,0.002,0.233,0.178,0.459,0.052,0,0.052357565,0,0.000690107,0.154023287,0.091722784,0.232951517,0.018634728,0,2,15.4,9.459564751,-18.6799
2022,1,7,23,10,IMG_3526,0.234,0,0,0.237,0.008,0.002,0.519,0,0.169292248,0,0,0.147956671,0.004565685,0.00082968,0.213532302,0,2,15.2,9.475166764,-28.959
2022,1,7,23,50,IMG_3530,0,0,0,0.016,0.961,0,0,0.023,0,0,0,0.013237064,0.744920575,0,0,0.018520252,2,15.2,9.604963569,-4.9904
2022,1,8,0,0,IMG_3531,0,0,0,0.001,0.999,0,0,0,0,0,0,0.000420936,0.718131423,0,0,7.63E-05,2,15.1,9.546742378,-10.1977
2022,1,8,0,10,IMG_3532,0,0,0,0,1,0,0,0,0,0,0,0,0.761861982,0,0,0,2,15.2,9.604963569,-9.7455
2022,1,8,0,40,IMG_3535,0,0,0,0.042,0.937,0,0,0.021,0,0,0,0.024763356,0.649600593,0,0,0.013713559,2,15.1,9.67575241,-5.348
2022,1,8,0,50,IMG_3536,0,0,0,0.526,0.445,0.002,0,0.027,0,0,0,0.310534352,0.235250931,0.000987785,0,0.017638221,2,15,9.873509745,-6.6804
2022,1,8,1,0,IMG_3537,0,0,0,0.278,0.722,0,0,0,0,0,0,0.179131964,0.349311283,0,0,0,2,14.8,9.880609505,-10.0515
2022,1,8,1,10,IMG_3538,0,0,0.001,0.363,0.636,0,0,0,7.98E-05,0,7.69E-05,0.229301825,0.267135682,0,5.76E-05,0,2,14.9,9.813564394,-10.8234
2022,1,8,1,20,IMG_3539,0.001,0,0,0.265,0.734,0,0,0,0.000474377,0,0,0.159382775,0.38231715,0,0,1.08E-05,2,14.8,9.880609505,-12.5673
2022,1,8,1,30,IMG_3540,0,0,0,0.207,0.784,0,0,0.009,0,0,0,0.137837072,0.497027659,0,0,0.006159352,2,14.8,9.880609505,-8.9675
2022,1,8,1,40,IMG_3541,0,0,0,0.136,0.861,0,0,0.002,0,0,0,0.089558113,0.51804982,0,0,0.001754545,2,14.8,9.753935024,-9.8295
2022,1,8,1,50,IMG_3542,0.013,0,0,0.363,0.623,0,0,0,0.010852982,0,0,0.19359973,0.320213755,0,0,4.52E-05,2,14.9,9.686115506,-10.556
2022,1,8,2,0,IMG_3543,0,0,0,0.132,0.854,0,0,0.014,0,0,0,0.079186463,0.534471334,0,0,0.008420005,2,14.9,9.813564394,-14.286
2022,1,8,2,10,IMG_3544,0,0,0,0.122,0.852,0,0,0.026,0,0,0,0.081613552,0.576627224,0,0,0.017914814,2,14.8,9.753935024,-7.4332
2022,1,8,3,0,IMG_3549,0,0,0,0.583,0.093,0,0,0.324,0,0,0,0.381314453,0.066258984,0,0,0.222206325,2,14.9,9.558666618,-6.9069
2022,1,8,3,10,IMG_3550,0,0,0,0.148,0.671,0,0,0.181,0,0,0,0.093874992,0.473505611,0,0,0.124537109,2,14.8,9.627260544,-6.1528
2022,1,8,3,30,IMG_3552,0,0,0,0.005,0,0,0,0.995,0,0,0,0.002630769,6.65E-05,0,0,0.66807168,2,14.4,9.889402176,-6.6917
2022,1,8,23,20,IMG_3576,0.209,0,0,0.213,0.041,0.489,0.048,0,0.148668134,0,0,0.136587718,0.023336366,0.207245891,0.025003035,0,2,15.1,10.32080257,-24.5915
2022,1,8,23,50,IMG_3579,0.306,0,0,0.293,0.268,0.133,0,0,0.232902937,0,0,0.197437605,0.147339949,0.053191609,7.96E-05,0,2,15.4,10.37924466,-25.1652
2022,1,9,0,0,IMG_3580,0.033,0,0,0.266,0.7,0,0,0,0.023715122,0,0,0.14711854,0.380147033,0,0.000115452,0.000198438,2,15.6,10.37288167,-24.1823
2022,1,9,0,10,IMG_3581,0,0,0,0,1,0,0,0,0,0,0,1.16E-05,0.663985817,0,0,0,2,15.6,10.37288167,-11.9489
2022,1,9,0,20,IMG_3582,0,0,0,0.054,0.945,0,0,0.001,0,0,0,0.028840377,0.594898896,0,0,0.000728989,2,15.7,10.43588602,-8.1852
2022,1,9,0,30,IMG_3583,0,0,0,0.095,0.905,0,0,0,0,0,0,0.061586306,0.545526255,0,0,9.24E-05,2,15.7,10.43588602,-9.955
2022,1,9,0,40,IMG_3584,0,0,0,0.027,0.973,0,0,0,0,0,0,0.007554087,0.641413499,0,0,0,2,15.7,10.43588602,-10.9577
2022,1,9,0,50,IMG_3585,0,0,0,0,0.998,0,0,0.001,0,0,0,7.15E-05,0.65820498,0,0,0.001155146,2,15.7,10.43588602,-11.1156
2022,1,9,1,0,IMG_3586,0,0,0,0.005,0.995,0,0,0,0,0,0,0.002508045,0.653609337,0,0,0,2,15.7,10.43588602,-12.8704
2022,1,9,1,10,IMG_3587,0,0,0,0,1,0,0,0,0,0,0,0,0.677342218,0,0,0,2,15.6,10.37288167,-13.5223
2022,1,9,1,20,IMG_3588,0,0,0,0.005,0.995,0,0,0,0,0,0,0.001691556,0.668311621,0,0,0.000148205,2,15.6,10.37288167,-7.1257
2022,1,9,1,30,IMG_3589,0,0,0,0.045,0.954,0,0,0.002,0,0,0,0.013449782,0.633235209,0,0,0.001317428,2,15.6,10.37288167,-10.2867
2022,1,9,2,30,IMG_3595,0,0,0,0,0.507,0,0,0.493,0,0,0,2.38E-05,0.366829364,0,0,0.387822664,2,15.5,10.31020742,-3.5781
2022,1,9,2,50,IMG_3597,0,0,0,0,0.085,0,0,0.915,0,0,0,0.000166587,0.057341279,0,0,0.706421394,2,15.4,10.24786181,-6.1115
2022,1,10,20,10,IMG_3655,0,0,0,0.144,0.849,0.002,0.006,0,0,0,0,0.143033767,0.848559811,0.00152494,0.005889423,1.46E-05,2,16.4,12.28195841,-3.5005
2022,1,11,21,30,IMG_3712,0,0,0,0.205,0.003,0,0,0.792,0,0,0,0.164888236,0.002079237,0,0,0.66685326,2,11.7,6.694857501,-8.4935
2022,1,11,21,40,IMG_3713,0,0,0,0.815,0.157,0,0,0.028,0,0,0,0.622735817,0.121182212,0,0,0.025320162,2,12,6.288541565,-13.7837
2022,1,11,21,50,IMG_3714,0,0,0,0.013,0.023,0,0,0.964,0,0,0,0.009215715,0.017147228,0,0,0.774608519,2,12,6.181956115,-20.9203
2022,1,11,22,0,IMG_3715,0,0,0,0.524,0.17,0,0,0.307,0,0,0,0.416621537,0.12823279,0,0,0.275080273,2,12,6.288541565,-11.0941
2022,1,11,22,30,IMG_3718,0,0,0,0,0.952,0,0,0.048,0,0,0,1.15E-05,0.761330544,0,0,0.038534037,2,12,6.608297916,-6.1153
2022,1,11,22,40,IMG_3719,0,0,0,0.009,0.991,0,0,0.001,0,0,0,0.007286809,0.72852829,0,0,0.000459766,2,11.9,6.567190905,-7.4659
2022,1,11,22,50,IMG_3720,0,0,0,0.284,0.715,0,0,0,0,0,0,0.218001773,0.460955942,0,0,0.00020945,2,11.9,6.567190905,-13.2873
2022,1,11,23,0,IMG_3721,0,0,0,0,0.937,0,0,0.063,0,0,0,0.000265723,0.684502118,0,0,0.047366639,2,11.8,6.315780326,-11.7565
2022,1,11,23,20,IMG_3723,0,0,0,0.005,0.054,0,0,0.942,0,0,0,0.003126382,0.040141759,0,0,0.746240069,2,11.9,6.143501169,-4.4789
2022,1,11,23,30,IMG_3724,0,0,0,0,0.587,0,0,0.413,0,0,0,1.24E-05,0.462756175,0,0,0.334255867,2,11.9,6.143501169,-4.5385
2022,1,11,23,50,IMG_3726,0,0,0,0,0.373,0,0,0.627,0,0,0,1.85E-05,0.283669757,0,0,0.518154132,2,11.9,6.143501169,-4.3942
2022,1,12,19,30,IMG_3749,0,0,0,0.027,0.865,0,0,0.109,0,0,0,0.018802704,0.762352118,0,0,0.102244118,2,12.9,9.130057754,-8.7393
2022,1,12,19,40,IMG_3750,0,0,0,0.155,0.845,0,0,0,0,0,4.35E-05,0.138557843,0.679185164,0,0,0.000274617,2,12.8,9.073677823,-15.756
2022,1,12,20,0,IMG_3752,0,0,0,0.063,0.1,0,0,0.837,0,0,0,0.054666699,0.08478919,0,0,0.743779545,2,12.8,9.073677823,-7.5234
2022,1,12,20,20,IMG_3754,0,0,0,0.814,0.185,0,0,0.001,0,0,0,0.733181475,0.134408526,0,0,0.000950195,2,12.8,9.073677823,-10.5864
2022,1,12,20,30,IMG_3755,0,0,0,0.61,0.327,0,0,0.063,0,0,0,0.553500864,0.272860074,0,0,0.056267526,2,12.9,9.242774516,-10.0384
2022,1,12,20,40,IMG_3756,0,0,0,0.131,0.712,0,0,0.157,0,0,0,0.114016459,0.62353922,0,0,0.143811779,2,13,9.186741741,-11.677
2022,1,12,20,50,IMG_3757,0,0,0,0.09,0.671,0,0,0.239,0,0,0,0.081679072,0.58682636,0,0,0.208583083,2,12.8,9.185698537,-14.4684
2022,1,12,21,0,IMG_3758,0,0,0,0.303,0.647,0,0,0.049,0,0,0,0.264514633,0.549295636,0,0,0.040876517,2,12.8,9.185698537,-13.3589
2022,1,12,21,10,IMG_3759,0,0,0,0.058,0.753,0,0,0.189,0,0,0,0.052743682,0.630003238,0,0,0.161268915,2,12.8,9.185698537,-8.3267
2022,1,12,21,20,IMG_3760,0,0,0,0.301,0.094,0,0,0.605,0,0,0,0.253753621,0.083188161,0,0,0.529292781,2,12.9,9.242774516,-8.3382
2022,1,12,21,30,IMG_3761,0,0,0,0.226,0.026,0,0,0.747,0,0,0,0.195789648,0.021315077,0,0,0.643699564,2,12.9,9.242774516,-7.9216
2022,1,12,21,40,IMG_3762,0,0,0,0.159,0.72,0,0,0.121,0,0,0,0.138602178,0.59213892,0,0,0.103189573,2,12.9,9.242774516,-8.2561
2022,1,12,21,50,IMG_3763,0,0,0,0.146,0.832,0,0,0.022,0,0,0,0.121882129,0.676543705,0,0,0.018741046,2,12.9,9.355491279,-10.0415
2022,1,12,22,0,IMG_3764,0,0,0,0.265,0.713,0,0,0.021,0,0,0,0.214111636,0.549521672,0,0,0.017527719,2,12.7,9.46291419,-9.0869
2022,1,12,22,10,IMG_3765,0,0,0,0.275,0.723,0,0,0.002,0,0,0,0.222422438,0.541109833,0,0,0.001559645,2,12.6,9.40438391,-9.8919
2022,1,12,22,20,IMG_3766,0,0,0,0.142,0.836,0,0,0.021,0,0,0,0.117344486,0.658913409,0,0,0.017701502,2,12.6,9.40438391,-8.3469
2022,1,12,22,30,IMG_3767,0,0,0,0.209,0.789,0,0,0.001,0,0,0,0.169412237,0.622791023,0,0,0.001044111,2,12.5,9.566078261,-7.8607
2022,1,12,22,40,IMG_3768,0,0,0,0.215,0.784,0,0,0.001,0,0,0,0.17444511,0.591518254,0,0,0.000666301,2,12.4,9.506813732,-9.1125
2022,1,12,22,50,IMG_3769,0,0,0,0.001,0.998,0,0,0.001,0,0,0,0.000793329,0.756183804,0,0,0.000445358,2,12.4,9.506813732,-12.5119
2022,1,12,23,10,IMG_3771,0,0,0,0.183,0.769,0,0,0.048,0,0,0,0.143639175,0.617249301,0,0,0.037297115,2,12.4,9.616087453,-10.2144
2022,1,12,23,30,IMG_3773,0,0,0,0,1,0,0,0,0,0,0,1.69E-05,0.742563574,0,0,0,2,12.5,9.676033184,-8.0682
2022,1,12,23,40,IMG_3774,0,0,0,0,1,0,0,0,0,0,0,0,0.720728283,0,0,0,2,12.5,9.676033184,-10.3453
2022,1,12,23,50,IMG_3775,0,0,0,0,0.999,0,0,0.001,0,0,0,4.16E-05,0.76036093,0,0,0.000900473,2,12.6,9.625663532,-7.7509
2022,1,13,0,0,IMG_3776,0,0,0,0.026,0.968,0,0,0.006,0,0,0,0.016121327,0.675856663,0,0,0.004842248,2,12.7,9.574242592,-11.2422
2022,1,13,0,10,IMG_3777,0,0,0,0.058,0.934,0,0,0.008,0,0,0,0.039953275,0.667347551,0,0,0.005644621,2,12.8,9.521760678,-12.5944
2022,1,13,0,30,IMG_3779,0,0,0,0.018,0.982,0,0,0,0,0,0,0.012506926,0.650752644,0,0,0,2,12.8,9.521760678,-8.4099
2022,1,13,0,40,IMG_3780,0,0,0,0.001,0.999,0,0,0,0,0,0,0.000708661,0.65246736,0,0,0,2,12.9,9.580924804,-8.8216
2022,1,13,2,50,IMG_3793,0,0,0,0,0.007,0,0,0.993,0,0,0,3.69E-05,0.00371739,0,0,0.728899737,2,13,9.640407999,-6.8189
2022,1,13,22,50,IMG_3800,0,0,0,0.825,0,0,0,0.175,0,0,0,0.623477126,1.35E-05,0,0,0.143610337,2,11.9,6.884958206,-16.4351
2022,1,13,23,0,IMG_3801,0,0,0,0.009,0,0,0,0.991,0,0,0,0.006478133,8.45E-05,0,0,0.801096191,2,11.8,6.842095354,-17.5504
2022,1,13,23,40,IMG_3805,0,0,0,0.013,0,0,0,0.987,0,0,0,0.009284886,5.37E-05,0,0,0.825549437,2,11.8,6.631569343,-9.434
2022,1,13,23,50,IMG_3806,0,0,0,0.005,0,0,0,0.995,0,0,0,0.003893758,6.95E-05,0,0,0.822475023,2,11.8,6.631569343,-11.8454
2022,1,14,0,0,IMG_3807,0,0,0,0,0,0,0,1,0,0,0,0.000136538,0.00010163,0,0,0.818275331,2,11.7,6.590250353,-15.9692
2022,1,14,0,30,IMG_3810,0,0,0,0.002,0,0,0,0.998,0,0,0,0.00120764,7.44E-05,0,0,0.782092112,2,11.7,6.276428908,-9.7146
2022,1,14,1,10,IMG_3814,0,0,0,0,0,0,0,1,0,0,0,0.000129207,3.62E-05,0,0,0.786370808,2,11.7,6.171821759,-7.0149
2022,1,14,1,40,IMG_3817,0,0,0,0,0,0,0,1,0,0,0,8.43E-05,5.14E-05,0,0,0.759690918,2,11.7,6.171821759,-10.3422
2022,1,14,1,50,IMG_3818,0,0,0,0,0,0,0,1,0,0,0,6.18E-05,5.63E-05,0,0,0.773495065,2,11.8,6.210517321,-8.4665
2022,1,14,2,10,IMG_3820,0,0,0,0,0,0,0,1,0,0,0,0.000106964,6.66E-05,0,0,0.728521928,2,11.7,6.171821759,-8.4624
2022,1,14,2,20,IMG_3821,0,0,0,0,0,0,0,1,0,0,0,0.000134683,7.53E-05,0,0,0.723075218,2,11.7,6.171821759,-9.0013
2022,1,14,2,30,IMG_3822,0,0,0,0,0,0,0,1,0,0,0,7.65E-05,5.91E-05,0,0,0.71768306,2,11.7,6.171821759,-11.0139
2022,1,14,2,40,IMG_3823,0,0,0,0.008,0,0,0,0.992,0,0,0,0.004063146,5.18E-05,0,0,0.677732933,2,11.6,6.237290808,-10.7676
2022,1,14,2,50,IMG_3824,0,0,0,0,0,0,0,1,0,0,0,8.22E-05,6.17E-05,0,0,0.708883211,2,11.6,6.341245654,-10.9097
2022,1,14,3,0,IMG_3825,0,0,0,0,0,0,0,1,0,0,0,5.23E-05,6.67E-05,0,0,0.722911095,2,11.6,6.237290808,-11.4468
2022,1,14,3,10,IMG_3826,0,0,0,0.005,0,0,0,0.995,0,0,0,0.002175834,4.99E-05,0,0,0.667378245,2,11.6,6.237290808,-17.0065
2022,1,14,3,20,IMG_3827,0,0,0,0.003,0,0,0,0.996,0,0,0,0.001631994,8.16E-05,0,0,0.675692931,2,11.5,6.198365057,-15.3046
2022,1,14,3,30,IMG_3828,0,0,0,0.098,0,0,0,0.902,0,0,0,0.047938229,5.90E-05,0,0,0.603816962,2,11.5,6.301671141,-15.7559
2022,1,14,19,30,IMG_3829,0,0,0,0.412,0.572,0,0,0.017,0,0,0,0.327230807,0.425066016,0,0,0.013478801,2,13.1,8.673130464,-15.4641
2022,1,14,19,40,IMG_3830,0,0,0,0.367,0.626,0,0,0.007,0,0,0,0.300860434,0.457052847,0,0,0.006101495,2,13.1,8.787250602,-15.3642
2022,1,14,19,50,IMG_3831,0,0,0,0.154,0.779,0,0,0.067,0,0,0,0.130044186,0.633558872,0,0,0.057928185,2,13,8.846492046,-12.8067
2022,1,14,20,0,IMG_3832,0,0,0,0.038,0.491,0,0,0.471,0,0,0,0.030907039,0.399492924,0,0,0.404798618,2,13.1,8.90137074,-10.5223
2022,1,14,20,10,IMG_3833,0,0,0,0.204,0.311,0,0,0.486,0,0,0,0.169976525,0.253681828,0,0,0.427578275,2,13.2,9.07137237,-10.7796
2022,1,14,20,20,IMG_3834,0,0,0,0.303,0.666,0,0,0.031,0,0,0,0.259394441,0.560052434,0,0,0.026764821,2,13.1,9.015490877,-11.1713
2022,1,14,20,30,IMG_3835,0,0,0,0.273,0.169,0,0,0.558,0,0,0,0.235831656,0.135117541,0,0,0.483990708,2,13.1,9.015490877,-11.5771
2022,1,14,20,40,IMG_3836,0,0,0,0.235,0.763,0,0,0.002,0,0,0,0.193354748,0.572697491,0,0,0.00144378,2,13.3,9.01201577,-17.9135
2022,1,14,20,50,IMG_3837,0,0,0,0.249,0.751,0,0,0,0,0,4.65E-05,0.202661614,0.564967946,0,0,0.000249196,2,13.2,9.07137237,-13.114
2022,1,14,21,0,IMG_3838,0,0,0,0.21,0.765,0,0,0.026,0,0,0,0.176146274,0.607250601,0,0,0.022201728,2,13.2,9.186199868,-12.6663
2022,1,14,21,10,IMG_3839,0,0,0,0.095,0.905,0,0,0,0,0,0,0.073365617,0.702797153,0,0,0,2,13.2,9.301027366,-15.9857
2022,1,14,21,20,IMG_3840,0,0,0,0.311,0.17,0,0,0.52,0,0,0,0.266661719,0.145450045,0,0,0.4503452,2,13.1,9.129611015,-7.7155
2022,1,14,21,30,IMG_3841,0,0,0,0.324,0.258,0,0,0.419,0,0,0,0.271690768,0.220541068,0,0,0.358248047,2,13.1,9.243731153,-9.0538
2022,1,14,21,40,IMG_3842,0,0,0,0.034,0.962,0,0,0.004,0,0,0,0.02892216,0.792992285,0,0,0.003745756,2,13.2,9.301027366,-8.8537
2022,1,14,21,50,IMG_3843,0,0,0,0.01,0.974,0,0,0.017,0,0,0,0.007757767,0.800546169,0,0,0.01390133,2,13.4,9.416545723,-8.614
2022,1,14,22,0,IMG_3844,0,0,0,0.415,0.554,0,0,0.031,0,0,0,0.3257218,0.397648062,0,0,0.025023595,2,13.6,9.415612751,-10.5603
2022,1,14,22,10,IMG_3845,0,0,0,0.26,0.712,0,0,0.029,0,0,0,0.210587703,0.586082204,0,0,0.023568742,2,13.7,9.3553155,-7.7724
2022,1,14,22,20,IMG_3846,0,0,0,0.164,0.513,0,0,0.323,0,0,0,0.131693029,0.410240505,0,0,0.25709055,2,13.6,9.53330791,-7.415
2022,1,14,22,30,IMG_3847,0,0,0,0.751,0.07,0,0,0.179,0,0,0,0.64124402,0.056943607,0,0,0.147064453,2,13.5,9.591743118,-8.6572
2022,1,14,22,40,IMG_3848,0,0,0,0.309,0.002,0,0,0.689,0,0,0,0.252879402,0.001893645,0,0,0.559244764,2,13.8,9.532172944,-7.1558
2022,1,14,23,0,IMG_3850,0,0,0,0.502,0.044,0,0,0.455,0,0,0,0.397212365,0.034998438,0,0,0.368283075,2,13.9,9.59092133,-5.8041
2022,1,14,23,10,IMG_3851,0,0,0,0.14,0.819,0,0,0.041,0,0,0,0.109426848,0.650052081,0,0,0.030921357,2,14.1,9.466627624,-6.1457
2022,1,14,23,20,IMG_3852,0,0,0,0.932,0.051,0,0,0.017,0,0,0,0.730096334,0.040419171,0,0,0.013566587,2,14.3,9.46047935,-8.213
2022,1,14,23,30,IMG_3853,0,0,0,0.01,0.99,0,0,0,0,0,0,0.00636268,0.747593089,0,0,0,2,14.2,9.524830013,-8.721
2022,1,14,23,40,IMG_3854,0,0,0,0.169,0.829,0,0,0.001,0,0,0,0.127637222,0.616513214,0,0,0.001137733,2,14.3,9.46047935,-8.225
2022,1,15,1,50,IMG_3867,0,0,0,0.051,0.729,0,0,0.22,0,0,0,0.036205634,0.522077209,0,0,0.167926239,2,14.4,9.765784649,-6.4265
2022,1,15,2,0,IMG_3868,0,0,0,0,0.002,0,0,0.998,0,0,0,0.00029085,0.00132986,0,0,0.761653583,2,14.4,9.889402176,-5.7229
2022,1,15,20,20,IMG_3883,0,0,0.001,0.063,0.936,0,0,0,0,0,0.000547551,0.052570763,0.686078816,0,0,0,2,15.2,10.90293162,-24.7348
2022,1,15,20,30,IMG_3884,0,0,0.001,0.048,0.951,0,0,0,0,0,0.000807294,0.042680409,0.721424189,0,0,0,2,15.2,11.03272842,-19.1509
2022,1,15,20,50,IMG_3886,0,0,0,0.05,0.95,0,0,0,0,0,0,0.044093051,0.743169426,0,0,0.000163792,2,15.3,10.83878209,-21.2946
2022,1,16,1,20,IMG_3913,0.28,0,0.004,0.536,0.023,0.045,0.112,0,0.175274114,0,0.002442999,0.316053448,0.011857174,0.025475233,0.065005446,0,2,14.2,10.62384886,-19.3068
2022,1,16,1,30,IMG_3914,0.019,0,0,0.489,0.014,0.011,0.468,0,0.011938101,0,8.26E-05,0.298003155,0.007025856,0.004693066,0.233180326,0,2,14.1,10.68029783,-15.5091
2022,1,16,1,40,IMG_3915,0.175,0.004,0.074,0.329,0.031,0.001,0.386,0,0.108735066,0.002003238,0.037070846,0.214103651,0.018456385,0.000401232,0.20124873,0,2,13.8,10.48539024,-19.1328
2022,1,16,1,50,IMG_3916,0,0,0,0.327,0.671,0,0.002,0,0,0,0,0.228430371,0.392199399,0.00017811,0.000903831,0,2,13.7,10.53953265,-16.4446
2022,1,16,2,0,IMG_3917,0,0,0,0.183,0.816,0,0,0.001,0,0,0,0.126872912,0.563101285,0,0,0.000952081,2,13.9,10.7897865,-11.1085
2022,1,16,2,10,IMG_3918,0,0,0,0.263,0.645,0,0,0.092,0,0,0,0.189714603,0.471363567,0,0,0.065676172,2,14,10.85623174,-5.0186
2022,1,16,2,30,IMG_3920,0,0,0,0.226,0.752,0,0,0.022,0,0,0,0.160207151,0.505459555,0,0,0.016746499,2,14.1,10.92303187,-6.3916
2022,1,16,2,40,IMG_3921,0,0,0,0.11,0.857,0,0,0.033,0,0,0,0.077067541,0.609462169,0,0,0.023780634,2,14.4,11.12557745,-7.5674
2022,1,16,2,50,IMG_3922,0,0,0,0.028,0.943,0,0,0.029,0,0,0,0.019708767,0.669937605,0,0,0.021382625,2,14.2,10.99018848,-6.3804
2022,1,16,3,0,IMG_3923,0,0,0,0.002,0.969,0,0,0.03,0,0,0,0.001079552,0.689565956,0,0,0.020907572,2,14.3,11.05770314,-9.0246
2022,1,16,3,10,IMG_3924,0,0,0,0.088,0.684,0,0,0.228,0,0,0,0.059589017,0.472096146,0,0,0.167091316,2,14.4,11.12557745,-7.6885
2022,1,16,3,20,IMG_3925,0,0,0,0.024,0.95,0,0,0.026,0,0,0,0.016442075,0.658424422,0,0,0.018059337,2,14.6,11.13727352,-9.7283
2022,1,16,3,30,IMG_3926,0.001,0,0,0.325,0.623,0.01,0,0.041,0.000649624,0,0,0.201608541,0.376000924,0.004769749,0,0.029723648,2,14.8,11.14735431,-9.2002
2022,1,17,20,40,IMG_3983,0,0,0,0,0.088,0,0,0.911,0,0,0,0.00042633,0.086748828,0,0,0.871900338,2,14.7,11.33137431,-2.7851
2022,1,18,2,50,IMG_4020,0,0,0,0,1,0,0,0,0,0,0,0,0.79433258,0,0,0,2,14.9,11.59784883,-4.8007
2022,1,18,19,30,IMG_4025,0,0,0,0,0.999,0,0,0.001,0,0,0,0.000226863,0.912351615,0,0,0.000635194,2,15.8,10.63382731,-8.4387
2022,1,18,19,40,IMG_4026,0,0,0,0,1,0,0,0,0,0,0,6.69E-05,0.888790625,0,0,0,2,15.8,10.63382731,-9.0572
2022,1,18,20,0,IMG_4028,0,0,0,0.063,0.024,0,0,0.913,0,0,0,0.054003703,0.020650098,0,0,0.833367946,2,15.9,10.56289078,-6.5135
2022,1,18,21,0,IMG_4034,0,0,0,0.003,0.996,0,0,0.001,0,0,0,0.002675105,0.921966173,0,0,0.000859728,2,15.8,10.76843272,-4.2248
2022,1,18,21,40,IMG_4038,0,0,0,0.027,0.973,0,0,0,0,0,0,0.022058233,0.85572681,0,0,7.87E-05,2,15.8,10.63382731,-4.795
2022,1,18,21,50,IMG_4039,0,0,0,0.047,0.953,0,0,0,0,0,0,0.034946417,0.820182114,0,0,0,2,15.7,10.56967943,-6.7382
2022,1,18,22,0,IMG_4040,0,0,0.001,0.009,0.986,0,0.004,0,0,0,0.000883767,0.00745652,0.783207895,0,0.002579304,0,2,15.8,10.63382731,-6.7654
2022,1,18,22,10,IMG_4041,0,0,0,0.006,0.993,0,0,0,0,0,0.000255439,0.005128673,0.828251352,0,0,0,2,15.8,10.63382731,-11.4215
2022,1,18,22,20,IMG_4042,0,0,0,0.059,0.941,0,0,0,0,0,0,0.046613905,0.814212064,0,0,0,2,15.7,10.56967943,-7.4749
2022,1,18,22,30,IMG_4043,0,0,0,0.006,0.993,0,0,0,0,0,0,0.004731656,0.78163288,0,3.43E-05,0,2,15.8,10.63382731,-7.2346
2022,1,18,22,40,IMG_4044,0,0,0,0.008,0.992,0,0,0,0,0,0,0.005280506,0.782739588,0,0,0,2,15.8,10.63382731,-11.5257
2022,1,18,22,50,IMG_4045,0.021,0,0.007,0.107,0.694,0.025,0.146,0,0.009012275,0,0.005124256,0.073583646,0.48158931,0.016382797,0.089907324,0,2,15.9,10.56289078,-11.6258
2022,1,18,23,0,IMG_4046,0.038,0,0.003,0.174,0.768,0.004,0.014,0,0.021400947,0,0.002080063,0.122822191,0.516858767,0.002230484,0.007472341,0,2,15.9,10.56289078,-18.5524
2022,1,18,23,10,IMG_4047,0.056,0,0.014,0.24,0.133,0.004,0.553,0,0.022269749,0,0.01058753,0.167247889,0.087590941,0.002398543,0.35899707,0,2,15.9,10.56289078,-12.2347
2022,1,18,23,20,IMG_4048,0,0,0.001,0.345,0.655,0,0,0,0,0,0.000506633,0.250679703,0.4726404,0,0,0,2,15.9,10.56289078,-15.5224
2022,1,18,23,40,IMG_4050,0.031,0,0.002,0.263,0.674,0.01,0.019,0,0.016438567,0,0.001430874,0.187819366,0.474883639,0.005375218,0.010738033,0,2,15.9,10.56289078,-21.9272
2022,1,18,23,50,IMG_4051,0.023,0,0,0.169,0.793,0.013,0.002,0,0.012831738,0,5.31E-05,0.119348107,0.590307407,0.007163815,0.000939205,0,2,15.8,10.63382731,-18.1382
2022,1,19,0,0,IMG_4052,0,0,0,0.236,0.764,0,0,0,0,0,0,0.174670741,0.621667052,0,0,0,2,15.8,10.63382731,-14.0171
2022,1,19,0,10,IMG_4053,0,0,0,0.477,0.523,0,0,0,0,0,0,0.369256873,0.429114348,0,0,0.000153718,2,15.8,10.63382731,-7.0555
2022,1,19,0,20,IMG_4054,0,0,0,0.1,0.797,0,0,0.103,0,0,0,0.080167766,0.674086538,0,0,0.091055837,2,15.9,10.69831246,-6.5774
2022,1,19,0,30,IMG_4055,0,0,0,0.057,0.336,0,0,0.608,0,0,0,0.046851608,0.294979169,0,0,0.545409007,2,15.9,10.69831246,-5.6381
2022,1,19,0,40,IMG_4056,0,0,0,0.194,0.207,0,0,0.599,0,0,0,0.162558624,0.185855281,0,0,0.534895981,2,16,10.76313634,-5.5801
2022,1,19,1,10,IMG_4059,0,0,0,0.009,0.388,0,0,0.603,0,0,0,0.007653425,0.339212297,0,0,0.52194052,2,16.1,10.82830045,-6.1298
2022,1,19,1,40,IMG_4062,0,0,0,0.007,0.88,0,0,0.113,0,0,0,0.006340648,0.755246101,0,0,0.099259961,2,16,11.03562081,-7.1961
2022,1,19,1,50,IMG_4063,0,0,0,0.04,0.035,0,0,0.926,0,0,0,0.032303598,0.030327877,0,0,0.796105739,2,16,11.17186304,-6.8463
2022,1,19,2,0,IMG_4064,0,0,0,0.045,0.068,0,0,0.887,0,0,0,0.03670912,0.059182813,0,0,0.784741466,2,15.9,11.10457749,-6.8142
2022,1,19,2,20,IMG_4066,0,0,0,0.159,0.309,0,0,0.532,0,0,0,0.134793021,0.263299099,0,0,0.467852419,2,15.9,11.23999916,-9.5565
2022,1,19,2,40,IMG_4068,0,0,0,0.001,0.979,0,0,0.02,0,0,0,0.001203718,0.847647175,0,0,0.017349114,2,16,11.30810527,-10.2386
2022,1,19,2,50,IMG_4069,0,0,0,0.031,0.665,0,0,0.303,0,0,0,0.026803298,0.587910246,0,0,0.272262034,2,16.1,11.37656883,-6.3582
2022,1,19,23,50,IMG_4100,0.446,0,0.005,0.218,0,0.012,0.319,0,0.246590783,0,0.003012553,0.126361441,3.09E-05,0.006279515,0.154940903,0,2,15.6,10.638853,-25.0205
2022,1,20,1,0,IMG_4107,0,0,0.001,0.072,0.927,0,0,0,0,0,0.000952291,0.046464663,0.665469929,0,0,0,2,15.9,10.83373413,-12.4302
2022,1,20,1,10,IMG_4108,0,0,0,0.159,0.839,0,0,0.002,0,0,0,0.12247346,0.669103035,0,0,0.001449316,2,16,10.89937858,-7.2054
2022,1,20,1,20,IMG_4109,0,0,0,0.018,0.967,0,0,0.015,0,0,0,0.012736704,0.800302336,0,0,0.012556235,2,16.2,10.89380627,-4.482
2022,1,20,1,30,IMG_4110,0,0,0,0.024,0.976,0,0,0,0,0,0,0.016277982,0.757944096,0,0,0,2,16.3,10.82092548,-3.9357
2022,1,20,1,50,IMG_4112,0,0,0,0.001,0.999,0,0,0,0,0,0,0.000806227,0.7496705,0,0,0,2,16.5,10.95197897,-6.8228
2022,1,20,2,0,IMG_4113,0,0,0,0.133,0.831,0.025,0.011,0,0,0,0,0.083048438,0.50511253,0.015904267,0.005910547,0,2,16.5,10.95197897,-5.8765
2022,1,20,2,20,IMG_4115,0.046,0,0,0.217,0.364,0.37,0.003,0,0.02378279,0,0,0.129883226,0.243074422,0.221486291,0.001722694,0,2,16.5,11.09238895,-10.9241
2022,1,20,2,30,IMG_4116,0,0,0,0.211,0.789,0,0,0,0,0,0,0.135161584,0.56064209,3.95E-05,0,0,2,16.5,10.95197897,-17.811
2022,1,20,2,40,IMG_4117,0.001,0,0,0.013,0.965,0.002,0.02,0,0.000331235,0,9.17E-05,0.007651593,0.659553756,0.001039483,0.011802269,0,2,16.5,11.09238895,-13.1724
2022,1,20,2,50,IMG_4118,0,0,0,0.169,0.827,0.004,0,0,8.60E-06,0,0,0.102783954,0.665198498,0.003147919,0,0,2,16.6,11.01801993,-7.0993
2022,1,20,3,0,IMG_4119,0,0,0,0.045,0.955,0,0,0,0,0,0,0.030799722,0.735446477,0,0,0,2,16.7,11.0844057,-9.197
2022,1,20,3,10,IMG_4120,0,0,0,0.165,0.299,0.535,0,0,0.000106055,0,0.000346875,0.102002907,0.201953155,0.406019366,0,0,2,16.6,11.1592766,-16.0531
2022,1,20,3,20,IMG_4121,0,0,0,0.192,0.039,0.769,0,0,0,0,5.21E-06,0.120832978,0.026782234,0.544225173,0,0,2,16.7,11.22651346,-15.4589
2022,1,20,19,30,IMG_4123,0,0,0,0.942,0.057,0,0,0,0,0,0.000294058,0.792074174,0.04776905,0,0,0.000226127,2,16.8,10.72224786,-9.7477
2022,1,20,19,40,IMG_4124,0,0,0.007,0.131,0.862,0,0,0,0,0,0.005955409,0.092957647,0.733304229,0,0,0,2,16.8,10.57928455,-9.5299
2022,1,20,19,50,IMG_4125,0,0,0.001,0.096,0.903,0,0,0,0,0,0.000714318,0.069262996,0.75614345,0,0,0,2,16.8,10.57928455,-9.8937
2022,1,20,20,0,IMG_4126,0,0,0,0.207,0.793,0,0,0,0,0,0,0.152911276,0.652411035,0,0,0,2,16.9,10.64292444,-9.5749
2022,1,20,20,10,IMG_4127,0,0,0,0.275,0.725,0,0,0,0,0,0.000159165,0.208337402,0.5666971,0,0,0,2,16.8,10.57928455,-9.6801
2022,1,20,20,20,IMG_4128,0,0,0.001,0.323,0.675,0,0,0,0,0,0.001234413,0.25252675,0.544643457,0,0,0,2,16.8,10.72224786,-9.5624
2022,1,20,20,30,IMG_4129,0,0,0,0.264,0.736,0,0,0,0,0,0,0.200692991,0.517237936,0,0,0,2,16.7,10.6580824,-12.6765
2022,1,20,20,40,IMG_4130,0,0,0,0.956,0.044,0,0,0,0,0,0,0.795716233,0.034650856,0,0,0,2,16.5,10.81156898,-6.746
2022,1,20,21,0,IMG_4132,0,0,0,0.807,0.193,0,0,0,0,0,0,0.659674301,0.16042023,0,0,0,2,16.4,10.88628131,-7.4818
2022,1,20,21,10,IMG_4133,0,0,0,0.938,0.062,0,0,0,0,0,0,0.712487215,0.048219712,0,0,0,2,16.4,10.88628131,-7.1149
2022,1,20,21,40,IMG_4136,0,0,0,0.991,0.009,0,0,0,0,0,7.12E-05,0.805752291,0.006565062,0,0,2.09E-05,2,16.2,10.89380627,-6.9517
2022,1,20,21,50,IMG_4137,0,0,0,0.323,0.676,0,0,0.001,0,0,0,0.258507024,0.509851705,0,0,0.00079218,2,16.2,10.89380627,-8.7856
2022,1,20,22,0,IMG_4138,0,0,0,0.487,0.512,0,0,0,0,0,0.000274204,0.375668337,0.390384352,0,0,0,2,16.2,10.89380627,-7.3784
2022,1,20,22,20,IMG_4140,0,0,0,0.203,0.789,0,0,0.008,0,0,0,0.150709698,0.568538221,0,0,0.006226435,2,16,11.03562081,-6.8292
2022,1,20,22,30,IMG_4141,0,0,0.001,0.094,0.906,0,0,0,0,0,0.000430394,0.071370425,0.639914453,0,0,0,2,16,10.89937858,-7.1313
2022,1,20,22,40,IMG_4142,0,0,0.006,0.199,0.795,0,0,0,0,0,0.004087042,0.13625616,0.542881671,0,0,0,2,15.9,11.10457749,-6.658
2022,1,20,23,20,IMG_4146,0,0,0,0.135,0.864,0,0,0.001,0,0,0,0.095032489,0.61029686,0,0,0.000359428,2,16.1,10.96536755,-5.8628
2022,1,21,0,10,IMG_4151,0,0,0,0.874,0.102,0,0,0.024,0,0,0,0.617161283,0.073609007,0,0,0.017841692,2,15.9,11.23999916,-5.7828
2022,1,21,0,20,IMG_4152,0,0,0,0.973,0,0,0,0.027,0,0,0,0.703390723,0.000163882,0,0,0.019614739,2,15.7,11.23864648,-6.8841
2022,1,21,0,30,IMG_4153,0,0,0,0.981,0,0,0,0.019,0,0,0,0.729021785,0.000131445,0,0,0.014021319,2,15.7,11.23864648,-6.3594
2022,1,21,0,40,IMG_4154,0,0,0,0.018,0,0,0,0.982,0,0,0,0.013440122,5.27E-05,0,0,0.754764446,2,15.7,11.23864648,-6.2954
2022,1,21,0,50,IMG_4155,0,0,0,0.111,0.889,0,0,0,0,0,0,0.085289701,0.612001435,0,0,0,2,15.7,11.23864648,-6.4875
2022,1,21,1,0,IMG_4156,0,0,0,0.314,0.686,0,0,0,1.62E-05,0,0,0.221844336,0.421906077,5.51E-05,0.000114416,0,2,15.6,11.17079565,-8.1909
2022,1,21,1,10,IMG_4157,0,0,0,0.976,0.014,0,0,0.01,0,0,0,0.717381107,0.010714731,0,0,0.007283038,2,15.7,11.23864648,-8.5865
2022,1,21,1,50,IMG_4161,0,0,0,0.203,0,0,0,0.797,0,0,0,0.141505499,4.17E-05,0,0,0.63363131,2,15.6,11.30378131,-4.8866
2022,1,21,2,0,IMG_4162,0,0,0,0.97,0,0,0,0.03,0,0,0,0.712852449,7.13E-05,0,0,0.023716714,2,15.4,11.43030741,-6.507
2022,1,21,2,10,IMG_4163,0,0,0,0.873,0.127,0,0,0.001,0,0,0,0.626847371,0.090219118,0,0,0.000538304,2,15.4,11.43030741,-8.2105
2022,1,21,2,20,IMG_4164,0,0,0,0.615,0.385,0,0,0,0,0,0,0.441983556,0.268263897,0,0,4.87E-05,2,15.5,11.36766459,-10.6358
2022,1,21,2,30,IMG_4165,0,0,0,0.96,0.019,0,0,0.02,0,0,0,0.674126247,0.013797664,0,0,0.014418803,2,15.5,11.36766459,-10.4065
2022,1,21,19,40,IMG_4173,0,0,0,0.991,0.009,0,0,0,0,0,0,0.773909931,0.00770957,0,0,0.000428095,2,17.2,12.88586171,-2.4439
2022,1,21,20,20,IMG_4177,0,0,0,0.978,0.022,0,0,0,0,0,0,0.749103268,0.018835284,0,0,1.89E-05,2,17.4,12.8926049,-2.3287
2022,1,21,20,30,IMG_4178,0,0,0,0.945,0.045,0.009,0,0,0,0,0,0.672071995,0.035680266,0.008440385,0,0.000240888,2,17.7,12.82362296,-1.5963
2022,1,21,21,0,IMG_4181,0,0,0,0.987,0.012,0,0,0,0,0,5.26E-05,0.719765332,0.010877877,0,0.000382227,0,2,17.7,12.82362296,-0.9837
2022,1,21,21,20,IMG_4183,0,0,0,0.899,0.091,0.009,0,0.001,0,0,0,0.611704905,0.059453568,0.007468712,2.70E-05,0.001044757,2,17.2,12.88586171,-1.6337
2022,1,21,21,40,IMG_4185,0,0,0,1,0,0,0,0,0,0,2.06E-05,0.623277982,4.42E-06,0,0,0,2,17.4,12.8926049,-0.8844
2022,1,21,21,50,IMG_4186,0,0,0,0.999,0.001,0,0,0,0,0,0,0.692031896,0.000542338,0,0,0,2,17.3,12.81581998,-0.1697
2022,1,21,22,20,IMG_4189,0,0,0,0.997,0.003,0,0,0,0,0,0,0.666054425,0.001816346,0,0,0,2,16.9,12.94409729,-1.7539
2022,1,21,23,0,IMG_4193,0,0,0,1,0,0,0,0,0,0,0,0.646096605,0.000102043,0,0,0,2,17.3,12.81581998,-1.5127
2022,1,21,23,20,IMG_4195,0,0,0,0.986,0.014,0,0,0,0,0,0,0.646573986,0.008969794,0,0,0,2,17.1,12.80899442,-0.8912
2022,1,21,23,30,IMG_4196,0,0,0,0.803,0.197,0,0,0,0,0,0,0.508938003,0.122596154,0,0,0,2,17.1,12.80899442,-0.8623
2022,1,21,23,50,IMG_4198,0,0,0.001,0.817,0.181,0,0,0,0,0,0.001063499,0.546003163,0.12526277,0,0,0,2,16.9,12.94409729,-2.0881
2022,1,22,0,40,IMG_4203,0,0,0,1,0,0,0,0,0,0,0,0.709075376,3.08E-05,0,0,0,2,17.6,12.89740104,-1.4998
2022,1,22,2,50,IMG_4216,0,0,0,0.843,0.059,0,0,0.098,0,0,0,0.61509085,0.046402982,0.000366264,0,0.078149745,2,17.5,13.41702201,-4.3963
2022,1,22,3,0,IMG_4217,0,0,0,0.037,0,0,0,0.962,0,0,0,0.027109991,5.01E-05,0,0,0.729113018,2,17.5,13.41702201,-3.4398
2022,1,22,20,0,IMG_4224,0,0,0,0.393,0,0,0,0.607,0,0,0,0.309010682,0.000196522,0,0,0.542535877,2,18,14.43681745,-0.7063
2022,1,22,20,10,IMG_4225,0,0,0,0.018,0.001,0,0,0.981,0,0,0,0.013160472,0.000770117,0,0,0.853251615,2,18,14.59040061,-0.7125
2022,1,22,22,10,IMG_4237,0,0,0,0.721,0.131,0,0,0.148,0,0,0,0.569665084,0.099203876,0,0,0.129278846,2,17.9,14.50391837,-0.7575
2022,1,22,22,20,IMG_4238,0,0,0,0,0,0,0,1,0,0,0,2.61E-05,8.80E-05,0,0,0.87570133,2,17.9,14.50391837,-0.0969
2022,1,22,22,30,IMG_4239,0,0,0,0,0,0,0,1,0,0,0,4.70E-05,6.86E-05,0,0,0.857326367,2,17.9,14.50391837,-0.6243
2022,1,22,22,50,IMG_4241,0,0,0,0.125,0,0,0,0.875,0,0,0,0.089906468,0.000178756,0,0,0.717409653,2,18,14.59040061,-0.5707
2022,1,22,23,0,IMG_4242,0,0,0,0,0,0,0,1,0,0,0,4.87E-05,7.65E-05,0,0,0.780912019,2,18.1,14.67732894,-0.5868
2022,1,22,23,40,IMG_4246,0,0,0,0.06,0,0,0,0.94,0,0,0,0.03422358,4.32E-05,0,0,0.722704124,2,18.1,14.67732894,-0.6702
2022,1,22,23,50,IMG_4247,0,0,0,0,0,0,0,1,0,0,0,0.000183113,4.03E-05,0,0,0.796970358,2,18.2,14.76470525,-0.2594
2022,1,23,0,0,IMG_4248,0,0,0,0.354,0,0,0,0.646,0,0,0,0.193181858,4.89E-05,0,0,0.493375901,2,18.2,14.76470525,-0.6244
2022,1,23,0,10,IMG_4249,0,0,0,0.347,0.652,0,0,0.001,0,0,0,0.228754477,0.374629492,0,0,0.00072207,2,18.2,14.76470525,-1.424
2022,1,23,0,20,IMG_4250,0.069,0,0,0.347,0.45,0.061,0.075,0,0.048425924,0,0,0.230423062,0.191862951,0.018541729,0.024829259,0,2,18.1,14.67732894,-1.2261
2022,1,23,0,30,IMG_4251,0.006,0,0,0.32,0.248,0.003,0.422,0,0.004325601,0,2.03E-05,0.205498648,0.119276638,0.001225729,0.17193421,0,2,18,14.59040061,-1.0643
2022,1,23,0,50,IMG_4253,0,0,0,0.079,0.917,0.002,0.002,0,8.31E-05,0,0,0.051575458,0.533513477,0.000646214,0.000676375,0,2,17.9,14.50391837,-0.2847
2022,1,23,1,0,IMG_4254,0.019,0,0,0.129,0.05,0.01,0.791,0,0.012311614,0,0,0.079649144,0.026327036,0.004680634,0.389053748,0,2,17.8,14.41788029,0.4019
2022,1,23,1,10,IMG_4255,0.009,0,0.06,0.217,0.05,0,0.664,0,0.006225639,7.90E-05,0.027381956,0.117991316,0.022647326,0,0.249181753,0,2,17.7,14.33228449,-1.4298
2022,1,23,1,20,IMG_4256,0.168,0,0,0.192,0.087,0.331,0.222,0,0.117374684,0,0.000178966,0.116519464,0.041717601,0.146999053,0.097630146,0,2,17.7,14.33228449,-0.7678
2022,1,23,1,30,IMG_4257,0.344,0,0.007,0.304,0.002,0.013,0.331,0,0.240761659,0,0.003005777,0.180603403,0.001059458,0.00415459,0.122784428,0,2,17.4,13.92994092,0.2639
2022,1,23,1,40,IMG_4258,0.43,0,0.002,0.267,0.008,0.131,0.162,0,0.301278253,0,0.000731468,0.160452021,0.004180927,0.04656748,0.061238424,0,2,17.2,13.76444319,-1.1018
2022,1,23,1,50,IMG_4259,0.181,0,0.018,0.199,0.004,0.004,0.594,0,0.114200984,0,0.008497746,0.123584886,0.002305897,0.001636621,0.248121026,0,2,17.1,13.68233495,0.5096
2022,1,23,2,0,IMG_4260,0,0,0.049,0.194,0.728,0,0.029,0,0,0,0.024942939,0.119497018,0.380188244,0,0.013441684,0,2,17.1,13.68233495,-0.8977
2022,1,23,2,10,IMG_4261,0,0,0,0.123,0.84,0,0.036,0,0,0,0,0.076952036,0.482572529,6.07E-05,0.019983241,0,2,17.1,13.8278917,-0.9204
2022,1,23,3,0,IMG_4266,0.027,0,0,0.073,0.835,0.005,0.06,0,0.017667503,0,2.92E-05,0.041589836,0.450643592,0.002391474,0.024563154,0,2,17.1,13.8278917,0.4561
2022,1,23,3,10,IMG_4267,0,0,0,0.104,0.896,0,0,0,3.94E-05,0,3.05E-05,0.066237981,0.542728215,0,0,0,2,17,13.74533911,-0.6894
2022,1,23,3,30,IMG_4269,0,0,0.012,0.061,0.179,0,0.748,0,0.000134953,0,0.00726256,0.036171139,0.100147145,0.000261711,0.401503553,0,2,17.2,13.91087344,-0.5767
2022,1,24,22,0,IMG_4334,0,0,0,0.353,0.373,0,0,0.274,0,0,0,0.30553768,0.303191609,0,0,0.232631505,2,16.5,11.79443889,-2.0059
2022,1,24,22,40,IMG_4338,0,0,0,0.069,0.417,0,0,0.514,0,0,0,0.063272055,0.327060682,0,0,0.44649351,2,16.4,11.86325528,-1.838
2022,1,24,23,50,IMG_4345,0,0,0,0.045,0.954,0,0,0.001,0,0,0,0.019489889,0.712538266,0,0,0.000649865,2,16.3,12.06949381,-3.989
2022,1,25,0,0,IMG_4346,0,0,0,0.058,0.94,0,0,0.002,0,0,0,0.023685044,0.69117005,0,0,0.000796537,2,16.4,12.00282299,-4.8032
2022,1,25,0,10,IMG_4347,0,0,0,0,1,0,0,0,0,0,0,0,0.67468747,0,0,7.46E-05,2,16.3,11.930764,-6.4267
2022,1,25,0,20,IMG_4348,0,0,0,0.007,0.993,0,0,0,0,0,0,0.002912245,0.646020395,0,0,0,2,16.2,11.99697653,-5.5489
2022,1,25,0,30,IMG_4349,0,0,0,0.009,0.991,0,0,0,0,0,0,0.002645553,0.66761253,0,0,0,2,16.3,12.06949381,-9.4208
2022,1,25,0,40,IMG_4350,0,0,0,0,1,0,0,0,0,0,0,0,0.658582174,0,0,0,2,16.3,12.06949381,-8.1388
2022,1,25,0,50,IMG_4351,0,0,0,0.002,0.998,0,0,0,0,0,0,0.001611929,0.694561914,0,0,2.48E-05,2,16.3,12.06949381,-6.2512
2022,1,25,1,10,IMG_4353,0,0,0,0.045,0.955,0,0,0,0,0,0,0.034654214,0.593328388,0,0,3.16E-05,2,16.3,12.06949381,-5.7082
2022,1,25,1,20,IMG_4354,0.095,0,0,0.214,0.691,0,0,0,0.075685389,0,0,0.147088401,0.329899662,0,3.06E-05,0,2,16.4,12.00282299,-14.9472
2022,1,25,1,30,IMG_4355,0,0,0,0.019,0.981,0,0,0,0,0,0,0.014391083,0.610667743,0,2.42E-06,0,2,16.5,12.07525886,-8.8925
2022,1,25,1,40,IMG_4356,0,0,0,0.029,0.97,0,0,0,0,0,0,0.020167736,0.658635374,0,0,0.000390535,2,16.5,12.07525886,-12.0353
2022,1,25,1,50,IMG_4357,0.001,0,0,0.025,0.974,0,0,0,0.001219276,0,0,0.005836636,0.614938905,0,0,0,2,16.5,11.93484887,-12.718
2022,1,25,2,0,IMG_4358,0.001,0,0,0.013,0.986,0,0,0,0.000559217,0,0,0.00594837,0.576491211,0,0,0,2,16.5,12.07525886,-12.1357
2022,1,25,2,10,IMG_4359,0,0,0,0.001,0.999,0,0,0,0,0,0,0.000516474,0.645677614,0,0,0,2,16.4,12.00282299,-9.0429
2022,1,25,2,20,IMG_4360,0,0,0,0,1,0,0,0,0,0,0,5.83E-06,0.741279192,0,0,0,2,16.4,12.1423907,-6.039
2022,1,25,3,0,IMG_4364,0,0,0,0.004,0.996,0,0,0,0,0,0,0.001871995,0.687810524,0,0,0,2,16.3,12.06949381,-7.5754
2022,1,25,3,10,IMG_4365,0,0,0,0.014,0.986,0,0,0,0,0,0,0.008465783,0.660339603,0,0,0,2,16.4,12.1423907,-6.0909
2022,1,25,3,30,IMG_4367,0,0,0,0.073,0.535,0,0,0.393,0,0,0,0.042336531,0.389894479,0,0,0.286945463,2,16.4,12.1423907,-5.2247
2022,1,25,19,30,IMG_4368,0,0,0,0.606,0.391,0,0,0.003,0,0,0,0.467787312,0.330605288,0,0,0.002327517,2,18.6,12.73156115,-21.0709
2022,1,25,19,40,IMG_4369,0,0,0,0.153,0.684,0,0,0.163,0,0,0,0.116644869,0.576610547,0,0,0.14009206,2,18.5,12.81466157,-11.6665
2022,1,25,20,30,IMG_4374,0,0,0,0.123,0.82,0,0,0.057,0,0,0,0.102960322,0.712234991,0,0,0.047961328,2,18.8,12.88292953,-6.179
2022,1,25,20,50,IMG_4376,0,0,0,0.185,0.812,0,0,0.004,0,0,0,0.146926818,0.686645696,0,0,0.002952163,2,18.8,13.04396615,-6.1923
2022,1,25,21,0,IMG_4377,0,0,0,0.236,0.763,0.001,0,0,2.75E-05,0,0,0.171490828,0.601889108,0.000775473,0,0,2,18.8,13.04396615,-8.2765
2022,1,25,21,10,IMG_4378,0.232,0,0,0.176,0.073,0.519,0,0,0.135809706,0,0,0.116687583,0.047318915,0.296656708,6.81E-05,0,2,18.7,13.12722812,-11.315
2022,1,25,21,30,IMG_4380,0.197,0,0,0.189,0.024,0.59,0,0,0.120562342,0,0,0.128305086,0.01533913,0.314905056,0.00024351,0,2,18.5,12.97286727,-21.4312
2022,1,25,21,40,IMG_4381,0.318,0,0,0.163,0.044,0.474,0.002,0,0.195876375,0,2.97E-06,0.11044082,0.028905334,0.247682497,0.000712523,0,2,18.5,13.13107297,-20.0862
2022,1,25,21,50,IMG_4382,0.383,0,0,0.167,0.056,0.248,0.145,0,0.259126187,0,0,0.113432287,0.034305326,0.147221582,0.086094313,0,2,18.4,13.05354937,-19.2163
2022,1,25,22,0,IMG_4383,0.208,0,0.002,0.152,0.135,0.325,0.178,0,0.138859142,0,0.001462485,0.100753117,0.083898918,0.185196139,0.101738341,0,2,18.5,13.13107297,-20.9623
2022,1,25,22,10,IMG_4384,0.179,0,0,0.178,0.528,0.107,0.008,0,0.133930108,0,0,0.11425616,0.354105101,0.05793723,0.003756746,0,2,18.5,13.13107297,-15.8713
2022,1,25,22,20,IMG_4385,0.09,0,0.007,0.025,0.212,0.588,0.078,0,0.063246898,0,0.005038559,0.015416459,0.137986779,0.391783706,0.048183534,0,2,18.4,13.05354937,-18.2272
2022,1,25,22,30,IMG_4386,0.099,0,0,0.205,0.441,0.253,0.002,0,0.073312981,0,0,0.123189806,0.306328065,0.141365835,0.000948603,0,2,18.5,12.97286727,-17.2112
2022,1,25,22,40,IMG_4387,0.24,0,0.004,0.123,0.257,0.366,0.01,0,0.152008511,0,0.002444208,0.074168818,0.154220816,0.204554875,0.004776675,0,2,18.5,12.97286727,-19.1835
2022,1,25,22,50,IMG_4388,0.266,0,0.024,0.09,0.087,0.366,0.166,0,0.17793608,0,0.014444494,0.054147521,0.051135554,0.187687538,0.085665122,0,2,18.6,12.89070567,-15.0849
2022,1,25,23,0,IMG_4389,0.26,0,0,0.093,0.212,0.286,0.148,0,0.198269231,0,0.000163116,0.052619629,0.11669209,0.122766128,0.069833969,0,2,18.6,13.04985018,-18.218
2022,1,25,23,10,IMG_4390,0.159,0,0.008,0.032,0.174,0.038,0.59,0,0.115211013,0,0.004680574,0.018884037,0.101488266,0.017417781,0.278640678,0,2,18.6,13.04985018,-22.5114
2022,1,25,23,30,IMG_4392,0.533,0,0,0.172,0.009,0.241,0.045,0,0.403646807,0,5.94E-05,0.092574091,0.004205672,0.096462928,0.015902562,0,2,18.5,13.13107297,-22.9929
2022,1,25,23,50,IMG_4394,0.453,0,0,0.185,0.034,0.154,0.174,0,0.352438431,0,0,0.105424827,0.016921424,0.064690595,0.082303718,0,2,18.5,13.13107297,-20.712
2022,1,26,0,10,IMG_4396,0.025,0,0,0.046,0.929,0,0,0,0.019203816,0,0,0.011979282,0.599911238,0,0,0,2,18.4,13.21082105,-20.2465
2022,1,26,0,20,IMG_4397,0,0,0,0.01,0.99,0,0,0.001,5.89E-06,0,0,0.002820688,0.736037305,0,0,0.000401615,2,18.4,13.21082105,-8.8666
2022,1,26,0,30,IMG_4398,0,0,0,0,0.998,0,0,0.002,0,0,0,1.85E-05,0.754201517,0,0,0.002055056,2,18.4,13.36809273,-7.9503
2022,1,26,1,30,IMG_4404,0,0,0,0.009,0.989,0,0,0.001,0,0,0,0.003428486,0.705878433,0,0,0.001070861,2,18.3,13.2891071,-7.7464
2022,1,26,2,30,IMG_4410,0,0,0,0.003,0.996,0,0,0.002,0,0,0,0.001245553,0.753549887,0,0,0.001243224,2,18,13.82248479,-3.6787
2022,1,26,2,40,IMG_4411,0,0,0,0.049,0.933,0,0,0.019,0,0,0,0.036124181,0.673978779,0,0,0.016166955,2,17.9,13.74055424,-5.8122
2022,1,26,2,50,IMG_4412,0,0,0,0.038,0.913,0,0,0.05,0,0,0,0.026093164,0.674623866,0,0,0.037244501,2,17.8,13.81081165,-8.2688
2022,1,26,3,20,IMG_4415,0,0,0,0,1,0,0,0,0,0,0,6.60E-06,0.691914295,0,0,0.00030151,2,17.8,13.96257881,-4.7774
2022,1,27,20,0,IMG_4448,0,0,0,0.005,0.001,0,0,0.994,0,0,0,0.004507091,0.001343299,0,0,0.969796439,2,18,14.12965112,-2.4313
2022,1,28,19,30,IMG_4494,0,0,0,0.038,0.865,0,0,0.097,0,0,0,0.035871304,0.750216143,0,0,0.084583571,2,16.9,12.65645068,-9.9994
2022,1,28,19,40,IMG_4495,0,0,0,0.014,0.982,0,0,0.004,0,0,0,0.01345797,0.873891609,0,0,0.003789416,2,16.8,12.72373412,-4.9352
2022,1,28,19,50,IMG_4496,0,0,0,0.129,0.766,0,0,0.106,0,0,0,0.11353913,0.699358654,0,0,0.098888634,2,16.8,12.72373412,-11.1286
2022,1,28,20,10,IMG_4498,0,0,0,0,1,0,0,0,0,0,0,5.66E-05,0.796032414,0,0,0,2,16.8,12.86669743,-9.0205
2022,1,28,20,20,IMG_4499,0,0,0,0.039,0.961,0,0,0,0,0,0,0.030431723,0.749596146,0,0,0.000195898,2,16.8,12.72373412,-9.1122
2022,1,28,20,30,IMG_4500,0,0,0,0,1,0,0,0,0,0,0,0,0.87279073,0,0,0,2,16.7,12.64759112,-8.2302
2022,1,28,20,40,IMG_4501,0,0,0,0,1,0,0,0,0,0,0,0,0.829336321,0,0,0,2,16.7,12.78969888,-9.4084
2022,1,28,20,50,IMG_4502,0,0,0,0,1,0,0,0,0,0,0,0,0.915684067,0,0,0,2,16.6,12.71309992,-3.2261
2022,1,28,21,0,IMG_4503,0,0,0,0.001,0.999,0,0,0,0,0,0,0.000488401,0.838776247,0,0,0,2,16.6,12.71309992,-5.6785
2022,1,28,21,10,IMG_4504,0,0,0.017,0.648,0.31,0.021,0.004,0,0,0,0.008021334,0.402362192,0.213845185,0.016453471,0.002880694,0,2,16.6,12.71309992,-9.5127
2022,1,28,21,30,IMG_4506,0,0,0,0.002,0.998,0,0,0,0,0,0,0.00088421,0.726901983,0,0,0,2,16.5,12.63689881,-5.7783
2022,1,28,22,40,IMG_4513,0,0,0,0.102,0.898,0,0,0,0,0,0,0.076241016,0.655689926,0,0,0,2,16.3,12.62441306,-5.6822
2022,1,29,0,30,IMG_4524,0,0,0,0,0.991,0,0,0.009,0,0,0,0.00013922,0.747068547,0,0,0.007469952,2,16.2,12.68645794,-4.5311
2022,2,12,20,50,IMG_4641,0,0,0,0.022,0.974,0,0,0.004,0,0,0,0.018330829,0.837247716,0,0,0.003509675,2,17,12.2984613,-3.9454
2022,2,12,21,10,IMG_4643,0,0,0,0,0.983,0,0,0.017,0,0,0,0.000257001,0.853915941,0,0,0.015731468,2,17,12.2984613,-6.3854
2022,2,12,21,50,IMG_4647,0,0,0,0,1,0,0,0,0,0,0,0,0.822164025,0,0,0,2,17.1,12.37232415,-9.307
2022,2,12,22,0,IMG_4648,0,0,0,0,1,0,0,0,0,0,0,0,0.796257332,0,0,0,2,17,12.2984613,-8.6689
2022,2,12,22,10,IMG_4649,0,0,0,0.226,0.683,0,0.092,0,0,0,0,0.171263289,0.443594163,2.98E-05,0.055630273,0,2,17,12.2984613,-10.2235
2022,2,12,22,20,IMG_4650,0,0,0,0.542,0.458,0,0,0,0,0,9.98E-06,0.382653478,0.316106445,0,0,0.000281535,2,16.9,12.22498077,-11.7553
2022,2,12,22,30,IMG_4651,0,0,0,0.102,0.898,0,0,0,0,0,1.21E-05,0.078461245,0.652019997,0,0,0,2,16.9,12.36880407,-8.6857
2022,2,12,22,40,IMG_4652,0,0,0,0.31,0.685,0,0,0.005,0,0,0,0.238603854,0.494511185,0,0,0.00455293,2,16.9,12.36880407,-5.9402
2022,2,12,22,50,IMG_4653,0,0,0,0.555,0.408,0,0,0.037,0,0,0,0.416090272,0.294204785,0,0,0.031000038,2,16.9,12.36880407,-5.774
2022,2,12,23,0,IMG_4654,0,0,0,0.101,0.899,0,0,0,0,0,0,0.083619674,0.639370756,0,0,1.99E-05,2,16.8,12.29484421,-5.785
2022,2,12,23,10,IMG_4655,0,0,0,0,1,0,0,0,0,0,0,6.39E-06,0.739865903,0,0,0,2,16.8,12.29484421,-7.0502
2022,2,12,23,20,IMG_4656,0.132,0,0,0.367,0.111,0.367,0.022,0,0.076098993,0,4.93E-05,0.246087417,0.069173265,0.211906581,0.013001187,0,2,16.9,12.22498077,-15.8436
2022,2,12,23,30,IMG_4657,0.023,0,0.039,0.317,0.418,0,0.204,0,0.013282572,0,0.021226405,0.21794692,0.223370305,0.000104229,0.105272791,0,2,16.8,12.29484421,-17.2213
2022,2,12,23,40,IMG_4658,0,0,0,0.364,0.635,0,0,0,0,0,4.60E-05,0.24854532,0.359962793,0,1.32E-05,0,2,16.7,12.22126782,-17.6437
2022,2,12,23,50,IMG_4659,0,0,0,0.258,0.741,0,0.001,0.001,0,0,0,0.181023107,0.43726253,6.13E-05,0.000405679,0.000493172,2,16.7,12.22126782,-16.7805
2022,2,13,0,0,IMG_4660,0.059,0,0.002,0.239,0.087,0.001,0.612,0,0.038068525,0,0.001217037,0.168303696,0.048799316,0.000260975,0.277578065,0,2,16.7,12.22126782,-17.7165
2022,2,13,0,10,IMG_4661,0.166,0,0.012,0.186,0.033,0.005,0.598,0,0.106715212,0,0.0073875,0.125972671,0.019899519,0.001904372,0.258393547,0,2,16.7,12.22126782,-17.2341
2022,2,13,0,20,IMG_4662,0.028,0,0.002,0.376,0.591,0,0.002,0,0.019407054,0,0.001537312,0.225106107,0.306422544,0.000202622,0.000733233,0,2,16.7,12.22126782,-16.0141
2022,2,13,0,30,IMG_4663,0,0,0.001,0.22,0.777,0,0.001,0,9.31E-06,0,0.000810945,0.139958196,0.452189889,0,0.000466451,0,2,16.6,12.14807326,-12.3105
2022,2,13,0,40,IMG_4664,0,0,0.056,0.221,0.599,0,0.124,0,0.000246244,0,0.029898663,0.138915768,0.306646221,3.82E-05,0.055667773,0.000265895,2,16.6,12.28932992,-8.8556
2022,2,13,0,50,IMG_4665,0,0,0.007,0.228,0.618,0,0.146,0,0,0,0.004103921,0.142316767,0.34423466,0.000115332,0.073703546,0.00017817,2,16.6,12.14807326,-13.6027
2022,2,13,1,0,IMG_4666,0.004,0,0.002,0.159,0.305,0.528,0.002,0,0.002441083,0,0.001028794,0.100362906,0.186710119,0.300724805,0.001065264,0,2,16.7,12.22126782,-11.1109
2022,2,13,1,10,IMG_4667,0.041,0,0,0.102,0.596,0.004,0.257,0,0.030218382,0,0,0.07223119,0.343549737,0.002143697,0.121731182,0,2,16.7,12.22126782,-10.8912
2022,2,13,1,20,IMG_4668,0.001,0,0.001,0.117,0.82,0,0.062,0,0.000416699,0,0.000763785,0.080835487,0.470278861,0,0.031723873,0,2,16.7,12.22126782,-12.1529
2022,2,13,1,30,IMG_4669,0,0,0.001,0.112,0.888,0,0,0,0,0,0.000545433,0.079396094,0.526096905,0,0,0,2,16.6,12.00681659,-5.3243
2022,2,13,1,40,IMG_4670,0,0,0,0.024,0.976,0,0,0,0,0,0,0.019053809,0.578690137,0,7.75E-05,0,2,16.7,12.07916006,-8.997
2022,2,13,1,50,IMG_4671,0.003,0,0,0.127,0.696,0.002,0.172,0,0.002038852,0,0,0.087609292,0.370925331,0.00082497,0.06871748,0,2,16.8,12.1518809,-13.8681
2022,2,13,2,0,IMG_4672,0.062,0,0.007,0.307,0.005,0,0.619,0,0.04578119,0,0.003556513,0.180783579,0.002431152,0,0.234604808,0,2,16.8,12.1518809,-17.4365
2022,2,13,2,10,IMG_4673,0.121,0,0.009,0.256,0,0,0.614,0,0.070897138,1.97E-05,0.003616376,0.146849489,0,0,0.195468104,0,2,16.7,12.07916006,-16.4471
2022,2,13,2,30,IMG_4675,0.025,0,0.083,0.284,0.137,0,0.47,0,0.01608771,0,0.029969013,0.155744223,0.056251825,0,0.181717691,0,2,16.7,12.22126782,-13.3285
2022,2,13,2,40,IMG_4676,0,0,0.011,0.259,0.175,0,0.555,0,0,0,0.004338679,0.141125361,0.073055739,7.60E-06,0.223558136,0,2,16.6,12.14807326,-10.7426
2022,2,13,2,50,IMG_4677,0,0,0.001,0.257,0.743,0,0,0,0,0,0.000364731,0.138854725,0.363412222,0,0,0,2,16.6,12.14807326,-9.3113
2022,2,13,3,0,IMG_4678,0,0,0,0.109,0.891,0,0,0,0,0,0,0.063623092,0.50844248,0,0,0,2,16.6,12.14807326,-9.8937
2022,2,13,3,10,IMG_4679,0.011,0,0,0.02,0.968,0,0.001,0,0.008837019,0,0.000231843,0.01235936,0.503445425,6.11E-05,0.000370065,0,2,16.6,12.28932992,-7.4938
2022,2,13,3,20,IMG_4680,0,0,0.001,0.211,0.448,0,0.34,0,0,0,0.00018288,0.13055474,0.191770981,1.55E-05,0.127027216,0,2,16.5,12.21566885,-14.1729
2022,2,15,2,30,IMG_4757,0.041,0,0.001,0.357,0.024,0.062,0.514,0,0.023464896,3.99E-05,0.000620876,0.196098873,0.015212515,0.039204815,0.228472822,0,2,14.7,8.435578654,-24.0859
2022,2,15,2,40,IMG_4758,0.465,0,0,0.21,0.05,0.155,0.12,0,0.295057828,0,0.000126585,0.129479049,0.032033256,0.089030476,0.071792278,0,2,14.6,8.509377524,-20.9469
2022,2,15,2,50,IMG_4759,0.192,0,0,0.179,0.43,0.197,0.003,0,0.118181325,0,0,0.109213244,0.252686095,0.10617965,0.001150278,0,2,14.6,8.634515429,-16.8925
2022,2,15,3,0,IMG_4760,0.025,0,0,0.325,0.65,0,0,0,0.015954793,0,0,0.160081806,0.427810382,0,0,0,2,14.6,8.509377524,-7.4262
2022,2,15,3,10,IMG_4761,0,0,0,0.001,0.999,0,0,0,0,0,0,0.000249076,0.738229552,0,0,0,2,14.6,8.509377524,-4.0281
2022,2,15,20,40,IMG_4771,0,0,0,0.001,0.998,0,0,0.001,0,0,0,0.000745132,0.888731385,0,0,0.000613071,2,15.2,10.77313481,-11.6122
2022,2,15,21,50,IMG_4778,0,0,0.001,0.432,0.567,0,0,0,0,0,0.00038774,0.386222453,0.474231626,0,0,0,2,15.4,10.77339319,-4.0957
2022,2,16,23,0,IMG_4813,0.001,0,0,0.287,0.656,0.001,0.055,0,0.000321221,0,0.000203117,0.218215204,0.489055634,0.000722919,0.038533917,0,2,16,11.03562081,-16.0657
2022,2,16,23,10,IMG_4814,0.018,0,0.061,0.251,0.415,0.002,0.253,0,0.008249902,0,0.043373783,0.186991955,0.285595808,0.001069621,0.167905739,0,2,15.9,10.96915581,-21.9438
2022,2,17,0,40,IMG_4823,0.034,0,0.021,0.233,0.021,0.003,0.688,0,0.011644599,0,0.014151232,0.164963709,0.01576075,0.00220927,0.487530551,0,2,16,11.03562081,-22.0926
2022,2,17,0,50,IMG_4824,0.01,0,0.01,0.269,0.354,0.003,0.354,0,0.003076037,0,0.007176307,0.183748265,0.252964303,0.002577975,0.253072769,0,2,16.1,11.10243464,-16.3529
2022,2,17,2,0,IMG_4831,0.198,0,0.01,0.524,0.006,0.113,0.149,0,0.087862785,0,0.006635261,0.337292105,0.004123069,0.077477081,0.102938379,0,2,15.9,11.10457749,-25.88
2022,2,17,2,10,IMG_4832,0.135,0,0.011,0.435,0.011,0.017,0.391,0,0.061886433,7.57E-05,0.008587417,0.282310284,0.007032933,0.011182925,0.30695622,0,2,15.8,11.03764354,-16.7032
2022,2,17,2,20,IMG_4833,0.055,0.003,0.084,0.288,0.088,0,0.482,0,0.023402622,0.002131265,0.065627209,0.18873898,0.071369103,0,0.347768697,0,2,15.9,11.23999916,-16.3328
2022,2,17,2,30,IMG_4834,0,0,0.007,0.307,0.632,0,0.055,0,2.28E-05,0,0.005543397,0.20824861,0.496707024,4.33E-05,0.044019404,0,2,15.9,11.23999916,-11.847
2022,2,17,2,40,IMG_4835,0,0,0.003,0.214,0.781,0,0.002,0,0,0,0.001995373,0.161914769,0.633227486,0,0.00150915,0.000107407,2,16,11.30810527,-7.187
2022,2,17,2,50,IMG_4836,0.001,0,0,0.06,0.885,0.054,0,0,0.000303042,0,0,0.038935885,0.665732993,0.041551367,0,0,2,16,11.30810527,-12.8556
2022,2,17,3,0,IMG_4837,0.103,0,0.015,0.134,0.285,0.248,0.215,0,0.038579372,0,0.010291023,0.093341143,0.207152764,0.181945816,0.13803771,0,2,16,11.17186304,-16.7196
2022,3,1,23,0,IMG_5038,0,0,0,0.001,0.985,0,0,0.015,0,0,0,0.000367203,0.723117075,0,0,0.012503711,2,19.8,14.68811057,-7.7132
2022,3,1,23,10,IMG_5039,0,0,0,0,0.843,0,0,0.157,0,0,0,5.84E-05,0.608389543,0,0,0.122616714,2,19.8,14.85890256,-7.515
2022,3,1,23,20,IMG_5040,0,0,0,0,0.724,0,0,0.276,0,0,0,1.36E-05,0.496856618,0,0,0.227444884,2,19.7,14.77207701,-7.342
2022,3,1,23,30,IMG_5041,0,0,0,0.002,0.314,0,0,0.684,0,0,0,0.000754147,0.227438251,0,0,0.528789476,2,19.7,14.77207701,-6.1952
2022,3,1,23,40,IMG_5042,0,0,0,0,0.825,0,0,0.175,0,0,0,0.000103546,0.591827779,0,0,0.137137154,2,19.8,15.02969454,-6.7818
2022,3,1,23,50,IMG_5043,0,0,0,0,0.764,0,0,0.236,0,0,0,4.61E-05,0.521647371,0,0,0.188023453,2,19.7,14.941871,-7.3861
2022,3,2,0,0,IMG_5044,0,0,0,0,0.752,0,0,0.248,0,0,0,2.65E-05,0.510525661,0,0,0.195614573,2,19.6,15.02329264,-7.5833
2022,3,2,0,10,IMG_5045,0,0,0,0.004,0.772,0,0,0.224,0,0,0,0.003039776,0.517891301,0,0,0.174032655,2,19.6,15.02329264,-8.005
2022,3,2,0,20,IMG_5046,0,0,0,0,0.742,0,0,0.258,0,0,0,1.71E-05,0.498488462,0,0,0.204588785,2,19.6,15.02329264,-7.5572
2022,3,2,0,40,IMG_5048,0,0,0,0,0.818,0,0,0.181,0,0,0,0.00014529,0.62140619,0,0,0.13403581,2,19.6,15.02329264,-6.0262
2022,3,2,23,10,IMG_5070,0.08,0,0,0.92,0,0,0,0,0.05943931,0,0,0.494030213,0,0,0,0,2,,,-25.0948
2022,3,2,23,20,IMG_5071,0.148,0,0,0.757,0.029,0.067,0,0,0.107927569,0,0,0.432457227,0.017968134,0.0266061,0,0,2,,,-24.1499
2022,3,2,23,30,IMG_5072,0.104,0,0,0.725,0.137,0.034,0,0,0.072423821,0,0,0.398099962,0.076630048,0.017341864,0,0,2,,,-24.348
2022,3,2,23,40,IMG_5073,0.157,0,0,0.614,0.031,0.198,0,0,0.108147033,0,0,0.375457317,0.019147281,0.080440234,0,0,2,,,-22.8512
2022,3,2,23,50,IMG_5074,0.104,0,0,0.717,0.031,0.148,0,0,0.072257933,0,0,0.403917706,0.019897221,0.06587947,0,0,2,,,-22.0925
2022,3,3,0,0,IMG_5075,0.14,0,0,0.676,0.085,0.099,0,0,0.103610569,0,0,0.384832557,0.050696792,0.041077607,0,0,2,17.7,12.22015835,-21.9851
2022,3,3,0,10,IMG_5076,0.079,0,0,0.511,0.056,0.355,0,0,0.057472897,0,0,0.325562372,0.032992668,0.184837237,0,1.97E-05,2,17.7,12.22015835,-23.0255
2022,3,3,0,20,IMG_5077,0.104,0,0,0.608,0.229,0.058,0,0.001,0.077263559,0,0,0.362209976,0.132394246,0.026051833,0,0.000422175,2,17.7,12.37102451,-20.7237
2022,3,3,0,30,IMG_5078,0,0,0,0.34,0.614,0,0,0.045,0,0,0,0.23670287,0.356490385,0,0,0.034603809,2,17.7,12.37102451,-20.5481
2022,3,3,0,40,IMG_5079,0,0,0,0.374,0.592,0,0,0.034,0,0,0,0.252793968,0.349270275,0,0,0.026701901,2,17.7,12.37102451,-13.5066
2022,3,3,0,50,IMG_5080,0.003,0,0,0.57,0.427,0,0,0,0.001968825,0,0,0.344959585,0.22086247,0,0,0,2,17.7,12.37102451,-17.3696
2022,3,3,1,0,IMG_5081,0,0,0,0.393,0.607,0,0,0,0,0,0,0.266738815,0.321038394,0,0,0,2,17.8,12.4449072,-16.9005
2022,3,3,1,10,IMG_5082,0,0,0,0.201,0.798,0,0,0.001,0,0,0,0.152992991,0.473909758,0,0,0.0012016,2,17.8,12.29314004,-18.3407
2022,3,3,1,20,IMG_5083,0,0,0,0.126,0.782,0,0,0.092,0,0,0,0.089914333,0.529083684,0,0,0.073517743,2,17.8,12.29314004,-17.0831
2022,3,3,1,30,IMG_5084,0,0,0,0,0.998,0,0,0.002,0,0,0,9.02E-05,0.685754267,0,0,0.001461043,2,17.8,12.29314004,-13.2591
2022,3,3,1,40,IMG_5085,0,0,0,0,0.479,0,0,0.521,0,0,0,0.000181611,0.334685907,0,0,0.396780611,2,17.8,12.29314004,-9.3101
2022,3,3,1,50,IMG_5086,0,0,0,0,0.006,0,0,0.994,0,0,0,9.28E-05,0.003645012,0,0,0.744865993,2,17.8,12.14137288,-4.8389
2022,3,3,2,40,IMG_5091,0,0,0,0,0.371,0,0,0.629,0,0,0,3.19E-05,0.261641895,0,0,0.477173798,2,17.8,11.98960572,-4.5652
2022,3,3,3,10,IMG_5094,0,0,0,0.004,0.95,0,0,0.047,0,0,0,0.002329845,0.673122175,0,0,0.038191812,2,17.9,11.90848035,-4.9588
2022,3,3,3,20,IMG_5095,0,0,0,0.08,0.688,0,0,0.232,0,0,0,0.048458301,0.441834908,0,0,0.18696232,2,18,11.97948682,-6.899
2022,3,3,3,30,IMG_5096,0,0,0,0.339,0.478,0,0,0.183,0,0,0,0.188482159,0.306136907,0,0,0.151367924,2,17.9,11.90848035,-10.0157
2022,3,3,19,30,IMG_5097,0,0,0,0.649,0.286,0,0,0.064,0,0,0,0.464006325,0.232028538,0,0,0.059434863,2,20.7,15.48039453,-16.2318
2022,3,3,19,50,IMG_5099,0,0,0,0.718,0.28,0,0,0.003,0,0,0,0.527235517,0.211779049,0,0,0.002366669,2,20.6,15.39057748,-18.4999
2022,3,3,20,10,IMG_5101,0,0,0,0.983,0.016,0,0,0.001,0,0,0,0.653599669,0.01247938,0,0,0.000768697,2,20.4,15.21229373,-17.8561
2022,3,3,20,20,IMG_5102,0,0,0,0.754,0.246,0,0,0,0,0,0,0.542611764,0.154965242,0,0,0.000124669,2,20.6,15.21161728,-18.1412
2022,3,3,20,30,IMG_5103,0,0,0,0.575,0.425,0,0,0,0,0,0,0.428201239,0.283904334,0,0,8.70E-05,2,20.3,14.94796485,-17.3731
2022,3,3,20,50,IMG_5105,0,0,0,0.867,0.132,0,0,0.001,0,0,0,0.600763341,0.089630116,0,0,0.000601164,2,20.2,15.03579792,-16.4444
2022,3,3,21,0,IMG_5106,0,0,0,0.997,0.003,0,0,0,0,0,0,0.694593645,0.00230631,0,0,2.12E-05,2,20,15.03387833,-16.1402
2022,3,3,21,10,IMG_5107,0,0,0,0.931,0.064,0,0,0.005,0,0,0,0.631361411,0.04876075,0,0,0.003225398,2,19.9,14.94616905,-16.7682
2022,3,3,21,20,IMG_5108,0,0,0.002,0.547,0.431,0.01,0,0.01,0,0,0.001514393,0.398493765,0.286927584,0.005674016,0,0.008795959,2,19.8,15.02969454,-18.634
2022,3,3,21,30,IMG_5109,0,0,0,0.864,0.115,0,0,0.02,0,0,0,0.588044373,0.080430364,0,0,0.017631919,2,19.8,15.20048652,-17.8047
2022,3,3,21,40,IMG_5110,0,0,0,1,0,0,0,0,0,0,0,0.65803288,3.30E-06,0,0,0,2,19.8,15.20048652,-16.2502
2022,3,3,21,50,IMG_5111,0,0,0,1,0,0,0,0,0,0,0,0.65113134,3.30E-06,0,0,0,2,19.7,15.11166499,-15.7851
2022,3,3,22,0,IMG_5112,0,0,0,1,0,0,0,0,0,0,0,0.627501502,3.03E-06,0,0,0,2,19.6,15.02329264,-14.9012
2022,3,3,22,10,IMG_5113,0,0,0,1,0,0,0,0,0,0,0,0.604776645,2.85E-06,0,0,0,2,19.5,15.1031807,-16.3199
2022,3,3,22,20,IMG_5114,0.001,0,0,0.999,0,0,0,0,0.000429688,0,0,0.582562838,0,0,0,0,2,19.4,15.18154834,-15.3765
2022,3,3,22,30,IMG_5115,0.007,0,0,0.993,0,0,0,0,0.005208744,0,0,0.562541128,0,0,0,0,2,19.4,15.18154834,-13.6442
2022,3,3,22,40,IMG_5116,0.055,0,0,0.945,0,0,0,0,0.03910483,0,0,0.524432858,0,0,0,0,2,19.2,15.00401598,-12.7598
2022,3,3,22,50,IMG_5117,0.019,0,0,0.981,0,0,0,0,0.013495801,0,0,0.523123317,0,0,0,0,2,19.1,14.91592529,-12.4612
2022,3,3,23,0,IMG_5118,0.118,0,0,0.882,0,0,0,0,0.085404237,0,0,0.471086298,0,0,0,0,2,19,14.82828238,-11.7346
2022,3,3,23,10,IMG_5119,0,0,0,0.704,0.29,0,0,0.005,0,0,1.89E-05,0.42877654,0.132254875,0,0,0.003927344,2,18.9,14.74108536,-11.5337
2022,3,3,23,20,IMG_5120,0,0,0,0.003,0.258,0,0,0.739,0,0,0,0.002081273,0.1586205,0,0,0.533138199,2,18.9,14.74108536,-6.9932
2022,3,3,23,30,IMG_5121,0,0,0,0.001,0.529,0,0,0.471,0,0,0,0.000475676,0.356236298,0,0,0.363928906,2,19,14.82828238,-3.7721
2022,3,3,23,40,IMG_5122,0,0,0,0,0.633,0,0,0.367,0,0,0,1.28E-05,0.447901525,0,0,0.283502607,2,19.2,14.83913669,-3.3104
2022,3,3,23,50,IMG_5123,0,0,0,0.001,0.853,0,0,0.146,0,0,0,0.001046236,0.602486185,0,0,0.111957722,2,19.6,14.68569055,-4.1184
2022,3,4,0,0,IMG_5124,0,0,0,0,0.893,0,0,0.107,0,0,0,6.39E-06,0.635732287,0,0,0.081739633,2,19.9,14.60257895,-4.3874
2022,3,4,0,10,IMG_5125,0,0,0,0.094,0.754,0,0,0.152,0,0,0,0.068050143,0.473652141,0,0,0.117659285,2,20.2,14.86096306,-6.1842
2022,3,4,0,20,IMG_5126,0,0,0,0.222,0.577,0.001,0,0.201,0,0,0,0.133466579,0.314228471,0.000191744,0,0.151726675,2,19.9,14.774374,-9.9041
2022,3,4,0,30,IMG_5127,0,0,0,0.271,0.506,0,0,0.222,0,0,0,0.170492526,0.267482647,0,0,0.174196011,2,19.8,14.68811057,-11.3472
2022,3,4,0,40,IMG_5128,0,0,0,0.162,0.579,0,0,0.259,0,0,0,0.090452021,0.310833834,0,0,0.199508391,2,19.8,14.68811057,-12.7951
2022,3,4,0,50,IMG_5129,0,0,0,0.765,0.181,0,0,0.054,0,0,0,0.445650954,0.080763514,0,0,0.040045868,2,19.7,14.60228302,-15.7469
2022,3,4,1,0,IMG_5130,0,0,0,0.695,0.152,0.014,0,0.14,0,0,0,0.381186666,0.071296544,0.00544689,0,0.102675691,2,19.6,14.68569055,-16.7241
2022,3,4,1,10,IMG_5131,0,0,0,0.903,0.09,0.001,0,0.006,0,0,0,0.504478102,0.047958293,0.000656641,0,0.003935299,2,19.5,14.59974134,-17.3212
2022,3,4,1,20,IMG_5132,0,0,0,0.995,0,0,0,0.005,0,0,0,0.520874842,0,0,0,0.003914498,2,19.4,14.51422753,-17.899
2022,3,4,1,30,IMG_5133,0.007,0,0,0.993,0,0,0,0,0.004851292,0,0,0.49823771,0,0,0,1.73E-05,2,19.3,14.42914729,-20.788
2022,3,4,1,40,IMG_5134,0.07,0,0,0.93,0,0,0,0,0.050785194,0,0,0.459956611,0,0,0,0,2,19.3,14.42914729,-18.8964
2022,3,4,1,50,IMG_5135,0.315,0,0,0.685,0,0,0,0,0.232986629,0,0,0.362999947,0,0,0,0,2,19.3,14.42914729,-18.1473
2022,3,4,2,0,IMG_5136,0.155,0,0,0.845,0,0,0,0,0.116628223,0,0,0.414397213,0,0,0,1.93E-05,2,19.4,14.51422753,-16.9858
2022,3,4,2,10,IMG_5137,0.305,0,0,0.695,0,0,0,0,0.225477915,0,0,0.370178696,0,0,0,0,2,19.3,14.42914729,-16.6217
2022,3,4,2,20,IMG_5138,0.285,0,0,0.715,0,0,0,0,0.208753974,0,0,0.377051367,0,0,0,0,2,19.2,14.3444988,-16.1499
2022,3,4,2,30,IMG_5139,0.358,0,0,0.642,0,0,0,0,0.260153185,0,0,0.353890077,0,0,0,0,2,19.2,14.1796195,-17.9796
2022,3,4,2,40,IMG_5140,0.028,0,0,0.972,0,0,0,0,0.020018472,0,0,0.458736538,0,0,0,0,2,19.1,14.09636895,-19.4432
2022,3,4,2,50,IMG_5141,0.169,0,0,0.831,0,0,0,0,0.12384704,0,0,0.424297761,0,0,0,0,2,19.3,14.09744276,-19.2289
2022,3,4,3,0,IMG_5142,0.054,0,0,0.946,0,0,0,0,0.041832347,0,0,0.450947814,1.95E-06,0,0,0,2,19.2,13.84986091,-16.6663
2022,3,4,3,10,IMG_5143,0.003,0,0,0.997,0,0,0,0,0.002140663,0,0,0.477249865,0,0,0,0,2,18.9,13.76914566,-15.6644
2022,3,4,3,20,IMG_5144,0.014,0,0,0.986,0,0,0,0,0.01035024,0,0,0.479990572,0,0,0,0,2,18.6,13.68642824,-14.8485
2022,3,4,3,30,IMG_5145,0.269,0,0,0.731,0,0,0,0,0.196727855,0,0,0.39274215,0,0,0,0,2,18.6,13.84557276,-18.1538
2022,3,4,19,40,IMG_5147,0,0,0,1,0,0,0,0,0,0,0,0.600443179,3.27E-06,0,0,0,2,21,14.47038309,-18.2687
2022,3,4,20,0,IMG_5149,0,0,0,1,0,0,0,0,0,0,0,0.583863266,3.16E-06,0,0,0,2,20.9,14.02240586,-19.8395
2022,3,4,20,10,IMG_5150,0.003,0,0,0.99,0.007,0,0,0,0.001780702,0,6.65E-05,0.579554492,0.003628628,0,0,0,2,21.5,13.95277294,-18.76
2022,3,4,20,20,IMG_5151,0.018,0,0.022,0.884,0,0.076,0,0,0.011471176,0,0.014296815,0.529707234,0.000164115,0.031451382,0,0,2,21.8,14.0046883,-18.9461
2022,3,4,20,30,IMG_5152,0.022,0,0,0.74,0.049,0.19,0,0,0.01308623,0,0,0.465452021,0.029984976,0.092453163,0,0,2,21.3,14.35142849,-17.1245
2022,3,4,20,40,IMG_5153,0.026,0,0,0.654,0.232,0.086,0.002,0,0.015571327,0,0,0.428100488,0.134555056,0.042297115,0.001179537,0,2,20.5,14.23368482,-14.8734
2022,3,4,20,50,IMG_5154,0.001,0,0,0.727,0.04,0.232,0,0,0.000825496,0,0,0.454537906,0.023419944,0.128255829,0,6.51E-06,2,20.4,14.68163232,-14.1516
2022,3,4,21,0,IMG_5155,0.021,0,0,0.631,0.254,0.093,0.001,0,0.013642653,0,0,0.406290595,0.141889378,0.045268134,0.000577186,0,2,20.7,14.400367,-14.9128
2022,3,4,21,10,IMG_5156,0.035,0,0,0.696,0.17,0.099,0,0,0.02317947,0,0,0.41684351,0.098775511,0.049363214,0,0,2,21.1,14.37032803,-14.8788
2022,3,4,21,20,IMG_5157,0.001,0,0,0.498,0.486,0,0.016,0,0.000484713,0,1.25E-05,0.330633308,0.258644358,7.45E-06,0.008451345,0,2,20.5,14.58952694,-14.3381
2022,3,4,21,30,IMG_5158,0,0,0,0.768,0.097,0.135,0,0,0,0,0,0.48306561,0.054932039,0.067902321,0,0,2,20,14.68827194,-10.7919
2022,3,4,21,40,IMG_5159,0.001,0,0.009,0.835,0.156,0,0,0,0.000786493,0,0.005102073,0.48510178,0.093757835,0,0,0,2,20,14.51546874,-13.3287
2022,3,4,21,50,IMG_5160,0,0,0,0.593,0.407,0,0,0,0,0,1.16E-05,0.401203839,0.233853486,0,1.57E-05,0,2,20.1,14.77439936,-16.3917
2022,3,4,22,0,IMG_5161,0,0,0.004,0.603,0.393,0,0,0,0,0,0.002135712,0.410438116,0.205495853,0,0,0,2,20.2,14.51129334,-10.7645
2022,3,4,22,10,IMG_5162,0,0,0,0.428,0.572,0,0,0,0,0,0,0.297093585,0.313226224,0,0,0,2,20.3,14.42038962,-15.4326
2022,3,4,22,20,IMG_5163,0,0,0,0.427,0.573,0,0,0,0,0,0,0.293794599,0.326735156,0,0,0.000409127,2,21,14.28721369,-12.8616
2022,3,4,22,30,IMG_5164,0,0,0.009,0.448,0.543,0,0,0,0,0,0.004563717,0.307790437,0.26480498,0,0,0,2,21,14.47038309,-12.0719
2022,3,4,22,40,IMG_5165,0,0,0,0.475,0.525,0,0,0,0,0,0,0.327826728,0.304354793,0,0,0.00010909,2,19.9,14.60257895,-12.9142
2022,3,4,22,50,IMG_5166,0,0,0,0.569,0.41,0,0,0.021,0,0,0,0.380092766,0.232398806,0,0,0.017171064,2,19.7,14.60228302,-8.4468
2022,3,4,23,0,IMG_5167,0,0,0,0.24,0.26,0,0,0.5,0,0,0,0.155539363,0.156760524,0,0,0.370636869,2,19.7,14.77207701,-7.7598
2022,3,4,23,10,IMG_5168,0,0,0,0.041,0.454,0,0,0.506,0,0,0,0.02439082,0.293797018,0,0,0.376682602,2,20.3,14.42038962,-8.517
2022,3,4,23,20,IMG_5169,0,0,0,0.241,0.47,0,0,0.29,0,0,0,0.15858768,0.276291654,0,0,0.22278457,2,20.2,14.16162362,-7.8534
2022,3,4,23,30,IMG_5170,0,0,0,0.185,0.521,0,0,0.294,0,0,0,0.121363326,0.286190167,0,0,0.228026224,2,19.9,14.08719381,-11.9654
2022,3,4,23,40,IMG_5171,0,0,0,0.521,0.338,0,0,0.141,0,0,0,0.338101112,0.185805138,0,0,0.106457948,2,19.4,14.18056713,-12.2612
2022,3,4,23,50,IMG_5172,0,0,0,0.121,0.544,0,0,0.335,0,0,0,0.066381828,0.334903643,0,0,0.251801322,2,19.4,14.18056713,-12.1602
2022,3,5,0,0,IMG_5173,0.001,0,0,0.499,0.468,0.005,0,0.027,0.001012417,0,0,0.315809615,0.23954345,0.001759052,0,0.021312868,2,19.3,14.26329503,-12.5864
2022,3,5,0,10,IMG_5174,0,0,0,0.441,0.41,0,0,0.149,0,0,0,0.243132715,0.194846169,0,0,0.10794085,2,19.3,14.09744276,-15.4608
2022,3,5,0,20,IMG_5175,0.002,0,0,0.775,0.142,0.013,0,0.067,0.001519899,0,0,0.409986005,0.075650631,0.006184923,0,0.046888431,2,19.3,14.26329503,-18.0634
2022,3,5,0,30,IMG_5176,0,0,0,0.76,0.237,0.002,0,0.001,0,0,0,0.446037575,0.110315355,0.000943893,0,0.000496529,2,19.1,14.26028022,-12.5825
2022,3,5,0,40,IMG_5177,0,0,0,0.375,0.51,0,0,0.115,0,0,0,0.24426848,0.269833083,0,0,0.089948655,2,18.9,14.41710546,-14.5197
2022,3,5,0,50,IMG_5178,0,0,0,0.111,0.501,0,0,0.388,0,0,0,0.063248107,0.300251375,0,0,0.279769426,2,18.8,14.33225911,-14.3761
2022,3,5,1,0,IMG_5179,0,0,0,0.432,0.324,0,0,0.244,0,0,0,0.253372927,0.196743788,0,0,0.170864295,2,19.2,14.3444988,-17.401
2022,3,5,1,10,IMG_5180,0,0,0,0.435,0.41,0,0,0.154,0,0,0,0.234998317,0.224573851,0,0,0.115548468,2,19.5,14.2641151,-19.1
2022,3,5,1,20,IMG_5181,0,0,0,0.454,0.371,0,0,0.174,0,0,0,0.235926953,0.203931438,0,0,0.128996424,2,19.8,14.34652661,-18.748
2022,3,5,1,30,IMG_5182,0.003,0,0,0.798,0.159,0.028,0,0.012,0.002362778,0,0,0.405298565,0.089296935,0.014104417,0,0.008214791,2,19.9,14.08719381,-19.3431
2022,3,5,1,40,IMG_5183,0,0,0,0.583,0.398,0,0,0.019,0,0,0,0.33424659,0.200320898,0,0,0.014296935,2,20.1,13.90531705,-20.1781
2022,3,5,1,50,IMG_5184,0,0,0,0.517,0.476,0,0,0.007,0,0,0,0.296327066,0.241263462,0,0,0.004238514,2,20.2,13.98678876,-18.4674
2022,3,5,2,0,IMG_5185,0,0,0,0.469,0.437,0.012,0,0.082,9.72E-06,0,0,0.282722919,0.240002148,0.004960434,0,0.053944283,2,20.3,14.0686728,-15.1607
2022,3,5,2,10,IMG_5186,0,0,0,0.201,0.582,0,0,0.217,0,0,0,0.117339536,0.331342796,0,0,0.153480627,2,20.1,14.07913351,-15.6223
2022,3,5,2,20,IMG_5187,0.034,0,0,0.451,0.444,0.028,0,0.043,0.024566038,0,0,0.262398956,0.247072378,0.009890941,0,0.030815512,2,20.1,14.07913351,-16.4938
2022,3,5,2,30,IMG_5188,0.029,0,0,0.574,0.249,0.091,0,0.057,0.021813199,0,0,0.321539401,0.135958383,0.035406566,0,0.039769013,2,20,14.16986234,-20.7469
2022,3,5,2,40,IMG_5189,0.07,0,0,0.869,0.011,0.05,0,0,0.051405071,0,0,0.448060983,0.005582106,0.020326638,0,0,2,20,14.34266554,-20.9997
2022,3,5,2,50,IMG_5190,0,0,0,1,0,0,0,0,2.46E-05,0,0,0.499153914,0.000102426,0,0,3.70E-05,2,20,14.34266554,-20.7382
2022,3,5,3,0,IMG_5191,0.007,0,0,0.993,0,0,0,0,0.004702291,0,0,0.498935945,0,0,0,0,2,19.8,14.34652661,-20.1859
2022,3,5,3,10,IMG_5192,0,0,0,0.934,0.066,0,0,0,0,0,0,0.484405168,0.032713191,0,0,6.54E-05,2,19.6,14.34808847,-18.8555
2022,3,5,3,20,IMG_5193,0.006,0,0,0.889,0.071,0.034,0,0,0.004496875,0,0,0.455728463,0.034467233,0.015266076,0,5.37E-05,2,19.1,14.09636895,-20.8306
2022,3,5,3,30,IMG_5194,0.004,0,0,0.864,0.119,0,0,0.013,0.003057069,0,0,0.43095812,0.054523265,0,0,0.010109029,2,18.9,14.09312556,-18.278
2022,3,5,19,30,IMG_5195,0.003,0,0,0.857,0.095,0.044,0.001,0,0.001981821,0,1.03E-05,0.495055529,0.042853921,0.019287064,0.000394043,0,2,19.6,10.97206766,-23.2178
2022,3,5,19,40,IMG_5196,0.015,0,0,0.755,0.051,0.18,0,0,0.009805687,0,0,0.451836997,0.026410314,0.081714063,0,0,2,19.6,11.1408687,-20.3757
2022,3,5,19,50,IMG_5197,0.089,0,0,0.854,0.002,0.054,0,0,0.055082895,0,0,0.490978651,0.001111749,0.021910907,1.94E-05,0,2,19.4,11.1776235,-20.0959
2022,3,5,20,0,IMG_5198,0.04,0,0,0.636,0.172,0.152,0,0,0.025119809,0,0,0.387215279,0.086424482,0.067716346,9.88E-05,0,2,19.5,11.07566585,-20.3428
2022,3,5,20,10,IMG_5199,0.05,0,0,0.683,0.162,0.106,0,0,0.033084818,0,0,0.406895147,0.083664243,0.050368675,0,0,2,19.5,10.90785273,-21.2155
2022,3,5,20,20,IMG_5200,0.064,0,0.008,0.928,0,0,0,0,0.042586343,0,0.004535464,0.512423024,1.79E-05,0,0,0,2,19.5,10.57222649,-22.6504
2022,3,5,20,30,IMG_5201,0,0,0.005,0.525,0.468,0,0.001,0,0,0,0.003004838,0.336704935,0.239753726,0,0.000325608,0,2,19.5,10.57222649,-21.2001
2022,3,5,20,50,IMG_5203,0.066,0,0.022,0.912,0,0,0,0,0.043298069,0,0.010190715,0.502685765,2.80E-06,0,0,0,2,19.4,10.5103027,-22.5379
2022,3,5,21,0,IMG_5204,0.001,0,0,0.889,0.041,0.069,0,0,0.000692698,0,0,0.505177404,0.022316504,0.032684916,0,0,2,19.4,10.3434725,-23.782
2022,3,5,21,10,IMG_5205,0,0,0,0.542,0.458,0,0,0,0,0,0,0.379564566,0.319079207,0,1.84E-05,4.83E-05,2,19.4,10.3434725,-17.8534
2022,3,5,21,20,IMG_5206,0,0,0,0.316,0.682,0,0,0.002,0,0,0,0.234625428,0.521810216,0,0,0.001441339,2,19.6,10.29686349,-8.0124
2022,3,5,21,30,IMG_5207,0,0,0,0.07,0.929,0,0,0.001,0,0,0,0.04955175,0.692312673,0,0,0.000518622,2,19.6,10.12806245,-9.2251
2022,3,5,21,40,IMG_5208,0,0,0,0.079,0.921,0,0,0,0,0,0,0.059505093,0.647913281,0,0,0,2,19.5,10.06878713,-14.3773
2022,3,5,21,50,IMG_5209,0,0,0,0.097,0.899,0,0,0.004,0,0,0,0.067035051,0.648059217,0,0,0.003317631,2,19.5,10.06878713,-10.8412
2022,3,5,22,0,IMG_5210,0,0,0,0.241,0.755,0,0,0.004,0,0,0,0.161293863,0.51453107,0,0,0.002986546,2,19.6,9.959261411,-8.506
2022,3,5,22,10,IMG_5211,0,0,0,0.244,0.753,0.001,0,0.003,0,0,0,0.163719772,0.506959225,0.000410389,0,0.002368788,2,19.6,10.12806245,-6.2592
2022,3,5,22,20,IMG_5212,0,0,0,0.21,0.789,0,0,0.001,0,0,0,0.14389049,0.559778854,0,0,0.000946334,2,19.4,10.6771329,-7.0736
2022,3,5,22,30,IMG_5213,0,0,0,0.105,0.895,0,0,0,0,0,0,0.07358273,0.678693262,0,0,0.000193247,2,19.1,10.81814361,-8.415
2022,3,5,22,40,IMG_5214,0,0,0,0.061,0.938,0,0,0.001,0,0,0,0.041936719,0.753437147,0,0,0.000961831,2,19.1,10.81814361,-5.0574
2022,3,5,22,50,IMG_5215,0,0,0,0.021,0.966,0,0,0.013,0,0,0,0.014141301,0.77163258,0,0,0.009019494,2,19.1,10.65423235,-3.0358
2022,3,5,23,0,IMG_5216,0,0,0,0,1,0,0,0,0,0,0,0,0.80579831,0,0,0,2,19.2,10.55227498,-3.9938
2022,3,5,23,10,IMG_5217,0,0,0,0.012,0.988,0,0,0,0,0,0,0.007695898,0.7617987,0,0,0,2,19.1,10.65423235,-7.341
2022,3,5,23,20,IMG_5218,0.005,0,0,0.231,0.763,0.001,0,0,0.003346792,0,0,0.134898633,0.478312891,0.000363552,2.04E-05,0,2,19,10.75457843,-15.6926
2022,3,5,23,30,IMG_5219,0.001,0,0,0.26,0.68,0.037,0.022,0,0.000787846,0,0,0.154394591,0.373578786,0.019558939,0.011307001,0.000155221,2,18.9,10.69133663,-17.109
2022,3,5,23,40,IMG_5220,0,0,0,0.258,0.72,0.018,0,0.003,0,0,0,0.152088664,0.458428959,0.013088499,0,0.002156242,2,18.8,10.46738025,-11.3091
2022,3,5,23,50,IMG_5221,0.008,0,0,0.241,0.725,0.025,0,0.001,0.005357512,0,0,0.144964528,0.454636711,0.014451946,0,0.000735472,2,18.8,10.30634363,-8.7939
2022,3,6,0,0,IMG_5222,0,0,0,0.264,0.735,0,0,0.001,0,0,0,0.163455852,0.483116016,0,0,0.000612831,2,18.9,10.36735674,-9.7867
2022,3,6,0,10,IMG_5223,0,0,0,0.334,0.627,0.039,0,0,0.000111914,0,0,0.193309322,0.344896807,0.021536283,2.85E-05,0,2,18.8,10.46738025,-13.6613
2022,3,6,0,20,IMG_5224,0.001,0,0,0.293,0.69,0.014,0.002,0,0.000503598,0,0,0.173940715,0.404927148,0.008494088,0.00051591,0,2,18.8,10.30634363,-17.9054
2022,3,6,0,30,IMG_5225,0,0,0,0.043,0.957,0,0,0,0,0,0,0.026858474,0.639775992,0,0,0,2,18.8,10.14530701,-13.8606
2022,3,6,0,40,IMG_5226,0,0,0,0.075,0.925,0,0,0,0,0,0,0.047338507,0.651688642,0,0,0,2,18.8,9.984270388,-12.1588
2022,3,6,0,50,IMG_5227,0,0,0,0.007,0.993,0,0,0,0,0,0,0.003255266,0.685407212,0,0,0,2,18.9,10.04337684,-7.7662
2022,3,6,1,0,IMG_5228,0,0,0,0.066,0.934,0,0,0,0,0,0,0.038978748,0.638956475,0,0,0,2,18.9,9.881386888,-6.6887
2022,3,6,1,10,IMG_5229,0,0,0,0.054,0.946,0,0,0,0,0,0,0.029058316,0.575422236,0,1.92E-06,0,2,19,9.939837637,-7.7847
2022,3,6,1,20,IMG_5230,0,0,0,0,1,0,0,0,0,0,0,0,0.699570696,0,0,0,2,19,9.939837637,-11.2196
2022,3,6,1,30,IMG_5231,0,0,0,0,1,0,0,0,0,0,0,0,0.66162681,0,0,0,2,19.1,9.834676013,-10.2135
2022,3,6,1,40,IMG_5232,0,0,0,0.078,0.922,0,0,0,0,0,0,0.0459388,0.566633729,0,0,1.59E-05,2,19,9.613941321,-13.3947
2022,3,6,1,50,IMG_5233,0,0,0,0.029,0.971,0,0,0,0,0,0,0.01382503,0.596954184,0,0,0,2,19,9.613941321,-11.3044
2022,3,6,2,0,IMG_5234,0.003,0,0,0.189,0.808,0,0,0,0.002108196,0,0,0.102341188,0.482750548,0.000129177,0,0,2,18.9,9.395417041,-12.616
2022,3,6,2,10,IMG_5235,0,0,0,0.043,0.957,0,0,0,0,0,0,0.024217127,0.60821591,0,0,0,2,19,9.450993163,-11.5191
2022,3,6,2,20,IMG_5236,0,0,0,0.014,0.986,0,0,0,0,0,0,0.00888937,0.632839926,0,0,0,2,19.1,9.179030946,-6.5267
2022,3,6,2,30,IMG_5237,0,0,0,0.002,0.998,0,0,0,0,0,0,0.000938912,0.676839476,0,0,0,2,19.2,9.068361309,-9.524
2022,3,6,2,40,IMG_5238,0,0,0,0.001,0.991,0,0,0.009,0,0,0,0.000375278,0.671976487,0,0,0.005091173,2,19.1,9.015119679,-6.0833
2022,3,6,2,50,IMG_5239,0,0,0,0,0.992,0,0,0.008,0,0,0,2.73E-05,0.693064754,0,0,0.005112117,2,19.1,8.851208412,-8.1865
2022,3,6,3,0,IMG_5240,0,0,0,0.086,0.914,0,0,0,0,0,0,0.052309901,0.595682474,0,0,0,2,19.1,8.851208412,-3.9569
2022,3,6,3,10,IMG_5241,0,0,0,0.05,0.95,0,0,0,0,0,0,0.029474219,0.601944644,0,0,0,2,19.2,8.738602715,-10.7971
2022,3,6,3,20,IMG_5242,0,0,0,0.006,0.993,0,0,0.002,0,0,0,0.003427517,0.675739799,0,0,0.001036043,2,19.1,8.523385878,-8.0757
2022,3,7,19,40,IMG_5294,0.029,0,0,0.016,0.916,0.027,0.011,0,0.019178155,0,0,0.010076916,0.6823439,0.014279935,0.005692195,0.00044191,2,11.6,8.212432897,-2.9172
2022,3,7,19,50,IMG_5295,0,0,0,0.001,0.921,0,0.077,0,1.89E-05,0,0,0.000934405,0.648972506,0.000192601,0.042881904,0,2,11.4,8.007545895,-3.3265
2022,3,7,20,0,IMG_5296,0,0,0.001,0.018,0.81,0.004,0.168,0,0,0,0.000455642,0.014760554,0.608372544,0.002490895,0.115967698,3.89E-05,2,11.3,7.957490763,-3.2806
2022,3,7,20,10,IMG_5297,0.182,0,0,0.032,0.445,0.322,0.019,0,0.114074429,0,0.000165527,0.020794922,0.33763916,0.15487521,0.008675909,0,2,11.3,7.957490763,-2.7949
2022,3,7,20,20,IMG_5298,0.173,0,0,0.012,0.076,0.319,0.42,0,0.103678771,0,0,0.006737222,0.058561403,0.195934525,0.237076502,0,2,11.2,7.90770793,-2.5554
2022,3,7,20,30,IMG_5299,0.188,0,0.001,0.187,0.202,0.417,0.004,0,0.118569621,0,0.000585201,0.118922806,0.15316848,0.235288371,0.001702073,6.92E-05,2,11.1,7.858196155,-2.2701
2022,3,7,20,40,IMG_5300,0.065,0,0,0.007,0.878,0.051,0,0,0.045619373,0,0,0.003208932,0.703270673,0.035323903,5.23E-05,0,2,11.1,7.858196155,-3.78
2022,3,7,20,50,IMG_5301,0.536,0,0,0.056,0.2,0.208,0,0,0.356500608,0,0.000103433,0.043072799,0.162814769,0.135962508,0.000117097,0,2,11.2,7.90770793,-2.4446
2022,3,7,21,0,IMG_5302,0.649,0,0.002,0.189,0.018,0.119,0.023,0,0.423310592,0,0.001794959,0.128966376,0.013829477,0.081745793,0.013265227,0,2,10.9,7.759980826,-1.7641
2022,3,7,21,10,IMG_5303,0.639,0,0.01,0.129,0.037,0.121,0.063,0,0.427843577,0,0.007503448,0.086511621,0.030173573,0.083846567,0.048699684,0,2,11,7.608724603,-2.2296
2022,3,7,21,20,IMG_5304,0.709,0,0.003,0.189,0.007,0.081,0.012,0,0.466886606,0,0.001903516,0.106732978,0.004958346,0.055709608,0.007885968,0,2,10.9,7.660493892,1.1304
2022,3,7,21,30,IMG_5305,0.205,0,0,0.15,0.11,0.535,0,0,0.137330702,0,0,0.097640167,0.081806333,0.315083519,0.000131738,0,2,10.6,7.809907641,-0.8747
2022,3,7,21,40,IMG_5306,0.505,0,0,0.072,0.058,0.336,0.029,0,0.342061861,0,1.23E-05,0.04890024,0.040498445,0.20823297,0.012694456,0,2,10.5,7.954787064,-3.5357
2022,3,7,21,50,IMG_5307,0.075,0,0,0.15,0.471,0.302,0.002,0,0.051011974,0,0,0.089341887,0.302272371,0.151898272,0.000939678,0,2,10.5,7.954787064,-1.5016
2022,3,8,1,30,IMG_5329,0,0,0,0.001,0.91,0,0,0.089,0,0,0,0.000558804,0.66569994,0,0,0.069646462,2,12.2,8.741707245,-1.0436
2022,3,8,1,50,IMG_5331,0,0,0,0.015,0.985,0,0,0,0,0,0,0.005203914,0.698369066,0,0,0.000189333,2,12.4,8.851171406,-2.275
2022,3,8,2,10,IMG_5333,0.011,0,0,0.026,0.963,0,0,0,0.008562613,0,0,0.006548535,0.574171943,0,0,0,2,12.6,8.740545046,-2.9845
2022,3,8,2,20,IMG_5334,0,0,0,0,1,0,0,0,0,0,0,0,0.732130702,0,0,0,2,12.6,8.740545046,-6.1525
2022,3,8,2,30,IMG_5335,0,0,0,0.014,0.986,0,0,0,0,0,0,0.007589964,0.61113149,0,0,0,2,12.7,8.683615374,-8.4566
2022,3,8,2,40,IMG_5336,0.035,0,0,0.095,0.844,0.018,0.008,0,0.029500639,0,0,0.045950639,0.437247889,0.005952787,0.001763236,8.60E-05,2,12.7,8.572286972,-12.092
2022,3,11,23,0,IMG_5412,0.503,0,0,0.497,0,0,0,0,0.356788567,0,0,0.280456671,0,0,0,0,2,17.3,13.40505308,-16.7858
2022,3,11,23,10,IMG_5413,0.488,0,0,0.512,0,0,0,0,0.348718389,0,0,0.279814791,0,0,0,0,2,17.3,13.40505308,-13.5434
2022,3,11,23,20,IMG_5414,0.514,0,0,0.486,0,0,0,0,0.368939776,0,0,0.269381686,0,0,0,0,2,17.1,13.24566468,-12.5956
2022,3,11,23,30,IMG_5415,0.548,0,0,0.452,0,0,0,0,0.394704642,0,0,0.246883631,0,0,0,0,2,17,13.31127576,-10.5683
2022,3,11,23,40,IMG_5416,0.552,0,0,0.448,0,0,0,0,0.400572033,0,0,0.239241436,0,0,0,0,2,16.9,13.23174389,-12.2055
2022,3,11,23,50,IMG_5417,0.59,0,0,0.41,0,0,0,0,0.433401795,0,0,0.222112027,0,0,0,0,2,16.8,13.15262404,-7.476
2022,3,12,0,0,IMG_5418,0.583,0,0,0.417,0,0,0,0,0.428049617,0,0,0.223945898,0,0,0,0,2,16.7,13.07391441,-10.5689
2022,3,12,0,10,IMG_5419,0.619,0,0,0.381,0,0,0,0,0.452293081,0,0,0.204210885,0,0,0,0,2,16.6,12.99561325,-6.2469
2022,3,12,0,20,IMG_5420,0.622,0,0,0.378,0,0,0,0,0.462779627,0,0,0.19932527,0,0,0,0,2,16.6,12.99561325,-7.7205
2022,3,12,0,30,IMG_5421,0.629,0,0,0.371,0,0,0,0,0.46970341,0,0,0.196365212,0,0,0,0,2,16.3,12.76314288,-7.7204
2022,3,12,0,40,IMG_5422,0.646,0,0,0.354,0,0,0,0,0.474800331,0,0,0.184900962,0,0,0,0,2,16.5,12.91771878,-7.0752
2022,3,12,0,50,IMG_5423,0.646,0,0,0.354,0,0,0,0,0.485121845,0,0,0.178879177,0,0,0,0,2,16.4,12.84022924,-6.0574
2022,3,12,1,0,IMG_5424,0.662,0,0,0.338,0,0,0,0,0.4921984,0,0,0.170097686,0,0,0,0,2,16.4,12.84022924,-7.1508
2022,3,12,1,10,IMG_5425,0.675,0,0,0.325,0,0,0,0,0.514152997,0,0,0.160395868,0,0,0,0,2,16.3,12.76314288,-6.5961
2022,3,12,1,20,IMG_5426,0.657,0,0,0.343,0,0,0,0,0.492409766,0,0,0.167452862,0,0,0,0,2,16.4,12.70066153,-6.5058
2022,3,12,1,30,IMG_5427,0.682,0,0,0.318,0,0,0,0,0.519147754,0,0,0.156495778,0,0,0,0,2,16.4,12.70066153,-7.9894
2022,3,12,1,40,IMG_5428,0.708,0,0,0.292,0,0,0,0,0.539491925,0,0,0.144247942,0,0,0,0,2,16.8,12.86669743,-4.9328
2022,3,12,1,50,IMG_5429,0.699,0,0,0.301,0,0,0,0,0.527937966,0,0,0.147124076,0,0,0,0,2,16.7,12.64759112,-3.6797
2022,3,12,2,0,IMG_5430,0.713,0,0,0.287,0,0,0,0,0.54395483,0,0,0.140035584,0,0,0,0,2,16.7,12.64759112,-4.4895
2022,3,12,2,10,IMG_5431,0.702,0,0,0.298,0,0,0,0,0.535137252,0,0,0.143802554,0,0,0,0,2,16.8,12.72373412,-7.403
2022,3,12,2,20,IMG_5432,0.714,0,0,0.286,0,0,0,0,0.543057069,0,0,0.139149872,0,0,0,0,2,16.7,12.50548335,-3.5033
2022,3,12,2,30,IMG_5433,0.717,0,0,0.283,0,0,0,0,0.547117533,0,0,0.137061268,0,0,0,0,2,16.5,12.35607883,-5.2332
2022,3,12,2,40,IMG_5434,0.733,0,0,0.267,0,0,0,0,0.563285524,0,0,0.130780807,0,0,0,0,2,16.4,12.42152612,-5.4685
2022,3,12,2,50,IMG_5435,0.723,0,0,0.277,0,0,0,0,0.561242398,0,0,0.1349359,0,0,0,0,2,16.3,12.34695344,-3.9364
2022,3,12,3,0,IMG_5436,0.714,0,0,0.286,0,0,0,0,0.544950481,0,0,0.141552689,0,0,0,0,2,16.1,12.33603849,-5.1957
2022,3,12,3,30,IMG_5437,0.73,0,0,0.27,0,0,0,0,0.557482535,0,0,0.130675083,0,0,0,0,2,16.5,12.63689881,-4.6171
2022,3,12,22,50,IMG_5458,0.334,0,0,0.666,0,0,0,0,0.223377404,0,0,0.370361929,0,0,0,0,2,19.1,14.09636895,-21.3129
2022,3,12,23,0,IMG_5459,0.399,0.196,0.11,0.295,0,0,0,0,0.269653388,0.104996259,0.058154575,0.177180784,0,0,0,0,2,19,14.01354159,-21.3333
2022,3,12,23,10,IMG_5460,0.337,0.012,0.153,0.499,0,0,0,0,0.229019283,0.00712337,0.077329109,0.292639521,0,0,0,0,2,19.1,14.09636895,-21.8875
2022,3,12,23,20,IMG_5461,0.032,0.333,0.187,0.449,0,0,0,0,0.022542894,0.141264438,0.074531603,0.281414588,0,0,0,0,2,19,14.01354159,-20.4751
2022,3,12,23,30,IMG_5462,0.294,0,0,0.668,0.001,0.027,0.01,0,0.20566383,0,0,0.359396417,0.000401232,0.00821703,0.003800518,0,2,18.9,14.09312556,-18.7207
2022,3,12,23,40,IMG_5463,0.411,0,0,0.589,0,0,0,0,0.292136741,0,0,0.325308113,0,0,0,0,2,18.8,14.01018587,-20.8107
2022,3,12,23,50,IMG_5464,0.391,0,0,0.609,0,0,0,0,0.273146597,0,0,0.342424346,0,0,0,0,2,18.7,13.92766886,-24.2631
2022,3,13,0,0,IMG_5465,0.381,0,0,0.619,0,0,0,0,0.273678117,0,0,0.349402456,0,0,0,0,2,18.8,14.17122249,-20.9786
2022,3,13,0,10,IMG_5466,0.397,0,0,0.603,0,0,0,0,0.286779432,0,0,0.343428516,0,0,0,0,2,18.8,14.17122249,-20.3815
2022,3,13,0,20,IMG_5467,0.371,0,0,0.629,0,0,0,0,0.266518074,0,0,0.358947348,0,0,0,0,2,18.9,14.09312556,-20.1183
2022,3,13,0,30,IMG_5468,0.332,0,0,0.668,0,0,0,0,0.240514941,0,0,0.377978733,0,0,0,0,2,18.8,13.84914925,-18.7492
2022,3,13,0,40,IMG_5469,0.378,0,0,0.622,0,0,0,0,0.274031889,0,0,0.356497694,0,0,0,0,2,18.6,13.84557276,-18.4606
2022,3,13,0,50,IMG_5470,0.365,0,0,0.635,0,0,0,0,0.265524632,0,0,0.349545628,0,0,0,0,2,18.6,13.84557276,-18.1633
2022,3,13,1,0,IMG_5471,0.392,0,0,0.608,0,0,0,0,0.286161538,0,0,0.337455634,0,0,0,0,2,18.7,13.92766886,-17.3299
2022,3,13,1,10,IMG_5472,0.403,0,0,0.597,0,0,0,0,0.291901307,0,0,0.329123332,0,0,0,0,2,18.6,13.84557276,-16.6315
2022,3,13,1,20,IMG_5473,0.393,0,0,0.607,0,0,0,0,0.287627825,0,0,0.329324331,0,0,0,0,2,18.7,13.92766886,-18.1239
2022,3,13,1,30,IMG_5474,0.421,0,0,0.579,0,0,0,0,0.304840422,0,0,0.322566812,0,0,0,0,2,18.5,13.60569006,-18.076
2022,3,13,1,40,IMG_5475,0.39,0,0,0.61,0,0,0,0,0.2850157,0,0,0.337779477,0,0,0,0,2,18.5,13.60569006,-19.5586
2022,3,13,1,50,IMG_5476,0.38,0,0,0.62,0,0,0,0,0.277894246,0,0,0.340770996,0,0,0,0,2,18.2,13.52136165,-19.0488
2022,3,13,2,0,IMG_5477,0.384,0,0,0.616,0,0,0,0,0.285417578,0,0,0.330582903,0,0,0,0,2,18,13.51531846,-20.2923
2022,3,13,2,10,IMG_5478,0.491,0,0,0.509,0,0,0,0,0.363339904,0,0,0.274989423,0,0,0,0,2,18,13.66890163,-19.6088
2022,3,13,2,30,IMG_5480,0.461,0,0,0.539,0,0,0,0,0.343405183,0,0,0.297588792,0,0,0,0,2,18.1,13.44134334,-19.3227
2022,3,13,2,40,IMG_5481,0.417,0,0,0.583,0,0,0,0,0.314745801,0,0,0.316906077,0,0,0,0,2,18,13.3617353,-18.3552
2022,3,13,2,50,IMG_5482,0.437,0,0.011,0.553,0,0,0,0,0.329136148,0,0.006320523,0.302697258,0,0,0,0,2,17.9,13.28253577,-18.0972
2022,3,13,3,0,IMG_5483,0.384,0,0,0.616,0,0,0,0,0.288707227,0,0,0.334411591,0,0,0,0,2,17.9,13.43520859,-22.2778
2022,3,13,3,10,IMG_5484,0.365,0,0,0.635,0,0,0,0,0.270289258,0,0,0.35033297,0,0,0,0,2,18.1,13.44134334,-21.1919
2022,3,13,3,20,IMG_5485,0.264,0,0.001,0.735,0,0,0,0,0.197338416,0,0.000731964,0.39801718,1.83E-06,0,8.10E-06,0,2,18,13.51531846,-18.2965
2022,3,13,3,30,IMG_5486,0.005,0,0,0.81,0.185,0,0,0,0.003926457,0,0,0.433449489,0.078199031,0,0,7.41E-05,2,17.8,13.35551017,-17.6194
2022,3,13,23,40,IMG_5512,0.493,0,0.006,0.502,0,0,0,0,0.335757858,0,0.001770771,0.250664949,0,0,0,0,2,21.4,13.12247144,-21.1261
2022,3,14,0,50,IMG_5519,0.61,0.008,0.05,0.332,0,0,0,0,0.420061801,0.004358323,0.027156686,0.171112042,0,0,0,0,2,20.8,13.0359049,-25.6905
2022,3,14,1,10,IMG_5521,0.346,0.093,0.231,0.045,0,0.001,0.284,0,0.251495921,0.052528193,0.133709052,0.025797483,0,0.000258887,0.11566253,0,2,20.7,13.14033489,-24.9222
2022,3,14,1,20,IMG_5522,0.165,0,0.062,0.24,0.205,0.002,0.326,0,0.119314198,0,0.036092157,0.142423347,0.111096312,0.000761839,0.163285637,0,2,20.5,13.16615846,-23.9453
2022,3,14,1,30,IMG_5523,0,0,0,0.339,0.661,0,0,0,0,0,0,0.212393893,0.39617476,0,5.38E-05,0,2,20.5,13.34407952,-16.2825
2022,3,14,1,40,IMG_5524,0,0,0,0.236,0.759,0.001,0.003,0,0.000352915,0,0,0.145516121,0.451719989,0.000386944,0.001277486,0,2,20.5,13.34407952,-9.7264
2022,3,14,1,50,IMG_5525,0,0,0,0.303,0.691,0.001,0,0.004,8.40E-05,0,0,0.184874887,0.379193502,0.000527494,0,0.002824489,2,20.6,13.24305504,-13.4436
2022,3,14,2,0,IMG_5526,0.082,0,0,0.261,0.43,0.12,0.107,0,0.059227825,0,0.000121372,0.15100773,0.238737094,0.061545087,0.057031866,0,2,20.6,13.06409484,-15.1971
2022,3,14,2,10,IMG_5527,0,0,0,0.233,0.759,0.005,0.002,0,8.61E-05,0,0,0.137905739,0.441132399,0.002151239,0.000860464,0,2,20.8,13.0359049,-16.455
2022,3,14,2,20,IMG_5528,0.042,0,0,0.239,0.365,0.133,0.222,0,0.030993442,0,0,0.137497115,0.196139648,0.070875458,0.112094914,0,2,20.6,13.06409484,-15.47
2022,3,14,2,30,IMG_5529,0.215,0,0,0.293,0.166,0.325,0.001,0,0.154938199,0,0,0.149259135,0.083085877,0.145811418,0.000279034,0,2,20.5,13.16615846,-17.7123
2022,3,14,2,40,IMG_5530,0.338,0,0,0.296,0.041,0.325,0,0,0.247079387,0,0,0.153575901,0.019042676,0.124556227,1.51E-05,0,2,20.2,12.9377796,-16.4274
2022,3,14,2,50,IMG_5531,0.338,0,0,0.291,0.034,0.337,0,0,0.251457595,0,0,0.146755131,0.015970583,0.118014791,2.91E-06,0,2,20.2,12.76294474,-18.5116
2022,3,14,3,0,IMG_5532,0.34,0,0,0.214,0.03,0.399,0.017,0,0.250430514,0,0,0.114000255,0.014555822,0.146978869,0.008011786,0,2,20.2,12.41327502,-16.0636
2022,3,14,3,10,IMG_5533,0.299,0,0,0.252,0.049,0.367,0.034,0,0.225719854,0,8.86E-05,0.134873858,0.023839438,0.154274842,0.01626691,0,2,20,12.61463355,-14.3018
2022,3,14,3,20,IMG_5534,0.249,0,0.004,0.232,0.034,0.293,0.188,0,0.182024624,0,0.001909375,0.12404058,0.017080919,0.116058136,0.087975759,0,2,19.5,12.75379703,-16.0074
2022,3,14,3,30,IMG_5535,0.074,0,0,0.258,0.538,0.107,0.023,0,0.056609488,0,0,0.136067563,0.249457572,0.043885983,0.008107677,0,2,19.2,12.69570583,-14.2817
2022,3,14,22,10,IMG_5536,0,0,0.62,0.34,0.004,0.035,0.001,0,4.86E-06,0,0.303231964,0.210584668,0.003050353,0.025870921,0.001087124,0,2,22.1,13.66320789,-19.6777
2022,3,14,22,20,IMG_5537,0,0,0.668,0.278,0.001,0.052,0,0,4.45E-05,0,0.326491271,0.172233459,0.000802667,0.03745142,0.000240648,0,2,22.2,13.74200481,-15.6985
2022,3,14,22,30,IMG_5538,0,0,0.671,0.291,0.001,0.036,0,0,1.21E-05,2.20E-05,0.320835922,0.179726412,0.000710607,0.026012237,0,0,2,21.6,14.03362155,-15.7788
2022,3,14,22,40,IMG_5539,0.003,0.011,0.634,0.319,0.001,0.032,0,0,0.001158736,0.00473611,0.299432121,0.193530499,0.000882294,0.022873866,0.000142112,0,2,21.4,14.24725471,-16.2063
2022,3,14,22,50,IMG_5540,0,0.001,0.567,0.417,0.002,0.013,0,0,9.14E-05,0.000222386,0.249833413,0.246404102,0.001299902,0.009661696,3.36E-05,0,2,21,14.28721369,-16.5732
2022,3,14,23,0,IMG_5541,0.106,0.012,0.394,0.473,0.002,0.013,0,0,0.067462733,0.005243803,0.176278395,0.256427517,0.001714183,0.009535938,6.34E-05,0,2,21,14.10404428,-16.7464
2022,3,14,23,10,IMG_5542,0.042,0,0.254,0.701,0.002,0,0,0,0.027757647,0,0.108805882,0.359778643,0.001527764,0,0,0,2,20.7,14.22036241,-16.0444
2022,3,14,23,20,IMG_5543,0,0,0.537,0.451,0.007,0.006,0,0,0,0.000135036,0.21847017,0.255217758,0.005082339,0.004031949,6.72E-06,5.55E-05,2,20.6,14.67473667,-15.7686
2022,3,14,23,30,IMG_5544,0.14,0,0.221,0.639,0,0,0,0,0.088925248,0,0.090772326,0.336101525,0,0,0,0,2,20.4,14.15097091,-18.0201
2022,3,14,23,40,IMG_5545,0,0.031,0.542,0.401,0.003,0.023,0,0,7.10E-06,0.010934615,0.226605011,0.22819532,0.001952126,0.016694944,0,0,2,20,14.16986234,-15.0021
2022,3,14,23,50,IMG_5546,0.271,0.001,0.118,0.552,0.002,0.026,0.03,0,0.171899654,0.000263394,0.05059227,0.292302599,0.001651202,0.019183721,0.011919629,0,2,20.5,14.23368482,-16.906
2022,3,15,0,0,IMG_5547,0,0,0.528,0.448,0.002,0.022,0,0,0,0,0.221634435,0.251052862,0.001688086,0.016285231,5.01E-06,1.12E-05,2,20.8,13.94117607,-15.6542
2022,3,15,0,10,IMG_5548,0.142,0,0.068,0.754,0.001,0.034,0,0,0.093866684,0,0.028130243,0.369631881,0.001049977,0.024937402,0,0.000183556,2,20.8,14.30328454,-17.0368
2022,3,15,0,20,IMG_5549,0.251,0,0.003,0.712,0.002,0.031,0,0,0.164849407,0,0.001327126,0.350099008,0.001446492,0.02254354,0,0,2,20.6,14.13785606,-16.5718
2022,3,15,0,30,IMG_5550,0.323,0,0,0.648,0.001,0.027,0,0,0.21494535,0,0,0.322285359,0.001033594,0.020178373,0,0,2,20,14.16986234,-16.1878
2022,3,15,0,40,IMG_5551,0.3,0,0,0.664,0.001,0.035,0,0,0.197320711,0,0,0.332460584,0.000801224,0.025730844,7.27E-05,0,2,19.9,14.43078391,-17.3407
2022,3,15,0,50,IMG_5552,0.314,0,0,0.653,0.001,0.033,0,0,0.209713274,0,3.61E-05,0.331498633,0.000458436,0.0243375,0,0,2,19.7,14.43248903,-16.144
2022,3,15,1,0,IMG_5553,0.216,0,0.008,0.393,0.006,0.02,0.358,0,0.14424532,0,0.002862342,0.224086719,0.003295861,0.014475481,0.157169291,0,2,19.6,14.34808847,-15.7558
2022,3,15,1,10,IMG_5554,0.167,0,0.016,0.355,0.107,0.013,0.341,0,0.11194396,0,0.006865542,0.205541804,0.055902502,0.010364701,0.143899797,0,2,19.4,14.34739733,-20.7583
2022,3,15,1,20,IMG_5555,0.121,0,0.311,0.541,0.014,0.009,0.004,0,0.085260802,0,0.16266232,0.254993517,0.008904334,0.006915625,0.002765039,0,2,19.2,14.3444988,-19.6173
2022,3,15,1,30,IMG_5556,0,0.003,0.311,0.388,0.235,0.004,0.06,0,3.08E-05,0.000981303,0.147144516,0.235738649,0.130121372,0.002828703,0.024869351,0,2,19.6,14.34808847,-15.4684
2022,3,15,1,40,IMG_5557,0.236,0.063,0.137,0.078,0,0.002,0.484,0,0.145676758,0.037709803,0.081747739,0.045300864,0.000237703,0.001921544,0.219507392,0,2,20,14.16986234,-17.0192
2022,3,15,1,50,IMG_5558,0.381,0.046,0.119,0.105,0.001,0.005,0.344,0,0.221673114,0.027440137,0.07280655,0.058010284,0.000430837,0.003633962,0.153084555,0,2,19.7,14.26269505,-16.0369
2022,3,15,2,0,IMG_5559,0.297,0.045,0.069,0.383,0.001,0.144,0.061,0,0.1910029,0.021343945,0.034970951,0.201949677,0.000588739,0.053964228,0.031324204,0,2,19.5,14.2641151,-13.0921
2022,3,15,2,10,IMG_5560,0.007,0.028,0.183,0.36,0.004,0,0.418,0,0.004218337,0.013546702,0.091226255,0.197046154,0.003195433,0,0.171925548,0,2,19.4,14.18056713,-10.9505
2022,3,15,2,20,IMG_5561,0,0,0,0.328,0.577,0.002,0.093,0,0,0,0,0.19482198,0.296794404,0.001244636,0.04550133,0,2,19.5,14.09630199,-12.3156
2022,3,15,2,30,IMG_5562,0,0,0,0.19,0.799,0.01,0,0,7.61E-05,0,0,0.116286824,0.462939468,0.007765189,0.000242826,0.000130386,2,20.1,13.73150058,-9.9675
2022,3,15,2,40,IMG_5563,0.056,0,0,0.323,0.548,0.073,0,0,0.04145474,0,0,0.175544404,0.292340745,0.036041992,0,0.000318712,2,20.2,13.8119539,-12.4899
2022,3,15,2,50,IMG_5564,0.508,0,0.002,0.342,0.042,0.036,0.069,0,0.359452652,0,0.000927629,0.184245117,0.02052793,0.022463266,0.033253673,0,2,20.2,13.63711904,-18.1864
2022,3,15,3,0,IMG_5565,0.487,0.018,0.111,0.318,0.001,0.004,0.06,0,0.35221902,0.007472311,0.052961531,0.158472085,0.000720711,0.003171312,0.02495773,0,2,20,13.65145274,-20.3626
2022,3,15,3,10,IMG_5566,0.646,0,0,0.345,0.001,0.007,0.001,0,0.469000285,0,0,0.168301044,0.000898377,0.00529559,0.000896259,0,2,19.8,13.49256669,-19.0442
2022,3,15,3,20,IMG_5567,0.668,0,0,0.323,0,0.009,0.001,0,0.482522333,0,0,0.156755191,0.000190392,0.005958797,0.000577186,0,2,20.2,13.11261446,-17.2714
2022,3,15,3,30,IMG_5568,0.669,0,0,0.324,0.001,0.005,0.001,0,0.489599745,0,0,0.156358736,0.000676465,0.003394464,0.001046319,0,2,20.1,12.86241827,-19.191
2022,3,15,22,50,IMG_5574,0.033,0,0,0.967,0,0,0,0,0.01989345,0,0,0.497027629,0,0,0,0,2,21.4,14.24725471,-22.9361
2022,3,15,23,10,IMG_5576,0.237,0,0,0.763,0,0,0,0,0.139204199,0,0,0.406953981,0,0,0,0,2,21.3,14.35142849,-23.2938
2022,3,15,23,20,IMG_5577,0.127,0,0,0.873,0,0,0,0,0.075920035,0,0,0.450172957,0,0,0,0,2,21.3,14.35142849,-22.9391
2022,3,16,0,0,IMG_5581,0.28,0,0,0.72,0,0,0,0,0.171763469,0,0,0.378012169,0,0,0,0,2,19.9,14.43078391,-18.3977
2022,3,16,0,10,IMG_5582,0.376,0,0,0.624,0,0,0,0,0.228445305,0,0,0.329252336,0,0,0,0,2,19.4,14.51422753,-19.165
2022,3,16,0,20,IMG_5583,0.379,0,0,0.621,0,0,0,0,0.229024234,0,0,0.329539648,0,0,0,0,2,19.3,14.59499956,-17.297
2022,3,16,0,30,IMG_5584,0.32,0,0,0.68,0,0,0,0,0.198966113,0,0,0.351398535,0,0,0,0,2,19,14.3394379,-17.2845
2022,3,16,0,40,IMG_5585,0.314,0,0.001,0.686,0,0,0,0,0.197744892,0,0.000352975,0.353616699,0,0,0,0,2,18.9,14.41710546,-16.8422
2022,3,16,0,50,IMG_5586,0.288,0,0,0.712,0,0,0,0,0.178276946,0,0,0.369974842,0,0,0,0,2,18.9,14.57909541,-16.6796
2022,3,16,1,0,IMG_5587,0.292,0,0,0.708,0,0,0,0,0.18363602,0,0,0.368164889,0,0,0,0,2,18.6,14.3230063,-15.6434
2022,3,16,1,20,IMG_5589,0.369,0,0,0.631,0,0,0,0,0.235956971,0,0,0.331196267,0,0,0,0,2,18.4,14.31172281,-13.3423
2022,3,16,1,30,IMG_5590,0.29,0,0,0.71,0,0,0,0,0.18931087,0,0,0.362400931,0,0,0,0,2,18.5,14.39671855,-11.5778
2022,3,16,1,40,IMG_5591,0.378,0,0,0.622,0,0,0,0,0.24263925,0,0,0.328920418,0,0,0,0,2,18.5,14.23851285,-12.1012
2022,3,16,1,50,IMG_5592,0.378,0,0,0.622,0,0,0,0,0.245804349,0,0,0.324063003,0,0,0,0,2,18.4,14.15445113,-14.4028
2022,3,16,2,0,IMG_5593,0.352,0,0,0.648,0,0,0,0,0.224001285,0,0,0.348755777,0,0,0,0,2,18.3,14.22716172,-12.9927
2022,3,16,2,10,IMG_5594,0.321,0,0,0.679,0,0,0,0,0.214790249,0,9.37E-06,0.355089731,0,0,0,0,2,18.2,14.14303345,-8.9311
2022,3,16,2,20,IMG_5595,0.248,0,0.117,0.634,0,0,0,0,0.16694052,0,0.047220733,0.331810246,0,0,0,0,2,18.2,14.14303345,-10.2663
2022,3,16,2,30,IMG_5596,0.327,0,0,0.673,0,0,0,0,0.218920688,0,0,0.35299544,0,0,0,0,2,18.2,14.14303345,-9.2705
2022,3,16,2,40,IMG_5597,0.214,0,0.006,0.78,0,0,0,0,0.146574992,0,0.002379274,0.394277847,0,0,0,0,2,18.1,14.05933614,-9.6556
2022,3,16,2,50,IMG_5598,0.134,0,0.081,0.785,0,0,0,0,0.092496552,0,0.030215077,0.392012282,0,0,0,0,2,18.1,14.05933614,-10.0644
2022,3,16,3,0,IMG_5599,0.011,0,0,0.977,0.011,0,0,0,0.007885645,0,1.11E-05,0.459015956,0.006094193,0,0,0,2,18,13.97606796,-9.3436
2022,3,16,3,10,IMG_5600,0.182,0,0,0.818,0,0,0,0,0.125357925,0,0,0.402872829,0,0,0,0,2,18,13.97606796,-8.3411
2022,3,16,3,20,IMG_5601,0.053,0,0,0.94,0.006,0.002,0,0,0.036127246,0,0,0.436349632,0.0046766,0.001268119,9.07E-05,0,2,18,14.12965112,-8.5467
2022,3,16,3,30,IMG_5602,0.096,0,0,0.889,0.001,0.014,0,0,0.065985487,0,0,0.4146997,0.000988552,0.010238469,0,5.51E-06,2,18,13.97606796,-7.7102
2022,3,16,21,10,IMG_5603,0,0,0,1,0,0,0,0,0,0,0,0.806811869,9.01E-06,0,0,9.03E-05,2,21.3,16.77439694,-16.2027
2022,3,16,21,20,IMG_5604,0,0,0,0.976,0,0,0,0.024,0,0,0,0.806257895,5.08E-05,0,0,0.020109826,2,21.3,16.77439694,-16.9696
2022,3,16,21,30,IMG_5605,0,0,0,0.893,0,0,0,0.107,0,0,0,0.740263011,1.16E-05,0,0,0.096222514,2,21.2,16.67753052,-13.5693
2022,3,16,21,40,IMG_5606,0,0,0,0.181,0,0,0,0.819,0,0,0,0.150429778,5.11E-05,0,0,0.692668269,2,21.2,16.67753052,-14.2541
2022,3,16,21,50,IMG_5607,0,0,0,0.599,0,0,0,0.401,0,0,0,0.487494141,3.26E-05,0,0,0.339073783,2,21.2,16.67753052,-13.9394
2022,3,16,22,0,IMG_5608,0,0,0,0.838,0,0,0,0.162,0,0,0,0.683406535,2.66E-05,0,0,0.13083584,2,21.3,16.77439694,-13.6585
2022,3,16,22,10,IMG_5609,0,0,0,0.145,0,0,0,0.855,0,0,0,0.112210742,2.56E-05,0,0,0.712413011,2,21.3,16.77439694,-14.3948
2022,3,16,22,20,IMG_5610,0,0,0,0.045,0,0,0,0.955,0,0,0,0.032917728,0.000254026,0,0,0.79111431,2,21.3,16.77439694,-12.2896
2022,3,16,22,30,IMG_5611,0,0,0,0.038,0,0,0,0.962,0,0,0,0.031015565,7.43E-05,0,0,0.782411922,2,21.4,16.87174899,-11.0913
2022,3,16,22,40,IMG_5612,0,0,0,0.168,0,0,0,0.832,0,0,0,0.135051728,4.18E-05,0,0,0.667340009,2,21.3,16.77439694,-10.1174
2022,3,16,22,50,IMG_5613,0,0,0,0.296,0,0,0,0.704,0,0,0,0.225177727,4.84E-05,0,0,0.56192361,2,21.3,16.77439694,-10.1341
2022,3,16,23,0,IMG_5614,0,0,0,0.928,0,0,0,0.072,0,0,0,0.699736606,0.000113214,0,0,0.059779297,2,21.3,16.77439694,-12.749
2022,3,16,23,10,IMG_5615,0,0,0,0.999,0,0,0,0.001,0,0,0,0.747781513,3.61E-05,0,0,0.001089506,2,21.3,16.77439694,-15.8808
2022,3,16,23,20,IMG_5616,0,0,0,1,0,0,0,0,0,0,0,0.736501104,9.03E-05,0,0,6.84E-06,2,21.3,16.77439694,-16.5176
2022,3,16,23,30,IMG_5617,0,0,0,0.947,0,0,0,0.053,0,0,0,0.702845613,9.49E-06,0,0,0.042911456,2,21.3,16.77439694,-13.807
2022,3,16,23,40,IMG_5618,0,0,0,0.989,0,0,0,0.011,0,0,0,0.752524069,7.02E-05,0,0,0.008721101,2,21.3,16.77439694,-12.6792
2022,3,16,23,50,IMG_5619,0,0,0,0.851,0.001,0,0,0.148,0,0,0,0.644500616,0.000579748,0,0,0.123710705,2,21.2,16.67753052,-11.0474
2022,3,17,0,0,IMG_5620,0,0,0,0.677,0,0,0,0.323,0,0,0,0.495271702,3.93E-05,0,0,0.26127192,2,21.2,16.67753052,-12.0302
2022,3,17,0,10,IMG_5621,0,0,0,0.824,0,0,0,0.176,0,0,0,0.605878936,6.28E-05,0,0,0.144055664,2,21.5,16.78103772,-13.3561
2022,3,17,0,20,IMG_5622,0,0,0,0.565,0,0,0,0.435,0,0,0,0.421191083,9.52E-06,0,0,0.345161696,2,22,16.49583024,-13.8461
2022,3,17,0,30,IMG_5623,0,0,0,0.634,0,0,0,0.366,0,0,0,0.455039183,4.10E-05,0,0,0.292489513,2,22.2,16.49040577,-13.7943
2022,3,17,0,40,IMG_5624,0,0,0,0.412,0,0,0,0.588,0,0,0,0.297457813,4.64E-05,0,0,0.46328113,2,22.3,16.58543251,-11.2719
2022,3,17,0,50,IMG_5625,0,0,0,0.247,0,0,0,0.753,0,0,0,0.176339641,0.000154274,0,0,0.583783939,2,22.2,16.29409142,-10.3091
2022,3,17,1,0,IMG_5626,0,0,0,0.41,0,0,0,0.59,0,0,0,0.293285464,8.35E-05,0,0,0.464365422,2,22.1,16.39584946,-10.6415
2022,3,17,1,10,IMG_5627,0,0,0,0.306,0,0,0,0.694,0,0,0,0.213779282,6.54E-05,0,0,0.53509686,2,22.1,16.59103815,-11.8901
2022,3,17,1,20,IMG_5628,0,0,0,0.129,0,0,0,0.871,0,0,0,0.091715978,2.32E-05,0,0,0.65077017,2,21.6,16.4989875,-10.6558
2022,3,17,1,30,IMG_5629,0,0,0,0.053,0,0,0,0.947,0,0,0,0.039345658,5.16E-05,0,0,0.770013612,2,21.6,16.68863104,-14.4497
2022,3,17,2,10,IMG_5633,0,0,0,0,0,0,0,0.999,0,0,0,0.000328764,7.59E-05,0,0,0.840203005,2,21.1,16.94961768,-4.5969
2022,3,17,2,30,IMG_5635,0,0,0,0.003,0,0,0,0.997,0,0,0,0.001834232,5.79E-05,0,0,0.807078531,2,21.1,16.94961768,-5.9962
2022,3,17,2,40,IMG_5636,0,0,0,0.003,0,0,0,0.997,0,0,0,0.001827156,3.63E-05,0,0,0.799998265,2,21.1,16.94961768,-12.3434
2022,3,17,2,50,IMG_5637,0,0,0,0.024,0,0,0,0.976,0,0,0,0.01540447,5.97E-05,0,0,0.747691602,2,21.1,16.94961768,-12.7129
2022,3,17,3,0,IMG_5638,0,0,0,0.015,0,0,0,0.985,0,0,0,0.008969764,6.00E-05,0,0,0.748695913,2,21.2,16.86283641,-13.2856
2022,3,17,19,30,IMG_5642,0,0,0,0.922,0,0,0,0.078,0,0,0,0.895369028,0.000147055,0,0,0.077832617,2,22.2,17.07934884,-1.7027
2022,3,17,21,50,IMG_5656,0,0,0,0.196,0.014,0,0,0.79,0,0,0,0.169741789,0.013315189,0,0,0.722697611,2,21.9,16.5940485,-1.7557
2022,3,17,23,0,IMG_5663,0,0,0.006,0.072,0.921,0,0,0,0,0,0.004802186,0.053749384,0.742489543,0,0,0,2,22.6,17.07422793,-5.3332
2022,3,17,23,20,IMG_5665,0,0,0,0.714,0.286,0,0,0,0,0,0,0.551508706,0.216064288,0,0,0,2,22.7,17.37433686,-9.6591
2022,3,17,23,30,IMG_5666,0,0,0.001,0.915,0.083,0,0,0,0,0,0.000841549,0.708667931,0.065746845,0,0,0,2,22.7,17.37433686,-11.7843
2022,3,17,23,40,IMG_5667,0,0,0,0.728,0.272,0,0,0,0,0,0.000240234,0.548759841,0.207312492,0,0,0,2,22.6,17.2751012,-12.0955
2022,3,17,23,50,IMG_5668,0,0,0,0.709,0.291,0,0,0,0,0,0,0.528930168,0.220106904,0,0,0,2,22.6,17.2751012,-12.0146
2022,3,18,0,0,IMG_5669,0,0,0.023,0.253,0.724,0,0,0,0,0,0.01656241,0.179785569,0.542594742,0,0,0,2,22.8,17.27087734,-12.4775
2022,3,18,0,10,IMG_5670,0,0,0.031,0.127,0.843,0,0,0,0,0,0.022571289,0.096616737,0.652874805,0,0,0,2,22.9,17.16558072,-13.6124
2022,3,18,0,20,IMG_5671,0,0,0,0.088,0.912,0,0,0,0,0,0,0.067523272,0.729138972,0,0,0,2,23,17.263955,-9.1466
2022,3,18,0,30,IMG_5672,0.011,0,0,0.23,0.684,0.076,0,0,0.002768194,0,0,0.173484337,0.561629019,0.061568742,0,0,2,23.1,17.15611518,-8.0907
2022,3,18,0,40,IMG_5673,0.017,0,0.056,0.267,0.466,0.051,0.143,0,0.004295553,0,0.041263229,0.203154845,0.382772228,0.041337432,0.113853606,0,2,23.2,17.46216382,-10.1217
2022,3,18,0,50,IMG_5674,0.15,0,0.035,0.186,0.269,0.102,0.257,0,0.035214934,0,0.024359916,0.138749174,0.21834665,0.081505056,0.207614303,0,2,23,17.46947827,-5.6772
2022,3,18,1,0,IMG_5675,0.066,0,0.024,0.439,0.456,0.007,0.008,0,0.019224226,0,0.015359721,0.303590625,0.368053087,0.006162921,0.0057814,0,2,22.9,17.57428502,-7.5511
2022,3,18,19,30,IMG_5691,0,0,0,0.033,0.967,0,0,0,0,0,0,0.029138296,0.857992255,0,0,0.000280093,2,18,11.05798783,-14.2229
2022,3,18,19,40,IMG_5692,0,0,0,0.018,0.981,0,0,0,0,0,0,0.016180446,0.854320057,0,0,0.000326112,2,18.1,10.96937215,-9.8745
2022,3,18,19,50,IMG_5693,0,0,0,0.052,0.948,0,0,0,0,0,1.36E-05,0.045640257,0.81197675,0,0,0.000351059,2,18.1,11.12387035,-9.5435
2022,3,18,20,0,IMG_5694,0,0,0,0.046,0.953,0,0,0,0,0,0.000143495,0.040009135,0.778925135,0,0,0,2,18.2,11.1900924,-16.9033
2022,3,19,2,50,IMG_5735,0.011,0,0.86,0.129,0,0,0,0,0.003416699,0.000134037,0.626030589,0.079186937,0,0,0,0,2,16.3,11.79203418,-22.7025
2022,3,19,3,0,IMG_5736,0.01,0,0.799,0.192,0,0,0,0,0.004119501,0,0.572853155,0.136894794,0,0,6.75E-06,0,2,16.4,11.86325528,-24.7015
2022,3,19,3,10,IMG_5737,0.018,0,0.365,0.618,0,0,0,0,0.009634946,0,0.264785389,0.425920035,0,0,0,0,2,16.5,11.93484887,-24.0845
2022,3,19,3,20,IMG_5738,0.049,0,0.412,0.54,0,0,0,0,0.026242721,0,0.299053012,0.37148267,0,0,0,0,2,16.5,11.93484887,-22.1519
2022,3,19,3,30,IMG_5739,0.011,0,0.243,0.747,0,0,0,0,0.006227554,0,0.175665182,0.500886238,0,0,0,0,2,16.4,12.00282299,-25.1273
2022,3,19,19,30,IMG_5740,0,0,0,0.277,0.222,0,0,0.502,0,0,0,0.237607467,0.168841061,0,0,0.454296995,2,21.5,14.32987491,-11.767
2022,3,19,19,40,IMG_5741,0,0,0,0.113,0.031,0,0,0.856,0,0,0,0.0927955,0.026846687,0,0,0.762507249,2,21.4,14.43471858,-10.3085
2022,3,19,19,50,IMG_5742,0,0,0,0.115,0.683,0,0,0.202,0,0,0,0.091598911,0.576821943,0,0,0.178962695,2,21.4,14.62218246,-6.5165
2022,3,19,20,0,IMG_5743,0,0,0.005,0.526,0.466,0,0,0.002,7.51E-06,0,0.003230904,0.384771049,0.364445463,0.000236614,0,0.001975864,2,21.4,14.43471858,-10.1268
2022,3,19,20,30,IMG_5746,0,0,0,0.882,0.117,0,0,0.001,0,0,0,0.704107632,0.081519494,0,0,0.001041549,2,21.2,14.26855389,-20.2282
2022,3,19,20,40,IMG_5747,0,0,0,0.405,0.031,0,0,0.564,0,0,0,0.319609405,0.024447559,0,0,0.490051758,2,21.2,14.45385978,-12.0228
2022,3,19,21,10,IMG_5750,0,0,0,0.904,0.076,0,0,0.02,0,0,0,0.757374917,0.06467165,0,0,0.015480889,2,21.2,14.45385978,-5.4695
2022,3,19,21,20,IMG_5751,0,0,0,0.42,0.58,0,0,0,0,0,0,0.335697822,0.443217999,0,0,3.76E-05,2,21.2,14.63916568,-11.2413
2022,3,19,21,30,IMG_5752,0,0,0,0.372,0.628,0,0,0,0,0,0,0.27932159,0.491995313,0,0,0,2,21.1,14.554563,-14.6404
2022,3,19,21,40,IMG_5753,0,0,0,0.161,0.839,0,0,0,0,0,0,0.123778696,0.655294268,0,0,0,2,21.1,14.73879798,-15.7149
2022,3,19,21,50,IMG_5754,0,0,0,0.372,0.627,0,0,0,0.000138281,0,1.32E-05,0.269193592,0.461702787,0,0,0,2,21,14.6535525,-15.3205
2022,3,19,22,10,IMG_5756,0,0,0.004,0.37,0.626,0,0,0,4.22E-05,0,0.002298798,0.262627381,0.447421342,0,8.75E-06,0,2,21.1,14.73879798,-20.4726
2022,3,19,22,40,IMG_5759,0.029,0,0.067,0.394,0.402,0.045,0.062,0,0.01551114,0,0.053175992,0.262153268,0.307842931,0.026291564,0.048427216,0,2,21.1,14.73879798,-19.3381
2022,3,19,22,50,IMG_5760,0.023,0,0.014,0.579,0.384,0,0,0,0.012960269,0,0.009079026,0.423280897,0.274290362,0,0,0,2,21.1,14.73879798,-15.5657
2022,3,19,23,0,IMG_5761,0,0,0,0.892,0.098,0,0,0.01,0,0,0,0.703929725,0.073037598,0,0,0.008627982,2,21.1,14.73879798,-13.5724
2022,3,19,23,30,IMG_5764,0,0,0,0.099,0.901,0,0,0,0,0,5.69E-06,0.075903298,0.716779672,0,0,5.86E-06,2,21.1,14.73879798,-6.5408
2022,3,19,23,40,IMG_5765,0,0,0,0.715,0.04,0,0,0.245,0,0,0,0.58133602,0.031623948,0,0,0.215434811,2,21.2,14.82447157,-8.7618
2022,3,19,23,50,IMG_5766,0,0,0,0.58,0.42,0,0,0,0,0,0,0.471503643,0.35584076,0,0,0.000393953,2,21.2,14.82447157,-8.048
2022,3,20,0,0,IMG_5767,0,0,0,0.232,0.768,0,0,0,0,0,0,0.184448175,0.628239799,0,0,2.08E-05,2,21.2,14.82447157,-9.188
2022,3,20,1,40,IMG_5777,0,0,0,0.617,0.383,0,0,0,0,0,0.000142082,0.509702674,0.328905664,0,0,8.57E-05,2,21.1,14.92303295,-6.6787
2022,3,20,3,20,IMG_5787,0,0,0,0.13,0,0,0,0.87,0,0,0,0.096741932,0.000163995,0,0,0.7148439,2,21,15.01989131,-6.1961
2022,3,20,3,30,IMG_5788,0,0,0,0.927,0.05,0,0,0.022,0,0,0,0.745927216,0.042761238,0,0,0.0195529,2,20.9,14.93295169,-4.8936
2022,3,20,19,30,IMG_5789,0,0,0,0.057,0.002,0,0,0.942,0,0,0,0.046103561,0.001312132,0,0,0.864231122,2,20.7,16.38041746,-7.4895
2022,3,20,19,50,IMG_5791,0,0.087,0.146,0.561,0.068,0,0.139,0,0,0.08675631,0.145612951,0.559850586,0.068230078,0,0.138754447,0.000112064,2,20.4,16.27361655,-1.5643
2022,3,20,20,10,IMG_5793,0,0.002,0.072,0.699,0.139,0,0.088,0,0,0.002065805,0.072415865,0.698045433,0.138502306,0,0.087920673,0.000126818,2,20.4,16.27361655,-1.873
2022,3,21,1,10,IMG_5823,0,0,0,0,0,0,0,1,0,0,0,2.06E-05,6.88E-05,0,0,0.907916226,2,20,15.89789433,-1.7258
2022,3,21,22,40,IMG_5838,0,0,0,0.353,0.481,0,0,0.166,0,0,0,0.26765021,0.305808706,0,0,0.148288026,2,20,15.89789433,-8.5791
2022,3,21,22,50,IMG_5839,0,0,0,0.155,0.519,0,0,0.326,0,0,0,0.102866587,0.354266474,0,0,0.282469629,2,20,15.72509113,-5.5457
2022,3,21,23,0,IMG_5840,0,0,0,0.802,0.136,0,0,0.061,0,0,0,0.516289153,0.07716072,0,0,0.052416429,2,20.2,15.90997221,-10.594
2022,3,21,23,10,IMG_5841,0.002,0,0,0.758,0.227,0.012,0,0.001,0.00120634,0,0,0.472674459,0.135313033,0.006271064,0,0.000632189,2,20.1,15.81729814,-15.7874
2022,3,21,23,20,IMG_5842,0,0,0,0.912,0.027,0,0,0.061,0,0,0,0.592343953,0.011013559,0,0,0.047983684,2,20.2,15.90997221,-17.1266
2022,3,21,23,30,IMG_5843,0,0,0,0.534,0.005,0,0,0.461,0,0,0,0.346392255,0.003429372,0,0,0.388189663,2,20.2,15.90997221,-14.9776
2022,3,21,23,40,IMG_5844,0,0,0,0.032,0,0,0,0.968,0,0,0,0.018955536,0.00024212,0,0,0.77536114,2,20.1,15.81729814,-7.3859
2022,3,21,23,50,IMG_5845,0,0,0,0.34,0.001,0,0,0.659,0,0,0,0.210892631,0.000331648,0,0,0.552953283,2,20,15.89789433,-8.7729
2022,3,22,0,30,IMG_5849,0,0,0,0.013,0.002,0,0,0.985,0,0,0,0.007735494,0.001104087,0,0,0.820036914,2,20.1,16.16493107,-4.9659
2022,3,24,19,30,IMG_5966,0,0,0,0.149,0.851,0,0,0,0,0,0,0.114172761,0.722504387,0,0,7.82E-05,2,19.8,13.32177471,-5.3444
2022,3,24,19,40,IMG_5967,0,0,0,0.414,0.584,0,0,0.001,0,0,0,0.337514791,0.501934833,0,0,0.001300376,2,19.8,13.32177471,-4.5427
2022,3,24,19,50,IMG_5968,0,0,0.004,0.031,0.965,0,0,0,0,0,0.003493795,0.025327817,0.766811899,0,0,6.51E-05,2,19.9,13.40001363,-3.0894
2022,3,24,20,0,IMG_5969,0,0,0,0.632,0.367,0,0,0.001,0,0,0,0.500754793,0.295008368,0,0,0.000449069,2,19.8,13.32177471,-3.3679
2022,3,24,20,30,IMG_5972,0,0,0,1,0,0,0,0,0,0,0,0.792034345,0.000111621,0,0,0.000105319,2,19.9,13.22821858,-4.8754
2022,3,24,20,40,IMG_5973,0,0,0,0.997,0,0,0,0.003,0,0,0,0.775405033,1.82E-05,0,0,0.00271549,2,20,13.13304314,-6.0312
2022,3,24,20,50,IMG_5974,0,0,0,1,0,0,0,0,0,0,0,0.733525849,3.79E-05,0,0,0.000211779,2,19.9,13.22821858,-4.9178
2022,3,24,21,0,IMG_5975,0,0,0,0.028,0.972,0,0,0,0,0,0,0.018272326,0.742270718,0,0,0,2,19.6,13.33528223,-5.4252
2022,3,24,21,20,IMG_5977,0,0,0,0.167,0.833,0,0,0,0,0,0,0.123209961,0.624553583,0,0,0,2,19.4,13.51324632,-5.2955
2022,3,24,21,30,IMG_5978,0,0,0,0.266,0.734,0,0,0,0,0,1.83E-05,0.155399023,0.526995485,0,0,0,2,19.4,13.51324632,-8.5756
2022,3,24,21,40,IMG_5979,0,0,0,0.954,0.045,0,0,0,0,0,0.000169651,0.585718795,0.030386944,0,0,0,2,19.5,13.59286263,-8.9318
2022,3,24,21,50,IMG_5980,0,0,0,1,0,0,0,0,0,0,0,0.620971026,3.85E-05,0,0,0,2,19.5,13.59286263,-8.299
2022,3,24,22,0,IMG_5981,0,0,0,1,0,0,0,0,0,0,0,0.620614686,9.46E-06,0,0,0,2,19.4,13.51324632,-7.3294
2022,3,24,22,10,IMG_5982,0,0,0,1,0,0,0,0,0,0,0,0.608301255,3.08E-05,0,0,0,2,19.5,13.59286263,-6.9292
2022,3,24,22,20,IMG_5983,0,0,0,1,0,0,0,0,0,0,0,0.599925766,1.34E-05,0,0,0,2,19.5,13.59286263,-6.5872
2022,3,24,22,30,IMG_5984,0,0,0.052,0.94,0.008,0,0,0,0,0,0.028469877,0.543545583,0.004300113,0,0,0,2,19.4,13.51324632,-6.7147
2022,3,24,22,40,IMG_5985,0,0,0,0.996,0.004,0,0,0,0,0,0,0.598753771,0.00260791,0,0,0.000167503,2,19.3,13.59988596,-5.973
2022,3,24,23,0,IMG_5987,0,0,0,1,0,0,0,0,0,0,0,0.513597108,6.70E-05,0,0,0,2,19.2,13.68498161,-5.7825
2022,3,24,23,10,IMG_5988,0,0,0,1,0,0,0,0,0,0,0,0.518177171,3.22E-05,0,0,0,2,19.2,13.68498161,-6.0197
2022,3,24,23,20,IMG_5989,0,0,0,1,0,0,0,0,0,0,0,0.535181791,2.12E-05,0,0,0,2,19.2,13.68498161,-5.1452
2022,3,24,23,30,IMG_5990,0,0,0,1,0,0,0,0,0,0,0,0.539165723,6.40E-05,0,0,0,2,19.1,13.76854642,-5.2902
2022,3,24,23,40,IMG_5991,0,0,0,1,0,0,0,0,0,0,0,0.531922221,5.72E-05,0,0,9.40E-05,2,18.9,13.76914566,-6.3156
2022,3,24,23,50,IMG_5992,0,0,0,0.989,0.011,0,0,0,0,0,0,0.529030364,0.006372634,0,0,0,2,18.9,13.93113561,-6.1434
2022,3,25,0,0,IMG_5993,0,0,0,0.991,0.009,0,0,0,0,0,0,0.552530965,0.005693021,0,0,3.64E-05,2,18.8,13.84914925,-6.2241
2022,3,25,0,10,IMG_5994,0,0,0,0.995,0.005,0,0,0,0,0,0,0.555357985,0.003119787,0,0,0,2,18.9,13.93113561,-5.8474
2022,3,25,0,20,IMG_5995,0,0,0,0.954,0.046,0,0,0,0,0,0,0.52154194,0.026175263,0,0,0,2,18.8,14.01018587,-6.0011
2022,3,25,0,30,IMG_5996,0,0,0,1,0,0,0,0,0,0,0,0.556937162,0.00023128,0,0,0,2,18.9,13.93113561,-6.2299
2022,3,25,0,40,IMG_5997,0,0,0,0.995,0.005,0,0,0,0,0,0,0.583686809,0.003462365,0,0,0,2,18.8,13.84914925,-5.8509
2022,3,25,0,50,IMG_5998,0,0,0.001,0.999,0,0,0,0,0,0,0.000387357,0.579097589,0.000274737,0,0,0,2,18.8,13.84914925,-5.7932
2022,3,25,1,20,IMG_6001,0,0,0,1,0,0,0,0,0,0,0,0.568932707,9.51E-05,0,0,0,2,18.9,14.09312556,-5.4215
2022,3,25,1,30,IMG_6002,0,0,0,0.999,0.001,0,0,0,0,0,0,0.577345666,0.000323107,0,0,0,2,18.8,14.01018587,-4.4187
2022,3,25,1,40,IMG_6003,0,0,0,0.998,0.002,0,0,0,0,0,0,0.576391076,0.001099437,0,0,0,2,18.9,13.93113561,-4.7978
2022,3,25,20,0,IMG_6018,0,0,0,0.034,0.001,0,0,0.966,0,0,0,0.026692293,0.00037192,0,0,0.827605168,2,22.3,17.57266063,-7.5814
2022,3,25,20,10,IMG_6019,0,0,0,0.126,0.002,0,0,0.872,0,0,0,0.092272371,0.001344561,0,0,0.747272168,2,22.2,17.6682919,-8.1199
2022,3,25,20,20,IMG_6020,0,0,0,0.229,0,0,0,0.771,0,0,0,0.187944268,4.83E-05,0,0,0.691605454,2,21.9,17.36586471,-7.1689
2022,3,25,20,30,IMG_6021,0,0,0,0.098,0,0,0,0.902,0,0,0,0.081732715,0.000164731,0,0,0.809409555,2,21.8,17.45789911,-6.7149
2022,3,25,21,20,IMG_6026,0,0,0,0.098,0,0,0,0.902,0,0,0,0.081853027,0.000154687,0,0,0.78055951,2,22,17.66024178,-6.6022
2022,3,25,21,30,IMG_6027,0,0,0,0.083,0,0,0,0.917,0,0,0,0.057460404,0.000293502,0,0,0.774059998,2,22.1,17.76217025,-6.744
2022,3,25,21,50,IMG_6029,0,0,0,0.005,0,0,0,0.995,0,0,0,0.003362057,0.000251405,0,0,0.839269328,2,22.2,17.86460626,-6.9362
2022,3,25,22,0,IMG_6030,0,0,0,0,0,0,0,1,0,0,0,1.40E-05,0.000360164,0,0,0.882158834,2,22.1,17.76217025,-4.2737
2022,3,25,22,10,IMG_6031,0,0,0,0.118,0,0,0,0.881,0,0,0,0.080263567,0.000133714,0,0,0.680204973,2,22.2,18.06092061,-6.8566
2022,3,25,22,20,IMG_6032,0,0,0,0.003,0,0,0,0.997,0,0,0,0.002270192,5.82E-05,0,0,0.816298663,2,22.1,17.95735894,-5.3623
2022,3,25,22,30,IMG_6033,0,0,0,0.001,0,0,0,0.999,0,0,0,0.000533173,6.92E-05,0,0,0.786947318,2,22,17.66024178,-4.4676
2022,3,25,22,40,IMG_6034,0,0,0,0.604,0.001,0,0,0.395,0,0,0,0.386623483,0.000403914,0,0,0.331447641,2,22.2,18.06092061,-2.9703
2022,3,25,22,50,IMG_6035,0,0,0,0.753,0,0,0,0.247,0,0,0,0.452221672,5.46E-05,0,0,0.189348107,2,22.1,17.95735894,-6.1169
2022,3,25,23,0,IMG_6036,0,0,0,0.72,0.013,0,0,0.267,0,0,0,0.389075931,0.004309458,0,0,0.211729207,2,22,17.85431037,-5.3731
2022,3,25,23,10,IMG_6037,0,0,0,0.931,0.066,0,0,0.003,1.19E-05,0,0,0.531298843,0.028409893,0,0,0.002212891,2,22,18.04837896,-8.0568
2022,3,25,23,20,IMG_6038,0,0,0,1,0,0,0,0,0.00020474,0,0,0.525534533,0,0,0,0,2,21.9,17.94472687,-8.1843
2022,3,25,23,30,IMG_6039,0.1,0,0,0.811,0.041,0.048,0,0,0.07123412,0,0,0.444479492,0.018475353,0.020738619,0,0,2,21.9,17.75177281,-8.7523
2022,3,25,23,40,IMG_6040,0.049,0,0,0.951,0,0,0,0,0.036319291,0,0,0.494993697,0,0,0,0,2,21.8,17.8415892,-7.438
2022,3,25,23,50,IMG_6041,0.001,0,0,0.821,0.177,0,0,0,0.001116316,0,0,0.454632061,0.070976382,6.35E-05,0,0,2,21.8,17.8415892,-7.6548
2022,3,26,0,0,IMG_6042,0,0,0,0.643,0.356,0,0,0.001,0.000102779,0,0,0.373064784,0.153013086,0,0,0.000435494,2,21.9,17.75177281,-8.1429
2022,3,26,0,10,IMG_6043,0.09,0,0,0.607,0.303,0,0,0,0.069983534,0,0,0.348053117,0.11267808,0,0,0,2,22,17.85431037,-7.7892
2022,3,26,0,20,IMG_6044,0.128,0,0,0.505,0.313,0.002,0.051,0,0.099494899,0,0,0.289503561,0.116824504,0.000772942,0.017280799,0,2,22.1,17.76217025,-9.3875
2022,3,26,0,30,IMG_6045,0.06,0,0,0.411,0.523,0,0.005,0,0.046537988,0,0,0.250794005,0.209075729,3.18E-05,0.001516459,0,2,22.2,17.86460626,-9.4016
2022,3,26,0,40,IMG_6046,0,0,0,0.354,0.604,0,0,0.042,0,0,0,0.226874114,0.340815572,0,0,0.033157933,2,22.2,17.86460626,-3.9687
2022,3,26,0,50,IMG_6047,0.094,0,0,0.424,0.164,0.318,0.001,0,0.068571304,0,0,0.24099076,0.072980236,0.106710825,0.000434014,0,2,22.3,17.77010626,-2.8711
2022,3,26,1,10,IMG_6049,0,0,0,0.212,0.686,0,0,0.101,0,0,0,0.136035802,0.462091113,0,0,0.075118397,2,22.4,17.6738442,-2.69
2022,3,26,2,40,IMG_6058,0.001,0,0,0.183,0.817,0,0,0,0.000470072,0,0,0.091660389,0.432714078,6.78E-06,0,7.45E-05,2,26.3,15.84394616,0.6092
2022,3,26,2,50,IMG_6059,0.004,0,0,0.213,0.783,0,0,0,0.002943885,0,0,0.105067315,0.422463266,0,1.12E-06,0,2,26.9,15.61302311,-2.2261
2022,3,26,3,0,IMG_6060,0.053,0,0.013,0.281,0.574,0.068,0.011,0,0.037749016,0,0.006070921,0.137213424,0.24858409,0.033791361,0.004081678,0,2,26.6,15.6070333,-1.5534
2022,3,26,3,10,IMG_6061,0.012,0,0,0.198,0.79,0,0,0,0.009062913,0,0,0.097463086,0.40337829,0,0,0,2,26.6,15.6070333,0.6115
2022,3,26,3,20,IMG_6062,0.027,0,0,0.392,0.579,0.001,0,0.002,0.018393074,0,0,0.202317796,0.320607151,0.000451285,0,0.001213003,2,26.4,15.68342445,1.3445
2022,3,27,2,20,IMG_6105,0,0,0,0,0.999,0,0,0.001,0,0,0,5.34E-05,0.67008593,0,0,0.000502719,2,16.7,13.35812994,-2.7609
2022,3,27,20,30,IMG_6119,0,0,0,0,0.986,0,0,0.014,0,0,0,0,0.925679913,0,0,0.01362038,2,14.7,11.83499095,-2.703
2022,3,27,20,40,IMG_6120,0,0,0,0,1,0,0,0,0,0,0,0.000103576,0.854250008,0,0,6.47E-05,2,14.8,11.9074012,-3.0966
2022,3,29,3,10,IMG_6208,0,0,0,0.186,0.002,0,0,0.811,0,0,0,0.122474992,0.001647904,0,0,0.534616384,2,17.3,13.55236135,-4.4686
2022,3,29,3,30,IMG_6210,0,0,0,0.158,0.001,0,0,0.841,0,0,0,0.099977614,0.000697619,0,0,0.519625428,2,17.4,13.48536834,-2.4463
2022,3,29,19,30,IMG_6211,0,0,0.04,0.559,0.401,0,0,0,0,0,0.020738567,0.345079214,0.220844734,0,3.54E-06,0,2,22.7,14.34392927,-12.1546
2022,3,29,19,40,IMG_6212,0,0,0.013,0.425,0.561,0,0,0,0.000194576,0,0.007579094,0.25401274,0.334447266,0,0,0,2,22.6,14.46287542,-11.7083
2022,3,29,19,50,IMG_6213,0,0,0,0.392,0.608,0,0,0,0,0,0.00017316,0.257537207,0.438147273,0,0,0,2,22.5,14.57992935,-9.5582
2022,3,29,20,0,IMG_6214,0,0,0.072,0.185,0.742,0,0,0,0,0,0.047783661,0.124064476,0.547031543,0,0,0,2,22.4,14.69510641,-6.7896
2022,3,29,20,10,IMG_6215,0,0,0,0.898,0.092,0,0,0.01,0,0,0,0.709399271,0.077731904,0,0,0.008069614,2,22.5,14.77965441,-6.292
2022,3,29,20,20,IMG_6216,0,0,0,0.976,0.022,0,0,0.002,0,0,0,0.7613263,0.017924947,0,0,0.001616526,2,22.5,14.77965441,-4.2469
2022,3,29,20,30,IMG_6217,0,0,0,0.189,0.811,0,0,0,0,0,2.76E-05,0.127548843,0.572701765,0,0,3.57E-05,2,22.5,14.77965441,-4.9142
2022,3,29,20,40,IMG_6218,0,0,0.003,0.164,0.833,0,0,0,0,0,0.002023768,0.107364581,0.599900811,0,0,0,2,22.6,15.06549523,-8.2812
2022,3,29,20,50,IMG_6219,0,0,0.001,0.168,0.831,0,0,0,0,0,0.000661471,0.109272191,0.633357136,0,0,0,2,22.5,14.97937947,-7.5117
2022,3,29,21,0,IMG_6220,0,0,0.006,0.877,0.115,0.001,0,0,4.70E-05,0,0.003646214,0.491097754,0.057918021,0.000424181,0,0,2,22.5,15.17910453,-12.1587
2022,3,29,21,10,IMG_6221,0.003,0,0.027,0.958,0.012,0,0,0,0.002139243,0,0.012286478,0.528128508,0.00481114,0,0,0,2,22.5,14.97937947,-16.5884
2022,3,29,21,20,IMG_6222,0,0,0.146,0.854,0,0,0,0,0,0,0.083114303,0.469095583,2.60E-05,0,0,0,2,22.4,15.09227145,-15.6326
2022,3,29,21,30,IMG_6223,0,0,0.002,0.705,0.293,0,0,0,0,0,0.00101274,0.407783834,0.18605489,0,0,0,2,22.1,15.02952867,-11.0074
2022,3,29,21,40,IMG_6224,0,0,0.014,0.459,0.528,0,0,0,0,0,0.008102021,0.245250105,0.278181678,0,0,0,2,22.2,14.91989094,-10.1958
2022,3,29,21,50,IMG_6225,0,0,0,0.77,0.226,0,0,0.004,0,0,0,0.559274519,0.168745756,0,0,0.002908241,2,22.1,14.83433999,-6.8862
2022,3,29,22,0,IMG_6226,0,0,0,0.261,0.711,0.001,0.025,0,0,0,0.000157046,0.138033767,0.378002892,0.000853042,0.013951142,0,2,22.1,14.83433999,-5.7063
2022,3,29,22,10,IMG_6227,0.006,0,0.159,0.196,0.192,0,0.447,0,0.00422974,0,0.066041166,0.09959052,0.090559811,2.91E-06,0.214959938,0,2,21.9,14.66450798,-12.4856
2022,3,29,22,20,IMG_6228,0.005,0,0.012,0.436,0.537,0,0.011,0,0.003067939,0,0.005081746,0.207196071,0.220564318,0,0.003608451,0,2,21.9,14.66450798,-14.3437
2022,3,29,22,30,IMG_6229,0,0,0.087,0.891,0.022,0,0,0,5.77E-05,0,0.033915002,0.402873009,0.007180491,0,0,0,2,21.9,14.66450798,-14.5979
2022,3,29,22,40,IMG_6230,0.006,0,0.273,0.595,0.125,0,0,0,0.00445024,0,0.099371349,0.242049812,0.046362447,0,4.15E-05,0,2,21.9,14.66450798,-14.7879
2022,3,29,22,50,IMG_6231,0,0,0.399,0.556,0.045,0,0,0,0,0,0.131503403,0.247643818,0.016921635,0,3.89E-06,0,2,21.8,14.58022343,-15.4721
2022,3,29,23,10,IMG_6233,0.132,0,0.255,0.613,0,0,0,0,0.100768938,0,0.071107978,0.237598099,0,0,0,0,2,21.7,14.6870991,-14.4843
2022,3,29,23,20,IMG_6234,0.03,0,0.002,0.969,0,0,0,0,0.020998565,0,0.000575571,0.351732625,9.49E-06,0,1.56E-06,1.68E-05,2,21.7,14.6870991,-17.2162
2022,3,29,23,30,IMG_6235,0.161,0,0.291,0.547,0,0,0.001,0,0.117332407,4.01E-05,0.089620891,0.218602201,9.03E-05,0,0.000204943,0,2,21.5,14.5184259,-14.0572
2022,3,29,23,50,IMG_6237,0,0,0.033,0.967,0,0,0,0,0.000202321,0,0.011509443,0.364615152,1.91E-05,0,0,0,2,21.7,14.6870991,-15.279
2022,3,30,0,0,IMG_6238,0.001,0,0,0.965,0.035,0,0,0,0.000249932,0,0,0.419285592,0.013663364,0,0,0,2,21.7,14.87784065,-13.4919
2022,3,30,0,10,IMG_6239,0,0,0,0.987,0.01,0,0,0.002,0,0,0,0.447523918,0.004443194,0,0,0.001078523,2,21.6,14.79219569,-11.7461
2022,3,30,0,20,IMG_6240,0,0,0,1,0,0,0,0,0,0,0,0.470836516,7.76E-05,0,0,0,2,21.7,14.87784065,-11.5395
2022,3,30,0,30,IMG_6241,0,0,0,0.998,0.002,0,0,0,0,0,0,0.44633107,0.000546695,0,0,0,2,21.5,14.89552787,-9.8285
2022,3,30,0,40,IMG_6242,0,0,0.001,0.642,0.357,0,0,0,1.79E-05,0,0.000196432,0.257682174,0.127076142,0,0,0,2,21.4,14.80964634,-11.2636
2022,3,30,0,50,IMG_6243,0.081,0,0.283,0.476,0.124,0,0.036,0,0.064483879,0,0.086233887,0.186436561,0.037742826,0,0.010380995,0,2,21.3,15.09695724,-10.9608
2022,3,30,1,0,IMG_6244,0.001,0,0.58,0.401,0.009,0,0.009,0,0.00042159,4.93E-05,0.171904545,0.160392308,0.002092465,0,0.001864393,0,2,21,15.20306072,-14.3462
2022,3,30,1,10,IMG_6245,0.03,0.002,0.577,0.259,0.105,0,0.027,0,0.019923761,0.000889956,0.187045981,0.102070636,0.032080627,0,0.007309548,0,2,20.6,15.21161728,-12.918
2022,3,30,1,20,IMG_6246,0,0,0.001,0.31,0.689,0,0,0,0,0,0.000325548,0.118894734,0.337653425,0,0,0,2,20.2,15.21063278,-13.2423
2022,3,30,1,30,IMG_6247,0.018,0,0,0.145,0.668,0.163,0.006,0,0.012395598,0,3.86E-05,0.060739062,0.337194599,0.087761035,0.003104552,0,2,20.1,15.29584875,-7.0766
2022,3,30,1,40,IMG_6248,0,0,0,0.227,0.772,0,0,0,6.45E-05,0,0,0.108083376,0.421703163,5.63E-05,0,0,2,19.9,15.28975914,-7.8115
2022,3,30,1,50,IMG_6249,0,0,0,0.069,0.931,0,0,0,0,0,0,0.032599008,0.520850623,0,0,0,2,20,15.37948473,-6.7099
2022,3,30,2,0,IMG_6250,0,0,0,0.129,0.87,0,0,0,0,0,0,0.066470237,0.560710787,0,0,0.000177637,2,19.9,15.46155419,-4.8634
2022,3,30,2,10,IMG_6251,0,0,0,0.067,0.933,0,0,0,0,0,0,0.034692894,0.571640362,0,0,0,2,20.1,15.46966521,-4.4785
2022,3,30,2,20,IMG_6252,0.004,0,0,0.233,0.595,0.153,0.015,0,0.00256063,0,0,0.106083736,0.260805056,0.089214949,0.005663003,0,2,20.3,15.29968167,-5.5216
2022,3,30,2,30,IMG_6253,0.003,0,0.003,0.278,0.496,0,0.22,0,0.002222258,0,0.000828057,0.167224647,0.229049482,0,0.06043729,0,2,20.4,15.38918087,-9.3258
2022,3,30,2,40,IMG_6254,0.431,0,0,0.33,0.065,0.007,0.167,0,0.327718142,0,0,0.189160599,0.031380206,0.00299532,0.06000595,0,2,20.6,15.74849789,-15.0597
2022,3,30,2,50,IMG_6255,0.004,0,0.043,0.423,0.471,0,0.058,0,0.002963326,0,0.013153343,0.263750796,0.182246567,0,0.016128042,0,2,20.2,15.56030249,-17.174
2022,3,30,3,0,IMG_6256,0,0,0,0.135,0.86,0,0,0.005,0,0,0,0.049074046,0.528594456,0,0,0.004572378,2,20.3,16.00311531,-15.8716
2022,3,30,3,10,IMG_6257,0,0,0,0,0.001,0,0,0.999,0,0,0,0.000105754,0.000505694,0,0,0.79350175,2,20.3,16.17897372,-9.6998
2022,3,30,3,30,IMG_6259,0,0,0,0.065,0.001,0,0,0.934,0,0,0,0.035706663,0.00066851,0,0,0.682732813,2,20.3,16.35483213,-8.332
2022,3,30,19,30,IMG_6260,0,0,0,0.848,0.152,0,0,0,0,0,0,0.565804703,0.11255936,8.46E-05,0,0.000130589,2,20.8,16.83804383,-20.8035
2022,3,30,19,40,IMG_6261,0.009,0,0,0.708,0.209,0.074,0,0,0.005971792,0,0,0.399790249,0.15968137,0.048709638,0,0,2,20.8,16.83804383,-22.1178
2022,3,30,19,50,IMG_6262,0,0,0,0.329,0.67,0,0,0.001,0,0,0,0.257812027,0.427592383,0,0,0.001135494,2,20.7,16.74042664,-19.9492
2022,3,30,20,0,IMG_6263,0,0,0,0.358,0.642,0,0,0,0,0,0,0.316892736,0.412422904,0,0,0.000164295,2,20.7,16.74042664,-17.038
2022,3,31,2,30,IMG_6297,0,0,0,0,0,0,0,1,0,0,0,2.09E-05,4.95E-05,0,0,0.776947408,2,19.6,16.20489992,-4.9648
2022,3,31,3,0,IMG_6300,0,0,0,0,0,0,0,0.999,0,0,0,0.000175105,0.000106964,0,0,0.718913229,2,19.5,16.11005941,-13.9227
2022,3,31,3,10,IMG_6301,0.375,0.001,0.025,0.35,0.026,0.209,0.012,0.001,0.288730912,0.000276735,0.010508196,0.218998866,0.013957655,0.051933564,0.004364393,0.000741834,2,19.4,16.01569935,-20.9287
2022,3,31,3,20,IMG_6302,0,0,0,0,0.001,0,0,0.999,0,0,0,0.000248663,0.000329733,0,0,0.685780161,2,19.3,15.9218177,-18.5314
2022,3,31,3,30,IMG_6303,0,0,0,0.097,0,0,0,0.903,0,0,0,0.043968525,7.79E-05,0,0,0.588854665,2,19.2,15.82841247,-17.1075
2021,10,19,23,20,IMG_0024,0,0,0,0.05,0.057,0,0,0.893,0,0,0,0.041887816,0.050994238,0,0,0.798479597,3,21.9,15.62927824,-6.4329
2021,10,20,0,30,IMG_0031,0,0,0,0.008,0.192,0,0,0.8,0,0,0,0.00604511,0.162687861,0,0,0.690223272,3,21.8,15.53944866,-5.8736
2021,10,20,0,50,IMG_0033,0,0,0,0.231,0.148,0.008,0,0.612,2.92E-05,0,0,0.173182121,0.119183549,0.006992187,0,0.502840129,3,22,15.71955587,-7.2032
2021,10,20,1,10,IMG_0035,0,0,0,0.004,0.123,0,0,0.873,0,0,0,0.002781836,0.105072882,0,0,0.766580296,3,22,15.91362446,-5.4018
2021,10,20,1,20,IMG_0036,0,0,0,0.003,0,0,0,0.997,0,0,0,0.00210166,0.000385998,0,0,0.878101758,3,21.9,15.82223229,-4.1695
2021,10,20,1,30,IMG_0037,0,0,0,0.001,0.009,0,0,0.989,0,0,0,0.001053388,0.007366902,0,0,0.864569013,3,21.9,15.82223229,-4.3881
2021,10,20,1,40,IMG_0038,0,0,0,0.006,0.045,0,0,0.949,0,0,0,0.004678516,0.038789709,0,0,0.822176983,3,21.9,15.82223229,-4.5474
2021,10,20,2,0,IMG_0040,0,0,0,0.001,0.001,0,0,0.999,0,0,0,0.000477088,0.000547491,0,0,0.815375691,3,22.1,16.0054721,-5.446
2021,10,20,2,10,IMG_0041,0,0,0,0.004,0.003,0,0,0.993,0,0,0,0.002885502,0.002677637,0,0,0.844919869,3,22,15.91362446,-5.5192
2021,10,20,2,20,IMG_0042,0,0,0,0.001,0,0,0,0.999,0,0,0,0.000751735,0.000111884,0,0,0.863550593,3,21.9,16.01518634,-4.556
2021,10,20,2,30,IMG_0043,0,0,0,0.001,0.005,0,0,0.994,0,0,0,0.000987553,0.00392201,0,0,0.852096883,3,22,16.10769305,-4.6931
2021,10,20,2,40,IMG_0044,0,0,0,0.001,0,0,0,0.999,0,0,0,0.000718502,0.000104665,0,0,0.8596064,3,21.9,16.2081404,-4.288
2021,10,20,2,50,IMG_0045,0,0,0,0.001,0.011,0,0,0.988,0,0,0,0.000822288,0.009311223,0,0,0.834739821,3,21.9,16.2081404,-4.1984
2021,10,20,3,0,IMG_0046,0,0,0,0.001,0.026,0,0,0.973,0,0,0,0.00053913,0.020414844,0,0,0.811336846,3,21.9,16.40109445,-4.7704
2021,10,20,3,10,IMG_0047,0,0,0,0.002,0.005,0,0,0.993,0,0,0,0.001411846,0.004046206,0,0,0.811893119,3,21.7,16.21303148,-6.3106
2021,10,20,3,20,IMG_0048,0,0,0,0,0.003,0,0,0.997,0,0,0,0.000135397,0.002259172,0,0,0.823399294,3,21.8,16.1149838,-5.3596
2021,10,20,3,30,IMG_0049,0,0,0,0,0.002,0,0,0.998,0,0,0,0.000313822,0.001607309,0,0,0.845138484,3,21.8,16.1149838,-5.6035
2021,10,20,19,30,IMG_0050,0,0,0,0.012,0.527,0,0,0.461,0,0,0,0.012087252,0.514060434,0,0,0.455279154,3,22.7,20.20271728,-6.992
2021,10,20,20,0,IMG_0053,0,0,0,0.248,0.005,0,0,0.747,0,0,0,0.230864769,0.004813762,0,0,0.715168915,3,22.7,20.20271728,-7.0362
2021,10,20,20,10,IMG_0054,0,0,0,0.251,0.007,0,0,0.742,0,0,0,0.239176886,0.007042683,0,0,0.715217435,3,22.7,20.20271728,-6.4918
2021,10,20,20,20,IMG_0055,0,0,0,0.464,0,0,0,0.536,0,0,0,0.44366395,0.000184232,0,0,0.52570015,3,22.7,20.20271728,-6.3358
2021,10,20,20,30,IMG_0056,0,0,0,0.353,0,0,0,0.646,0,0,0,0.335547994,0.000113266,0,0,0.633318247,3,22.6,20.08732697,-6.1511
2021,10,20,20,50,IMG_0058,0,0,0,0.443,0.004,0,0,0.553,0,0,0,0.412445087,0.003724226,0,0,0.531644659,3,22.6,20.08732697,-7.0318
2021,10,20,21,0,IMG_0059,0,0,0,0.339,0.102,0,0,0.559,0,0,0,0.328499301,0.100751232,0,0,0.555878433,3,22.6,20.08732697,-6.747
2021,10,20,21,10,IMG_0060,0,0,0,0.065,0.017,0,0,0.919,0,0,0,0.063316128,0.016636704,0,0,0.878443953,3,22.6,20.08732697,-8.5119
2021,10,20,21,50,IMG_0064,0,0,0,0.041,0.006,0,0,0.953,0,0,0,0.037440167,0.005864498,0,0,0.893300135,3,22.5,19.97250596,-9.5715
2021,10,20,22,40,IMG_0069,0,0,0,0.996,0,0,0,0.004,0,0,0,0.90979405,1.92E-05,0,0,0.004122626,3,22.4,19.85825191,-8.0754
2021,10,20,22,50,IMG_0070,0,0,0,0.91,0,0,0,0.09,0,0,0,0.833565971,2.54E-05,0,0,0.083418352,3,22.5,19.97250596,-7.742
2021,10,20,23,0,IMG_0071,0,0,0,0.095,0,0,0,0.905,0,0,0,0.084937282,4.54E-05,0,0,0.821398918,3,22.5,19.97250596,-7.4419
2021,10,20,23,40,IMG_0075,0,0,0,0.173,0.001,0,0,0.826,0,0,0,0.147744802,0.000866444,0,0,0.748741279,3,22.5,19.97250596,-9.9509
2021,10,20,23,50,IMG_0076,0,0,0,0.079,0.021,0,0,0.9,0,0,0,0.071168194,0.01899822,0,0,0.813042135,3,22.5,19.97250596,-7.5706
2021,10,21,0,50,IMG_0082,0,0,0,0.006,0.437,0,0,0.557,0,0,0,0.005636666,0.397798535,0,0,0.505020711,3,22.5,19.97250596,-7.5903
2021,10,21,3,20,IMG_0097,0,0,0,0.001,0.007,0,0,0.992,0,0,0,0.001086914,0.005535682,0,0,0.813834961,3,22.4,19.85825191,-8.595
2021,10,21,3,30,IMG_0098,0,0,0,0,0,0,0,1,0,0,0,1.89E-05,0.000209037,0,0,0.858825886,3,22.5,19.97250596,-7.576
2021,10,21,19,30,IMG_0099,0,0,0,0.906,0.037,0,0,0.057,0,0,0,0.900886268,0.037071695,0,0,0.057003531,3,19.1,16.39112669,-2.9243
2021,10,21,19,40,IMG_0100,0,0,0,0.458,0.017,0,0,0.524,0,0,0,0.447205349,0.017425879,0,0,0.521001517,3,19.2,16.48792965,-2.7365
2021,10,21,19,50,IMG_0101,0,0,0,0.802,0.025,0,0,0.173,0,0,0,0.792218111,0.024799707,0,0,0.170996124,3,19.3,16.58522678,-2.2909
2021,10,21,20,0,IMG_0102,0,0,0,0.006,0.022,0,0,0.973,0,0,0,0.005495057,0.021436035,0,0,0.943599174,3,19.4,16.68302015,-1.9629
2021,10,21,20,10,IMG_0103,0,0,0,0.177,0.007,0,0,0.816,0,0,0,0.168786621,0.006730386,0,0,0.80854517,3,19.2,16.48792965,-2.268
2021,10,21,20,20,IMG_0104,0,0,0,0.454,0.023,0,0,0.524,0,0,0,0.443107888,0.022597776,0,0,0.522593975,3,19.1,16.39112669,-2.3135
2021,10,21,20,30,IMG_0105,0,0,0,0.059,0.006,0,0,0.936,0,0,0,0.053908639,0.005837402,0,0,0.922674752,3,19.1,16.39112669,-2.8642
2021,10,21,20,40,IMG_0106,0,0,0,0.803,0.001,0,0,0.196,0,0,0,0.795970463,0.000736118,0,0,0.194296905,3,18.9,16.1989949,-2.0821
2021,10,21,20,50,IMG_0107,0,0,0,0.012,0.001,0,0,0.987,0,0,0,0.011725526,0.000758511,0,0,0.962743096,3,18.9,16.1989949,-2.389
2021,10,21,21,0,IMG_0108,0,0,0,0.269,0.001,0,0,0.73,0,0,0,0.253935382,0.001301848,0,0,0.718913289,3,19,16.2948158,-3.3678
2021,10,21,21,10,IMG_0109,0,0,0,0.099,0.001,0,0,0.9,0,0,0,0.096700661,0.000658233,0,0,0.890533504,3,19.1,16.39112669,-2.6668
2021,10,21,21,20,IMG_0110,0,0,0,0.037,0.008,0,0,0.955,0,0,0,0.036569659,0.007698197,0,0,0.949171146,3,19,16.2948158,-2.5347
2021,10,21,21,30,IMG_0111,0,0,0,0.002,0.013,0,0,0.985,0,0,0,0.001930003,0.012911861,0,0,0.952689866,3,19,16.2948158,-3.2807
2021,10,21,21,40,IMG_0112,0,0,0,0,0.013,0,0,0.987,0,0,0,2.21E-05,0.013406393,0,0,0.952995613,3,18.8,16.10366192,-2.8303
2021,10,21,21,50,IMG_0113,0,0,0,0.072,0.004,0,0,0.924,0,0,0,0.069699669,0.004163071,0,0,0.909134082,3,18.9,16.1989949,-2.4927
2021,10,21,22,0,IMG_0114,0,0,0,0.047,0.02,0,0,0.934,0,0,0,0.044786809,0.019316286,0,0,0.906032151,3,18.9,16.1989949,-2.2528
2021,10,21,22,10,IMG_0115,0,0,0,0.003,0.021,0,0,0.977,0,0,0,0.002668773,0.019974106,0,0,0.916303087,3,18.8,16.10366192,-2.6156
2021,10,21,22,20,IMG_0116,0,0,0,0.004,0.002,0,0,0.994,0,0,0,0.004016128,0.002134713,0,0,0.953090355,3,18.7,16.00881479,-2.6536
2021,10,21,22,30,IMG_0117,0,0,0,0.027,0.003,0,0,0.97,0,0,0,0.02592162,0.003121139,0,0,0.92959547,3,18.8,16.10366192,-2.672
2021,10,21,22,40,IMG_0118,0,0,0,0.016,0.004,0,0,0.979,0,0,0,0.015884352,0.004345275,0,0,0.929307805,3,18.9,16.1989949,-2.7455
2021,10,21,22,50,IMG_0119,0,0,0,0.052,0,0,0,0.947,0,0,0,0.04987524,0.000309435,0,0,0.912444291,3,18.9,16.1989949,-2.4321
2021,10,21,23,0,IMG_0120,0,0,0,0,0.002,0,0,0.998,0,0,0,1.41E-05,0.001462042,0,0,0.882723708,3,19,16.2948158,-2.3132
2021,10,21,23,10,IMG_0121,0,0,0,0,0.001,0,0,0.999,0,0,0,1.41E-05,0.000524429,0,0,0.904202103,3,18.8,16.10366192,-3.1799
2021,10,21,23,20,IMG_0122,0,0,0,0,0,0,0,1,0,0,0,1.38E-05,5.59E-05,0,0,0.922798362,3,18.8,16.10366192,-2.415
2021,10,21,23,30,IMG_0123,0,0,0,0,0,0,0,1,0,0,0,2.09E-05,4.97E-05,0,0,0.933029522,3,18.8,16.10366192,-2.2129
2021,10,21,23,40,IMG_0124,0,0,0,0,0,0,0,1,0,0,0,1.38E-05,7.30E-05,0,0,0.91818433,3,18.8,16.10366192,-2.2781
2021,10,21,23,50,IMG_0125,0,0,0,0,0,0,0,1,0,0,0,1.38E-05,7.56E-05,0,0,0.881903809,3,18.7,16.00881479,-3.3091
2021,10,22,0,0,IMG_0126,0,0,0,0,0.011,0,0,0.989,0,0,0,1.37E-05,0.009878688,0,0,0.871387515,3,18.7,16.00881479,-3.115
2021,10,22,0,10,IMG_0127,0,0,0,0,0,0,0,1,0,0,0,2.65E-05,0.000111471,0,0,0.861876886,3,18.5,15.82056984,-3.484
2021,10,22,0,20,IMG_0128,0,0,0,0,0.052,0,0,0.948,0,0,0,1.34E-05,0.045802133,0,0,0.833861681,3,18.5,15.82056984,-3.0138
2021,10,22,0,30,IMG_0129,0,0,0,0,0.013,0,0,0.987,0,0,0,1.95E-05,0.011083797,0,0,0.895217586,3,18.5,15.82056984,-3.4582
2021,10,22,0,40,IMG_0130,0,0,0,0,0,0,0,1,0,0,0,1.97E-05,6.17E-05,0,0,0.893151427,3,18.5,15.82056984,-3.2639
2021,10,22,0,50,IMG_0131,0,0,0,0,0,0,0,1,0,0,0,1.35E-05,5.37E-05,0,0,0.896768127,3,18.5,15.82056984,-3.3784
2021,10,22,1,0,IMG_0132,0,0,0,0,0,0,0,1,0,0,0,1.32E-05,5.98E-05,0,0,0.906317991,3,18.5,15.82056984,-2.7908
2021,10,22,1,10,IMG_0133,0,0,0,0,0,0,0,1,0,0,0,1.30E-05,3.86E-05,0,0,0.889160922,3,18.5,15.82056984,-2.8901
2021,10,22,1,20,IMG_0134,0,0,0,0,0,0,0,1,0,0,0,1.89E-05,4.73E-05,0,0,0.886147544,3,18.5,15.82056984,-2.8651
2021,10,22,1,30,IMG_0135,0,0,0,0,0,0,0,1,0,0,0,1.93E-05,4.72E-05,0,0,0.888720808,3,18.5,15.82056984,-2.8071
2021,10,22,1,40,IMG_0136,0,0,0,0,0,0,0,1,0,0,0,1.33E-05,5.19E-05,0,0,0.879931242,3,18.5,15.82056984,-2.32
2021,10,22,1,50,IMG_0137,0,0,0,0,0,0,0,1,0,0,0,1.31E-05,5.04E-05,0,0,0.862656453,3,18.5,15.82056984,-2.192
2021,10,22,2,0,IMG_0138,0,0,0,0,0,0,0,1,0,0,0,1.30E-05,4.60E-05,0,0,0.886230589,3,18.6,15.91445144,-2.1397
2021,10,22,2,10,IMG_0139,0,0,0,0,0,0,0,1,0,0,0,1.94E-05,4.04E-05,0,0,0.882243269,3,18.6,15.91445144,-2.2434
2021,10,22,2,20,IMG_0140,0,0,0,0,0,0,0,1,0,0,0,1.31E-05,7.24E-05,0,0,0.860612094,3,18.6,15.91445144,-2.187
2021,10,22,2,30,IMG_0141,0,0,0,0,0,0,0,1,0,0,0,1.30E-05,0.000107527,0,0,0.862274346,3,18.6,15.91445144,-3.159
2021,10,22,2,40,IMG_0142,0,0,0,0,0,0,0,1,0,0,0,1.31E-05,5.11E-05,0,0,0.869629823,3,18.6,15.91445144,-2.3199
2021,10,22,2,50,IMG_0143,0,0,0,0,0,0,0,1,0,0,0,1.97E-05,4.09E-05,0,0,0.890346439,3,18.6,15.91445144,-2.1627
2021,10,22,3,0,IMG_0144,0,0,0,0,0,0,0,1,0,0,0,1.32E-05,3.40E-05,0,0,0.886946995,3,18.7,16.00881479,-2.1985
2021,10,22,3,10,IMG_0145,0,0,0,0,0.01,0,0,0.99,0,0,0,6.48E-06,0.009846695,0,0,0.851975511,3,18.7,16.00881479,-1.8362
2021,10,22,3,20,IMG_0146,0,0,0,0,0,0,0,1,0,0,0,1.30E-05,4.67E-05,0,0,0.879007354,3,18.8,16.10366192,-2.1623
2021,10,22,3,30,IMG_0147,0,0,0,0,0,0,0,1,0,0,0,1.30E-05,4.61E-05,0,0,0.86844834,3,18.8,16.10366192,-1.9861
2021,10,22,19,30,IMG_0148,0,0,0,0.063,0.102,0,0,0.835,0,0,0,0.060465482,0.097870177,0,0,0.795938386,3,18.9,15.71302505,-5.4581
2021,10,22,19,40,IMG_0149,0,0,0,0.015,0.564,0,0,0.421,0,0,0,0.01496739,0.535847123,0,0,0.404953486,3,18.9,15.875015,-5.4327
2021,10,22,19,50,IMG_0150,0,0,0,0,0.077,0,0,0.923,0,0,0,2.95E-05,0.075055792,0,0,0.889895568,3,18.9,16.03700495,-4.3506
2021,10,22,20,0,IMG_0151,0,0,0,0,0.018,0,0,0.981,0,0,0,0.000300218,0.018203005,0,0,0.950459473,3,18.8,16.10366192,-3.4663
2021,10,22,20,10,IMG_0152,0,0,0,0.06,0.012,0,0,0.927,0,0,0,0.05736431,0.01229402,0,0,0.907453395,3,18.7,16.00881479,-4.4862
2021,10,22,20,20,IMG_0153,0,0,0,0.021,0.014,0,0,0.965,0,0,0,0.020108526,0.01361437,0,0,0.939850346,3,18.6,15.91445144,-2.7246
2021,10,22,20,30,IMG_0154,0,0,0,0.053,0.049,0,0,0.899,0,0,0,0.049460547,0.048177141,0,0,0.869260938,3,18.5,15.82056984,-1.9587
2021,10,22,20,40,IMG_0155,0,0,0,0.017,0.008,0,0,0.974,0,0,0,0.017281828,0.008203125,0,0,0.91310924,3,18.5,15.82056984,-1.7858
2021,10,22,20,50,IMG_0156,0,0,0,0.241,0,0,0,0.759,0,0,0,0.229307625,7.68E-05,0,0,0.734399038,3,18.5,15.82056984,-3.602
2021,10,22,21,0,IMG_0157,0,0,0,0.463,0.001,0,0,0.536,0,0,0,0.451272716,0.000709901,0,0,0.532258556,3,18.5,15.82056984,-2.4532
2021,10,22,21,10,IMG_0158,0,0,0,0.065,0.005,0,0,0.93,0,0,0,0.063718157,0.005178696,0,0,0.882391061,3,18.5,15.82056984,-2.6974
2021,10,22,21,20,IMG_0159,0,0,0,0.079,0.005,0,0,0.917,0,0,0,0.075590032,0.004611441,0,0,0.887964446,3,18.5,15.82056984,-2.218
2021,10,22,21,30,IMG_0160,0,0,0,0.078,0.006,0,0,0.916,0,0,0,0.076763852,0.005838078,0,0,0.887499384,3,18.6,15.91445144,-1.9835
2021,10,22,21,40,IMG_0161,0,0,0,0.016,0.035,0,0,0.949,0,0,0,0.016052539,0.033351863,0,0,0.897088634,3,18.6,15.91445144,-2.1968
2021,10,22,21,50,IMG_0162,0,0,0,0.047,0.002,0,0,0.951,0,0,0,0.044857474,0.001749061,0,0,0.898612282,3,18.5,15.82056984,-2.5589
2021,10,22,22,0,IMG_0163,0,0,0,0.102,0,0,0,0.897,0,0,0,0.091413259,3.19E-05,0,0,0.804277111,3,18.6,15.91445144,-5.5237
2021,10,22,22,10,IMG_0164,0,0,0,0.244,0,0,0,0.756,0,0,0,0.21504227,4.85E-05,0,0,0.696285524,3,18.6,15.91445144,-4.0713
2021,10,22,22,20,IMG_0165,0,0,0,0.263,0,0,0,0.737,0,0,0,0.231161358,7.08E-05,0,0,0.656121439,3,18.7,16.00881479,-4.715
2021,10,22,22,30,IMG_0166,0,0,0,0.313,0,0,0,0.687,0,0,0,0.269129492,3.13E-05,0,0,0.611200774,3,18.5,15.82056984,-4.7836
2021,10,22,22,40,IMG_0167,0,0,0,0.561,0,0,0,0.439,0,0,0,0.480276916,3.06E-05,0,0,0.391578936,3,18.5,15.66236414,-4.4778
2021,10,22,22,50,IMG_0168,0,0,0,0.699,0,0,0,0.301,0,0,0,0.595083075,2.48E-05,0,0,0.261772363,3,18.5,15.50415844,-4.971
2021,10,22,23,0,IMG_0169,0,0,0,0.009,0,0,0,0.991,0,0,0,0.007491842,4.79E-05,0,0,0.817910539,3,18.4,15.41262456,-4.8517
2021,10,22,23,10,IMG_0170,0,0,0,0.052,0,0,0,0.948,0,0,0,0.042567458,4.15E-05,0,0,0.777717969,3,18.4,15.41262456,-5.4187
2021,10,22,23,20,IMG_0171,0,0,0,0.104,0,0,0,0.896,0,0,0,0.082494989,7.98E-05,0,0,0.728777547,3,18.5,15.18774704,-5.4329
2021,10,22,23,30,IMG_0172,0,0,0,0.044,0,0,0,0.956,0,0,0,0.034837207,4.11E-05,0,0,0.774556175,3,18.6,14.95958436,-5.7266
2021,10,22,23,40,IMG_0173,0,0,0,0.036,0,0,0,0.964,0,0,0,0.028749084,7.33E-05,0,0,0.78123424,3,18.6,14.95958436,-5.7532
2021,10,23,0,10,IMG_0176,0,0,0,0.127,0,0,0,0.873,0,0,0,0.092225533,5.89E-05,0,0,0.692517172,3,18.8,14.65433234,-5.1685
2021,10,23,0,30,IMG_0178,0,0,0,0.23,0,0,0,0.77,0,0,0,0.167959796,6.83E-05,0,0,0.61599188,3,19,14.3394379,-5.1931
2021,10,23,0,40,IMG_0179,0,0,0,0.119,0,0,0,0.881,0,0,0,0.086337643,4.63E-05,0,0,0.699284352,3,19,14.3394379,-5.32
2021,10,23,0,50,IMG_0180,0,0,0,0.171,0,0,0,0.829,0,0,0,0.12655767,4.00E-05,0,0,0.66043128,3,19.1,14.58810275,-5.2318
2021,10,23,1,0,IMG_0181,0,0,0,0.023,0,0,0,0.977,0,0,0,0.017103072,7.89E-05,0,0,0.772195072,3,19,14.50238606,-5.3869
2021,10,23,1,10,IMG_0182,0,0,0,0.004,0,0,0,0.995,0,0,0,0.003424805,6.44E-05,0,0,0.78990323,3,18.8,14.65433234,-5.4019
2021,10,23,1,20,IMG_0183,0,0,0,0.005,0,0,0,0.995,0,0,0,0.003974241,4.47E-05,0,0,0.789090189,3,18.8,14.65433234,-5.6732
2021,10,23,1,30,IMG_0184,0,0,0,0.001,0,0,0,0.999,0,0,0,0.000850864,6.89E-05,0,0,0.829929537,3,18.8,14.65433234,-5.4249
2021,10,23,1,40,IMG_0185,0,0,0,0.002,0,0,0,0.998,0,0,0,0.001444779,6.93E-05,0,0,0.79767796,3,18.8,14.97640558,-5.1231
2021,10,23,1,50,IMG_0186,0,0,0,0,0.003,0,0,0.997,0,0,0,0.000259029,0.002317473,0,0,0.801481783,3,18.7,15.0482859,-5.6651
2021,10,23,2,0,IMG_0187,0,0,0,0,0,0,0,1,0,0,0,3.67E-05,4.34E-05,0,0,0.822309578,3,18.8,15.1374422,-4.7176
2021,10,23,2,10,IMG_0188,0,0,0,0,0,0,0,1,0,0,0,2.54E-05,9.08E-05,0,0,0.84710157,3,18.8,15.45951544,-3.7835
2021,10,23,2,20,IMG_0189,0,0,0,0,0,0,0,1,0,0,0,8.16E-05,4.98E-05,0,0,0.82521552,3,18.6,15.59616241,-3.6821
2021,10,23,2,30,IMG_0190,0,0,0,0,0,0,0,1,0,0,0,4.91E-05,4.38E-05,0,0,0.828612395,3,18.5,15.50415844,-3.4643
2021,10,23,2,40,IMG_0191,0,0,0,0.001,0,0,0,0.999,0,0,0,0.000503215,3.45E-05,0,0,0.82377669,3,18.5,15.50415844,-3.9483
2021,10,23,2,50,IMG_0192,0,0,0,0.001,0,0,0,0.999,0,0,0,0.000684653,0.000104552,0,0,0.80103439,3,18.3,15.16521634,-3.8945
2021,10,23,3,0,IMG_0193,0,0,0,0.138,0.008,0,0,0.854,0,0,0,0.106347686,0.006280987,0,0,0.671636238,3,18.4,14.62626617,-3.854
2021,10,23,3,10,IMG_0194,0,0,0,0.183,0.002,0,0,0.815,0,0,0,0.132847258,0.001819261,0,0,0.647588462,3,18.7,14.56802145,-3.8075
2021,10,23,3,20,IMG_0195,0,0,0,0.067,0,0,0,0.933,0,0,0,0.047098978,0.000313296,0,0,0.727874805,3,18.9,14.09312556,-3.5455
2021,10,23,3,30,IMG_0196,0,0,0,0.189,0,0,0,0.811,0,0,0,0.135082955,0.000332121,0,0,0.642065009,3,19,14.01354159,-3.6341
2021,10,23,19,30,IMG_0197,0,0,0,0.051,0.076,0,0,0.873,0,0,0,0.044923761,0.072860757,0,0,0.814319997,3,19.2,15.49865387,-3.1297
2021,10,23,19,40,IMG_0198,0,0,0,0.033,0.043,0,0,0.924,0,0,0,0.029994929,0.040483714,0,0,0.867608556,3,19,15.96891948,-3.5997
2021,10,23,19,50,IMG_0199,0,0,0,0.008,0.004,0,0,0.987,0,0,0,0.007391241,0.004166196,0,0,0.912792353,3,18.9,16.1989949,-3.061
2021,10,23,20,0,IMG_0200,0,0,0,0.009,0.036,0,0,0.956,0,0,0,0.007907242,0.033999279,0,0,0.89340607,3,18.9,16.1989949,-2.7412
2021,10,23,20,10,IMG_0201,0,0,0,0,0.199,0,0,0.801,0,0,0,4.30E-05,0.181292894,0,0,0.760931137,3,18.8,16.10366192,-3.9243
2021,10,23,20,20,IMG_0202,0,0,0,0.001,0.191,0,0,0.809,0,0,0,0.000681062,0.179225909,0,0,0.775032407,3,18.8,16.10366192,-3.3786
2021,10,23,20,30,IMG_0203,0,0,0,0.002,0.792,0,0,0.206,0,0,0,0.001919922,0.741189671,0,0,0.195078568,3,18.9,16.1989949,-3.9065
2021,10,23,20,40,IMG_0204,0,0,0,0.002,0.524,0,0,0.473,0,0,0,0.002027539,0.496545681,0,0,0.453413311,3,18.9,16.1989949,-3.0346
2021,10,23,20,50,IMG_0205,0,0,0,0.103,0.727,0,0,0.169,0,0,0,0.083748881,0.659919434,0,0,0.160870365,3,18.9,16.1989949,-3.8725
2021,10,23,21,0,IMG_0206,0,0,0,0.082,0.685,0,0,0.233,0,0,0,0.066257362,0.607434277,6.20E-05,0,0.223918209,3,19,15.96891948,-3.7926
2021,10,23,21,10,IMG_0207,0,0,0,0.18,0.097,0.001,0,0.722,8.72E-06,0,0,0.146958045,0.083590805,0.000580401,0,0.66741274,3,19.2,15.66353317,-3.6708
2021,10,23,21,20,IMG_0208,0,0,0,0.489,0.017,0,0,0.494,0,0,0,0.413605589,0.014134292,0,0,0.463111245,3,19.3,15.59011317,-3.2491
2021,10,23,21,30,IMG_0209,0,0,0,0.131,0.771,0,0,0.098,2.42E-06,0,0,0.104234923,0.678969967,0,0,0.084978673,3,19.2,15.82841247,-3.5748
2021,10,23,21,40,IMG_0210,0,0,0,0.044,0.205,0,0,0.751,0,0,0,0.035230807,0.183025045,0,0,0.684000338,3,19.2,15.82841247,-3.6491
2021,10,23,21,50,IMG_0211,0,0,0,0.004,0.406,0,0,0.591,0,0,0,0.00320631,0.349945117,0,0,0.543640798,3,19.2,15.99329176,-3.5489
2021,10,23,22,0,IMG_0212,0,0,0,0.024,0.125,0,0,0.852,0,0,0,0.018234029,0.107557797,0,0,0.751948648,3,19.2,15.99329176,-3.4686
2021,10,23,22,10,IMG_0213,0,0,0,0.094,0.047,0,0,0.859,0,0,0,0.07100299,0.038958481,0,0,0.757067127,3,19.1,15.89939289,-3.8094
2021,10,23,22,20,IMG_0214,0,0,0,0.39,0.005,0,0,0.605,0,0,0,0.309688589,0.00430595,0,0,0.544596086,3,19.2,15.82841247,-3.7102
2021,10,23,22,30,IMG_0215,0,0,0,0.088,0.065,0,0,0.847,0,0,0,0.069232039,0.05385305,0,0,0.735601961,3,19.1,15.73548162,-3.5738
2021,10,23,22,40,IMG_0216,0,0,0,0.03,0.037,0,0,0.933,0,0,0,0.023113657,0.029960434,0,0,0.787486328,3,19.1,16.06330415,-3.7197
2021,10,23,22,50,IMG_0217,0,0,0,0.058,0.002,0,0,0.939,0,0,0,0.049277254,0.002051991,0,0,0.794674361,3,19,16.2948158,-3.8085
2021,10,23,23,0,IMG_0218,0,0,0,0.001,0.139,0,0,0.86,0,0,0,0.001170696,0.114675984,0,0,0.733778779,3,18.9,16.03700495,-2.7618
2021,10,23,23,10,IMG_0219,0,0,0,0.001,0.428,0,0,0.571,0,0,0,0.00093732,0.353072566,0,0,0.499311749,3,19,16.2948158,-2.8653
2021,10,23,23,20,IMG_0220,0,0,0,0.006,0.013,0,0,0.98,0,0,0,0.004855649,0.010860494,0,0,0.825351239,3,19,16.2948158,-3.0534
2021,10,23,23,30,IMG_0221,0,0,0,0,0,0,0,1,0,0,0,8.98E-05,5.81E-05,0,0,0.865291729,3,19.1,16.06330415,-3.162
2021,10,23,23,40,IMG_0222,0,0,0,0.001,0,0,0,0.999,0,0,0,0.000443006,5.38E-05,0,0,0.844176209,3,19.1,16.22721542,-3.8993
2021,10,23,23,50,IMG_0223,0,0,0,0,0,0,0,1,0,0,0,0.000259593,4.66E-05,0,0,0.857052547,3,19,16.2948158,-3.5715
2021,10,24,0,0,IMG_0224,0,0,0,0,0,0,0,1,0,0,0,0.000123761,4.60E-05,0,0,0.842641226,3,19,16.2948158,-3.257
2021,10,24,0,10,IMG_0225,0,0,0,0.001,0,0,0,0.999,0,0,0,0.000458849,4.61E-05,0,0,0.834915715,3,19,16.2948158,-3.7594
2021,10,24,0,20,IMG_0226,0,0,0,0,0,0,0,1,0,0,0,6.21E-05,4.62E-05,0,0,0.832292668,3,19,16.2948158,-3.052
2021,10,24,0,30,IMG_0227,0,0,0,0.002,0.011,0,0,0.987,0,0,0,0.001974632,0.009341564,0,0,0.814037162,3,19,16.2948158,-2.3182
2021,10,24,0,40,IMG_0228,0,0,0,0,0,0,0,0.999,0,0,0,0.000413807,5.16E-05,0,0,0.824054838,3,18.9,16.1989949,-2.307
2021,10,24,0,50,IMG_0229,0,0,0,0,0,0,0,1,0,0,0,3.81E-05,4.60E-05,0,0,0.840424031,3,18.9,16.1989949,-2.8147
2021,10,24,1,0,IMG_0230,0,0,0,0,0,0,0,1,0,0,0,1.94E-05,5.86E-05,0,0,0.851904928,3,19,16.2948158,-2.8945
2021,10,24,1,10,IMG_0231,0,0,0,0,0,0,0,1,0,0,0,1.93E-05,0.000187417,0,0,0.836555844,3,19,16.2948158,-2.1245
2021,10,24,1,20,IMG_0232,0,0,0,0,0,0,0,1,0,0,0,1.94E-05,7.02E-05,0,0,0.82070498,3,18.9,16.1989949,-1.9899
2021,10,24,1,30,IMG_0233,0,0,0,0,0,0,0,1,0,0,0,1.29E-05,0.000301367,0,0,0.844756761,3,18.8,16.10366192,-3.8007
2021,10,24,1,40,IMG_0234,0,0,0,0,0.001,0,0,0.999,0,0,0,1.32E-05,0.000895636,0,0,0.855359871,3,18.9,16.1989949,-1.8752
2021,10,24,1,50,IMG_0235,0,0,0,0,0.009,0,0,0.991,0,0,0,1.30E-05,0.00699366,0,0,0.840872927,3,18.8,16.10366192,-2.3335
2021,10,24,2,0,IMG_0236,0,0,0,0,0,0,0,1,0,0,0,1.94E-05,0.000244096,0,0,0.862879605,3,18.8,16.10366192,-2.4995
2021,10,24,2,10,IMG_0237,0,0,0,0,0.001,0,0,0.999,0,0,0,2.52E-05,0.000960269,0,0,0.843083519,3,18.7,16.00881479,-2.671
2021,10,24,2,20,IMG_0238,0,0,0,0,0.062,0,0,0.938,0,0,0,1.27E-05,0.051211794,0,0,0.787484886,3,18.7,16.00881479,-2.7682
2021,10,24,2,30,IMG_0239,0,0,0,0,0.106,0,0,0.893,0,0,0,3.14E-05,0.083427719,0,0,0.749023317,3,18.7,16.00881479,-2.7937
2021,10,24,2,40,IMG_0240,0,0,0,0,0,0,0,1,0,0,0,2.49E-05,0.000320042,0,0,0.833421417,3,18.7,16.00881479,-3.1941
2021,10,24,2,50,IMG_0241,0,0,0,0,0,0,0,1,0,0,0,2.53E-05,0.000100338,0,0,0.881691797,3,18.9,16.1989949,-2.0779
2021,10,24,3,0,IMG_0242,0,0,0,0,0,0,0,1,0,0,0,1.93E-05,3.53E-05,0,0,0.878494028,3,18.9,16.1989949,-1.9365
2021,10,24,3,10,IMG_0243,0,0,0,0,0.001,0,0,0.999,0,0,0,1.29E-05,0.000442796,0,0,0.849210059,3,18.8,16.10366192,-2.3763
2021,10,24,3,20,IMG_0244,0,0,0,0,0.005,0,0,0.995,0,0,0,1.28E-05,0.003622619,0,0,0.819007767,3,18.8,16.10366192,-2.6596
2021,10,24,3,30,IMG_0245,0,0,0,0,0,0,0,1,0,0,0,1.26E-05,5.07E-05,0,0,0.812188649,3,18.8,16.10366192,-2.3698
2021,10,24,19,30,IMG_0246,0,0,0,0.048,0.083,0,0,0.868,0,0,0,0.04516238,0.076552719,0,0,0.841745643,3,20.1,17.20782984,-1.4961
2021,10,24,19,40,IMG_0247,0,0,0,0.003,0.019,0,0,0.978,0,0,0,0.003077396,0.018272942,0,0,0.949324211,3,20.2,17.48348595,-1.7346
2021,10,24,19,50,IMG_0248,0,0,0,0.157,0.022,0,0,0.821,0,0,0,0.142159217,0.020488131,0,0,0.785299805,3,19.9,17.17950465,-2.6873
2021,10,24,20,0,IMG_0249,0,0,0,0.168,0,0,0,0.832,0,0,0,0.154631468,6.34E-05,0,0,0.784788191,3,19.7,16.97939886,-2.5513
2021,10,24,20,10,IMG_0250,0,0,0,0.001,0.006,0,0,0.993,0,0,0,0.000952261,0.005674256,0,0,0.920875075,3,19.8,17.07919834,-2.9215
2021,10,24,20,20,IMG_0251,0,0,0,0.021,0.005,0,0,0.974,0,0,0,0.019321236,0.00524345,0,0,0.908645275,3,19.9,17.17950465,-2.2883
2021,10,24,20,30,IMG_0252,0,0,0,0,0.001,0,0,0.999,0,0,0,5.11E-05,0.000564784,0,0,0.900017142,3,20,17.28031993,-2.7695
2021,10,24,20,40,IMG_0253,0,0,0,0.152,0.006,0,0,0.841,0,0,0,0.119820921,0.005940325,0,0,0.754295959,3,20,17.28031993,-3.2338
2021,10,24,20,50,IMG_0254,0,0,0,0.033,0.966,0,0,0,0,0,0,0.027307189,0.773367623,0,0,0.000287282,3,20,17.28031993,-4.0001
2021,10,24,21,0,IMG_0255,0,0,0,0.08,0.303,0,0,0.617,0,0,0,0.064373347,0.249315257,0,0,0.561444546,3,20.2,17.30865109,-3.0808
2021,10,24,21,10,IMG_0256,0,0,0,0,0.001,0,0,0.999,0,0,0,6.01E-05,0.001129868,0,0,0.903291767,3,20.3,17.585841,-2.8193
2021,10,24,21,20,IMG_0257,0,0,0,0.031,0.022,0,0,0.948,0,0,0,0.026826187,0.018891286,0,0,0.881763289,3,20.3,17.585841,-3.0236
2021,10,24,21,30,IMG_0258,0,0,0,0.02,0,0,0,0.98,0,0,0,0.019172559,5.91E-05,0,0,0.91462826,3,20.3,17.585841,-2.6591
2021,10,24,21,40,IMG_0259,0,0,0,0,0,0,0,1,0,0,0,0.000119456,7.56E-05,0,0,0.929616624,3,20.3,17.585841,-2.1631
2021,10,24,21,50,IMG_0260,0,0,0,0,0,0,0,1,0,0,0,2.10E-05,6.80E-05,0,0,0.91483898,3,20.2,17.48348595,-2.0936
2021,10,24,22,0,IMG_0261,0,0,0,0,0,0,0,1,0,0,0,2.80E-05,7.33E-05,0,0,0.907065189,3,20.1,17.38164631,-2.2772
2021,10,24,22,10,IMG_0262,0,0,0,0,0,0,0,1,0,0,0,2.75E-05,6.41E-05,0,0,0.895741038,3,19.9,17.17950465,-2.4588
2021,10,24,22,20,IMG_0263,0,0,0,0,0,0,0,1,0,0,0,2.70E-05,5.54E-05,0,0,0.896903343,3,19.9,17.17950465,-2.9137
2021,10,24,22,30,IMG_0264,0,0,0,0.002,0,0,0,0.998,0,0,0,0.001715865,9.41E-05,0,0,0.867493547,3,19.8,17.07919834,-2.8165
2021,10,24,22,40,IMG_0265,0,0,0,0,0,0,0,1,0,0,0,3.16E-05,5.97E-05,0,0,0.863417465,3,19.9,17.17950465,-2.6279
2021,10,24,22,50,IMG_0266,0,0,0,0.049,0.02,0,0,0.932,0,0,0,0.039160479,0.016357467,0,0,0.785244005,3,19.9,17.17950465,-2.7959
2021,10,24,23,0,IMG_0267,0,0,0,0,0.013,0,0,0.987,0,0,0,0.000180642,0.011007197,0,0,0.857050841,3,20.1,17.38164631,-2.4989
2021,10,24,23,10,IMG_0268,0,0,0,0,0.076,0,0,0.924,0,0,0,5.58E-05,0.061467052,0,0,0.799613116,3,20.1,17.38164631,-2.6916
2021,10,24,23,20,IMG_0269,0,0,0,0,0,0,0,1,0,0,0,4.41E-05,0.00024215,0,0,0.876831137,3,20.1,17.38164631,-2.7278
2021,10,24,23,30,IMG_0270,0,0,0,0,0.003,0,0,0.997,0,0,0,3.32E-05,0.002135179,0,0,0.874009473,3,20.1,17.38164631,-2.2688
2021,10,24,23,40,IMG_0271,0,0,0,0,0.097,0,0,0.903,0,0,0,1.99E-05,0.078673881,0,0,0.789392112,3,20.2,17.48348595,-2.4797
2021,10,24,23,50,IMG_0272,0,0,0,0,0,0,0,1,0,0,0,2.02E-05,7.03E-05,0,0,0.893393727,3,20.2,17.48348595,-1.7366
2021,10,25,0,0,IMG_0273,0,0,0,0,0,0,0,1,0,0,0,1.33E-05,5.26E-05,0,0,0.884459751,3,20.1,17.38164631,-0.9946
2021,10,25,0,10,IMG_0274,0,0,0,0,0,0,0,1,0,0,0,1.33E-05,5.26E-05,0,0,0.887084337,3,19.9,17.17950465,-0.7366
2021,10,25,0,20,IMG_0275,0,0,0,0,0,0,0,1,0,0,0,1.34E-05,0.000104462,0,0,0.867787755,3,19.8,17.07919834,-0.9861
2021,10,25,0,30,IMG_0276,0,0,0,0,0,0,0,1,0,0,0,1.96E-05,0.000337012,0,0,0.865073768,3,19.9,17.17950465,-1.1015
2021,10,25,0,40,IMG_0277,0,0,0,0,0.132,0,0,0.868,0,0,0,3.22E-05,0.104641782,0,0,0.704627494,3,19.8,17.07919834,-1.3619
2021,10,25,0,50,IMG_0278,0,0,0,0,0.041,0,0,0.959,0,0,0,6.56E-05,0.032928245,0,0,0.806195711,3,19.9,17.17950465,-1.3721
2021,10,25,1,0,IMG_0279,0,0,0,0,0.775,0,0,0.225,0,0,0,2.58E-05,0.631028117,0,0,0.192972581,3,19.8,16.90840636,-1.384
2021,10,25,1,10,IMG_0280,0,0,0,0,0.947,0,0,0.053,0,0,0,1.28E-05,0.760536208,0,0,0.043486636,3,19.8,17.07919834,-1.1767
2021,10,25,1,20,IMG_0281,0,0,0,0,0.019,0,0,0.981,0,0,0,3.83E-05,0.016912823,0,0,0.811182895,3,19.7,16.97939886,-1.0331
2021,10,25,1,30,IMG_0282,0,0,0,0,0.001,0,0,0.999,0,0,0,1.28E-05,0.000754117,0,0,0.822190565,3,19.7,16.97939886,-1.0757
2021,10,25,1,40,IMG_0283,0,0,0,0,0.005,0,0,0.995,0,0,0,1.31E-05,0.003802381,0,0,0.842620425,3,19.8,17.07919834,-1.0077
2021,10,25,1,50,IMG_0284,0,0,0,0,0,0,0,1,0,0,0,1.32E-05,9.06E-05,0,0,0.874679868,3,19.8,17.07919834,-1.0737
2021,10,25,2,0,IMG_0285,0,0,0,0,0.48,0,0,0.52,0,0,0,1.77E-05,0.383682212,0,0,0.418887988,3,19.8,17.07919834,-1.0509
2021,10,25,2,10,IMG_0286,0,0,0,0.009,0.001,0,0,0.99,0,0,0,0.007235104,0.000547461,0,0,0.805038033,3,19.8,17.07919834,-1.4144
2021,10,25,2,20,IMG_0287,0,0,0,0,0.007,0,0,0.993,0,0,0,1.88E-05,0.006011471,0,0,0.83007512,3,19.8,17.07919834,-1.2531
2021,10,25,2,30,IMG_0288,0,0,0,0,0.002,0,0,0.998,0,0,0,3.72E-05,0.001182212,0,0,0.816506558,3,19.7,16.97939886,-1.2986
2021,10,25,2,40,IMG_0289,0,0,0,0,0.01,0,0,0.99,0,0,0,3.86E-05,0.007519944,0,0,0.820109908,3,19.8,17.07919834,-1.235
2021,10,25,2,50,IMG_0290,0,0,0,0,0.071,0,0,0.929,0,0,0,3.76E-05,0.053958008,0,0,0.746591609,3,19.8,17.07919834,-1.197
2021,10,25,3,0,IMG_0291,0,0,0,0,0.131,0,0,0.869,0,0,0,1.25E-05,0.104667736,0,0,0.710310494,3,19.8,17.07919834,-1.2355
2021,10,25,3,10,IMG_0292,0,0,0,0.002,0.016,0,0,0.982,0,0,0,0.001430904,0.012506806,0,0,0.796026435,3,19.8,17.07919834,-0.9209
2021,10,25,3,20,IMG_0293,0,0,0,0,0,0,0,1,0,0,0,1.85E-05,9.40E-05,0,0,0.810694757,3,19.8,17.07919834,-1.0487
2021,10,25,3,30,IMG_0294,0,0,0,0,0,0,0,1,0,0,0,1.85E-05,8.43E-05,0,0,0.795857309,3,19.9,17.17950465,-1.1564
2021,10,25,23,40,IMG_0297,0,0,0,0.177,0.756,0,0,0.066,0,0,0,0.114891294,0.585238146,0,0,0.056289153,3,21.4,14.43471858,-4.6256
2021,10,25,23,50,IMG_0298,0,0,0,0.478,0.426,0,0,0.096,0,0,0,0.352547401,0.333350361,0,0,0.076705258,3,21.4,14.43471858,-5.2928
2021,10,26,1,0,IMG_0305,0,0,0,0.082,0.909,0,0,0.009,0,0,0,0.049590377,0.667963063,0,0,0.006859059,3,21.9,14.47155392,-3.9727
2021,10,26,1,10,IMG_0306,0,0,0,0.018,0.982,0,0,0,0,0,0,0.010054117,0.712541594,0,0,0.000122994,3,21.6,14.60255216,-4.0933
2021,10,26,1,30,IMG_0308,0,0,0,0.042,0.958,0,0,0,0,0,0,0.025334773,0.663311268,0,0,0,3,21.7,14.6870991,-5.9474
2021,10,26,2,0,IMG_0311,0,0,0,0.119,0.881,0,0,0,0,0,0.000230311,0.069170057,0.62757627,0,0,0,3,21.7,14.87784065,-5.5994
2021,10,26,2,40,IMG_0315,0,0,0,0.007,0.993,0,0,0,0,0,0,0.003539543,0.696434473,0,0,0,3,22,14.74921292,-5.1691
2021,10,26,2,50,IMG_0316,0,0,0,0.053,0.947,0,0,0,0,0,0,0.029470801,0.689218134,0,0,8.09E-05,3,21.9,14.85746203,-4.3712
2021,10,26,3,0,IMG_0317,0,0,0,0.071,0.929,0,0,0,0,0,0,0.039189498,0.661905611,0,0,0.000278531,3,22,14.94328151,-4.3622
2021,10,26,3,30,IMG_0320,0,0,0,0.15,0.841,0,0,0.009,0,0,0,0.085297979,0.618122994,0,0,0.006852907,3,22,14.74921292,-5.7934
2021,10,29,2,20,IMG_0420,0,0,0,0.012,0.713,0,0,0.275,0,0,0,0.007924294,0.502793322,0,0,0.187991436,3,20.3,14.94796485,-18.1944
2021,10,29,2,50,IMG_0423,0,0,0,0.001,0.958,0,0,0.041,0,0,0,0.000571004,0.673010344,0,0,0.029950511,3,20.6,14.67473667,-9.4936
2021,10,29,3,10,IMG_0425,0,0,0,0,0,0,0,1,0,0,0,1.75E-05,0.000111238,0,0,0.817297236,3,20.6,14.67473667,-3.7726
2021,10,29,3,20,IMG_0426,0,0,0,0,0.008,0,0,0.992,0,0,0,1.82E-05,0.005270846,0,0,0.790224594,3,20.6,14.49577647,-3.7575
2021,10,29,3,30,IMG_0427,0,0,0,0,0,0,0,1,0,0,0,3.54E-05,7.09E-05,0,0,0.81225166,3,20.7,14.400367,-4.1098
2021,10,30,19,30,IMG_0477,0,0,0,0.041,0.006,0,0,0.953,0,0,0,0.039429883,0.005599662,0,0,0.919875623,3,21.9,14.27859987,-5.1435
2021,10,30,19,40,IMG_0478,0,0,0,0.023,0,0,0,0.977,0,0,0,0.022303508,4.13E-05,0,0,0.93147527,3,21.9,14.27859987,-4.9598
2021,10,30,19,50,IMG_0479,0,0,0,0.037,0.009,0,0,0.954,0,0,0,0.030255176,0.007196747,0,0,0.883818788,3,21.9,14.27859987,-6.1785
2021,10,30,20,0,IMG_0480,0,0,0,0.008,0,0,0,0.992,0,0,0,0.007414776,9.02E-05,0,0,0.927059413,3,21.9,14.08564582,-5.3758
2021,10,30,20,10,IMG_0481,0,0,0,0.037,0.031,0,0,0.932,0,0,0,0.032190708,0.02688466,0,0,0.872325954,3,21.9,14.08564582,-6.062
2021,10,30,20,40,IMG_0484,0,0,0,0,0.947,0,0,0.053,0,0,0,3.35E-05,0.827858308,0,0,0.048480213,3,21.8,13.81284325,-5.5094
2021,11,2,23,50,IMG_0630,0,0,0,0.324,0.676,0,0,0,0,0,0,0.197223325,0.441785442,0,0,0,3,22,14.55514433,-11.7539
2021,11,3,19,30,IMG_0653,0,0,0,0.899,0.1,0,0,0.001,0,0,0,0.740768788,0.086209315,0,0,0.000978005,3,21.9,14.66450798,-8.3073
2021,11,4,0,50,IMG_0685,0,0,0,0.092,0.842,0,0,0.066,0,0,0,0.064042736,0.625721124,0,0,0.05308614,3,22.4,14.89368893,-7.1903
2021,11,4,1,10,IMG_0687,0,0,0,0.029,0.368,0,0,0.603,0,0,0,0.019747656,0.282954169,0,0,0.482115264,3,22.3,14.80842188,-4.488
2021,11,4,1,40,IMG_0690,0,0,0,0.008,0.001,0,0,0.99,0,0,0,0.005858932,0.000973114,0,0,0.779508511,3,22.3,14.80842188,-4.0267
2021,11,4,1,50,IMG_0691,0,0,0,0.089,0,0,0,0.91,0,0,0,0.065198257,0.000321867,0,0,0.712551022,3,22.3,15.00586751,-4.946
2021,11,4,2,0,IMG_0692,0,0,0,0.002,0.013,0,0,0.985,0,0,0,0.001535427,0.009185164,0,0,0.779010682,3,22.3,15.00586751,-3.1722
2021,11,4,2,10,IMG_0693,0,0,0,0.008,0.002,0,0,0.99,0,0,0,0.005432782,0.001360945,0,0,0.731221131,3,22.4,15.09227145,-4.526
2021,11,4,2,20,IMG_0694,0,0,0,0.003,0,0,0,0.997,0,0,0,0.001801585,7.65E-05,0,0,0.788474617,3,22.3,15.00586751,-4.5194
2021,11,4,2,30,IMG_0695,0,0,0,0.002,0.008,0,0,0.99,0,0,0,0.00148131,0.005232692,0,0,0.726953538,3,22.3,15.00586751,-4.5303
2021,11,4,2,40,IMG_0696,0,0,0,0.001,0,0,0,0.999,0,0,0,0.000616632,7.97E-05,0,0,0.799278756,3,22.4,15.09227145,-4.8611
2021,11,4,2,50,IMG_0697,0,0,0,0.001,0.001,0,0,0.999,0,0,0,0.000460765,0.000364551,0,0,0.757734555,3,22.4,15.09227145,-4.4203
2021,11,4,3,0,IMG_0698,0,0,0,0.001,0,0,0,0.998,0,0,0,0.001042022,5.93E-05,0,0,0.765983308,3,22.3,15.00586751,-6.0977
2021,11,4,3,20,IMG_0700,0,0,0,0,0.004,0,0,0.996,0,0,0,0.000170801,0.002141309,0,0,0.751834232,3,22.3,15.20331313,-5.0347
2021,11,4,3,30,IMG_0701,0,0,0,0.001,0,0,0,0.999,0,0,0,0.000431423,6.53E-05,0,0,0.710688191,3,22.3,15.20331313,-6.0613
2021,11,6,19,40,IMG_0779,0,0,0,0.002,0.001,0,0,0.997,0,0,0,0.002189123,0.000540572,0,0,0.925915024,3,22.9,20.43521514,-14.9197
2021,11,6,20,20,IMG_0783,0,0,0,0.012,0.383,0,0,0.604,0,0,0,0.012026209,0.34597503,0,0,0.545647416,3,22.7,20.20271728,-7.2429
2021,11,6,20,50,IMG_0786,0,0,0,0,0,0,0,1,0,0,0,9.24E-05,0.000243127,0,0,0.893068938,3,22.8,18.69318489,-5.224
2021,11,6,21,0,IMG_0787,0,0,0,0,0.162,0,0,0.838,0,0,0,0.000292052,0.128649692,0,0,0.727116917,3,22.8,17.88043772,-6.1288
2021,11,6,21,10,IMG_0788,0,0,0,0,0.996,0,0,0.004,0,0,0,7.01E-06,0.840319659,0,0,0.004060171,3,22.9,17.57428502,-6.3216
2021,11,6,22,20,IMG_0795,0,0,0,0.213,0.011,0,0,0.776,0,0,0,0.174174647,0.009102532,0,0,0.695748287,3,23,17.46947827,-3.1467
2021,11,6,22,30,IMG_0796,0,0,0,0.004,0,0,0,0.996,0,0,0,0.002651179,6.19E-05,0,0,0.904995523,3,23,17.67500154,-2.7395
2021,11,6,22,40,IMG_0797,0,0,0,0.016,0.012,0,0,0.972,0,0,0,0.012382309,0.010472611,0,0,0.889804154,3,22.9,16.96122857,-2.4135
2021,11,6,22,50,IMG_0798,0,0,0,0.021,0.004,0,0,0.974,0,0,0,0.017884796,0.003830717,0,0,0.884656656,3,22.9,15.93946781,-2.3474
2021,11,6,23,0,IMG_0799,0,0,0,0,0.024,0,0,0.976,0,0,0,0.000271875,0.019343389,0,0,0.829236659,3,23.1,15.29581354,-2.5166
2021,11,8,0,0,IMG_0854,0,0,0,0,0.448,0,0,0.552,0,0,0,1.35E-05,0.367436486,0,0,0.461339641,3,22.8,20.31867922,-5.8932
2021,11,8,0,30,IMG_0857,0,0,0,0,0.785,0,0,0.215,0,0,0,6.66E-06,0.615401405,0,0,0.174816354,3,23,20.55232738,-4.181
2021,11,8,0,40,IMG_0858,0,0,0,0,0.049,0,0,0.951,0,0,0,1.32E-05,0.041656798,0,0,0.825561313,3,23,20.55232738,-3.1715
2021,11,8,0,50,IMG_0859,0,0,0,0,0.935,0,0,0.065,0,0,0,6.69E-06,0.727754087,0,0,0.057367939,3,23,20.55232738,-3.8333
2021,11,8,2,10,IMG_0867,0,0,0,0,0.743,0,0,0.257,0,0,0,1.26E-05,0.55796392,0,0,0.193450316,3,22.8,20.31867922,-6.948
2021,11,8,2,40,IMG_0870,0,0,0,0,0.092,0,0,0.907,0,0,0,0.000234788,0.078851044,0,0,0.811534247,3,23,20.55232738,-2.2452
2021,11,8,2,50,IMG_0871,0,0,0,0,0.933,0,0,0.067,0,0,0,6.10E-06,0.682567488,0,0,0.056823715,3,23,20.55232738,-6.0785
2021,11,8,3,20,IMG_0874,0,0,0,0,0.133,0,0,0.867,0,0,0,1.95E-05,0.111625421,0,0,0.735679056,3,23.1,20.67001829,-7.8576
2021,11,8,3,30,IMG_0875,0,0,0,0,0,0,0,1,0,0,0,1.32E-05,7.70E-05,0,0,0.860778891,3,23,20.55232738,-2.7172
2021,11,8,19,30,IMG_0876,0,0,0,0.14,0.001,0,0,0.859,0,0,0,0.127607557,0.000999542,0,0,0.819590257,3,15.4,8.802650532,-5.1119
2021,11,8,19,40,IMG_0877,0,0,0,0.65,0,0,0,0.35,0,0,0,0.607863462,3.46E-05,0,0,0.340293555,3,15.4,8.934033375,-2.3654
2021,11,8,19,50,IMG_0878,0,0,0,0.984,0,0,0,0.016,0,0,0,0.940512117,6.68E-05,0,0,0.015905506,3,15,9.232372749,-4.391
2021,11,8,20,0,IMG_0879,0,0,0,0.746,0,0,0,0.254,0,0,0,0.701202366,0.000194426,0,0,0.246730829,3,15,9.360600148,-4.982
2021,11,8,20,10,IMG_0880,0,0,0,0.958,0,0,0,0.042,0,0,0,0.897837455,6.57E-05,0,0,0.040466218,3,14.9,9.43121773,-5.6032
2021,11,8,20,20,IMG_0881,0,0,0,0.682,0,0,0,0.318,0,0,0,0.625694464,0.000154627,0,0,0.304176886,3,15.1,9.546742378,-5.7134
2021,11,8,20,30,IMG_0882,0,0,0,0.943,0,0,0,0.057,0,0,0,0.880214904,5.97E-05,0,0,0.055252697,3,15.1,9.546742378,-5.5661
2021,11,8,20,40,IMG_0883,0,0,0,0.883,0,0,0,0.117,0,0,0,0.823504928,5.41E-05,0,0,0.11356096,3,15.2,9.475166764,-5.7893
2021,11,8,20,50,IMG_0884,0,0,0,0.823,0,0,0,0.177,0,0,0,0.766115257,4.43E-05,0,0,0.17184707,3,15.2,9.604963569,-5.7095
2021,11,8,21,0,IMG_0885,0,0,0,0.975,0,0,0,0.025,0,0,0,0.910602937,0.000128854,0,0,0.02378152,3,15.2,9.475166764,-6.123
2021,11,8,21,10,IMG_0886,0,0,0,0.997,0,0,0,0.003,0,0,0,0.918359082,7.92E-05,0,0,0.002751901,3,15.3,9.402316998,-5.7412
2021,11,8,21,20,IMG_0887,0,0,0,0.994,0.001,0,0,0.005,0,0,0,0.907119539,0.000917788,0,0,0.004813732,3,15.4,9.459564751,-5.2486
2021,11,8,21,30,IMG_0888,0,0,0,0.976,0,0,0,0.024,0,0,0,0.886000511,5.22E-05,0,0,0.022346169,3,15.4,9.459564751,-5.7837
2021,11,8,21,40,IMG_0889,0,0,0,0.868,0,0,0,0.132,0,0,0,0.789518404,5.14E-05,0,0,0.120559337,3,15.5,9.517114541,-5.3627
2021,11,8,21,50,IMG_0890,0,0,0,0.773,0.006,0,0,0.221,0,0,0,0.68533436,0.004874624,0,0,0.197730071,3,15.5,9.384932395,-4.9979
2021,11,8,22,0,IMG_0891,0,0,0,0.923,0.009,0,0,0.068,0,0,0,0.812024707,0.008696267,0,0,0.056717218,3,15.6,9.308996373,-4.8314
2021,11,8,22,10,IMG_0892,0,0,0,0.921,0,0,0,0.079,0,0,0,0.809259052,4.53E-05,0,0,0.068725841,3,15.7,9.365538734,-4.5224
2021,11,8,22,20,IMG_0893,0,0,0,0.087,0,0,0,0.913,0,0,0,0.075664325,2.95E-05,0,0,0.798663447,3,15.8,9.153167812,-4.3174
2021,11,8,22,30,IMG_0894,0,0,0,0.428,0.001,0,0,0.571,0,0,0,0.363642886,0.000899174,0,0,0.489073873,3,15.9,8.93783066,-4.1064
2021,11,8,22,40,IMG_0895,0,0,0,0.04,0,0,0,0.96,0,0,0,0.034611411,5.48E-05,0,0,0.82573273,3,16,8.991987325,-3.9717
2021,11,8,22,50,IMG_0896,0,0,0,0.148,0,0,0,0.852,0,0,0,0.127697461,8.41E-05,0,0,0.744282737,3,15.8,9.018562403,-4.0119
2021,11,8,23,0,IMG_0897,0,0,0,0.001,0.258,0,0,0.741,0,0,0,0.000443179,0.190900909,0,0,0.610757948,3,15.9,9.073252337,-4.644
2021,11,8,23,10,IMG_0898,0,0,0,0,0.001,0,0,0.999,0,0,0,6.13E-05,0.000608444,0,0,0.822547461,3,15.8,9.018562403,-4.125
2021,11,8,23,20,IMG_0899,0,0,0,0,0.012,0,0,0.987,0,0,0,0.000103929,0.009497281,0,0,0.822658428,3,15.8,9.153167812,-4.3193
2021,11,8,23,30,IMG_0900,0,0,0,0.011,0,0,0,0.989,0,0,0,0.008938687,6.29E-05,0,0,0.817942293,3,15.9,8.93783066,-4.2376
2021,11,8,23,40,IMG_0901,0,0,0,0.026,0,0,0,0.974,0,0,0,0.020827794,8.28E-05,0,0,0.808868187,3,16,8.855745092,-3.6802
2021,11,8,23,50,IMG_0902,0,0,0,0.041,0,0,0,0.958,0,0,0,0.032873836,9.79E-05,0,0,0.791346447,3,16,8.855745092,-3.7573
2021,11,9,0,0,IMG_0903,0,0,0,0.02,0,0,0,0.98,0,0,0,0.015783166,6.77E-05,0,0,0.806656325,3,16,8.991987325,-4.1618
2021,11,9,0,10,IMG_0904,0,0,0,0.001,0.005,0,0,0.993,0,0,0,0.000881821,0.004342834,0,0,0.809892946,3,16,8.991987325,-4.1145
2021,11,9,0,20,IMG_0905,0,0,0,0.003,0.003,0,0,0.994,0,0,0,0.002359893,0.002011073,0,0,0.809845816,3,15.8,8.883956994,-4.2594
2021,11,9,0,30,IMG_0906,0,0,0,0,0.121,0,0,0.879,0,0,0,6.56E-05,0.090216932,0,0,0.73103928,3,15.7,8.964158502,-4.4771
2021,11,9,0,40,IMG_0907,0,0,0,0,0.682,0,0,0.318,0,0,0,1.18E-05,0.555438116,0,0,0.263733676,3,15.7,9.097951913,-4.5553
2021,11,9,0,50,IMG_0908,0,0,0,0,0.491,0,0,0.509,0,0,0,0.000218848,0.388352479,0,0,0.425551179,3,15.7,9.097951913,-4.3375
2021,11,9,1,0,IMG_0909,0,0,0,0,0.64,0,0,0.36,0,0,0,5.95E-06,0.528071094,0,0,0.305207302,3,15.8,9.153167812,-5.0506
2021,11,9,1,20,IMG_0911,0,0,0,0,0.253,0,0,0.747,0,0,0,4.73E-05,0.199191414,0,0,0.618991324,3,15.8,9.42237863,-5.994
2021,11,9,1,30,IMG_0912,0,0,0,0,0.776,0,0,0.224,0,0,0,1.18E-05,0.653456851,0,0,0.189168172,3,15.8,9.287773221,-6.1203
2021,11,9,1,40,IMG_0913,0,0,0,0,0.45,0,0,0.55,0,0,0,1.19E-05,0.366283556,0,0,0.465750639,3,15.8,9.287773221,-6.2806
2021,11,9,1,50,IMG_0914,0,0,0,0,0.036,0,0,0.964,0,0,0,4.78E-05,0.027289078,0,0,0.798487312,3,15.8,9.42237863,-6.3742
2021,11,9,2,0,IMG_0915,0,0,0,0,0.007,0,0,0.993,0,0,0,4.17E-05,0.004953305,0,0,0.817241384,3,15.8,9.287773221,-6.4037
2021,11,9,2,10,IMG_0916,0,0,0,0,0.002,0,0,0.998,0,0,0,2.98E-05,0.001424542,0,0,0.835272934,3,15.8,9.153167812,-6.5402
2021,11,9,2,20,IMG_0917,0,0,0,0,0.038,0,0,0.962,0,0,0,4.09E-05,0.02666419,0,0,0.786200714,3,15.8,8.883956994,-6.4071
2021,11,9,2,30,IMG_0918,0,0,0,0,0.025,0,0,0.975,0,0,0,4.07E-05,0.018141729,0,0,0.810891128,3,15.9,8.93783066,-6.409
2021,11,9,2,40,IMG_0919,0,0,0,0,0.002,0,0,0.998,0,0,0,4.11E-05,0.001458421,0,0,0.837083271,3,15.8,8.749351585,-6.3476
2021,11,9,2,50,IMG_0920,0,0,0,0,0.049,0,0,0.951,0,0,0,4.66E-05,0.036615557,0,0,0.787529898,3,15.8,8.749351585,-6.1496
2021,11,9,3,0,IMG_0921,0,0,0,0,0,0,0,1,0,0,0,4.06E-05,4.57E-05,0,0,0.830016707,3,15.8,8.883956994,-6.3897
2021,11,9,3,10,IMG_0922,0,0,0,0,0,0,0,1,0,0,0,2.98E-05,7.57E-05,0,0,0.814978733,3,15.7,8.830365092,-6.2024
2021,11,9,3,20,IMG_0923,0,0,0,0,0,0,0,1,0,0,0,8.25E-05,4.02E-05,0,0,0.825952787,3,15.5,8.724021663,-6.3372
2021,11,9,3,30,IMG_0924,0,0,0,0,0,0,0,1,0,0,0,4.17E-05,5.57E-05,0,0,0.819276022,3,15.6,8.644068061,-6.5409
2021,11,10,0,10,IMG_0953,0,0,0,0.039,0.949,0,0,0.013,0,0,0,0.025431603,0.701220042,0,0,0.009800796,3,15.9,8.802408983,-9.3238
2021,11,10,0,30,IMG_0955,0,0,0,0.016,0.977,0,0,0.007,0,0,0,0.010618404,0.746919982,0,0,0.005623438,3,15.9,8.93783066,-8.5868
2021,11,10,1,10,IMG_0959,0,0,0,0.46,0.493,0,0,0.047,0,0,0,0.322437665,0.356019246,0,0,0.035047754,3,16,8.855745092,-8.2681
2021,11,10,1,20,IMG_0960,0,0,0,0.824,0.013,0,0,0.163,0,0,0,0.585755146,0.008824151,0,0,0.126267526,3,15.9,8.93783066,-8.7437
2021,11,10,1,30,IMG_0961,0,0,0,0.719,0.275,0,0,0.007,0,0,0,0.515597311,0.201278223,0,0,0.005307993,3,16,8.991987325,-8.5336
2021,11,10,1,50,IMG_0963,0,0,0,0.651,0.192,0,0,0.156,0,0,0,0.449717398,0.125514438,0,0,0.124408436,3,15.8,8.883956994,-9.1198
2021,11,10,2,0,IMG_0964,0,0,0,0.759,0.051,0,0,0.19,0,0,0,0.525878493,0.031366218,0,0,0.153849925,3,15.9,8.93783066,-9.2183
2021,11,10,2,10,IMG_0965,0,0,0,0.165,0.04,0,0,0.795,0,0,0,0.10894378,0.026229289,0,0,0.558757512,3,15.9,8.93783066,-9.3167
2021,11,10,2,20,IMG_0966,0,0,0,0.15,0.085,0,0,0.765,0,0,0,0.091225759,0.054059615,0,0,0.524098024,3,15.9,8.93783066,-7.7013
2021,11,10,2,30,IMG_0967,0,0,0,0.14,0.667,0,0,0.194,0,0,0,0.083864363,0.463270883,0,0,0.122573175,3,15.8,9.018562403,-9.0584
2021,11,10,3,30,IMG_0973,0,0,0,0.192,0.782,0,0,0.027,0,0,0,0.108552216,0.534535464,0,0,0.018515302,3,15.7,9.097951913,-9.2952
2021,11,12,22,10,IMG_1055,0,0,0,0.841,0.153,0,0,0.005,0,0,0,0.705581633,0.129965355,0,0,0.004554522,3,18.9,11.17730648,-7.5078
2021,11,12,22,20,IMG_1056,0,0,0,0.999,0,0,0,0.001,0,0,0,0.863451818,6.92E-05,0,0,0.000662973,3,18.9,11.17730648,-7.1578
2021,11,12,22,30,IMG_1057,0,0,0,0.987,0.012,0,0,0,0,0,0.00033931,0.854872206,0.009527246,0,0,0.000311028,3,19,11.08047474,-7.1687
2021,11,12,22,40,IMG_1058,0,0,0,0.102,0,0,0,0.897,0,0,0,0.086659623,5.91E-05,0,0,0.804825901,3,19.1,11.14596615,-6.3844
2021,11,12,22,50,IMG_1059,0,0,0,0.947,0,0,0,0.053,0,0,0,0.793377344,1.72E-05,0,0,0.04234384,3,18,11.82590366,-7.3208
2021,11,12,23,0,IMG_1060,0,0,0,0.699,0,0,0,0.301,0,0,0,0.544351345,0.000319982,0,0,0.246238274,3,17.8,11.98960572,-6.3916
2021,11,12,23,10,IMG_1061,0,0,0,0.105,0,0,0,0.894,0,0,0,0.075690813,6.91E-05,0,0,0.708962868,3,17.7,12.0692922,-5.844
2021,11,12,23,20,IMG_1062,0,0,0,0.001,0,0,0,0.999,0,0,0,0.000435194,6.63E-05,0,0,0.812733992,3,17.7,12.0692922,-5.6248
2021,11,12,23,30,IMG_1063,0,0,0,0.241,0,0,0,0.759,0,0,0,0.175072236,8.91E-05,0,0,0.613390865,3,17.6,12.14755214,-3.6682
2021,11,12,23,40,IMG_1064,0,0,0,0.067,0,0,0,0.932,0,0,0,0.051775781,8.57E-05,0,0,0.757600601,3,17.3,12.22658687,-3.3472
2021,11,12,23,50,IMG_1065,0,0,0,0.002,0,0,0,0.998,0,0,0,0.001212673,7.51E-05,0,0,0.807518735,3,17.1,12.37232415,-4.0327
2021,11,13,0,0,IMG_1066,0,0,0,0,0.001,0,0,0.999,0,0,0,4.61E-05,0.000454642,0,0,0.7614497,3,16.9,12.51262738,-3.2163
2021,11,13,0,10,IMG_1067,0,0,0,0.279,0.002,0,0,0.72,0,0,0,0.188489438,0.001100346,0,0,0.551341354,3,16.8,12.86669743,-4.9429
2021,11,13,0,20,IMG_1068,0,0,0,0.962,0.001,0,0,0.038,0,0,0,0.709159773,0.000390062,0,0,0.029521267,3,16.8,12.86669743,-5.1593
2021,11,13,0,30,IMG_1069,0,0,0,0.887,0.052,0,0,0.061,0,0,0,0.65324982,0.037666444,0,0,0.048473295,3,16.9,12.51262738,-4.9757
2021,11,13,0,40,IMG_1070,0,0,0,0.345,0.65,0,0,0.005,0,0,0,0.229600593,0.503875556,0,0,0.00357316,3,17,12.44314908,-4.9164
2021,11,13,0,50,IMG_1071,0,0,0,0.002,0,0,0,0.997,0,0,0,0.001815197,8.10E-05,0,0,0.768168217,3,17,12.44314908,-4.8361
2021,11,13,1,0,IMG_1072,0,0,0,0,0,0,0,1,0,0,0,2.96E-05,5.46E-05,0,0,0.77407944,3,16.8,12.72373412,-4.2246
2021,11,13,1,10,IMG_1073,0,0,0,0.004,0,0,0,0.996,0,0,0,0.003314483,8.73E-05,0,0,0.753050113,3,16.8,12.72373412,-4.176
2021,11,13,1,20,IMG_1074,0,0,0,0.135,0.029,0,0,0.836,0,0,0,0.099500586,0.020103726,0,0,0.657447003,3,16.6,12.99561325,-2.6779
2021,11,13,1,30,IMG_1075,0,0,0,0.008,0.007,0,0,0.985,0,0,0,0.006446612,0.005186711,0,0,0.762138484,3,16.6,13.70189658,-2.6462
2021,11,13,1,40,IMG_1076,0,0,0,0.298,0.193,0,0,0.509,0,0,0,0.215200999,0.141990122,0,0,0.400847859,3,16.5,13.90058869,-4.5808
2021,11,13,1,50,IMG_1077,0,0,0,0,0.999,0,0,0.001,0,0,0,0.000130799,0.804032099,0,0,0.000597453,3,16.6,14.12566658,-3.7688
2021,11,13,2,0,IMG_1078,0,0,0,0,0.157,0,0,0.843,0,0,0,0.000207392,0.119807782,0,0,0.626055221,3,16.5,14.04099868,-5.8457
2021,11,13,2,10,IMG_1079,0,0,0,0.077,0.034,0,0,0.889,0,0,0,0.053643419,0.027382197,0,0,0.660796747,3,16.5,14.04099868,-4.0131
2021,11,13,2,20,IMG_1080,0,0,0,0.109,0.137,0,0,0.754,0,0,0,0.076926668,0.100745515,0,0,0.567756145,3,16.5,14.04099868,-4.8482
2021,11,13,2,30,IMG_1081,0,0,0,0,0,0,0,1,0,0,0,0.000187124,6.49E-05,0,0,0.788546672,3,16.6,13.84315325,-3.6251
2021,11,13,2,40,IMG_1082,0,0,0,0,0,0,0,1,0,0,0,8.56E-05,4.72E-05,0,0,0.768517864,3,16.7,13.07391441,-5.2768
2021,11,13,2,50,IMG_1083,0,0,0,0,0,0,0,1,0,0,0,5.32E-05,5.07E-05,0,0,0.773085201,3,16.7,13.35812994,-5.6585
2021,11,13,3,0,IMG_1084,0,0,0,0,0,0,0,1,0,0,0,6.29E-05,8.57E-05,0,0,0.742704447,3,16.6,13.70189658,-7.1208
2021,11,13,3,10,IMG_1085,0,0,0,0,0.935,0,0,0.065,0,0,0,1.23E-05,0.722954905,0,0,0.051811809,3,16.5,14.04099868,-3.59
2021,11,13,19,30,IMG_1088,0,0,0,0.48,0.05,0,0,0.471,0,0,0,0.472002058,0.049515963,0,0,0.466888995,3,15.7,13.37934105,-2.7712
2021,11,13,19,40,IMG_1089,0,0,0,0.149,0.01,0,0,0.841,0,0,0,0.146707054,0.010227832,0,0,0.829497814,3,15.8,13.4605409,-2.438
2021,11,13,19,50,IMG_1090,0,0,0,0.014,0.007,0,0,0.979,0,0,0,0.013178996,0.006523054,0,0,0.962713875,3,15.8,13.4605409,-2.5854
2021,11,13,20,0,IMG_1091,0,0,0,0,0.068,0,0,0.932,0,0,0,1.48E-05,0.065334473,0,0,0.894764859,3,15.8,13.4605409,-2.2295
2021,11,13,20,10,IMG_1092,0,0,0,0,0.846,0,0,0.154,0,0,0,7.36E-06,0.794882046,0,0,0.148472115,3,15.8,13.4605409,-2.3265
2021,11,13,20,20,IMG_1093,0,0,0,0,0.977,0,0,0.023,0,0,0,7.42E-06,0.9186968,0,0,0.021543615,3,15.9,13.54216767,-2.3016
2021,11,13,20,30,IMG_1094,0,0,0,0,0.885,0,0,0.115,0,0,0,2.21E-05,0.771885427,0,0,0.105727043,3,15.9,13.54216767,-2.139
2021,11,13,20,40,IMG_1095,0,0,0,0,0.734,0,0,0.266,0,0,0,1.47E-05,0.670343134,0,0,0.252636516,3,15.9,13.54216767,-1.624
2021,11,13,20,50,IMG_1096,0,0,0,0,0.02,0,0,0.98,0,0,0,4.16E-05,0.019338469,0,0,0.925890805,3,15.9,13.54216767,-1.6118
2021,11,13,21,0,IMG_1097,0,0,0,0,0.073,0,0,0.927,0,0,0,5.10E-05,0.067420786,0,0,0.866525766,3,16,13.62422322,-1.4127
2021,11,13,21,10,IMG_1098,0,0,0,0,0.095,0,0,0.904,0,0,0,0.000382227,0.084729364,0,0,0.825126322,3,16.1,13.70670943,-1.6293
2021,11,13,21,20,IMG_1099,0,0,0,0.001,0.033,0,0,0.966,0,0,0,0.001110569,0.030018029,0,0,0.856245583,3,16,13.62422322,-1.7812
2021,11,13,21,30,IMG_1100,0,0,0,0.057,0.001,0,0,0.942,0,0,0,0.054499114,0.000496146,0,0,0.843159758,3,16,13.62422322,-1.4952
2021,11,13,21,40,IMG_1101,0,0,0,0.013,0.012,0,0,0.975,0,0,0,0.011114934,0.01152995,0,0,0.874954928,3,16.1,13.70670943,-1.3665
2021,11,13,21,50,IMG_1102,0,0,0,0.003,0.002,0,0,0.995,0,0,0,0.002588732,0.002295936,0,0,0.893687162,3,16.1,13.70670943,-1.2711
2021,11,13,22,0,IMG_1103,0,0,0,0.002,0,0,0,0.998,0,0,0,0.0012875,0.000214994,0,0,0.880277682,3,16,13.48798099,-1.7236
2021,11,13,22,10,IMG_1104,0,0,0,0.003,0.014,0,0,0.982,0,0,0,0.002558684,0.013493059,0,0,0.867732752,3,16.1,13.43257525,-1.423
2021,11,13,22,20,IMG_1105,0,0,0,0.002,0,0,0,0.998,0,0,0,0.001436831,0.000137605,0,0,0.880934375,3,16.2,13.23804307,-1.3365
2021,11,13,22,30,IMG_1106,0,0,0,0.005,0,0,0,0.995,0,0,0,0.003404124,6.50E-05,0,0,0.869878508,3,16.2,12.82435422,-1.2969
2021,11,13,22,40,IMG_1107,0,0,0,0.003,0,0,0,0.997,0,0,0,0.002409563,7.38E-05,0,0,0.872713341,3,16.3,12.76314288,-1.1792
2021,11,13,22,50,IMG_1108,0,0,0,0,0.616,0,0,0.384,0,0,0,0.000263807,0.514032069,0,0,0.338196176,3,16.4,12.70066153,-1.1408
2021,11,13,23,0,IMG_1109,0,0,0,0,0.003,0,0,0.997,0,0,0,0.000341016,0.002186471,0,0,0.850058887,3,16.5,13.05812877,-1.2548
2021,11,13,23,10,IMG_1110,0,0,0,0.001,0,0,0,0.999,0,0,0,0.000408654,0.000235998,0,0,0.840696289,3,16.5,13.19853876,-1.1752
2021,11,13,23,20,IMG_1111,0,0,0,0.002,0.009,0,0,0.989,0,0,0,0.001655469,0.006531686,0,0,0.829680694,3,16.6,13.27812658,-1.2313
2021,11,13,23,30,IMG_1112,0,0,0,0.004,0.002,0,0,0.994,0,0,0,0.002944802,0.001209082,0,0,0.837683879,3,16.5,13.33894874,-1.257
2021,11,13,23,40,IMG_1113,0,0,0,0,0.047,0,0,0.953,0,0,0,6.25E-05,0.038590422,0,0,0.832897814,3,16.6,13.41938325,-1.2706
2021,11,13,23,50,IMG_1114,0,0,0,0,0.007,0,0,0.993,0,0,0,0.000307024,0.006344148,0,0,0.815692728,3,16.6,13.41938325,-1.2946
2021,11,14,0,0,IMG_1115,0,0,0,0,0.005,0,0,0.995,0,0,0,2.52E-05,0.003817841,0,0,0.842761328,3,16.6,13.56063991,-1.4194
2021,11,14,0,10,IMG_1116,0,0,0,0,0.003,0,0,0.997,0,0,0,3.84E-05,0.002626322,0,0,0.825059833,3,16.7,13.64234548,-1.4308
2021,11,14,0,20,IMG_1117,0,0,0,0,0.138,0,0,0.862,0,0,0,1.96E-05,0.111332752,0,0,0.715819223,3,16.7,13.78445324,-1.2477
2021,11,14,0,30,IMG_1118,0,0,0,0,0.004,0,0,0.996,0,0,0,2.55E-05,0.003156783,0,0,0.790518329,3,16.6,13.70189658,-1.3056
2021,11,14,0,40,IMG_1119,0,0,0,0,0.093,0,0,0.907,0,0,0,2.02E-05,0.0743314,0,0,0.77448282,3,16.7,13.78445324,-1.48
2021,11,14,0,50,IMG_1120,0,0,0,0,0.271,0,0,0.729,0,0,0,1.36E-05,0.214795027,0,0,0.639506919,3,16.6,13.84315325,-1.6183
2021,11,14,1,0,IMG_1121,0,0,0,0,0.24,0,0,0.76,0,0,0,1.36E-05,0.190399256,0,0,0.641376382,3,16.5,14.04099868,-1.9714
2021,11,14,1,10,IMG_1122,0,0,0,0,0.116,0,0,0.884,0,0,0,1.35E-05,0.09626075,0,0,0.7623109,3,16.5,14.04099868,-1.9633
2021,11,14,1,20,IMG_1123,0,0,0,0,0.095,0,0,0.905,0,0,0,2.03E-05,0.076756603,0,0,0.769443727,3,16.5,13.90058869,-1.8623
2021,11,14,1,30,IMG_1124,0,0,0,0,0.778,0,0,0.222,0,0,0,1.35E-05,0.645063484,0,0,0.196690708,3,16.5,13.90058869,-1.832
2021,11,14,1,40,IMG_1125,0,0,0,0,0.152,0,0,0.848,0,0,0,1.34E-05,0.121621507,0,0,0.735280386,3,16.4,13.81720321,-1.8697
2021,11,14,1,50,IMG_1126,0,0,0,0,0.296,0,0,0.704,0,0,0,2.04E-05,0.236680604,0,0,0.602286922,3,16.4,13.81720321,-2.0494
2021,11,14,2,0,IMG_1127,0,0,0,0,0.214,0,0,0.786,0,0,0,1.35E-05,0.170460442,0,0,0.680243269,3,16.3,13.87298139,-2.3651
2021,11,14,2,10,IMG_1128,0,0,0,0,0.528,0,0,0.472,0,0,0,1.33E-05,0.424372498,0,0,0.394349076,3,16.3,13.87298139,-2.3499
2021,11,14,2,20,IMG_1129,0,0,0,0,0.023,0,0,0.977,0,0,0,1.31E-05,0.017658489,0,0,0.774379244,3,16.3,13.87298139,-2.4143
2021,11,14,2,30,IMG_1130,0,0,0,0,0.003,0,0,0.997,0,0,0,4.47E-05,0.002421552,0,0,0.785849684,3,16.3,13.87298139,-2.326
2021,11,14,2,40,IMG_1131,0,0,0,0,0.232,0,0,0.768,0,0,0,1.33E-05,0.185746988,0,0,0.643665685,3,16.3,13.59552176,-2.2394
2021,11,14,2,50,IMG_1132,0,0,0,0,0.181,0,0,0.819,0,0,0,1.32E-05,0.143989295,0,0,0.697804898,3,16.3,13.45679195,-1.9907
2021,11,14,3,0,IMG_1133,0,0,0,0,0.097,0,0,0.903,0,0,0,3.91E-05,0.073640445,0,0,0.746597972,3,16.4,13.53806779,-2.5755
2021,11,14,3,10,IMG_1134,0,0,0,0,0,0,0,1,0,0,0,1.28E-05,0.000164881,0,0,0.804151818,3,16.5,13.47935873,-2.3148
2021,11,14,3,20,IMG_1135,0,0,0,0,0,0,0,1,0,0,0,2.45E-05,7.21E-05,0,0,0.812266977,3,16.5,13.47935873,-2.4477
2021,11,14,3,30,IMG_1136,0,0,0,0,0,0,0,0.999,0,0,0,1.89E-05,0.000374602,0,0,0.845369621,3,16.5,13.47935873,-2.1536
2021,11,16,19,40,IMG_1205,0,0,0,0.645,0.02,0,0,0.335,0,0,0,0.5702737,0.017987312,0,0,0.297050045,3,22.5,13.78102911,-8.9096
2021,11,16,20,40,IMG_1211,0,0,0,0.096,0,0,0,0.904,0,0,0,0.081663424,3.73E-05,0,0,0.783479124,3,22.7,14.34392927,-7.7309
2021,11,16,20,50,IMG_1212,0,0,0,0.658,0,0,0,0.342,0,0,0,0.573326585,3.23E-05,0,0,0.29178279,3,22.6,14.26200215,-9.2194
2021,11,16,22,10,IMG_1220,0,0,0,1,0,0,0,0,0,0,0,0.805670222,6.48E-06,0,0,5.39E-05,3,22.5,13.98075417,-7.8164
2021,11,16,22,30,IMG_1222,0,0,0,0.966,0,0,0,0.034,0,0,0,0.767011336,1.68E-05,0,0,0.026013709,3,22.6,13.65938234,-8.0807
2021,11,17,0,0,IMG_1231,0,0,0,0.973,0.02,0,0,0.007,0,0,0,0.728767323,0.014527419,0,0,0.004911095,3,22.2,13.93831917,-8.2298
2021,11,17,0,10,IMG_1232,0,0,0,0.991,0.008,0,0,0.002,0,0,9.06E-05,0.731792548,0.005632512,0,0,0.001014476,3,22.2,13.93831917,-7.5385
2021,11,17,0,50,IMG_1236,0,0,0,0.997,0,0,0,0.003,0,0,0,0.730148385,8.48E-05,0,0,0.001705379,3,22.1,14.05358525,-7.7728
2021,11,17,1,0,IMG_1237,0,0,0,0.993,0.005,0,0,0.002,0,0,0,0.705755356,0.003368419,0,0,0.001094959,3,22.2,14.33094788,-8.1185
2021,11,18,0,0,IMG_1280,0,0,0,0.236,0.001,0,0,0.763,0,0,0,0.192896815,0.00037681,0,0,0.678320463,3,20.2,17.48348595,-6.6718
2021,11,18,0,10,IMG_1281,0,0,0,0,0,0,0,1,0,0,0,2.00E-05,5.93E-05,0,0,0.886553133,3,20.2,17.48348595,-2.7846
2021,11,18,0,20,IMG_1282,0,0,0,0,0,0,0,1,0,0,0,2.02E-05,4.69E-05,0,0,0.885574008,3,20.3,17.585841,-2.8136
2021,11,18,0,30,IMG_1283,0,0,0,0,0,0,0,1,0,0,0,1.99E-05,4.55E-05,0,0,0.869378681,3,20.5,17.79210602,-4.0199
2021,11,18,0,40,IMG_1284,0,0,0,0,0,0,0,1,0,0,0,2.00E-05,4.62E-05,0,0,0.86790438,3,20.5,17.79210602,-4.5444
2021,11,18,0,50,IMG_1285,0,0,0,0,0,0,0,1,0,0,0,3.18E-05,4.60E-05,0,0,0.860389686,3,20.7,18.00045875,-4.6046
2021,11,18,1,0,IMG_1286,0,0,0,0,0,0,0,1,0,0,0,3.64E-05,4.56E-05,0,0,0.842259938,3,20.6,17.89602033,-4.7215
2021,11,18,1,20,IMG_1288,0,0,0,0,0.001,0,0,0.999,0,0,0,0.000337245,0.000502982,0,0,0.812141128,3,20.8,18.10542347,-6.2937
2021,11,18,1,30,IMG_1289,0,0,0,0,0,0,0,1,0,0,0,1.94E-05,7.84E-05,0,0,0.817776322,3,20.7,18.00045875,-5.7222
2021,11,18,1,40,IMG_1290,0,0,0,0,0,0,0,1,0,0,0,2.86E-05,4.42E-05,0,0,0.820642706,3,20.8,18.10542347,-5.9381
2021,11,18,1,50,IMG_1291,0,0,0,0,0,0,0,1,0,0,0,3.31E-05,6.58E-05,0,0,0.807608939,3,20.8,18.10542347,-5.94
2021,11,18,2,0,IMG_1292,0,0,0,0,0,0,0,1,0,0,0,1.94E-05,4.30E-05,0,0,0.845085074,3,20.9,18.2109167,-5.0977
2021,11,18,2,10,IMG_1293,0,0,0,0,0,0,0,1,0,0,0,1.97E-05,4.48E-05,0,0,0.855142879,3,20.9,18.2109167,-3.6183
2021,11,18,2,20,IMG_1294,0,0,0,0,0,0,0,1,0,0,0,1.33E-05,5.13E-05,0,0,0.848463424,3,20.8,18.10542347,-4.6531
2021,11,18,2,30,IMG_1295,0,0,0,0,0,0,0,1,0,0,0,2.03E-05,8.91E-05,0,0,0.913297393,3,20.9,18.2109167,-2.0254
2021,11,18,2,40,IMG_1296,0,0,0,0,0,0,0,1,0,0,0,1.99E-05,3.80E-05,0,0,0.858805709,3,21,18.31694063,-1.8515
2021,11,18,2,50,IMG_1297,0,0,0,0,0,0,0,1,0,0,0,1.33E-05,4.60E-05,0,0,0.88037195,3,21,18.31694063,-1.9112
2021,11,18,3,0,IMG_1298,0,0,0,0,0,0,0,1,0,0,0,1.30E-05,5.10E-05,0,0,0.868768705,3,20.8,18.10542347,-1.6666
2021,11,18,3,10,IMG_1299,0,0,0,0,0,0,0,1,0,0,0,2.06E-05,7.20E-05,0,0,0.899067037,3,20.7,18.00045875,-1.1639
2021,11,18,3,20,IMG_1300,0,0,0,0,0,0,0,1,0,0,0,1.35E-05,4.23E-05,0,0,0.909313401,3,20.7,18.00045875,-0.8811
2021,11,18,3,30,IMG_1301,0,0,0,0.001,0,0,0,0.998,0,0,0,0.001345921,0.000284983,0,0,0.896602178,3,19.9,17.17950465,-1.5986
2021,11,18,19,30,IMG_1302,0,0,0,0.915,0,0,0,0.085,0,0,0,0.872203087,4.81E-05,0,0,0.082256107,3,19.8,17.07919834,-3.1389
2021,11,18,19,40,IMG_1303,0,0,0,0.974,0,0,0,0.026,0,0,0,0.922691692,4.79E-05,0,0,0.024651149,3,19.8,17.07919834,-3.3692
2021,11,18,19,50,IMG_1304,0,0,0,0.999,0,0,0,0.001,0,0,0,0.9432,2.14E-05,0,0,0.001360915,3,19.8,17.07919834,-3.563
2021,11,18,20,0,IMG_1305,0,0,0,0.736,0.116,0,0,0.148,0,0,0,0.684996199,0.104893179,0,0,0.139745478,3,19.9,17.17950465,-3.7345
2021,11,18,20,50,IMG_1310,0,0,0,0.252,0.2,0,0,0.548,0,0,0,0.212664761,0.184005439,0,0,0.503177081,3,19.7,16.97939886,-6.8139
2021,11,18,22,50,IMG_1322,0,0,0,0.161,0.839,0,0,0,0,0,0,0.119523505,0.734122123,0,0,0,3,19.4,16.68302015,-4.5388
2021,11,18,23,0,IMG_1323,0,0,0,0.066,0.018,0,0,0.916,0,0,0,0.051212913,0.015188567,0,0,0.817243292,3,19.5,16.78131189,-1.4419
2021,11,18,23,10,IMG_1324,0,0,0,0.087,0.014,0,0,0.899,0,0,0,0.070823377,0.012233752,0,0,0.815147296,3,19.6,16.88010409,-1.9007
2021,11,18,23,20,IMG_1325,0,0,0,0.085,0.001,0,0,0.915,0,0,0,0.070619666,0.000629537,0,0,0.826956483,3,19.8,17.07919834,-1.5691
2021,11,18,23,30,IMG_1326,0,0,0,0,0,0,0,1,0,0,0,4.61E-05,5.33E-05,0,0,0.903036861,3,19.9,17.17950465,-1.3997
2021,11,18,23,40,IMG_1327,0,0,0,0,0,0,0,1,0,0,0,9.13E-05,9.02E-05,0,0,0.907827757,3,20,17.28031993,-1.1547
2021,11,18,23,50,IMG_1328,0,0,0,0,0,0,0,1,0,0,0,2.75E-05,4.87E-05,0,0,0.909153966,3,20,17.28031993,-0.9064
2021,11,19,0,0,IMG_1329,0,0,0,0,0,0,0,1,0,0,0,2.63E-05,5.87E-05,0,0,0.888476149,3,20.1,17.38164631,-0.7218
2021,11,19,0,10,IMG_1330,0,0,0,0,0,0,0,1,0,0,0,2.70E-05,5.79E-05,0,0,0.886057076,3,20.1,17.38164631,-0.7142
2021,11,19,0,20,IMG_1331,0,0,0,0,0,0,0,1,0,0,0,3.89E-05,9.54E-05,0,0,0.883592015,3,20.1,17.38164631,-0.6464
2021,11,19,0,30,IMG_1332,0,0,0,0,0,0,0,1,0,0,0,1.37E-05,6.72E-05,0,0,0.883829627,3,20.2,17.48348595,-0.6788
2021,11,19,0,40,IMG_1333,0,0,0,0,0.008,0,0,0.991,0,0,0,0.000290963,0.007079124,0,0,0.869383248,3,20.2,17.48348595,-0.6692
2021,11,19,0,50,IMG_1334,0,0,0,0,0,0,0,1,0,0,0,2.67E-05,5.67E-05,0,0,0.896157264,3,20.2,17.48348595,-0.6526
2021,11,19,1,0,IMG_1335,0,0,0,0,0.001,0,0,0.999,0,0,0,1.39E-05,0.001052622,0,0,0.882602547,3,20.2,17.48348595,-0.7722
2021,11,19,1,10,IMG_1336,0,0,0,0,0,0,0,1,0,0,0,2.04E-05,6.33E-05,0,0,0.874554462,3,20.3,17.585841,-0.7446
2021,11,19,1,20,IMG_1337,0,0,0,0,0,0,0,1,0,0,0,2.03E-05,4.63E-05,0,0,0.891775639,3,20.2,17.48348595,-0.8104
2021,11,19,1,30,IMG_1338,0,0,0,0,0,0,0,1,0,0,0,4.63E-05,8.71E-05,0,0,0.892856806,3,20.1,17.38164631,-0.6683
2021,11,19,1,40,IMG_1339,0,0,0,0,0,0,0,1,0,0,0,1.32E-05,7.17E-05,0,0,0.879167022,3,19.9,17.17950465,-0.6434
2021,11,19,1,50,IMG_1340,0,0,0,0,0,0,0,1,0,0,0,1.32E-05,7.76E-05,0,0,0.870492909,3,20,17.28031993,-1.3546
2021,11,19,2,0,IMG_1341,0,0,0,0,0,0,0,1,0,0,0,1.97E-05,6.61E-05,0,0,0.862818277,3,19.8,17.07919834,-0.9152
2021,11,19,2,10,IMG_1342,0,0,0,0,0,0,0,1,0,0,0,1.99E-05,6.53E-05,0,0,0.861135284,3,19.9,17.17950465,-1.1117
2021,11,19,2,20,IMG_1343,0,0,0,0,0,0,0,1,0,0,0,1.31E-05,5.48E-05,0,0,0.860780687,3,19.9,17.17950465,-0.9629
2021,11,19,2,30,IMG_1344,0,0,0,0,0,0,0,1,0,0,0,1.96E-05,7.50E-05,0,0,0.888486846,3,20,17.28031993,-0.9566
2021,11,19,2,40,IMG_1345,0,0,0,0,0,0,0,1,0,0,0,1.29E-05,5.18E-05,0,0,0.885331881,3,19.9,17.17950465,-0.9174
2021,11,19,2,50,IMG_1346,0,0,0,0,0,0,0,1,0,0,0,1.26E-05,5.05E-05,0,0,0.868550593,3,19.9,17.17950465,-0.7616
2021,11,19,3,0,IMG_1347,0,0,0,0,0,0,0,1,0,0,0,1.34E-05,0.000210014,0,0,0.856566857,3,20.1,17.38164631,-0.7258
2021,11,19,3,10,IMG_1348,0,0,0,0,0,0,0,1,0,0,0,1.95E-05,4.37E-05,0,0,0.866661508,3,20.2,17.48348595,-0.8255
2021,11,19,3,20,IMG_1349,0,0,0,0,0,0,0,1,0,0,0,1.99E-05,5.02E-05,0,0,0.862936756,3,20.1,17.38164631,-0.7582
2021,11,19,3,30,IMG_1350,0,0,0,0,0,0,0,1,0,0,0,1.31E-05,6.07E-05,0,0,0.874101029,3,20.2,17.48348595,-0.6966
2021,11,21,19,30,IMG_1449,0,0,0,0.99,0,0,0,0.009,0,0,0,0.96926226,0.000266602,0,0,0.00918614,3,22.3,19.74456251,-3.0856
2021,11,21,19,40,IMG_1450,0,0,0,1,0,0,0,0,0,0,0,0.978330243,2.09E-05,0,0,0.000298445,3,22.3,19.74456251,-2.5824
2021,11,21,19,50,IMG_1451,0,0,0,0.989,0,0,0,0.011,0,0,0,0.971713033,4.93E-05,0,0,0.010751615,3,22.4,19.65966939,-2.545
2021,11,21,20,0,IMG_1452,0,0,0,0.885,0,0,0,0.115,0,0,0,0.847546161,0.000157399,0,0,0.112325541,3,22.4,19.65966939,-2.7353
2021,11,21,20,20,IMG_1454,0,0,0,0.003,0.148,0,0,0.849,0,0,0,0.002340422,0.135938176,0,0,0.799017518,3,22.4,19.85825191,-5.5672
2021,11,21,21,0,IMG_1458,0,0,0,0,0.322,0,0,0.678,0,0,0,1.43E-05,0.304960787,0,0,0.645427682,3,22.4,19.85825191,-4.0714
2021,11,21,21,10,IMG_1459,0,0,0,0.019,0,0,0,0.981,0,0,0,0.01831887,8.28E-05,0,0,0.955394546,3,22.4,19.85825191,-3.0242
2021,11,21,21,20,IMG_1460,0,0,0,0.26,0,0,0,0.74,0,0,0,0.251015475,0.000184503,0,0,0.729999354,3,22.4,19.85825191,-3.9157
2021,11,21,21,30,IMG_1461,0,0,0,0.08,0.098,0,0,0.822,0,0,0,0.073698858,0.085708691,0,0,0.791145245,3,22.3,19.74456251,-3.9555
2021,11,21,22,0,IMG_1464,0,0,0,0.025,0.039,0,0,0.936,0,0,0,0.024436569,0.038043517,0,0,0.90533931,3,22.2,19.63143545,-2.5544
2021,11,21,22,10,IMG_1465,0,0,0,0.283,0,0,0,0.717,0,0,0,0.272699204,5.92E-05,0,0,0.696459398,3,22.1,19.51886841,-2.8075
2021,11,22,1,20,IMG_1484,0,0,0,0.059,0.94,0,0,0.001,0,0,0,0.037494959,0.743901563,0,0,0.001273422,3,21,18.31694063,-7.1943
2021,11,22,2,40,IMG_1492,0,0,0,0,0,0,0,1,0,0,0,1.97E-05,4.57E-05,0,0,0.860525398,3,20.6,17.89602033,-1.1458
2021,11,22,2,50,IMG_1493,0,0,0,0,0,0,0,1,0,0,0,2.58E-05,4.41E-05,0,0,0.847339213,3,20.9,18.2109167,-2.1167
2021,11,22,3,0,IMG_1494,0,0,0,0.001,0,0,0,0.999,0,0,0,0.000643945,0.000317097,0,0,0.820475023,3,20.9,18.2109167,-2.7427
2021,11,22,3,10,IMG_1495,0,0,0,0,0,0,0,1,0,0,0,4.95E-05,0.00022666,0,0,0.823127036,3,21,18.31694063,-3.5108
2021,11,22,3,20,IMG_1496,0,0,0,0,0,0,0,1,0,0,0,8.68E-05,5.90E-05,0,0,0.819552434,3,21.1,18.42349747,-3.1536
2021,11,22,3,30,IMG_1497,0,0,0,0,0,0,0,1,0,0,0,4.72E-05,8.09E-05,0,0,0.815693194,3,21.1,18.42349747,-2.763
2021,11,22,19,30,IMG_1498,0,0,0,0.157,0.004,0,0,0.838,0,0,0,0.153502749,0.004402224,0,0,0.81782355,3,14.3,11.91774671,-4.7888
2021,11,22,19,40,IMG_1499,0,0,0,0.27,0,0,0,0.73,0,0,0,0.264474482,6.25E-05,0,0,0.720040002,3,14.2,11.84498091,-5.2252
2021,11,22,19,50,IMG_1500,0,0,0,0.072,0.069,0,0,0.858,0,0,0,0.070692255,0.066949031,0,0,0.825241504,3,14.2,11.84498091,-5.9822
2021,11,22,20,0,IMG_1501,0,0,0,0.309,0.011,0,0,0.68,0,0,0,0.290121109,0.010217263,0,0,0.660648745,3,14.2,11.72286771,-5.3799
2021,11,22,20,10,IMG_1502,0,0,0,0.949,0.009,0,0,0.042,0,0,0,0.909768337,0.008523873,0,0,0.041196477,3,14.2,11.35652809,-4.9803
2021,11,22,20,20,IMG_1503,0,0,0,0.032,0,0,0,0.967,0,0,0,0.03090474,0.000276472,0,0,0.933836846,3,14.2,10.74596207,-4.6747
2021,11,22,20,30,IMG_1504,0,0,0,0.187,0.001,0,0,0.812,0,0,0,0.173231167,0.00113137,0,0,0.788552772,3,14.4,10.50748981,-4.6181
2021,11,22,20,40,IMG_1505,0,0,0,0.631,0,0,0,0.369,0,0,0,0.604598242,3.99E-05,0,0,0.364306716,3,14.4,10.38387229,-4.5607
2021,11,22,20,50,IMG_1506,0,0,0,0.656,0,0,0,0.344,0,0,0,0.628152194,5.35E-05,0,0,0.338397964,3,14.5,10.57193451,-4.5924
2021,11,22,21,0,IMG_1507,0,0,0,0.872,0,0,0,0.128,0,0,0,0.832716496,5.99E-05,0,0,0.124808661,3,14.5,10.44755881,-4.8355
2021,11,22,21,10,IMG_1508,0,0,0,0.915,0,0,0,0.085,0,0,0,0.875374219,6.02E-05,0,0,0.083098137,3,14.5,10.32318311,-4.9318
2021,11,22,21,20,IMG_1509,0,0,0,0.856,0,0,0,0.144,0,0,0,0.817311493,4.69E-05,0,0,0.139783534,3,14.6,10.3864461,-4.9372
2021,11,22,21,30,IMG_1510,0,0,0,0.803,0,0,0,0.197,0,0,0,0.761653884,5.36E-05,0,0,0.190965572,3,14.6,10.3864461,-5.4953
2021,11,22,21,40,IMG_1511,0,0,0,0.484,0,0,0,0.516,0,0,0,0.453923422,3.92E-05,0,0,0.496515422,3,14.6,10.26130819,-5.266
2021,11,22,21,50,IMG_1512,0,0,0,0.723,0,0,0,0.277,0,0,0,0.680633248,4.04E-05,0,0,0.267353681,3,14.7,10.32414104,-5.025
2021,11,22,22,0,IMG_1513,0,0,0,0.555,0,0,0,0.445,0,0,0,0.516805566,3.13E-05,0,0,0.426225608,3,14.6,10.511584,-5.4658
2021,11,22,22,10,IMG_1514,0,0,0,0.932,0,0,0,0.067,0,0,0,0.890509195,4.72E-05,0,0,0.065283752,3,14.6,10.6367219,-5.1618
2021,11,22,22,30,IMG_1516,0,0,0,0.901,0,0,0,0.099,0,0,0,0.855290467,4.33E-05,0,0,0.09550643,3,14.3,11.30342987,-4.1124
2021,11,22,22,40,IMG_1517,0,0,0,0.182,0,0,0,0.818,0,0,0,0.170600376,5.53E-05,0,0,0.776057219,3,14.1,11.651234,-4.0991
2021,11,22,22,50,IMG_1518,0,0,0,0.036,0,0,0,0.964,0,0,0,0.034464258,7.64E-05,0,0,0.901926938,3,14,11.94185492,-4.5188
2021,11,22,23,0,IMG_1519,0,0,0,0,0.01,0,0,0.99,0,0,0,0.000280747,0.008671582,0,0,0.904566248,3,13.8,11.55775969,-3.8338
2021,11,22,23,10,IMG_1520,0,0,0,0,0.084,0,0,0.916,0,0,0,2.09E-05,0.070405146,0,0,0.818484075,3,13.7,11.48690637,-3.492
2021,11,22,23,20,IMG_1521,0,0,0,0,0,0,0,1,0,0,0,2.00E-05,4.73E-05,0,0,0.871666316,3,13.6,11.41643046,-4.207
2021,11,22,23,30,IMG_1522,0,0,0,0,0,0,0,1,0,0,0,2.56E-05,4.12E-05,0,0,0.874072048,3,13.6,10.94564982,-4.1896
2021,11,22,23,40,IMG_1523,0,0,0,0,0,0,0,1,0,0,0,1.95E-05,4.12E-05,0,0,0.872617097,3,13.7,10.30268922,-4.4419
2021,11,22,23,50,IMG_1524,0,0,0,0,0,0,0,1,0,0,0,2.59E-05,4.75E-05,0,0,0.867013131,3,13.8,10.24708592,-4.8063
2021,11,23,0,0,IMG_1525,0,0,0,0,0,0,0,1,0,0,0,2.60E-05,6.91E-05,0,0,0.87019864,3,13.8,10.36623808,-4.9383
2021,11,23,0,10,IMG_1526,0,0,0,0,0,0,0,1,0,0,0,2.57E-05,4.66E-05,0,0,0.85648741,3,13.7,10.06584579,-5.0478
2021,11,23,0,20,IMG_1527,0,0,0,0,0,0,0,1,0,0,0,1.92E-05,4.79E-05,0,0,0.864444111,3,13.8,10.12793375,-5.3678
2021,11,23,0,30,IMG_1528,0,0,0,0,0,0,0,1,0,0,0,1.90E-05,3.60E-05,0,0,0.869731303,3,13.8,10.12793375,-5.0564
2021,11,23,0,40,IMG_1529,0,0,0,0,0,0,0,1,0,0,0,2.62E-05,5.19E-05,0,0,0.847440137,3,13.8,9.88962943,-5.0431
2021,11,23,0,50,IMG_1530,0,0,0,0,0.001,0,0,0.999,0,0,0,5.67E-05,0.000469366,0,0,0.833200593,3,13.9,9.710807847,-5.6662
2021,11,23,1,0,IMG_1531,0,0,0,0,0,0,0,1,0,0,0,1.89E-05,2.79E-05,0,0,0.861269681,3,14.1,9.587994645,-4.9754
2021,11,23,1,10,IMG_1532,0,0,0,0,0.004,0,0,0.996,0,0,0,5.71E-05,0.003099962,0,0,0.857890152,3,14.3,9.46047935,-5.3504
2021,11,23,1,20,IMG_1533,0,0,0,0,0,0,0,1,0,0,0,1.33E-05,4.64E-05,0,0,0.857166436,3,14.3,9.583342718,-5.4266
2021,11,23,1,30,IMG_1534,0,0,0,0,0,0,0,1,0,0,0,1.31E-05,5.28E-05,0,0,0.854039934,3,14.3,9.583342718,-5.6765
2021,11,23,1,40,IMG_1535,0,0,0,0,0,0,0,1,0,0,0,3.18E-05,4.20E-05,0,0,0.855539686,3,14.4,9.27131454,-5.5316
2021,11,23,1,50,IMG_1536,0,0,0,0,0,0,0,1,0,0,0,1.87E-05,2.81E-05,0,0,0.855583406,3,14.5,9.328177509,-5.4245
2021,11,23,2,0,IMG_1537,0,0,0,0,0,0,0,1,0,0,0,1.30E-05,2.83E-05,0,0,0.849220485,3,14.5,9.203801809,-5.5412
2021,11,23,2,10,IMG_1538,0,0,0,0,0,0,0,1,0,0,0,5.01E-05,2.82E-05,0,0,0.856275631,3,14.6,9.009929143,-5.477
2021,11,23,2,20,IMG_1539,0,0,0,0.006,0.003,0,0,0.991,0,0,0,0.005025864,0.002213837,0,0,0.828839821,3,14.7,9.065099449,-5.4629
2021,11,23,2,30,IMG_1540,0,0,0,0,0,0,0,1,0,0,0,3.91E-05,6.21E-05,0,0,0.830445981,3,14.8,9.12056262,-5.5822
2021,11,23,2,40,IMG_1541,0,0,0,0,0.012,0,0,0.988,0,0,0,3.18E-05,0.010510584,0,0,0.83890631,3,14.7,9.191003608,-5.2043
2021,11,23,2,50,IMG_1542,0,0,0,0,0,0,0,1,0,0,0,2.47E-05,2.79E-05,0,0,0.849270275,3,14.7,9.191003608,-5.4544
2021,11,23,3,0,IMG_1543,0,0,0,0,0,0,0,1,0,0,0,1.94E-05,5.24E-05,0,0,0.850948603,3,14.6,9.260204952,-5.4176
2021,11,23,3,10,IMG_1544,0,0,0,0,0,0,0,1,0,0,0,1.85E-05,4.70E-05,0,0,0.853352952,3,14.6,9.260204952,-5.5368
2021,11,23,3,20,IMG_1545,0,0,0,0,0,0,0,1,0,0,0,1.99E-05,4.59E-05,0,0,0.851000924,3,14.6,9.385342857,-5.4388
2021,11,23,3,30,IMG_1546,0,0,0,0,0,0,0,1,0,0,0,1.90E-05,6.20E-05,0,0,0.848062162,3,14.6,9.510480762,-5.4836
2021,11,23,19,30,IMG_1547,0,0,0,0.153,0,0,0,0.847,0,0,0,0.148732474,0.000262387,0,0,0.825108586,3,14.7,10.4500452,-4.7712
2021,11,23,19,40,IMG_1548,0,0,0,0.019,0.001,0,0,0.98,0,0,0,0.019284413,0.000687838,0,0,0.948465512,3,14.7,10.57594936,-5.2035
2021,11,23,19,50,IMG_1549,0,0,0,0.305,0,0,0,0.694,0,0,0,0.281838296,3.15E-05,0,0,0.667961208,3,14.6,10.511584,-5.0394
2021,11,23,20,0,IMG_1550,0,0,0,0.356,0.041,0,0,0.603,0,0,0,0.330350353,0.039639393,0,0,0.578600526,3,14.6,10.511584,-5.8323
2021,11,23,20,10,IMG_1551,0,0,0,0.092,0.001,0,0,0.908,0,0,0,0.086862275,0.000494824,0,0,0.860516707,3,14.6,10.511584,-5.4718
2021,11,23,20,20,IMG_1552,0,0,0,0.164,0,0,0,0.836,0,0,0,0.157758151,6.09E-05,0,0,0.801555784,3,14.6,10.6367219,-5.5368
2021,11,23,20,30,IMG_1553,0,0,0,0.229,0.01,0,0,0.762,0,0,0,0.205857692,0.009336967,0,0,0.717620545,3,14.6,10.6367219,-5.969
2021,11,23,20,40,IMG_1554,0,0,0,0.042,0.143,0,0,0.814,0,0,0,0.041376848,0.134561771,0,0,0.766275128,3,14.6,10.6367219,-6.4192
2021,11,23,20,50,IMG_1555,0,0,0,0.039,0.366,0,0,0.595,0,0,0,0.037821988,0.34801117,0,0,0.556741579,3,14.6,10.511584,-6.455
2021,11,23,21,10,IMG_1557,0,0,0,0.325,0.001,0,0,0.674,0,0,0,0.28948753,0.001000781,0,0,0.625281423,3,14.7,10.4500452,-6.1738
2021,11,23,21,30,IMG_1559,0,0,0,0.827,0,0,0,0.173,0,0,0,0.75493563,3.27E-05,0,0,0.162700233,3,14.8,10.38730743,-6.3373
2021,11,23,21,40,IMG_1560,0,0,0,0.591,0.007,0,0,0.402,0,0,0,0.538360464,0.006335224,0,0,0.376287943,3,14.8,10.38730743,-6.2634
2021,11,23,21,50,IMG_1561,0,0,0,0.954,0.001,0,0,0.045,0,0,0,0.884155326,0.000576187,0,0,0.042296056,3,14.8,10.38730743,-6.19
2021,11,23,22,0,IMG_1562,0,0,0,0.27,0.002,0,0,0.728,0,0,0,0.235792473,0.001527088,0,0,0.657811261,3,14.8,10.38730743,-6.1573
2021,11,23,22,10,IMG_1563,0,0,0,0.833,0,0,0,0.167,0,0,0,0.746210705,3.06E-05,0,0,0.153612748,3,14.8,10.38730743,-6.2796
2021,11,23,22,20,IMG_1564,0,0,0,0.213,0,0,0,0.787,0,0,0,0.192274519,6.17E-05,0,0,0.733477885,3,14.8,10.38730743,-6.2126
2021,11,23,22,30,IMG_1565,0,0,0,0.265,0,0,0,0.735,0,0,0,0.238580844,4.27E-05,0,0,0.675049992,3,14.9,10.45080884,-6.213
2021,11,23,22,40,IMG_1566,0,0,0,0.192,0,0,0,0.808,0,0,0,0.171991834,4.85E-05,0,0,0.719607722,3,14.8,10.26063295,-6.1189
2021,11,23,22,50,IMG_1567,0,0,0,0.61,0,0,0,0.39,0,0,0,0.54212687,4.37E-05,0,0,0.350846852,3,14.8,10.26063295,-5.9025
2021,11,23,23,0,IMG_1568,0,0,0,0.001,0,0,0,0.999,0,0,0,0.000829387,6.75E-05,0,0,0.858083519,3,14.8,10.26063295,-6.051
2021,11,23,23,10,IMG_1569,0,0,0,0.002,0,0,0,0.998,0,0,0,0.001462778,4.79E-05,0,0,0.862705093,3,15,10.12996454,-5.8629
2021,11,23,23,20,IMG_1570,0,0,0,0.001,0,0,0,0.999,0,0,0,0.000633541,8.37E-05,0,0,0.844023235,3,15,10.12996454,-5.9606
2021,11,23,23,30,IMG_1571,0,0,0,0,0.025,0,0,0.975,0,0,0,8.51E-05,0.020224361,0,0,0.808703929,3,14.9,10.06846217,-5.9252
2021,11,23,23,40,IMG_1572,0,0,0,0,0,0,0,1,0,0,0,0.000219501,4.60E-05,0,0,0.840801134,3,14.9,9.941013282,-5.9736
2021,11,23,23,50,IMG_1573,0,0,0,0.003,0.005,0,0,0.992,0,0,0,0.002723798,0.004217045,0,0,0.838440325,3,15,10.00173714,-5.8508
2021,11,24,0,0,IMG_1574,0,0,0,0.01,0,0,0,0.99,0,0,0,0.008171695,0.000126818,0,0,0.837669005,3,15,10.00173714,-5.67
2021,11,24,0,10,IMG_1575,0,0,0,0.001,0,0,0,0.998,0,0,0,0.001208872,6.23E-05,0,0,0.84399822,3,15,10.00173714,-5.8169
2021,11,24,0,20,IMG_1576,0,0,0,0.001,0,0,0,0.999,0,0,0,0.00080184,6.08E-05,0,0,0.838111418,3,15,9.873509745,-5.6077
2021,11,24,0,30,IMG_1577,0,0,0,0,0,0,0,1,0,0,0,0.000155011,7.56E-05,0,0,0.823584202,3,15,9.873509745,-5.7727
2021,11,24,0,40,IMG_1578,0,0,0,0.003,0.016,0,0,0.981,0,0,0,0.002246477,0.012242999,0,0,0.805844171,3,15,9.873509745,-5.8234
2021,11,24,0,50,IMG_1579,0,0,0,0.012,0.045,0,0,0.943,0,0,0,0.009260524,0.034768014,0,0,0.776976164,3,15.1,9.804762443,-5.8325
2021,11,24,1,0,IMG_1580,0,0,0,0.039,0.174,0,0,0.788,0,0,0,0.029463732,0.133722806,0,0,0.661157497,3,15.1,9.804762443,-5.8683
2021,11,24,1,10,IMG_1581,0,0,0,0.001,0,0,0,0.999,0,0,0,0.000734585,7.18E-05,0,0,0.812382369,3,15.1,9.804762443,-5.8714
2021,11,24,1,20,IMG_1582,0,0,0,0,0,0,0,0.999,0,0,0,0.000328936,8.19E-05,0,0,0.817871094,3,15.2,9.734760374,-5.7524
2021,11,24,1,30,IMG_1583,0,0,0,0.007,0.001,0,0,0.992,0,0,0,0.005378576,0.00041437,0,0,0.792831145,3,15.2,9.864557179,-5.6999
2021,11,24,1,40,IMG_1584,0,0,0,0.009,0,0,0,0.991,0,0,0,0.006615971,0.000129913,0,0,0.801612523,3,15.2,9.864557179,-5.5756
2021,11,24,1,50,IMG_1585,0,0,0,0.057,0.002,0,0,0.942,0,0,0,0.043590182,0.001059728,0,0,0.766150578,3,15.2,9.864557179,-5.5219
2021,11,24,2,0,IMG_1586,0,0,0,0.007,0.005,0,0,0.988,0,0,0,0.004968299,0.003652464,0,0,0.809500203,3,15.2,9.864557179,-5.5127
2021,11,24,2,10,IMG_1587,0,0,0,0.045,0.019,0,0,0.936,0,0,0,0.03355145,0.014620598,0,0,0.760612688,3,15.1,9.933772475,-5.4514
2021,11,24,2,20,IMG_1588,0,0,0,0.005,0,0,0,0.995,0,0,0,0.003462245,0.000103343,0,0,0.816600676,3,15.1,9.804762443,-5.3959
2021,11,24,2,30,IMG_1589,0,0,0,0.028,0,0,0,0.972,0,0,0,0.021290212,9.43E-05,0,0,0.789419276,3,15.2,9.864557179,-5.3683
2021,11,24,2,40,IMG_1590,0,0,0,0.022,0,0,0,0.978,0,0,0,0.016348896,6.89E-05,0,0,0.783922837,3,15.2,9.864557179,-4.8652
2021,11,24,2,50,IMG_1591,0,0,0,0.003,0,0,0,0.997,0,0,0,0.002116797,5.45E-05,0,0,0.805724865,3,15.2,9.864557179,-4.9792
2021,11,24,3,0,IMG_1592,0,0,0,0.001,0,0,0,0.999,0,0,0,0.001069914,5.61E-05,0,0,0.817136861,3,15.2,9.864557179,-5.136
2021,11,24,3,10,IMG_1593,0,0,0,0.009,0,0,0,0.991,0,0,0,0.006747529,7.68E-05,0,0,0.80609846,3,15.2,9.864557179,-4.7677
2021,11,24,3,20,IMG_1594,0,0,0,0.004,0,0,0,0.996,0,0,0,0.002710427,7.15E-05,0,0,0.815444148,3,15.3,9.794080206,-4.8385
2021,11,24,3,30,IMG_1595,0,0,0,0.002,0,0,0,0.998,0,0,0,0.001408992,6.69E-05,0,0,0.816446229,3,15.3,9.794080206,-4.8917
2021,11,24,19,30,IMG_1596,0,0,0,0.264,0.736,0,0,0,0,0,7.47E-05,0.233115099,0.680298565,0,0,0.000451074,3,17.5,11.32992969,-5.0577
2021,11,24,19,40,IMG_1597,0,0,0,0.69,0.309,0,0,0.001,0,0,0,0.617980799,0.28120652,0,0,0.001011411,3,17.4,11.26250543,-5.2813
2021,11,24,19,50,IMG_1598,0,0,0,0.087,0.913,0,0,0,0,0,0,0.074215482,0.851703636,0,0,0,3,17.5,11.18085167,-4.8113
2021,11,24,20,10,IMG_1600,0,0,0,0.064,0.936,0,0,0,0,0,0,0.054370846,0.839555702,0,0,0,3,17.7,11.31496144,-5.0038
2021,11,24,20,20,IMG_1601,0,0,0,0.066,0.933,0,0,0.001,0,0,0,0.054200428,0.843476825,0,0,0.001011531,3,17.7,11.31496144,-5.4531
2021,11,24,20,30,IMG_1602,0,0,0,0.12,0.88,0,0,0,0,0,0,0.098014791,0.79971428,0,0,0.000278681,3,17.7,11.31496144,-4.5414
2021,11,24,20,40,IMG_1603,0,0,0,0.823,0.169,0,0,0.008,0,0,0,0.73692364,0.15718877,0,0,0.007654868,3,17.8,11.38253707,-4.6898
2021,11,24,20,50,IMG_1604,0,0,0,0.976,0.02,0,0,0.004,0,0,0,0.901484285,0.017667886,0,0,0.004168202,3,17.9,11.6031347,-4.6391
2021,11,24,21,0,IMG_1605,0,0,0,0.954,0.04,0,0,0.007,0,0,0,0.867442939,0.037063447,0,0,0.00642213,3,17.9,11.6031347,-4.5807
2021,11,24,21,10,IMG_1606,0,0,0,0.104,0.896,0,0,0,0,0,0,0.085304928,0.795928666,0,0,0.000262861,3,18,11.67232049,-4.863
2021,11,24,21,30,IMG_1608,0,0,0,0.724,0.225,0,0,0.051,0,0,0,0.634902224,0.203688987,0,0,0.045480679,3,18,11.82590366,-5.0423
2021,11,24,21,40,IMG_1609,0,0,0,0.831,0.018,0,0,0.151,0,0,0,0.71518294,0.014430559,0,0,0.136633263,3,18,11.82590366,-4.3417
2021,11,24,21,50,IMG_1610,0,0,0,0.98,0.01,0,0,0.01,0,0,0,0.866102674,0.0088625,0,0,0.009027764,3,18.1,11.89636135,-4.4492
2021,11,24,22,0,IMG_1611,0,0,0,0.98,0.002,0,0,0.018,0,0,0,0.845015497,0.001873851,0,0,0.015576217,3,18.2,11.96718215,-4.4247
2021,11,24,22,10,IMG_1612,0,0,0,0.957,0.002,0,0,0.041,0,0,0,0.833803673,0.001858917,0,0,0.036474241,3,18.2,11.96718215,-4.5884
2021,11,24,22,20,IMG_1613,0,0,0,0.991,0.001,0,0,0.008,0,0,0,0.865211546,0.000551968,0,0,0.007332294,3,18.2,11.96718215,-4.2231
2021,11,24,22,30,IMG_1614,0,0,0,0.979,0,0,0,0.021,0,0,0,0.848778313,0.00034988,0,0,0.017489483,3,18.2,12.1226001,-4.3403
2021,11,24,22,40,IMG_1615,0,0,0,0.266,0,0,0,0.734,0,0,0,0.216076931,7.87E-05,0,0,0.649081648,3,18.2,12.1226001,-3.8609
2021,11,24,22,50,IMG_1616,0,0,0,0.951,0,0,0,0.049,0,0,0,0.824850789,5.32E-05,0,0,0.044750421,3,18.1,12.20535775,-4.0066
2021,11,24,23,0,IMG_1617,0,0,0,0.07,0.001,0,0,0.928,0,0,0,0.050063837,0.001046529,0,0,0.790336659,3,18.1,12.35985595,-4.0653
2021,11,24,23,10,IMG_1618,0,0,0,0.131,0,0,0,0.869,0,0,0,0.095492172,0.000108879,0,0,0.729586839,3,18,12.28665315,-4.0807
2021,11,24,23,20,IMG_1619,0,0,0,0.161,0.003,0,0,0.836,0,0,0,0.116967,0.002291196,0,0,0.685256708,3,18,12.28665315,-4.4009
2021,11,24,23,30,IMG_1620,0,0,0,0.344,0.648,0,0,0.008,0,0,0,0.264311486,0.487925533,0,0,0.006072566,3,18.1,12.35985595,-5.0039
2021,11,25,21,40,IMG_1646,0,0,0,0.992,0,0,0,0.008,0,0,0,0.940683301,6.71E-05,0,0,0.007070162,3,18.4,14.15445113,-2.8577
2021,11,25,21,50,IMG_1647,0,0,0,0.983,0,0,0,0.017,0,0,0,0.93875127,3.26E-05,0,0,0.016296342,3,18.4,14.15445113,-2.7482
2021,11,25,22,0,IMG_1648,0,0,0,0.974,0,0,0,0.026,0,0,0,0.914759029,3.83E-05,0,0,0.024438604,3,18.5,14.23851285,-2.7618
2021,11,25,22,10,IMG_1649,0,0,0,0.284,0.014,0,0,0.702,0,0,0,0.261856851,0.013661238,0,0,0.654849286,3,18.5,14.23851285,-2.7835
2021,11,25,22,20,IMG_1650,0,0,0,0.456,0.044,0,0,0.5,0,0,0,0.428121462,0.042590437,0,0,0.472898227,3,18.6,14.48215081,-2.8111
2021,11,25,22,30,IMG_1651,0,0,0,0,0.071,0,0,0.929,0,0,0,0.000122724,0.065550819,0,0,0.865784991,3,18.5,14.55492425,-2.8335
2021,11,25,22,40,IMG_1652,0,0,0,0,0.02,0,0,0.98,0,0,0,2.80E-05,0.018596191,0,0,0.896483609,3,18.5,15.02954135,-2.5163
2021,11,25,22,50,IMG_1653,0,0,0,0.001,0.03,0,0,0.969,0,0,0,0.000990437,0.02630341,0,0,0.903148888,3,18.4,15.41262456,-2.8469
2021,11,25,23,0,IMG_1654,0,0,0,0,0.017,0,0,0.983,0,0,0,1.41E-05,0.015588792,0,0,0.887548753,3,18.4,15.25535288,-2.6448
2021,11,25,23,10,IMG_1655,0,0,0,0,0.434,0,0,0.566,0,0,0,2.04E-05,0.371479192,0,0,0.500056235,3,18.4,15.41262456,-2.8035
2021,11,25,23,20,IMG_1656,0,0,0,0,0.314,0,0,0.686,0,0,0,1.38E-05,0.274384337,0,0,0.624282354,3,18.5,15.34595274,-2.8408
2021,11,25,23,30,IMG_1657,0,0,0,0,0.868,0,0,0.132,0,0,0,1.36E-05,0.723342082,0,0,0.115853779,3,18.6,15.4370179,-2.6759
2021,11,25,23,40,IMG_1658,0,0,0,0.001,0.033,0,0,0.966,0,0,0,0.001088657,0.029118442,0,0,0.880779455,3,18.6,15.27787339,-2.7267
2021,11,25,23,50,IMG_1659,0,0,0,0,0.212,0,0,0.788,0,0,0,3.37E-05,0.178752945,0,0,0.716329304,3,18.7,15.36846219,-2.6033
2021,11,26,0,0,IMG_1660,0,0,0,0,0.077,0,0,0.923,0,0,0,2.68E-05,0.064622837,0,0,0.821893532,3,18.6,15.27787339,-2.8669
2021,11,26,0,10,IMG_1661,0,0,0,0,0.185,0,0,0.815,0,0,0,1.37E-05,0.153162207,0,0,0.718393224,3,18.6,15.27787339,-2.5045
2021,11,26,0,20,IMG_1662,0,0,0,0,0.304,0,0,0.696,0,0,0,2.05E-05,0.249701285,0,0,0.601326623,3,18.6,15.4370179,-2.1933
2021,11,26,0,30,IMG_1663,0,0,0,0,0.002,0,0,0.998,0,0,0,2.04E-05,0.002048573,0,0,0.851915745,3,18.5,15.50415844,-1.9722
2021,11,26,0,40,IMG_1664,0,0,0,0,0.075,0,0,0.925,0,0,0,2.68E-05,0.061922897,0,0,0.791221131,3,18.6,15.91445144,-1.8635
2021,11,26,0,50,IMG_1665,0,0,0,0,0.958,0,0,0.042,0,0,0,6.66E-06,0.777993818,0,0,0.037197281,3,18.5,15.82056984,-1.9363
2021,11,26,1,0,IMG_1666,0,0,0,0,0.005,0,0,0.995,0,0,0,2.65E-05,0.004539085,0,0,0.843268938,3,18.5,15.82056984,-1.8316
2021,11,26,1,10,IMG_1667,0,0,0,0,0.003,0,0,0.997,0,0,0,2.01E-05,0.002175804,0,0,0.86696694,3,18.5,15.82056984,-1.7065
2021,11,26,1,20,IMG_1668,0,0,0,0,0.002,0,0,0.998,0,0,0,1.96E-05,0.00227823,0,0,0.861627779,3,18.4,15.72716792,-1.4921
2021,11,26,1,30,IMG_1669,0,0,0,0,0,0,0,1,0,0,0,1.34E-05,0.00022651,0,0,0.855987342,3,18.4,15.72716792,-1.4831
2021,11,26,1,40,IMG_1670,0,0,0,0,0,0,0,1,0,0,0,4.72E-05,5.89E-05,0,0,0.891614994,3,18.2,15.541795,-1.5088
2021,11,26,1,50,IMG_1671,0,0,0,0,0,0,0,1,0,0,0,2.01E-05,4.54E-05,0,0,0.897039235,3,18.1,15.44981993,-1.456
2021,11,26,2,0,IMG_1672,0,0,0,0,0,0,0,1,0,0,0,1.97E-05,6.21E-05,0,0,0.866754627,3,18,15.35831644,-1.4861
2021,11,26,2,10,IMG_1673,0,0,0,0,0.009,0,0,0.991,0,0,0,1.31E-05,0.006635705,0,0,0.832538477,3,18,15.35831644,-1.7603
2021,11,26,2,20,IMG_1674,0,0,0,0,0.999,0,0,0.001,0,0,0,6.63E-06,0.780569441,0,0,0.000633248,3,18,15.35831644,-1.7224
2021,11,26,2,30,IMG_1675,0,0,0,0,0.999,0,0,0.001,0,0,0,1.29E-05,0.757161899,0,0,0.000805672,3,18,15.35831644,-3.2164
2021,11,26,2,40,IMG_1676,0,0,0,0,0.092,0,0,0.908,0,0,0,1.95E-05,0.071573986,0,0,0.747322303,3,18.1,15.44981993,-1.6624
2021,11,26,2,50,IMG_1677,0,0,0,0.016,0.559,0,0,0.425,0,0,0,0.011894441,0.440071642,0,0,0.342370793,3,18.1,15.44981993,-1.6429
2021,11,26,3,10,IMG_1679,0,0,0,0,0.952,0,0,0.048,0,0,0,6.48E-06,0.715269757,0,0,0.037347814,3,18.2,15.38637705,-2.3471
2021,11,26,3,20,IMG_1680,0,0,0,0,0.96,0,0,0.04,0,0,0,6.39E-06,0.746929349,0,0,0.031919276,3,18.1,15.14082354,-1.7161
2021,11,26,3,30,IMG_1681,0,0,0,0.004,0.838,0,0,0.157,0,0,0,0.002826818,0.64047977,0,0,0.127205206,3,18.2,15.07554115,-1.7317
2021,11,26,20,40,IMG_1689,0,0,0,0.252,0.741,0,0,0.007,0,0,0,0.204360592,0.580728102,0,0,0.005115505,3,17.2,11.71441974,-10.1075
2021,11,26,21,10,IMG_1692,0,0,0,0.964,0,0,0,0.036,0,0,0,0.802522003,3.07E-05,0,0,0.027705296,3,17.3,11.78466205,-8.0295
2021,11,26,21,20,IMG_1693,0,0,0,0.988,0,0,0,0.012,0,0,0,0.802857219,3.07E-05,0,0,0.009549482,3,17.3,11.63735377,-8.9661
2021,11,26,21,30,IMG_1694,0,0,0,0.654,0,0,0,0.346,0,0,0,0.523638026,5.37E-05,0,0,0.277447506,3,17.3,11.63735377,-8.8484
2021,11,26,21,40,IMG_1695,0,0,0,0.992,0,0,0,0.008,0,0,0,0.804649557,1.07E-05,0,0,0.006515925,3,17.3,11.49004549,-6.386
2021,11,26,21,50,IMG_1696,0,0,0,0.962,0,0,0,0.038,0,0,0,0.749528478,1.13E-05,0,0,0.029520117,3,16.9,11.64968756,-5.4243
2021,11,26,22,0,IMG_1697,0,0,0,0.153,0.644,0,0,0.203,0,0,0,0.13408297,0.524453861,0,0,0.165180491,3,16.9,11.50586426,-4.1051
2021,11,26,22,10,IMG_1698,0,0,0,0.981,0,0,0,0.019,0,0,0,0.754085449,1.10E-05,0,0,0.015670959,3,16.9,11.50586426,-5.7177
2021,11,26,22,20,IMG_1699,0,0,0,0.95,0,0,0,0.05,0,0,0,0.745569644,1.19E-05,0,0,0.039427787,3,16.7,11.65283676,-6.104
2021,11,26,22,40,IMG_1701,0,0,0,0.977,0.017,0,0,0.006,0,0,0,0.691703846,0.011979965,0,0,0.004024354,3,16.6,11.72430326,-7.1847
2021,11,26,23,0,IMG_1703,0,0,0,0.961,0.001,0,0,0.038,0,0,0,0.629673745,0.000944719,0,0,0.024462169,3,16.4,11.72368757,-6.9915
2021,11,26,23,30,IMG_1706,0,0,0,0.981,0.018,0,0,0,0,0,0,0.632395688,0.013564498,0,0,0.000144111,3,16.6,11.72430326,-7.7426
2021,11,27,0,50,IMG_1714,0,0,0,0.016,0.171,0,0,0.813,0,0,0,0.01124988,0.124660487,0,0,0.528246161,3,16.7,11.65283676,-6.7969
2021,11,27,1,10,IMG_1716,0,0,0,0.008,0,0,0,0.992,0,0,0,0.004850556,0.000116271,0,0,0.652433098,3,16.7,11.79494453,-5.975
2021,11,27,1,40,IMG_1719,0,0,0,0.799,0,0,0,0.201,0,0,0,0.512813559,7.49E-05,0,0,0.129613702,3,16.7,11.79494453,-6.872
2021,11,27,2,20,IMG_1723,0,0,0,0,0.086,0,0,0.913,0,0,0,5.70E-05,0.065881731,0,0,0.670886569,3,16.5,12.07525886,-4.813
2021,11,27,2,30,IMG_1724,0,0,0,0.174,0,0,0,0.826,0,0,0,0.113301315,0.000105642,0,0,0.568360877,3,16.5,12.21566885,-6.5502
2021,11,27,2,50,IMG_1726,0,0,0,0.004,0,0,0,0.996,0,0,0,0.002433008,9.96E-05,0,0,0.692604139,3,16.4,12.56109382,-5.3982
2021,11,30,1,20,IMG_1846,0,0,0,0,0,0,0,1,0,0,0,0.000197108,6.14E-05,0,0,0.793806798,3,21.5,14.32987491,-2.8494
2021,11,30,1,30,IMG_1847,0,0,0,0,0.001,0,0,0.999,0,0,0,2.92E-05,0.000859668,0,0,0.805208804,3,21.5,14.32987491,-0.8621
2021,11,30,2,10,IMG_1851,0,0,0,0,0,0,0,1,0,0,0,1.26E-05,0.00029686,0,0,0.776499106,3,21.5,14.5184259,-1.7282
2021,11,30,3,10,IMG_1857,0,0,0,0,0.021,0,0,0.979,0,0,0,9.94E-05,0.017211892,0,0,0.834127284,3,21.4,16.49682124,-2.5677
2021,11,30,3,20,IMG_1858,0,0,0,0,0,0,0,1,0,0,0,1.29E-05,7.11E-05,0,0,0.852353117,3,21.4,16.49682124,-0.6634
2021,11,30,3,30,IMG_1859,0,0,0,0,0,0,0,1,0,0,0,1.96E-05,0.000280536,0,0,0.832725038,3,21.5,16.59248674,-0.7518
2021,11,30,19,50,IMG_1862,0,0,0,0.385,0.002,0,0,0.613,0,0,0,0.366978163,0.001802734,0,0,0.60984976,3,18.3,11.41299787,-5.4351
2021,11,30,20,0,IMG_1863,0,0,0,0.981,0,0,0,0.019,0,0,0,0.960010547,4.22E-05,0,0,0.01901534,3,18.2,11.1900924,-6.1978
2021,11,30,20,10,IMG_1864,0,0,0,0.87,0,0,0,0.13,0,0,0,0.852795328,0.000219674,0,0,0.129656566,3,18.1,10.96937215,-5.0838
2021,11,30,20,20,IMG_1865,0,0,0,0.643,0,0,0,0.357,0,0,0,0.619341031,4.68E-05,0,0,0.35543116,3,18.1,10.81487395,-5.4317
2021,11,30,20,30,IMG_1866,0,0,0,0.766,0,0,0,0.234,0,0,0,0.733623182,5.60E-05,0,0,0.232369824,3,18.1,10.81487395,-5.0546
2021,11,30,20,40,IMG_1867,0,0,0,0.977,0,0,0,0.023,0,0,0,0.959804688,5.58E-05,0,0,0.023012027,3,17.9,10.68709775,-4.7894
2021,11,30,20,50,IMG_1868,0,0,0,0.731,0,0,0,0.269,0,0,0,0.707142578,4.95E-05,0,0,0.265835922,3,17.7,10.56063068,-5.2288
2021,11,30,21,0,IMG_1869,0,0,0,0.877,0,0,0,0.123,0,0,0,0.843605919,4.65E-05,0,0,0.12166546,3,17.6,10.19794501,-5.4812
2021,11,30,21,10,IMG_1870,0,0,0,0.652,0,0,0,0.348,0,0,0,0.623542465,5.52E-05,0,0,0.343783909,3,17.6,10.04797523,-5.8894
2021,11,30,21,20,IMG_1871,0,0,0,0.367,0,0,0,0.633,0,0,0,0.349053546,8.07E-05,0,0,0.616333015,3,17.6,10.34791479,-6.2039
2021,11,30,21,30,IMG_1872,0,0,0,0.398,0,0,0,0.602,0,0,0,0.37877784,9.09E-05,0,0,0.587468923,3,17.6,10.19794501,-5.529
2021,11,30,21,40,IMG_1873,0,0,0,0.542,0,0,0,0.457,0,0,0,0.518175699,0.000112883,0,0,0.445978268,3,17.6,10.34791479,-5.5042
2021,11,30,21,50,IMG_1874,0,0,0,0.021,0,0,0,0.979,0,0,0,0.019858128,5.73E-05,0,0,0.934188822,3,17.4,9.928787678,-5.9907
2021,11,30,22,0,IMG_1875,0,0,0,0.004,0,0,0,0.996,0,0,0,0.003289325,9.10E-05,0,0,0.947800631,3,17.3,9.869654464,-5.6824
2021,11,30,22,10,IMG_1876,0,0,0,0.003,0,0,0,0.997,0,0,0,0.002458053,9.56E-05,0,0,0.936162387,3,17.2,9.810826531,-6.1639
2021,11,30,22,20,IMG_1877,0,0,0,0.012,0,0,0,0.988,0,0,0,0.010773265,7.51E-05,0,0,0.929595147,3,17.1,9.461189058,-5.982
2021,11,30,22,30,IMG_1878,0,0,0,0.001,0,0,0,0.999,0,0,0,0.001268765,4.55E-05,0,0,0.924876803,3,16.9,9.204691404,-6.7644
2021,11,30,22,40,IMG_1879,0,0,0,0.001,0,0,0,0.999,0,0,0,0.000558331,5.16E-05,0,0,0.92264061,3,16.9,9.060868101,-6.3598
2021,11,30,22,50,IMG_1880,0,0,0,0,0,0,0,1,0,0,0,4.68E-05,3.69E-05,0,0,0.921241602,3,16.8,9.149651504,-6.6543
2021,11,30,23,0,IMG_1881,0,0,0,0.001,0,0,0,0.999,0,0,0,0.000683271,5.95E-05,0,0,0.90968152,3,16.7,8.952789218,-6.929
2021,11,30,23,10,IMG_1882,0,0,0,0,0,0,0,1,0,0,0,0.000121875,4.66E-05,0,0,0.900759833,3,16.6,8.757913278,-7.072
2021,11,30,23,20,IMG_1883,0,0,0,0,0,0,0,1,0,0,0,8.43E-05,2.99E-05,0,0,0.889211681,3,16.4,8.653197968,-7.4483
2021,11,30,23,30,IMG_1884,0,0,0,0,0,0,0,1,0,0,0,3.24E-05,5.92E-05,0,0,0.886502171,3,16.4,8.513630259,-7.24
2021,11,30,23,40,IMG_1885,0,0,0,0,0,0,0,1,0,0,0,5.21E-05,3.56E-05,0,0,0.884766038,3,16.2,8.273776917,-7.642
2021,11,30,23,50,IMG_1886,0,0,0,0,0,0,0,0.999,0,0,0,0.000358872,6.68E-05,0,0,0.886825571,3,16.1,8.361092755,-7.5074
2021,12,1,0,0,IMG_1887,0,0,0,0,0,0,0,1,0,0,0,6.40E-05,4.97E-05,0,0,0.879329778,3,16,8.038291699,-7.7899
2021,12,1,0,10,IMG_1888,0,0,0,0,0,0,0,1,0,0,0,3.20E-05,4.76E-05,0,0,0.857859428,3,15.9,7.989878923,-8.2626
2021,12,1,0,20,IMG_1889,0,0,0,0,0,0,0,1,0,0,0,4.44E-05,6.41E-05,0,0,0.853559638,3,15.8,7.807113722,-8.4745
2021,12,1,0,30,IMG_1890,0,0,0,0,0,0,0,1,0,0,0,3.84E-05,4.13E-05,0,0,0.869027742,3,15.7,7.893811218,-8.316
2021,12,1,0,40,IMG_1891,0,0,0,0,0,0,0,1,0,0,0,6.30E-05,4.28E-05,0,0,0.867430536,3,15.6,7.846154086,-8.2127
2021,12,1,0,50,IMG_1892,0,0,0,0,0,0,0,1,0,0,0,6.43E-05,5.04E-05,0,0,0.862043119,3,15.6,7.846154086,-8.2283
2021,12,1,1,0,IMG_1893,0,0,0,0,0,0,0,1,0,0,0,0.000217819,4.75E-05,0,0,0.852507895,3,15.4,7.751587782,-8.3466
2021,12,1,1,10,IMG_1894,0,0,0,0,0,0,0,1,0,0,0,0.000242743,3.44E-05,0,0,0.859339265,3,15.3,7.574088693,-8.1655
2021,12,1,1,20,IMG_1895,0,0,0,0,0,0,0,1,0,0,0,5.06E-05,5.59E-05,0,0,0.860095125,3,15.2,7.398417884,-8.2452
2021,12,1,1,30,IMG_1896,0,0,0,0,0,0,0,1,0,0,0,0.000179935,3.84E-05,0,0,0.852743187,3,15.1,7.482581864,-8.4285
2021,12,1,1,40,IMG_1897,0,0,0,0,0,0,0,1,0,0,0,0.000349527,6.27E-05,0,0,0.843184773,3,15,7.565416558,-8.7558
2021,12,1,1,50,IMG_1898,0,0,0,0,0,0,0,1,0,0,0,0.000297003,7.17E-05,0,0,0.838640587,3,14.9,7.392035518,-8.6247
2021,12,1,2,0,IMG_1899,0,0,0,0,0,0,0,1,0,0,0,0.000123377,4.67E-05,0,0,0.830771883,3,14.8,7.220445408,-8.7582
2021,12,1,2,10,IMG_1900,0,0,0,0,0,0,0,1,0,0,0,4.28E-05,4.67E-05,0,0,0.839743885,3,14.8,7.093770927,-8.9506
2021,12,1,2,20,IMG_1901,0,0,0,0,0,0,0,1,0,0,0,0.000163822,7.25E-05,0,0,0.833919208,3,14.8,7.220445408,-9.2183
2021,12,1,2,30,IMG_1902,0,0,0,0,0,0,0,1,0,0,0,0.000187297,5.97E-05,0,0,0.823240595,3,14.7,7.302441223,-9.2061
2021,12,1,2,40,IMG_1903,0,0,0,0.001,0,0,0,0.999,0,0,0,0.000703688,6.63E-05,0,0,0.817189506,3,14.7,7.176537064,-9.1808
2021,12,1,2,50,IMG_1904,0,0,0,0,0,0,0,1,0,0,0,9.18E-05,9.34E-05,0,0,0.808083669,3,14.6,7.007722667,-9.3139
2021,12,1,3,0,IMG_1905,0,0,0,0,0,0,0,1,0,0,0,3.60E-05,8.35E-05,0,0,0.809419599,3,14.6,7.132860571,-9.0636
2021,12,1,3,10,IMG_1906,0,0,0,0,0,0,0,1,0,0,0,0.000138221,6.89E-05,0,0,0.801139618,3,14.5,6.965039207,-9.3745
2021,12,1,3,20,IMG_1907,0,0,0,0.002,0,0,0,0.998,0,0,0,0.001516782,6.65E-05,0,0,0.789462613,3,14.3,6.634621882,-9.7117
2021,12,1,3,30,IMG_1908,0,0,0,0,0,0,0,1,0,0,0,0.000192751,6.67E-05,0,0,0.788587891,3,14.3,6.634621882,-9.8801
2021,12,5,19,30,IMG_2105,0,0,0,0,0.896,0,0,0.104,0,0,0,6.54E-06,0.867094381,0,0,0.100913694,3,17.5,12.96978794,-4.8098
2021,12,5,19,40,IMG_2106,0,0,0,0.011,0.059,0,0,0.931,0,0,0,0.010166121,0.056694862,0,0,0.919169171,3,17.4,13.33717748,-3.691
2021,12,5,19,50,IMG_2107,0,0,0,0,0.89,0,0,0.11,0,0,0,1.40E-05,0.824293637,0,0,0.101083736,3,17.4,14.3745135,-3.3674
2021,12,5,20,20,IMG_2110,0,0,0,0.052,0.945,0,0.003,0,5.81E-06,0,0,0.034976022,0.650300068,0,0.00251564,0,3,17.4,14.81908609,-7.5096
2021,12,5,20,40,IMG_2112,0,0,0,0,0.509,0,0,0.491,0,0,0,0.000138221,0.464846875,0,0,0.465850774,3,17.4,14.81908609,-4.8006
2021,12,5,20,50,IMG_2113,0,0,0,0,0.042,0,0,0.958,0,0,0,7.25E-06,0.038525466,0,0,0.879776705,3,17.5,14.46056816,-4.3047
2021,12,5,23,30,IMG_2129,0,0,0,0,0.65,0,0,0.349,0,0,0,6.96E-05,0.52414982,0,0,0.288881979,3,17.3,14.58351928,-5.0049
2021,12,5,23,50,IMG_2131,0,0,0,0,1,0,0,0,0,0,0,6.24E-06,0.793197589,0,0,6.32E-05,3,17.3,14.73082756,-5.2334
2021,12,6,0,0,IMG_2132,0,0,0,0,0.002,0,0,0.998,0,0,0,7.27E-05,0.001559585,0,0,0.875005596,3,17.3,14.73082756,-2.7752
2021,12,6,0,10,IMG_2133,0,0,0,0,0.003,0,0,0.997,0,0,0,1.92E-05,0.003020335,0,0,0.868293915,3,17.3,14.73082756,-3.0983
2021,12,6,0,20,IMG_2134,0,0,0,0,0.008,0,0,0.992,0,0,0,2.58E-05,0.007584398,0,0,0.872068487,3,17.2,14.64302467,-5.0401
2021,12,6,0,30,IMG_2135,0,0,0,0,0.029,0,0,0.971,0,0,0,3.28E-05,0.025278591,0,0,0.889258932,3,17.3,14.73082756,-2.3553
2021,12,6,1,20,IMG_2140,0,0,0,0,0,0,0,1,0,0,0,2.98E-05,4.57E-05,0,0,0.835229868,3,17.1,14.55567547,-3.8476
2021,12,6,1,30,IMG_2141,0,0,0,0,0.006,0,0,0.994,0,0,0,1.91E-05,0.004824782,0,0,0.798362673,3,17.1,14.55567547,-1.6203
2021,12,6,1,40,IMG_2142,0,0,0,0.006,0.973,0,0,0.02,0,0,0,0.003508699,0.646439243,0,0,0.015373535,3,17,14.46877801,-3.279
2021,12,6,1,50,IMG_2143,0,0,0,0.037,0.028,0,0,0.935,0,0,0,0.027080153,0.022883233,0,0,0.664957227,3,17,14.46877801,-3.7755
2021,12,6,2,0,IMG_2144,0,0,0,0,0.066,0,0,0.934,0,0,0,8.45E-05,0.048575541,0,0,0.717229094,3,16.9,14.38233032,-3.5359
2021,12,6,2,10,IMG_2145,0,0,0,0,0,0,0,0.999,0,0,0,2.57E-05,0.000309435,0,0,0.798819141,3,16.9,14.38233032,-2.3927
2021,12,6,2,20,IMG_2146,0,0,0,0,0.661,0,0,0.339,0,0,0,1.93E-05,0.497407527,0,0,0.261906994,3,16.8,14.29633047,-3.1881
2021,12,6,2,30,IMG_2147,0,0,0,0,0.705,0,0,0.295,0,0,0,1.27E-05,0.552622874,0,0,0.251522408,3,16.8,14.29633047,-2.7256
2021,12,6,2,40,IMG_2148,0,0,0,0,0.173,0,0,0.827,0,0,0,6.30E-06,0.14213291,0,0,0.69129864,3,16.9,14.38233032,-2.3259
2021,12,6,2,50,IMG_2149,0,0,0,0,0.022,0,0,0.978,0,0,0,8.65E-05,0.020038063,0,0,0.862483654,3,16.9,14.38233032,-1.7463
2021,12,6,3,0,IMG_2150,0,0,0,0,0.001,0,0,0.999,0,0,0,2.55E-05,0.000509991,0,0,0.900251578,3,17.1,14.55567547,-1.7997
2021,12,6,3,10,IMG_2151,0,0,0,0,0,0,0,1,0,0,0,1.32E-05,4.71E-05,0,0,0.849730424,3,16.9,14.38233032,-1.6943
2021,12,6,3,20,IMG_2152,0,0,0,0,0,0,0,1,0,0,0,1.98E-05,4.17E-05,0,0,0.860365234,3,16.8,14.29633047,-1.6211
2021,12,6,3,30,IMG_2153,0,0,0,0,0,0,0,1,0,0,0,1.34E-05,2.97E-05,0,0,0.883736035,3,16.8,14.29633047,-1.5092
2021,12,6,23,10,IMG_2176,0,0,0,0,1,0,0,0,0,0,0,6.19E-06,0.753591391,0,0,0,3,17.7,15.08661525,-3.7744
2021,12,6,23,20,IMG_2177,0,0,0,0,0.031,0,0,0.969,0,0,0,2.48E-05,0.026015062,0,0,0.877463822,3,17.7,15.08661525,-2.177
2021,12,6,23,30,IMG_2178,0,0,0,0,0,0,0,1,0,0,0,1.99E-05,5.07E-05,0,0,0.947485419,3,17.7,15.08661525,-1.1556
2021,12,6,23,40,IMG_2179,0,0,0,0,0.071,0,0,0.929,0,0,0,1.31E-05,0.052928658,0,0,0.805929785,3,17.7,15.08661525,-0.9252
2021,12,6,23,50,IMG_2180,0,0,0,0,0.001,0,0,0.999,0,0,0,3.80E-05,0.000692758,0,0,0.899330048,3,17.6,14.99697796,-1.2769
2021,12,7,0,0,IMG_2181,0,0,0,0.001,0.097,0,0,0.902,0,0,0,0.000562838,0.074071928,0,0,0.796162387,3,17.5,14.90780223,-1.0694
2021,12,7,0,10,IMG_2182,0,0,0,0,0.017,0,0,0.983,0,0,0,1.30E-05,0.011020696,0,0,0.809323948,3,17.4,14.81908609,-1.1589
2021,12,7,0,20,IMG_2183,0,0,0,0,0,0,0,1,0,0,0,1.36E-05,0.000122281,0,0,0.852764393,3,17.4,14.81908609,-1.2511
2021,12,7,0,40,IMG_2185,0,0,0,0,0.127,0,0,0.873,0,0,0,4.69E-05,0.094035164,0,0,0.709351668,3,17.4,14.81908609,-1.8442
2021,12,7,0,50,IMG_2186,0,0,0,0,0,0,0,1,0,0,0,1.29E-05,6.76E-05,0,0,0.84842183,3,17.3,14.73082756,-1.1665
2021,12,7,1,0,IMG_2187,0,0,0,0,0,0,0,1,0,0,0,1.27E-05,5.16E-05,0,0,0.895761133,3,17.3,14.73082756,-1.206
2021,12,7,1,10,IMG_2188,0,0,0,0,0,0,0,1,0,0,0,2.00E-05,4.23E-05,0,0,0.863888454,3,17.4,14.81908609,-0.7199
2021,12,7,1,20,IMG_2189,0,0,0,0,0,0,0,1,0,0,0,1.34E-05,5.67E-05,0,0,0.84620631,3,17.3,14.73082756,-0.797
2021,12,7,1,30,IMG_2190,0,0,0,0,0,0,0,1,0,0,0,1.36E-05,5.78E-05,0,0,0.858771297,3,17.2,14.64302467,-0.8922
2021,12,7,1,40,IMG_2191,0,0,0,0,0.355,0,0,0.645,0,0,0,1.37E-05,0.267897957,0,0,0.537297912,3,17.1,14.55567547,-0.8812
2021,12,7,1,50,IMG_2192,0,0,0,0,0,0,0,1,0,0,0,1.32E-05,5.32E-05,0,0,0.848481956,3,17.1,14.55567547,-0.9969
2021,12,7,2,0,IMG_2193,0,0,0,0,0.001,0,0,0.999,0,0,0,1.32E-05,0.000377306,0,0,0.846486816,3,17.1,14.55567547,-0.942
2021,12,7,2,10,IMG_2194,0,0,0,0,0,0,0,1,0,0,0,1.93E-05,0.000111764,0,0,0.789544035,3,17,14.46877801,-0.9376
2021,12,7,2,20,IMG_2195,0,0,0,0,0.06,0,0,0.94,0,0,0,1.31E-05,0.049029477,0,0,0.771794516,3,16.9,14.38233032,-1.0728
2021,12,7,2,40,IMG_2197,0,0,0,0,0.013,0,0,0.986,0,0,0,0.000142909,0.010862823,0,0,0.720186501,3,16.9,14.38233032,-6.4268
2021,12,7,2,50,IMG_2198,0,0,0,0,0.282,0,0,0.718,0,0,0,1.28E-05,0.204006648,0,0,0.563771267,3,16.9,14.38233032,-5.0163
2021,12,7,3,10,IMG_2200,0,0,0,0,0.013,0,0,0.987,0,0,0,3.93E-05,0.008903658,0,0,0.69920308,3,17.4,13.78175006,-6.2284
2021,12,7,3,20,IMG_2201,0,0,0,0,0.776,0,0,0.224,0,0,0,2.60E-05,0.556788123,0,0,0.160271019,3,17.4,13.6335592,-6.2416
2021,12,7,3,30,IMG_2202,0,0,0,0,0.216,0,0,0.784,0,0,0,1.28E-05,0.148782287,0,0,0.575727396,3,17.4,13.48536834,-3.6106
2021,12,11,20,30,IMG_2378,0,0,0,0.008,0.003,0,0,0.989,0,0,0,0.007667976,0.002684856,0,0,0.953939836,3,19.4,16.68302015,-3.9792
2021,12,11,20,40,IMG_2379,0,0,0,0.006,0.008,0,0,0.985,0,0,0,0.00584668,0.008081753,0,0,0.956146244,3,19.4,16.68302015,-4.5857
2021,12,11,21,0,IMG_2381,0,0,0,0,0.005,0,0,0.995,0,0,0,7.82E-05,0.005050789,0,0,0.954635479,3,19.3,16.58522678,-2.683
2021,12,11,21,10,IMG_2382,0,0,0,0.006,0,0,0,0.994,0,0,0,0.005394043,0.000139078,0,0,0.962876487,3,19.3,16.58522678,-4.1274
2021,12,11,21,20,IMG_2383,0,0,0,0.034,0,0,0,0.966,0,0,0,0.033508616,5.44E-05,0,0,0.947206115,3,19.3,16.58522678,-2.0123
2021,12,11,21,30,IMG_2384,0,0,0,0,0,0,0,1,0,0,0,0.000152036,8.11E-05,0,0,0.957655987,3,19.3,16.58522678,-3.051
2021,12,11,21,40,IMG_2385,0,0,0,0.002,0.001,0,0,0.997,0,0,0,0.00185441,0.001196387,0,0,0.951024053,3,19.3,16.58522678,-2.7263
2021,12,11,21,50,IMG_2386,0,0,0,0.029,0.009,0,0,0.962,0,0,0,0.026892556,0.008677471,0,0,0.895169156,3,19.2,16.48792965,-3.7576
2021,12,11,22,0,IMG_2387,0,0,0,0.007,0.001,0,0,0.992,0,0,0,0.006428989,0.000992856,0,0,0.944050331,3,19.3,16.58522678,-3.6003
2021,12,11,22,10,IMG_2388,0,0,0,0.024,0.001,0,0,0.975,0,0,0,0.02255338,0.001174144,0,0,0.92747316,3,19.4,16.68302015,-2.1578
2021,12,11,22,20,IMG_2389,0,0,0,0.056,0,0,0,0.944,0,0,0,0.0537561,4.05E-05,0,0,0.918456971,3,19.4,16.68302015,-2.2357
2021,12,11,22,30,IMG_2390,0,0,0,0.005,0,0,0,0.995,0,0,0,0.004594997,0.000148708,0,0,0.933292736,3,19.4,16.68302015,-2.7849
2021,12,11,22,40,IMG_2391,0,0,0,0.003,0.001,0,0,0.996,0,0,0,0.002793645,0.000956355,0,0,0.923414761,3,19.4,16.68302015,-3.2025
2021,12,11,22,50,IMG_2392,0,0,0,0,0,0,0,1,0,0,0,0.00015755,7.39E-05,0,0,0.918747115,3,19.4,16.68302015,-3.5225
2021,12,11,23,0,IMG_2393,0,0,0,0,0,0,0,1,0,0,0,1.38E-05,5.24E-05,0,0,0.901330927,3,19.4,16.68302015,-2.19
2021,12,11,23,10,IMG_2394,0,0,0,0,0,0,0,1,0,0,0,1.35E-05,6.23E-05,0,0,0.908912492,3,19.4,16.68302015,-2.3562
2021,12,11,23,20,IMG_2395,0,0,0,0,0,0,0,1,0,0,0,2.65E-05,0.000315858,0,0,0.906113401,3,19.4,16.68302015,-2.4553
2021,12,11,23,30,IMG_2396,0,0,0,0,0,0,0,1,0,0,0,1.34E-05,0.000101427,0,0,0.874490888,3,19.4,16.68302015,-3.6557
2021,12,11,23,40,IMG_2397,0,0,0,0.013,0.199,0,0,0.788,0,0,0,0.010330852,0.158433023,0,0,0.687978944,3,19.4,16.68302015,-2.224
2021,12,11,23,50,IMG_2398,0,0,0,0.005,0.029,0,0,0.966,0,0,0,0.004110194,0.023781783,0,0,0.877091166,3,19.3,16.58522678,-2.8845
2021,12,12,0,0,IMG_2399,0,0,0,0,0,0,0,1,0,0,0,2.67E-05,4.75E-05,0,0,0.920877224,3,19.3,16.58522678,-2.004
2021,12,12,0,10,IMG_2400,0,0,0,0,0,0,0,1,0,0,0,2.01E-05,0.000114626,0,0,0.907651863,3,19.3,16.58522678,-2.0449
2021,12,12,0,20,IMG_2401,0,0,0,0,0,0,0,1,0,0,0,8.73E-05,7.06E-05,0,0,0.928414521,3,19.1,16.39112669,-1.9949
2021,12,12,0,30,IMG_2402,0,0,0,0,0,0,0,1,0,0,0,2.00E-05,3.64E-05,0,0,0.920852659,3,19,16.2948158,-1.9305
2021,12,12,0,40,IMG_2403,0,0,0,0,0,0,0,1,0,0,0,0.000154838,7.44E-05,0,0,0.910031701,3,18.9,16.1989949,-2.0076
2021,12,12,0,50,IMG_2404,0,0,0,0,0,0,0,1,0,0,0,1.37E-05,0.000155131,0,0,0.901169869,3,18.8,16.10366192,-2.1037
2021,12,12,1,0,IMG_2405,0,0,0,0,0.006,0,0,0.994,0,0,0,1.38E-05,0.004719584,0,0,0.874727652,3,18.7,16.00881479,-2.2369
2021,12,12,1,10,IMG_2406,0,0,0,0,0.038,0,0,0.962,0,0,0,0.000296034,0.033907782,0,0,0.847395365,3,18.7,16.00881479,-2.2486
2021,12,12,1,20,IMG_2407,0,0,0,0.001,0.002,0,0,0.997,0,0,0,0.00089393,0.00153575,0,0,0.908955243,3,18.7,16.00881479,-2.2001
2021,12,12,1,30,IMG_2408,0,0,0,0,0,0,0,1,0,0,0,0.00029194,7.15E-05,0,0,0.918040279,3,18.7,16.00881479,-2.1899
2021,12,12,1,40,IMG_2409,0,0,0,0.004,0.004,0,0,0.993,0,0,0,0.003177937,0.003163972,0,0,0.893932024,3,18.6,15.91445144,-2.3749
2021,12,12,1,50,IMG_2410,0,0,0,0.002,0.012,0,0,0.986,0,0,0,0.001559315,0.010796567,0,0,0.879750188,3,18.6,15.91445144,-2.3462
2021,12,12,2,0,IMG_2411,0,0,0,0.002,0.032,0,0,0.966,0,0,0,0.001490798,0.028182242,0,0,0.848065167,3,18.6,15.75530693,-2.5203
2021,12,12,2,10,IMG_2412,0,0,0,0.003,0.036,0,0,0.961,0,0,0,0.002326427,0.031553666,0,0,0.866704432,3,18.5,15.66236414,-2.232
2021,12,12,2,20,IMG_2413,0,0,0,0.003,0.005,0,0,0.992,0,0,0,0.00262358,0.004420192,0,0,0.890573595,3,18.5,15.82056984,-2.2007
2021,12,12,2,30,IMG_2414,0,0,0,0.001,0.004,0,0,0.995,0,0,0,0.000590858,0.003510968,0,0,0.920348791,3,18.6,15.91445144,-2.1218
2021,12,12,2,40,IMG_2415,0,0,0,0,0,0,0,1,0,0,0,2.61E-05,2.88E-05,0,0,0.913156641,3,18.7,16.00881479,-2.279
2021,12,12,2,50,IMG_2416,0,0,0,0,0,0,0,1,0,0,0,1.99E-05,2.29E-05,0,0,0.904965294,3,18.7,16.00881479,-2.1335
2021,12,12,3,0,IMG_2417,0,0,0,0,0,0,0,1,0,0,0,1.36E-05,3.56E-05,0,0,0.91262841,3,18.6,15.91445144,-2.0804
2021,12,12,3,10,IMG_2418,0,0,0,0,0,0,0,1,0,0,0,1.38E-05,2.43E-05,0,0,0.929136351,3,18.6,15.91445144,-2.0606
2021,12,12,3,20,IMG_2419,0,0,0,0,0,0,0,1,0,0,0,2.04E-05,3.60E-05,0,0,0.918851487,3,18.7,16.00881479,-1.9886
2021,12,12,3,30,IMG_2420,0,0,0,0,0.002,0,0,0.998,0,0,0,8.44E-05,0.0018109,0,0,0.908030469,3,18.8,16.10366192,-2.1782
2021,12,12,19,30,IMG_2421,0,0,0,0,0.076,0,0,0.924,0,0,0,5.78E-05,0.0721705,0,0,0.894022318,3,17.4,12.74441403,-5.185
2021,12,12,19,50,IMG_2423,0,0,0,0.531,0,0,0,0.469,0,0,0,0.511049647,4.74E-05,0,0,0.461035389,3,17.6,12.74743126,-5.1422
2021,12,12,20,0,IMG_2424,0,0,0,0.07,0,0,0,0.93,0,0,0,0.066330041,0.000212072,0,0,0.884300466,3,17.6,12.74743126,-4.5455
2021,12,12,20,10,IMG_2425,0,0,0,0.001,0.023,0,0,0.977,0,0,0,0.000794389,0.021330131,0,0,0.937755942,3,17.5,12.82070992,-4.0802
2021,12,12,20,20,IMG_2426,0,0,0,0.111,0.002,0,0,0.887,0,0,0,0.102867646,0.002265445,0,0,0.839275368,3,17.5,12.96978794,-5.2046
2021,12,12,20,30,IMG_2427,0,0,0,0.101,0.01,0,0,0.889,0,0,0,0.088087883,0.010383616,0,0,0.834238604,3,17.5,12.96978794,-5.4747
2021,12,12,20,40,IMG_2428,0,0,0,0.002,0.056,0,0,0.942,0,0,0,0.001716662,0.052034608,0,0,0.890944569,3,17.6,12.89740104,-5.6866
2021,12,12,20,50,IMG_2429,0,0,0,0.004,0.01,0,0,0.985,0,0,0,0.003473235,0.009752103,0,0,0.91606724,3,17.7,12.82362296,-5.7924
2021,12,12,21,0,IMG_2430,0,0,0,0,0.132,0,0,0.867,0,0,0,0.000244952,0.119511245,0,0,0.827489836,3,17.7,12.67275681,-4.8035
2021,12,12,21,20,IMG_2432,0,0,0,0.079,0.012,0,0,0.909,0,0,0,0.071609961,0.011296898,0,0,0.854797085,3,17.6,13.04737082,-5.2278
2021,12,12,21,30,IMG_2433,0,0,0,0.257,0,0,0,0.743,0,0,0,0.230197551,5.86E-05,0,0,0.710189483,3,17.5,12.82070992,-4.3193
2021,12,12,21,40,IMG_2434,0,0,0,0.036,0,0,0,0.964,0,0,0,0.031590572,8.50E-05,0,0,0.913699624,3,17.4,12.29984145,-4.517
2021,12,12,21,50,IMG_2435,0,0,0,0.226,0,0,0,0.774,0,0,0,0.194921965,5.16E-05,0,0,0.729262733,3,17.3,12.6685117,-2.823
2021,12,12,22,0,IMG_2436,0,0,0,0.037,0,0,0,0.963,0,0,0,0.030414401,3.74E-05,0,0,0.867275346,3,16.9,13.23174389,-3.1859
2021,12,12,22,10,IMG_2437,0,0,0,0.031,0,0,0,0.969,0,0,0,0.025168149,4.33E-05,0,0,0.85432672,3,16.9,12.94409729,-3.2674
2021,12,12,22,20,IMG_2438,0,0,0,0.015,0.001,0,0,0.985,0,0,0,0.01233777,0.000490137,0,0,0.823784292,3,17.1,12.95455117,-3.6504
2021,12,12,22,30,IMG_2439,0,0,0,0,0.693,0,0,0.307,0,0,0,4.12E-05,0.604005319,0,0,0.285415107,3,17.1,12.80899442,-4.2603
2021,12,12,22,40,IMG_2440,0,0,0,0.001,0.776,0,0,0.222,0,0,0,0.001286501,0.660480859,0,0,0.205249309,3,17.1,13.24566468,-2.9159
2021,12,12,23,0,IMG_2442,0,0,0,0,0.079,0,0,0.921,0,0,0,4.60E-05,0.066089919,0,0,0.8136157,3,17.1,14.55567547,-2.9161
2021,12,12,23,10,IMG_2443,0,0,0,0,0,0,0,1,0,0,0,8.18E-05,0.000149504,0,0,0.864050098,3,17.2,14.64302467,-2.5492
2021,12,12,23,20,IMG_2444,0,0,0,0,0.001,0,0,0.999,0,0,0,5.18E-05,0.000711846,0,0,0.888381205,3,17.3,14.73082756,-2.7942
2021,12,12,23,30,IMG_2445,0,0,0,0.014,0,0,0,0.986,0,0,0,0.012483271,3.62E-05,0,0,0.912352967,3,17.3,14.73082756,-1.5581
2021,12,12,23,40,IMG_2446,0,0,0,0,0.001,0,0,0.999,0,0,0,4.13E-05,0.001047025,0,0,0.919368021,3,17.3,14.73082756,-1.4464
2021,12,12,23,50,IMG_2447,0,0,0,0.002,0,0,0,0.998,0,0,0,0.001429582,6.78E-05,0,0,0.918490084,3,17,14.46877801,-1.7033
2021,12,13,0,0,IMG_2448,0,0,0,0,0,0,0,1,0,0,0,1.38E-05,5.21E-05,0,0,0.890910427,3,16.7,14.21077654,-1.8619
2021,12,13,0,10,IMG_2449,0,0,0,0,0,0,0,1,0,0,0,2.09E-05,6.20E-05,0,0,0.890036411,3,16.5,14.04099868,-1.455
2021,12,13,0,20,IMG_2450,0,0,0,0,0.003,0,0,0.997,0,0,0,1.41E-05,0.002201698,0,0,0.851933413,3,16.3,13.87298139,-1.6004
2021,12,13,0,30,IMG_2451,0,0,0,0,0,0,0,1,0,0,0,1.36E-05,0.000123843,0,0,0.87501561,3,16.1,13.70670943,-2.185
2021,12,13,0,40,IMG_2452,0,0,0,0,0.026,0,0,0.974,0,0,0,2.03E-05,0.021718427,0,0,0.854017781,3,16.1,13.70670943,-1.8004
2021,12,13,0,50,IMG_2453,0,0,0,0,0.001,0,0,0.999,0,0,0,2.01E-05,0.000712876,0,0,0.856599767,3,16.1,13.70670943,-2.0284
2021,12,13,1,0,IMG_2454,0,0,0,0,0.008,0,0,0.992,0,0,0,1.36E-05,0.007069869,0,0,0.869839596,3,16,13.62422322,-1.7608
2021,12,13,1,10,IMG_2455,0,0,0,0,0.006,0,0,0.994,0,0,0,2.01E-05,0.005153861,0,0,0.84760163,3,16.2,13.78962819,-1.9065
2021,12,13,1,20,IMG_2456,0,0,0,0,0.452,0,0,0.548,0,0,0,1.34E-05,0.341155581,0,0,0.433585059,3,16.1,13.70670943,-1.6271
2021,12,13,1,30,IMG_2457,0,0,0,0,0.062,0,0,0.938,0,0,0,2.01E-05,0.048406626,0,0,0.783955386,3,16.2,13.78962819,-1.8975
2021,12,13,1,40,IMG_2458,0,0,0,0,0,0,0,1,0,0,0,1.96E-05,5.64E-05,0,0,0.845210246,3,16.1,13.70670943,-2.0235
2021,12,13,1,50,IMG_2459,0,0,0,0,0,0,0,1,0,0,0,2.00E-05,0.000311734,0,0,0.841250586,3,16.2,13.78962819,-1.8497
2021,12,13,2,0,IMG_2460,0,0,0,0,0,0,0,1,0,0,0,1.91E-05,6.64E-05,0,0,0.829490422,3,16.2,13.78962819,-2.0698
2021,12,13,2,10,IMG_2461,0,0,0,0,0.001,0,0,0.999,0,0,0,1.97E-05,0.000637665,0,0,0.815896199,3,16.3,13.87298139,-2.0356
2021,12,13,2,20,IMG_2462,0,0,0,0,0,0,0,1,0,0,0,1.91E-05,5.47E-05,0,0,0.817363221,3,16.4,13.53806779,-1.9675
2021,12,13,2,30,IMG_2463,0,0,0,0,0.005,0,0,0.995,0,0,0,1.33E-05,0.003939566,0,0,0.829445703,3,16.4,13.25893237,-1.7573
2021,12,13,2,40,IMG_2464,0,0,0,0,0.005,0,0,0.995,0,0,0,1.32E-05,0.00383602,0,0,0.808069501,3,16.4,12.97979695,-2.4166
2021,12,13,2,50,IMG_2465,0,0,0,0,0,0,0,1,0,0,0,1.86E-05,5.94E-05,0,0,0.813334014,3,16.5,12.91771878,-2.3908
2021,12,13,3,0,IMG_2466,0,0,0,0,0,0,0,1,0,0,0,1.86E-05,0.000109142,0,0,0.813817488,3,16.5,12.7773088,-2.1636
2021,12,13,3,10,IMG_2467,0,0,0,0,0,0,0,1,0,0,0,2.53E-05,9.57E-05,0,0,0.817404965,3,16.5,12.91771878,-1.962
2021,12,13,3,20,IMG_2468,0,0,0,0,0.01,0,0,0.99,0,0,0,2.58E-05,0.007169704,0,0,0.77648732,3,16.6,12.85435659,-3.0586
2021,12,13,3,30,IMG_2469,0,0,0,0,0.001,0,0,0.999,0,0,0,3.15E-05,0.000517473,0,0,0.823517007,3,16.6,12.71309992,-2.8897
2021,12,15,23,40,IMG_2578,0,0,0,0,0,0,0,1,0,0,0,0.000116218,7.71E-05,0,0,0.893299459,3,19.1,15.07983655,-2.9229
2021,12,16,0,10,IMG_2581,0,0,0,0,0,0,0,1,0,0,0,0.000305927,9.97E-05,0,0,0.872242796,3,19.1,15.07983655,-4.1012
2021,12,16,0,20,IMG_2582,0,0,0,0,0,0,0,1,0,0,0,2.65E-05,8.53E-05,0,0,0.864385457,3,19.2,15.33377458,-3.0335
2021,12,16,0,30,IMG_2583,0,0,0,0,0,0,0,1,0,0,0,5.24E-05,9.51E-05,0,0,0.863048791,3,19.1,15.24374782,-2.1968
2021,12,16,0,40,IMG_2584,0,0,0,0,0,0,0,1,0,0,0,2.75E-05,6.40E-05,0,0,0.845109796,3,19,15.31712685,-2.8607
2021,12,16,0,50,IMG_2585,0,0,0,0,0,0,0,1,0,0,0,2.05E-05,8.86E-05,0,0,0.885594449,3,19.1,15.40765909,-2.232
2021,12,16,1,0,IMG_2586,0,0,0,0,0,0,0,1,0,0,0,2.03E-05,6.02E-05,0,0,0.873042488,3,19.1,15.24374782,-2.2965
2021,12,16,1,10,IMG_2587,0,0,0,0,0,0,0,1,0,0,0,1.36E-05,6.21E-05,0,0,0.835454612,3,19.1,15.24374782,-2.4706
2021,12,16,1,20,IMG_2588,0,0,0,0,0,0,0,1,0,0,0,1.36E-05,5.41E-05,0,0,0.898097694,3,19.3,15.4242609,-1.9771
2021,12,16,1,30,IMG_2589,0,0,0,0,0,0,0,1,0,0,0,1.39E-05,5.23E-05,0,0,0.89236564,3,19.4,15.51520874,-2.0205
2021,12,16,1,40,IMG_2590,0,0,0,0,0.007,0,0,0.993,0,0,0,3.21E-05,0.006151074,0,0,0.895829357,3,19.4,15.34837854,-2.055
2021,12,16,1,50,IMG_2591,0,0,0,0,0.001,0,0,0.999,0,0,0,4.75E-05,0.000918675,0,0,0.911800736,3,19.4,15.51520874,-1.8447
2021,12,16,2,0,IMG_2592,0,0,0,0,0,0,0,1,0,0,0,1.34E-05,6.03E-05,0,0,0.905470816,3,19.3,15.4242609,-1.8644
2021,12,16,2,10,IMG_2593,0,0,0,0,0,0,0,1,0,0,0,1.35E-05,6.70E-05,0,0,0.883460622,3,19.2,15.33377458,-1.9856
2021,12,16,2,20,IMG_2594,0,0,0,0,0,0,0,1,0,0,0,3.38E-05,6.02E-05,0,0,0.880733616,3,19.2,15.33377458,-2.0229
2021,12,16,2,30,IMG_2595,0,0,0,0,0,0,0,1,0,0,0,1.34E-05,9.72E-05,0,0,0.874432031,3,19.3,15.4242609,-2.1555
2021,12,16,2,40,IMG_2596,0,0,0,0,0,0,0,1,0,0,0,1.36E-05,0.000132828,0,0,0.879530131,3,19.2,15.33377458,-2.043
2021,12,16,2,50,IMG_2597,0,0,0,0,0,0,0,1,0,0,0,1.36E-05,5.18E-05,0,0,0.885666977,3,19.3,15.25840863,-1.994
2021,12,16,3,0,IMG_2598,0,0,0,0,0,0,0,1,0,0,0,2.03E-05,6.30E-05,0,0,0.879118382,3,19.3,15.25840863,-1.8829
2021,12,16,3,10,IMG_2599,0,0,0,0,0,0,0,1,0,0,0,2.00E-05,7.70E-05,0,0,0.868420237,3,19.4,15.34837854,-1.8632
2021,12,16,3,20,IMG_2600,0,0,0,0,0,0,0,1,0,0,0,1.33E-05,0.000182557,0,0,0.877883436,3,19.4,15.34837854,-1.6188
2021,12,16,3,30,IMG_2601,0,0,0,0,0,0,0,1,0,0,0,2.01E-05,8.36E-05,0,0,0.882443525,3,19.5,15.43880694,-1.6504
2021,12,16,22,50,IMG_2622,0,0,0,0.014,0,0,0,0.986,0,0,0,0.01310915,7.28E-05,0,0,0.926355904,3,19.7,15.62104695,-4.1442
2021,12,16,23,10,IMG_2624,0,0,0,0,0,0,0,1,0,0,0,2.13E-05,7.37E-05,0,0,0.926455859,3,19.8,15.71286247,-6.6646
2021,12,16,23,40,IMG_2627,0,0,0,0.002,0.01,0,0,0.987,0,0,0,0.00197204,0.009682933,0,0,0.904809811,3,19.9,15.63334923,-4.7324
2021,12,16,23,50,IMG_2628,0,0,0,0,0.005,0,0,0.995,0,0,0,2.83E-05,0.003802704,0,0,0.902404763,3,19.9,15.63334923,-3.5256
2021,12,17,0,0,IMG_2629,0,0,0,0.004,0.53,0,0,0.466,0,0,0,0.003684893,0.468036508,0,0,0.412493314,3,19.9,15.63334923,-2.9734
2021,12,17,0,50,IMG_2634,0,0,0,0,0.011,0,0,0.989,0,0,0,0.000112861,0.010261268,0,0,0.913681273,3,20.1,15.81729814,-1.5996
2021,12,17,1,0,IMG_2635,0,0,0,0,0,0,0,1,0,0,0,6.26E-05,0.000140873,0,0,0.930445921,3,20.3,16.00311531,-2.0051
2021,12,17,1,10,IMG_2636,0,0,0,0,0,0,0,1,0,0,0,1.40E-05,0.000109878,0,0,0.892653891,3,20.3,16.00311531,-1.7962
2021,12,17,1,20,IMG_2637,0,0,0,0,0,0,0,1,0,0,0,2.12E-05,0.000121725,0,0,0.933931378,3,20.1,15.81729814,-1.7311
2021,12,17,1,30,IMG_2638,0,0,0,0,0,0,0,1,0,0,0,3.46E-05,0.000110915,0,0,0.913113747,3,20,15.55228793,-1.176
2021,12,17,1,40,IMG_2639,0,0,0,0,0,0,0,1,0,0,0,2.08E-05,0.000136306,0,0,0.896560645,3,19.9,15.46155419,-1.4788
2021,12,17,1,50,IMG_2640,0,0,0,0,0,0,0,1,0,0,0,1.37E-05,8.85E-05,0,0,0.881186253,3,19.8,15.37127851,-1.6008
2021,12,17,2,0,IMG_2641,0,0,0,0,0,0,0,1,0,0,0,1.36E-05,5.84E-05,0,0,0.875274053,3,19.8,15.37127851,-1.6647
2021,12,17,2,20,IMG_2643,0,0,0,0,0.003,0,0,0.997,0,0,0,4.66E-05,0.002594621,0,0,0.834233188,3,19.6,15.02329264,-2.9074
2021,12,17,2,30,IMG_2644,0,0,0,0,0.001,0,0,0.999,0,0,0,2.03E-05,0.000666564,0,0,0.843260276,3,19.6,15.02329264,-1.7886
2021,12,17,2,40,IMG_2645,0,0,0,0,0.004,0,0,0.996,0,0,0,2.01E-05,0.002889859,0,0,0.809315437,3,19.8,15.02969454,-1.9193
2021,12,17,3,0,IMG_2647,0,0,0,0,0.005,0,0,0.995,0,0,0,2.60E-05,0.003383797,0,0,0.785421883,3,19.6,14.8544916,-14.8146
2021,12,17,3,10,IMG_2648,0,0,0,0,0.02,0,0,0.98,0,0,0,1.32E-05,0.01709665,0,0,0.841354169,3,19.6,14.8544916,-1.5606
2021,12,17,3,20,IMG_2649,0,0,0,0,0.031,0,0,0.968,0,0,0,2.02E-05,0.028020395,0,0,0.836392022,3,19.7,14.941871,-2.7913
2021,12,17,3,30,IMG_2650,0,0,0,0,0.037,0,0,0.963,0,0,0,1.36E-05,0.032619929,0,0,0.824677426,3,19.6,14.8544916,-3.3332
2021,12,17,19,30,IMG_2651,0,0,0,0.889,0.043,0,0,0.068,0,0,0,0.873869276,0.042992172,0,0,0.067950841,3,15.6,8.245111074,-7.8014
2021,12,17,19,40,IMG_2652,0,0,0,0.018,0.024,0,0,0.957,0,0,0,0.017312733,0.023488431,0,0,0.929903493,3,15.5,8.327475224,-7.6415
2021,12,17,19,50,IMG_2653,0,0,0,0.017,0.007,0,0,0.977,0,0,0,0.015952111,0.006666992,0,0,0.94831395,3,15.4,8.408502,-8.1943
2021,12,17,20,0,IMG_2654,0,0,0,0.613,0.008,0,0,0.379,0,0,0,0.595743044,0.007879875,0,0,0.376450233,3,15.2,8.436792324,-7.6264
2021,12,17,20,10,IMG_2655,0,0,0,0.686,0.03,0,0,0.284,0,0,0,0.667835862,0.029770425,0,0,0.283497799,3,15.1,8.385652089,-7.4378
2021,12,17,20,20,IMG_2656,0,0,0,0.812,0.07,0,0,0.118,0,0,0,0.795794742,0.0686859,0,0,0.118389776,3,15,8.206553555,-7.8314
2021,12,17,20,50,IMG_2659,0,0,0,0,1,0,0,0,0,0,0,7.10E-06,0.967708248,0,0,0,3,15.2,8.047401909,-7.6523
2021,12,17,21,0,IMG_2660,0,0,0,0,1,0,0,0,0,0,0,0,0.956711298,0,0,0,3,15.2,7.917605104,-7.818
2021,12,17,21,10,IMG_2661,0,0,0,0,0.823,0,0,0.176,0,0,0,7.77E-05,0.778753974,0,0,0.168833872,3,15.2,7.917605104,-7.9076
2021,12,17,21,30,IMG_2663,0,0,0,0.956,0.019,0,0,0.026,0,0,0,0.92042023,0.017364551,0,0,0.025249016,3,15.1,7.86961196,-7.7573
2021,12,17,21,40,IMG_2664,0,0,0,0.001,0.994,0,0,0.005,0,0,0,0.000984781,0.943516421,0,0,0.0051503,3,15.1,7.740601928,-8.0417
2021,12,17,22,0,IMG_2666,0,0,0,0.974,0.007,0,0,0.019,0,0,0,0.923763492,0.006772867,0,0,0.017918344,3,15.1,7.740601928,-7.8677
2021,12,17,22,10,IMG_2667,0,0,0,0.869,0,0,0,0.131,0,0,0,0.817714108,6.03E-05,0,0,0.125061982,3,15.1,7.740601928,-7.7935
2021,12,17,22,20,IMG_2668,0,0,0,0.575,0.044,0,0,0.381,0,0,0,0.535541309,0.039774053,0,0,0.359163747,3,15.1,7.611591896,-7.9459
2021,12,17,22,30,IMG_2669,0,0,0,0.472,0.406,0,0,0.123,0,0,0,0.438021687,0.380171837,0,0,0.113821086,3,15.1,7.611591896,-7.9391
2021,12,17,22,40,IMG_2670,0,0,0,0.46,0.058,0,0,0.482,0,0,0,0.424964123,0.053232407,0,0,0.452862613,3,15,7.565416558,-7.9894
2021,12,17,22,50,IMG_2671,0,0,0,0.608,0.01,0,0,0.382,0,0,0,0.553687282,0.009544208,0,0,0.359365633,3,15,7.565416558,-7.954
2021,12,17,23,0,IMG_2672,0,0,0,0.068,0.002,0,0,0.93,0,0,0,0.05564206,0.001300406,0,0,0.844532339,3,14.9,7.519484406,-8.0025
2021,12,17,23,10,IMG_2673,0,0,0,0.149,0.011,0,0,0.839,0,0,0,0.124658541,0.009592405,0,0,0.77107678,3,14.8,7.347119889,-7.9889
2021,12,17,23,20,IMG_2674,0,0,0,0.019,0,0,0,0.981,0,0,0,0.015575684,0.000157309,0,0,0.887194749,3,14.7,7.428345382,-8.1721
2021,12,17,23,40,IMG_2676,0,0,0,0.125,0,0,0,0.875,0,0,0,0.101374639,0.000333271,0,0,0.785568142,3,14.6,7.383136381,-8.0379
2021,12,18,0,20,IMG_2680,0,0,0,0.049,0,0,0,0.951,0,0,0,0.039993547,0.000192278,0,0,0.826095485,3,14.3,7.248938723,-9.0768
2021,12,18,0,30,IMG_2681,0,0,0,0.28,0.007,0,0,0.713,0,0,0,0.229908556,0.006490325,0,0,0.622951427,3,14.3,7.617528827,-9.2882
2021,12,18,0,40,IMG_2682,0,0,0,0.346,0.003,0,0,0.651,0,0,0,0.281318021,0.002234075,0,0,0.555960892,3,14.2,7.571018728,-9.091
2021,12,18,1,20,IMG_2686,0,0,0,0.269,0,0,0,0.731,0,0,0,0.211725323,0.000140047,0,0,0.615666714,3,14.3,6.880348618,-9.437
2021,12,18,1,30,IMG_2687,0,0,0,0.212,0,0,0,0.787,0,0,0,0.166932121,0.00012482,0,0,0.65978916,3,14.4,6.922581524,-9.5373
2021,12,18,1,50,IMG_2689,0,0,0,0.184,0.001,0,0,0.815,0,0,0,0.143548235,0.000945838,0,0,0.669859953,3,14.4,6.798963996,-9.7055
2021,12,18,2,40,IMG_2694,0,0,0,0.002,0.071,0,0,0.928,0,0,0,0.001247912,0.057710306,0,0,0.795105581,3,14.4,7.046199051,-8.5534
2021,12,18,2,50,IMG_2695,0,0,0,0,0,0,0,1,0,0,0,4.98E-05,6.48E-05,0,0,0.864518758,3,14.2,7.204679112,-8.3501
2021,12,18,3,0,IMG_2696,0,0,0,0,0.011,0,0,0.989,0,0,0,0.000304455,0.008661328,0,0,0.850321312,3,14.1,7.40338827,-8.0042
2021,12,18,3,10,IMG_2697,0,0,0,0.001,0.369,0,0,0.629,0,0,0,0.001091309,0.307183173,0,0,0.541948851,3,14,7.358112625,-8.0249
2021,12,18,3,20,IMG_2698,0,0,0,0,1,0,0,0,0,0,0,0.000147468,0.80935308,0,0,0,3,13.9,7.432964031,-8.1156
2021,12,20,19,30,IMG_2798,0,0,0,0.845,0,0,0,0.155,0,0,0,0.753935562,1.87E-05,0,0,0.14492011,3,18,12.28665315,-4.607
2021,12,20,19,40,IMG_2799,0,0,0,0.191,0,0,0,0.809,0,0,0,0.164511629,3.47E-05,0,0,0.743506761,3,18,12.44023631,-4.7265
2021,12,20,19,50,IMG_2800,0,0,0,0.879,0,0,0,0.121,0,0,0,0.799947649,1.35E-05,0,0,0.113760577,3,18.1,12.66885235,-4.4049
2021,12,20,20,0,IMG_2801,0,0,0,0.969,0,0,0,0.031,0,0,0,0.906647987,3.24E-05,0,0,0.030015287,3,17.9,12.67184447,-4.202
2021,12,20,20,10,IMG_2802,0,0,0,0.077,0.006,0,0,0.917,0,0,0,0.065337124,0.005425744,0,0,0.826533864,3,18,12.90098581,-3.9579
2021,12,20,20,20,IMG_2803,0,0,0,0.535,0.002,0,0,0.462,0,0,0,0.469533428,0.002116384,0,0,0.416687402,3,17.7,12.82362296,-4.2993
2021,12,20,20,30,IMG_2804,0,0,0,0.376,0.001,0,0,0.624,0,0,0,0.342524241,0.000669539,0,0,0.582562748,3,17.7,12.97448912,-4.3287
2021,12,20,20,40,IMG_2805,0,0,0,0.909,0,0,0,0.091,0,0,0,0.833588033,3.28E-05,0,0,0.085100308,3,17.6,13.04737082,-4.0761
2021,12,20,20,50,IMG_2806,0,0,0,0.093,0.003,0,0,0.904,0,0,0,0.087990167,0.002558684,0,0,0.808919156,3,17.4,12.59622317,-4.2489
2021,12,20,21,0,IMG_2807,0,0,0,0.798,0,0,0,0.202,0,0,0,0.738343495,3.30E-05,0,0,0.191103591,3,17.4,12.15165059,-4.1729
2021,12,20,21,10,IMG_2808,0,0,0,0.018,0.005,0,0,0.977,0,0,0,0.016996019,0.004813935,0,0,0.879157354,3,17.6,12.29752192,-4.4092
2021,12,20,21,20,IMG_2809,0,0,0,0.128,0,0,0,0.871,0,0,0,0.12023732,0.000208008,0,0,0.778577577,3,17.6,12.29752192,-4.8529
2021,12,20,21,30,IMG_2810,0,0,0,0.219,0,0,0,0.781,0,0,0,0.195527877,8.52E-05,0,0,0.707367668,3,17.6,12.29752192,-4.8535
2021,12,20,21,50,IMG_2812,0,0,0,0.142,0.003,0,0,0.855,0,0,0,0.129288687,0.003004072,0,0,0.738016917,3,17.5,12.22439783,-6.9731
2021,12,20,22,0,IMG_2813,0,0,0,0.421,0.001,0,0,0.577,0,0,0,0.379420335,0.001381415,0,0,0.524597649,3,17.6,12.14755214,-4.4044
2021,12,20,22,10,IMG_2814,0,0,0,0.763,0,0,0,0.237,0,0,0,0.668589859,1.95E-05,0,0,0.211256596,3,17.5,12.37347585,-3.9652
2021,12,20,22,20,IMG_2815,0,0,0,0.981,0,0,0,0.019,0,0,0,0.86191386,3.70E-05,0,0,0.016423039,3,17.5,12.52255387,-3.9386
2021,12,20,22,30,IMG_2816,0,0,0,0.652,0,0,0,0.348,0,0,0,0.571543412,3.09E-05,0,0,0.311419389,3,17.6,12.29752192,-3.3692
2021,12,20,22,40,IMG_2817,0,0,0,0.927,0.001,0,0,0.072,0,0,0,0.81552207,0.00084049,0,0,0.063451878,3,17.5,12.22439783,-2.864
2021,12,20,22,50,IMG_2818,0,0,0,0.139,0,0,0,0.861,0,0,0,0.125200556,6.83E-05,0,0,0.779227855,3,17.6,12.14755214,-2.5388
2021,12,20,23,0,IMG_2819,0,0,0,0,0,0,0,1,0,0,0,0.000163882,4.87E-05,0,0,0.899750511,3,17.7,11.91842605,-2.0517
2021,12,20,23,20,IMG_2821,0,0,0,0,0,0,0,1,0,0,0,0.000204267,5.77E-05,0,0,0.843350421,3,17.8,11.98960572,-2.8694
2021,12,20,23,50,IMG_2824,0,0,0,0.007,0.001,0,0,0.992,0,0,0,0.005928335,0.000483511,0,0,0.849977757,3,17.7,12.0692922,-3.2374
2021,12,21,0,0,IMG_2825,0,0,0,0,0,0,0,1,0,0,0,0.000135066,4.31E-05,0,0,0.89462938,3,17.6,11.99758236,-2.3591
2021,12,21,0,10,IMG_2826,0,0,0,0,0,0,0,1,0,0,0,1.97E-05,3.02E-05,0,0,0.90392672,3,17.7,12.22015835,-2.1193
2021,12,21,0,20,IMG_2827,0,0,0,0,0,0,0,1,0,0,0,2.64E-05,5.52E-05,0,0,0.897229657,3,17.6,12.29752192,-2.3767
2021,12,21,0,30,IMG_2828,0,0,0,0,0,0,0,1,0,0,0,2.65E-05,4.23E-05,0,0,0.897725804,3,17.6,12.29752192,-2.5131
2021,12,21,0,40,IMG_2829,0,0,0,0,0,0,0,1,0,0,0,3.99E-05,4.90E-05,0,0,0.90275909,3,17.7,12.37102451,-2.4949
2021,12,21,0,50,IMG_2830,0,0,0,0,0,0,0,1,0,0,0,2.52E-05,4.75E-05,0,0,0.885809856,3,17.7,12.37102451,-2.3062
2021,12,21,1,0,IMG_2831,0,0,0,0,0,0,0,1,0,0,0,5.50E-05,4.24E-05,0,0,0.874924647,3,17.7,12.22015835,-2.6168
2021,12,21,1,10,IMG_2832,0,0,0,0,0,0,0,1,0,0,0,3.21E-05,4.82E-05,0,0,0.879872386,3,17.7,12.22015835,-2.6144
2021,12,21,1,20,IMG_2833,0,0,0,0,0,0,0,1,0,0,0,2.57E-05,4.82E-05,0,0,0.87189686,3,17.8,12.29314004,-2.8228
2021,12,21,1,30,IMG_2834,0,0,0,0,0,0,0,1,0,0,0,5.27E-05,4.80E-05,0,0,0.882705829,3,17.8,12.4449072,-2.7838
2021,12,21,1,40,IMG_2835,0,0,0,0,0,0,0,1,0,0,0,4.32E-05,4.69E-05,0,0,0.858038597,3,17.7,12.52189066,-2.1247
2021,12,21,1,50,IMG_2836,0,0,0,0,0,0,0,1,0,0,0,3.25E-05,4.72E-05,0,0,0.865361636,3,17.6,12.4474917,-2.456
2021,12,21,2,0,IMG_2837,0,0,0,0,0,0,0,1,0,0,0,5.59E-05,5.27E-05,0,0,0.859981558,3,17.8,12.4449072,-2.3808
2021,12,21,2,10,IMG_2838,0,0,0,0,0,0,0,1,0,0,0,4.62E-05,5.25E-05,0,0,0.857370673,3,17.8,12.4449072,-2.6279
2021,12,21,2,20,IMG_2839,0,0,0,0,0,0,0,1,0,0,0,7.08E-05,4.20E-05,0,0,0.873978748,3,17.9,12.51917164,-2.7462
2021,12,21,2,30,IMG_2840,0,0,0,0,0,0,0,1,0,0,0,4.54E-05,9.16E-05,0,0,0.828363559,3,17.8,12.59667436,-2.2958
2021,12,21,2,40,IMG_2841,0,0,0,0,0,0,0,1,0,0,0,3.80E-05,8.45E-05,0,0,0.827264032,3,17.7,12.52189066,-2.6327
2021,12,21,2,50,IMG_2842,0,0,0,0,0,0,0,1,0,0,0,6.78E-05,4.53E-05,0,0,0.845209863,3,17.8,12.29314004,-2.0747
2021,12,21,3,0,IMG_2843,0,0,0,0,0,0,0,1,0,0,0,7.21E-05,6.18E-05,0,0,0.851111426,3,17.8,12.29314004,-2.1376
2021,12,21,3,10,IMG_2844,0,0,0,0,0,0,0,1,0,0,0,3.25E-05,4.05E-05,0,0,0.86037177,3,17.9,12.36649882,-1.9556
2021,12,21,3,20,IMG_2845,0,0,0,0,0,0,0,1,0,0,0,2.56E-05,4.60E-05,0,0,0.845987755,3,17.7,12.67275681,-2.0913
2021,12,21,3,30,IMG_2846,0,0,0,0,0,0,0,1,0,0,0,1.94E-05,5.76E-05,0,0,0.839647964,3,17.8,12.59667436,-2.3617
2021,12,21,19,30,IMG_2847,0,0,0,0,0,0,0,1,0,0,0,0.00032349,8.40E-05,0,0,0.969821064,3,16.8,13.58151395,-1.4289
2021,12,21,19,40,IMG_2848,0,0,0,0.001,0.001,0,0,0.998,0,0,0,0.000865918,0.000955326,0,0,0.984586163,3,16.7,13.50023771,-0.9896
2021,12,21,19,50,IMG_2849,0,0,0,0.566,0,0,0,0.434,0,0,0,0.554204965,0.000157369,0,0,0.427474489,3,16.7,13.50023771,-1.0118
2021,12,21,20,0,IMG_2850,0,0,0,0.919,0.015,0,0,0.066,0,0,0,0.910429072,0.015045275,0,0,0.06482198,3,16.7,13.50023771,-1.2103
2021,12,21,20,10,IMG_2851,0,0,0,0.487,0.004,0,0,0.509,0,0,0,0.479202043,0.004001255,0,0,0.499825488,3,16.7,13.50023771,-1.0384
2021,12,21,20,20,IMG_2852,0,0,0,0.788,0.001,0,0,0.21,0,0,0,0.78005942,0.001337966,0,0,0.206531626,3,16.7,13.50023771,-1.0384
2021,12,21,20,30,IMG_2853,0,0,0,0.844,0,0,0,0.156,0,0,0,0.835161907,8.38E-05,0,0,0.152314971,3,16.8,13.58151395,-1.0596
2021,12,21,20,40,IMG_2854,0,0,0,0.061,0,0,0,0.939,0,0,0,0.05891223,8.24E-05,0,0,0.917673009,3,16.8,13.58151395,-0.9964
2021,12,21,20,50,IMG_2855,0,0,0,0.424,0,0,0,0.576,0,0,0,0.418152517,9.49E-05,0,0,0.560290054,3,16.9,13.6632138,-1.0756
2021,12,21,21,0,IMG_2856,0,0,0,0.004,0.001,0,0,0.995,0,0,0,0.003596845,0.001276217,0,0,0.965671071,3,16.9,13.6632138,-0.4671
2021,12,21,21,10,IMG_2857,0,0,0,0.005,0,0,0,0.995,0,0,0,0.004644546,0.000119133,0,0,0.949828463,3,16.8,13.58151395,-1.2327
2021,12,21,21,20,IMG_2858,0,0,0,0.061,0.001,0,0,0.938,0,0,0,0.058666248,0.000894929,0,0,0.916972656,3,16.8,13.58151395,-0.5308
2021,12,21,21,30,IMG_2859,0,0,0,0.024,0,0,0,0.976,0,0,0,0.023379349,7.54E-05,0,0,0.956905784,3,16.7,13.50023771,-1.2835
2021,12,21,21,40,IMG_2860,0,0,0,0.002,0,0,0,0.997,0,0,0,0.002295703,9.83E-05,0,0,0.969161569,3,16.7,13.50023771,-1.4461
2021,12,21,21,50,IMG_2861,0,0,0,0,0.001,0,0,0.999,0,0,0,0.000189919,0.000780574,0,0,0.95471422,3,16.6,13.41938325,-0.5563
2021,12,21,22,0,IMG_2862,0,0,0,0.327,0,0,0,0.673,0,0,0,0.319502351,6.02E-05,0,0,0.645337861,3,16.6,13.41938325,-0.6379
2021,12,21,22,10,IMG_2863,0,0,0,0.627,0,0,0,0.373,0,0,0,0.613186185,0.00012476,0,0,0.357578035,3,16.7,13.50023771,-0.719
2021,12,21,22,20,IMG_2864,0,0,0,0.02,0,0,0,0.98,0,0,0,0.019500263,7.42E-05,0,0,0.941149489,3,16.7,13.50023771,-1.3007
2021,12,21,22,30,IMG_2865,0,0,0,0,0,0,0,1,0,0,0,1.45E-05,8.02E-05,0,0,0.943194081,3,16.6,13.41938325,-0.5052
2021,12,21,22,40,IMG_2866,0,0,0,0,0,0,0,1,0,0,0,2.89E-05,9.70E-05,0,0,0.927340302,3,16.6,13.41938325,-1.1064
2021,12,21,22,50,IMG_2867,0,0,0,0,0,0,0,1,0,0,0,2.18E-05,7.27E-05,0,0,0.923501247,3,16.6,13.41938325,-0.5373
2021,12,21,23,0,IMG_2868,0,0,0,0,0,0,0,1,0,0,0,1.44E-05,5.46E-05,0,0,0.92388569,3,16.4,13.25893237,-0.5522
2021,12,21,23,10,IMG_2869,0,0,0,0,0,0,0,1,0,0,0,1.44E-05,3.58E-05,0,0,0.929551547,3,16.4,13.25893237,-0.6159
2021,12,21,23,20,IMG_2870,0,0,0,0,0,0,0,1,0,0,0,1.44E-05,6.02E-05,0,0,0.903132482,3,16.4,13.25893237,-0.8148
2021,12,21,23,30,IMG_2871,0,0,0,0,0,0,0,1,0,0,0,2.18E-05,8.53E-05,0,0,0.929201164,3,16.4,13.25893237,-0.6249
2021,12,21,23,40,IMG_2872,0,0,0,0,0,0,0,1,0,0,0,7.80E-05,0.000104552,0,0,0.918237147,3,16.5,13.33894874,-1.1414
2021,12,21,23,50,IMG_2873,0,0,0,0,0,0,0,1,0,0,0,1.42E-05,7.80E-05,0,0,0.917989874,3,16.6,13.41938325,-0.7647
2021,12,22,0,0,IMG_2874,0,0,0,0,0,0,0,1,0,0,0,1.42E-05,5.28E-05,0,0,0.898805499,3,16.6,13.41938325,-1.1764
2021,12,22,0,10,IMG_2875,0,0,0,0,0,0,0,1,0,0,0,7.67E-05,5.79E-05,0,0,0.897778651,3,16.7,13.50023771,-0.5085
2021,12,22,0,20,IMG_2876,0,0,0,0,0,0,0,1,0,0,0,1.42E-05,5.39E-05,0,0,0.912810261,3,16.6,13.41938325,-0.5025
2021,12,22,0,30,IMG_2877,0,0,0,0,0,0,0,1,0,0,0,7.02E-05,7.52E-05,0,0,0.910108436,3,16.6,13.41938325,-0.8307
2021,12,22,0,40,IMG_2878,0,0,0,0,0,0,0,1,0,0,0,0.000207272,4.60E-05,0,0,0.908318044,3,16.5,13.33894874,-0.56
2021,12,22,0,50,IMG_2879,0,0,0,0,0,0,0,1,0,0,0,2.13E-05,4.48E-05,0,0,0.892418014,3,16.6,13.41938325,-1.1993
2021,12,22,1,0,IMG_2880,0,0,0,0,0,0,0,1,0,0,0,1.43E-05,5.32E-05,0,0,0.911244404,3,16.6,13.41938325,-0.91
2021,12,22,1,10,IMG_2881,0,0,0,0,0,0,0,1,0,0,0,1.41E-05,0.000115805,0,0,0.902977321,3,16.6,13.41938325,-0.5934
2021,12,22,1,20,IMG_2882,0,0,0,0,0,0,0,1,0,0,0,0.000336982,4.75E-05,0,0,0.907959585,3,16.6,13.41938325,-0.5409
2021,12,22,1,30,IMG_2883,0,0,0,0,0,0,0,1,0,0,0,1.41E-05,4.72E-05,0,0,0.889092105,3,16.7,13.50023771,-0.5252
2021,12,22,1,40,IMG_2884,0,0,0,0,0,0,0,1,0,0,0,1.41E-05,4.04E-05,0,0,0.898171665,3,16.8,13.58151395,-1.144
2021,12,22,1,50,IMG_2885,0,0,0,0,0,0,0,1,0,0,0,2.15E-05,4.41E-05,0,0,0.887486298,3,16.8,13.58151395,-1.2744
2021,12,22,2,0,IMG_2886,0,0,0,0.003,0,0,0,0.997,0,0,0,0.002539536,5.21E-05,0,0,0.893991504,3,16.8,13.58151395,-1.0869
2021,12,22,2,10,IMG_2887,0,0,0,0,0,0,0,1,0,0,0,0.000108203,8.66E-05,0,0,0.898208812,3,16.8,13.58151395,-0.7887
2021,12,22,2,20,IMG_2888,0,0,0,0,0,0,0,1,0,0,0,2.56E-05,6.02E-05,0,0,0.896400684,3,16.8,13.58151395,-0.65
2021,12,22,2,30,IMG_2889,0,0,0,0,0,0,0,1,0,0,0,2.04E-05,0.000112034,0,0,0.881289859,3,16.9,13.6632138,-0.6165
2021,12,22,2,40,IMG_2890,0,0,0,0,0,0,0,1,0,0,0,0.00015021,6.01E-05,0,0,0.899408083,3,16.9,13.6632138,-0.6954
2021,12,22,2,50,IMG_2891,0,0,0,0,0,0,0,1,0,0,0,1.42E-05,5.95E-05,0,0,0.899075285,3,16.9,13.6632138,-0.8946
2021,12,22,3,0,IMG_2892,0,0,0,0,0,0,0,1,0,0,0,1.45E-05,5.22E-05,0,0,0.898179733,3,16.7,13.50023771,-0.7093
2021,12,22,3,10,IMG_2893,0,0,0,0,0,0,0,1,0,0,0,1.42E-05,4.14E-05,0,0,0.895815805,3,16.6,13.41938325,-0.4996
2021,12,22,3,20,IMG_2894,0,0,0,0,0,0,0,1,0,0,0,0,5.27E-05,0,0,0.908473054,3,16.6,13.41938325,-0.4741
2021,12,22,3,30,IMG_2895,0,0,0,0,0,0,0,1,0,0,0,1.39E-05,4.68E-05,0,0,0.902821131,3,16.5,13.33894874,-1.2198
2021,12,22,19,30,IMG_2896,0,0,0,0.444,0,0,0,0.555,0,0,0,0.421740077,3.40E-05,0,0,0.543733,3,16.6,11.30053326,-1.937
2021,12,22,19,40,IMG_2897,0,0,0,0.466,0.002,0,0,0.532,0,0,0,0.433480394,0.002465828,0,0,0.514960938,3,16.7,11.22651346,-1.9811
2021,12,22,19,50,IMG_2898,0,0,0,0.687,0,0,0,0.313,0,0,0,0.642283474,4.62E-05,0,0,0.306588627,3,16.8,11.29410107,-2.0397
2021,12,22,20,0,IMG_2899,0,0,0,0.948,0,0,0,0.052,0,0,0,0.907987868,4.03E-05,0,0,0.05103913,3,16.9,11.50586426,-2.3761
2021,12,22,20,10,IMG_2900,0,0,0,0.767,0,0,0,0.233,0,0,0,0.722494847,2.70E-05,0,0,0.228579612,3,16.8,12.0089176,-3.19
2021,12,22,20,20,IMG_2901,0,0,0,0.847,0,0,0,0.153,0,0,0,0.785948956,2.49E-05,0,0,0.147664438,3,16.6,12.14807326,-3.1986
2021,12,22,20,30,IMG_2902,0,0,0,0.762,0,0,0,0.238,0,0,0,0.708800023,1.97E-05,0,0,0.231461899,3,16.5,12.07525886,-3.0361
2021,12,22,20,40,IMG_2903,0,0,0,0.817,0,0,0,0.183,0,0,0,0.757021056,2.47E-05,0,0,0.174883166,3,16.4,12.1423907,-3.0946
2021,12,22,20,50,IMG_2904,0,0,0,0.782,0,0,0,0.218,0,0,0,0.724118562,2.55E-05,0,0,0.206970155,3,16.4,12.1423907,-3.1512
2021,12,22,21,0,IMG_2905,0,0,0,0.852,0,0,0,0.148,0,0,0,0.787053343,3.24E-05,0,0,0.139321176,3,16.4,12.1423907,-3.1162
2021,12,22,21,10,IMG_2906,0,0,0,0.978,0,0,0,0.022,0,0,0,0.902247626,1.22E-05,0,0,0.020758834,3,16.4,12.1423907,-2.9846
2021,12,22,21,20,IMG_2907,0,0,0,0.914,0.004,0,0,0.082,0,0,0,0.843774038,0.00339508,0,0,0.078079102,3,16.5,12.07525886,-2.9243
2021,12,22,21,30,IMG_2908,0,0,0,0.251,0,0,0,0.748,0,0,0,0.224803981,0.000386321,0,0,0.704997498,3,16.5,12.07525886,-2.8887
2021,12,22,21,40,IMG_2909,0,0,0,0.802,0,0,0,0.198,0,0,0,0.73558726,1.92E-05,0,0,0.188233173,3,16.5,11.93484887,-2.7609
2021,12,22,21,50,IMG_2910,0,0,0,0.946,0,0,0,0.054,0,0,0,0.867794704,1.92E-05,0,0,0.051217511,3,16.5,12.07525886,-3.0993
2021,12,22,22,0,IMG_2911,0,0,0,0.947,0,0,0,0.053,0,0,0,0.857437838,1.29E-05,0,0,0.050714611,3,16.4,12.1423907,-3.2924
2021,12,22,22,10,IMG_2912,0,0,0,0.755,0,0,0,0.245,0,0,0,0.647831145,2.14E-05,0,0,0.226420741,3,16.4,12.1423907,-3.1713
2021,12,22,22,20,IMG_2913,0,0,0,0.617,0.038,0,0,0.345,0,0,0,0.501549512,0.029856242,0,0,0.31363143,3,16.3,12.20822362,-3.2401
2021,12,22,23,0,IMG_2917,0,0,0,0.085,0.119,0,0,0.796,0,0,0,0.065545786,0.0906455,0,0,0.640574534,3,16.1,12.33603849,-5.9628
2021,12,22,23,10,IMG_2918,0,0,0,0.001,0.058,0,0,0.941,0,0,0,0.000553208,0.044127637,0,0,0.783551149,3,16.2,12.41066538,-4.15
2021,12,22,23,40,IMG_2921,0,0,0,0,0.884,0,0,0.116,0,0,0,6.78E-06,0.733127712,0,0,0.096762523,3,16.3,12.48568325,-3.7587
2021,12,22,23,50,IMG_2922,0,0,0,0.009,0.01,0,0,0.981,0,0,0,0.007553936,0.008063199,0,0,0.795640557,3,16.3,12.48568325,-3.7865
2021,12,23,0,0,IMG_2923,0,0,0,0.004,0.001,0,0,0.995,0,0,0,0.002847882,0.000625586,0,0,0.785597837,3,16.4,12.42152612,-3.5177
2021,12,23,0,20,IMG_2925,0,0,0,0.002,0.995,0,0,0.003,0,0,0,0.001172761,0.755485014,0,0,0.002067541,3,16.5,12.49648882,-4.8822
2021,12,23,0,30,IMG_2926,0,0,0,0,0,0,0,1,0,0,0,4.27E-05,0.000212019,0,0,0.827025916,3,16.5,12.49648882,-3.2766
2021,12,23,0,40,IMG_2927,0,0,0,0,0.667,0,0,0.333,0,0,0,3.38E-05,0.552401728,0,0,0.283608624,3,16.5,12.49648882,-2.451
2021,12,23,0,50,IMG_2928,0,0,0,0,0.823,0,0,0.177,0,0,0,6.72E-06,0.664477103,0,0,0.139999497,3,16.6,12.57184325,-3.2388
2021,12,23,1,0,IMG_2929,0,0,0,0.001,0.978,0,0,0.02,0,0,0,0.000874579,0.774083151,0,0,0.01556084,3,16.7,12.50548335,-3.4753
2021,12,23,1,10,IMG_2930,0,0,0,0.011,0.147,0,0,0.842,0,0,0,0.007468157,0.111536666,0,0,0.683069944,3,16.7,12.50548335,-4.3837
2021,12,23,1,20,IMG_2931,0,0,0,0,0.001,0,0,0.999,0,0,0,3.98E-05,0.000451224,0,0,0.852739498,3,16.8,12.58077082,-3.4738
2021,12,23,1,30,IMG_2932,0,0,0,0,0.004,0,0,0.996,0,0,0,3.38E-05,0.003677622,0,0,0.854308391,3,16.8,12.58077082,-1.9223
2021,12,23,1,40,IMG_2933,0,0,0,0,0,0,0,1,0,0,0,4.60E-05,8.34E-05,0,0,0.856736576,3,16.8,12.58077082,-3.8749
2021,12,23,1,50,IMG_2934,0,0,0,0.005,0.002,0,0,0.993,0,0,0,0.003935712,0.001282024,0,0,0.815491136,3,16.8,12.58077082,-3.1166
2021,12,23,2,0,IMG_2935,0,0,0,0,0.021,0,0,0.979,0,0,0,0.000308053,0.018025639,0,0,0.817197987,3,16.9,12.65645068,-3.1972
2021,12,23,2,10,IMG_2936,0,0,0,0,0,0,0,1,0,0,0,7.56E-05,5.92E-05,0,0,0.828710464,3,16.9,12.65645068,-2.6814
2021,12,23,2,20,IMG_2937,0,0,0,0,0,0,0,1,0,0,0,0.000137012,5.44E-05,0,0,0.82978448,3,17,12.58783686,-2.6008
2021,12,23,2,30,IMG_2938,0,0,0,0,0,0,0,1,0,0,0,5.49E-05,4.37E-05,0,0,0.835680499,3,17.1,12.51788091,-2.3453
2021,12,23,2,40,IMG_2939,0,0,0,0,0,0,0,1,0,0,0,4.17E-05,4.33E-05,0,0,0.833844802,3,17.1,12.66343766,-2.2221
2021,12,23,2,50,IMG_2940,0,0,0,0,0,0,0,1,0,0,0,4.64E-05,3.86E-05,0,0,0.828094719,3,17,12.58783686,-2.2808
2021,12,23,3,0,IMG_2941,0,0,0,0,0,0,0,1,0,0,0,1.95E-05,4.40E-05,0,0,0.842447769,3,17.1,12.66343766,-2.2306
2021,12,23,3,10,IMG_2942,0,0,0,0,0,0,0,1,0,0,0,3.23E-05,4.34E-05,0,0,0.833780341,3,17.1,12.66343766,-2.1184
2021,12,23,3,20,IMG_2943,0,0,0,0,0,0,0,1,0,0,0,0.000106731,6.70E-05,0,0,0.831813845,3,17,12.58783686,-2.2156
2021,12,23,3,30,IMG_2944,0,0,0,0,0,0,0,1,0,0,0,2.65E-05,5.22E-05,0,0,0.870383526,3,17.1,12.66343766,-1.9191
2021,12,23,21,40,IMG_2945,0.021,0.035,0.073,0.867,0.003,0,0,0.001,2.27E-06,0.03535006,0.072980506,0.863284758,0.002966774,0,0,0.000510404,3,19.2,15.82841247,-0.8479
2021,12,23,21,50,IMG_2946,0.01,0.065,0.102,0.819,0.003,0,0,0,6.04E-06,0.064678486,0.102391767,0.816290565,0.00327648,0,1.50E-05,7.19E-06,3,19.3,15.9218177,-0.8548
2021,12,23,22,0,IMG_2947,0.002,0.017,0.028,0.95,0.003,0,0,0,2.02E-05,0.017210036,0.028079928,0.944491541,0.00277482,0,0,0.000223918,3,19.2,15.82841247,-0.8308
2021,12,23,22,10,IMG_2948,0,0,0.012,0.935,0.027,0,0.025,0.001,0,0,0.011621094,0.928493735,0.026871319,0,0.024864784,0.001212763,3,19.2,15.82841247,-0.836
2021,12,23,22,20,IMG_2949,0,0,0.005,0.936,0.042,0,0.016,0,0,0,0.005326022,0.929657302,0.0421936,0,0.016473858,9.60E-05,3,19.2,15.82841247,-0.8273
2021,12,23,22,30,IMG_2950,0,0,0,0.971,0.026,0,0,0.003,0,0,0,0.955419554,0.025879875,0,0,0.002978854,3,19.2,15.82841247,-0.9045
2021,12,23,22,40,IMG_2951,0,0,0,0.898,0,0,0,0.102,0,0,0,0.868268292,9.24E-05,0,0,0.097143074,3,19.1,15.73548162,-0.9348
2021,12,23,22,50,IMG_2952,0,0,0,0.997,0,0,0,0.003,0,0,0,0.968991857,3.28E-05,0,0,0.003247844,3,19.1,15.73548162,-0.819
2021,12,23,23,0,IMG_2953,0,0,0,0.001,0,0,0,0.999,0,0,0,0.001087357,6.46E-05,0,0,0.936370515,3,19.1,15.73548162,-0.7341
2021,12,23,23,10,IMG_2954,0,0,0,0,0,0,0,1,0,0,0,4.09E-05,6.37E-05,0,0,0.925008451,3,18.8,15.45951544,-0.733
2021,12,23,23,20,IMG_2955,0,0,0,0.002,0,0,0,0.998,0,0,0,0.001968382,8.85E-05,0,0,0.925416872,3,18.6,15.27787339,-0.8943
2021,12,23,23,30,IMG_2956,0,0,0,0.002,0,0,0,0.998,0,0,0,0.001883631,6.73E-05,0,0,0.918141294,3,18.7,15.36846219,-0.9481
2021,12,23,23,40,IMG_2957,0,0,0,0.004,0,0,0,0.996,0,0,0,0.003549181,7.99E-05,0,0,0.915933789,3,18.6,15.27787339,-0.9841
2021,12,23,23,50,IMG_2958,0,0,0,0.001,0,0,0,0.999,0,0,0,0.00052796,6.21E-05,0,0,0.91244082,3,18.7,15.36846219,-1.031
2021,12,24,0,0,IMG_2959,0,0,0,0.001,0,0,0,0.999,0,0,0,0.000480446,5.40E-05,0,0,0.902378779,3,18.7,15.36846219,-1.0948
2021,12,24,0,10,IMG_2960,0,0,0,0,0,0,0,1,0,0,0,1.64E-05,6.28E-05,0,0,0.860003155,3,18.7,15.36846219,-1.1635
2021,12,24,0,20,IMG_2961,0,0,0,0,0,0,0,1,0,0,0,1.10E-05,6.55E-05,0,0,0.865427922,3,18.7,15.36846219,-1.1322
2021,12,24,0,30,IMG_2962,0,0,0,0,0,0,0,1,0,0,0,1.58E-05,6.80E-05,0,0,0.856738957,3,18.8,15.45951544,-1.0551
2021,12,24,0,40,IMG_2963,0,0,0,0,0,0,0,1,0,0,0,3.14E-05,8.57E-05,0,0,0.848881889,3,18.8,15.45951544,-0.9057
2021,12,24,0,50,IMG_2964,0,0,0,0,0,0,0,1,0,0,0,2.06E-05,6.28E-05,0,0,0.84933131,3,18.8,15.45951544,-1.0215
2021,12,24,1,0,IMG_2965,0,0,0,0,0,0,0,1,0,0,0,3.11E-05,7.54E-05,0,0,0.851170959,3,18.9,15.5510351,-0.9082
2021,12,24,1,10,IMG_2966,0,0,0,0,0,0,0,1,0,0,0,1.56E-05,6.92E-05,0,0,0.858427103,3,18.9,15.5510351,-0.9865
2021,12,24,1,20,IMG_2967,0,0,0,0,0,0,0,1,0,0,0,2.66E-05,8.76E-05,0,0,0.864701405,3,18.8,15.45951544,-0.9551
2021,12,24,1,30,IMG_2968,0,0,0,0,0,0,0,1,0,0,0,3.18E-05,9.78E-05,0,0,0.868598933,3,18.7,15.36846219,-0.9013
2021,12,24,1,40,IMG_2969,0,0,0,0,0,0,0,1,0,0,0,1.07E-05,8.22E-05,0,0,0.870326435,3,18.8,15.45951544,-0.8101
2021,12,24,1,50,IMG_2970,0,0,0,0,0,0,0,1,0,0,0,1.09E-05,6.76E-05,0,0,0.885800308,3,18.9,15.5510351,-0.7423
2021,12,24,2,0,IMG_2971,0,0,0,0,0,0,0,1,0,0,0,2.85E-05,7.11E-05,0,0,0.887311283,3,18.8,15.45951544,-0.7157
2021,12,24,2,10,IMG_2972,0,0,0,0,0,0,0,1,0,0,0,1.73E-05,8.55E-05,0,0,0.875397814,3,18.7,15.36846219,-0.5887
2021,12,24,2,20,IMG_2973,0,0,0,0,0,0,0,1,0,0,0,1.73E-05,6.54E-05,0,0,0.866193848,3,18.6,15.27787339,-0.7404
2021,12,24,2,30,IMG_2974,0,0,0,0,0,0,0,1,0,0,0,1.08E-05,8.15E-05,0,0,0.84363113,3,18.6,15.27787339,-0.6958
2021,12,24,2,40,IMG_2975,0,0,0,0,0,0,0,1,0,0,0,1.05E-05,6.97E-05,0,0,0.849597206,3,18.5,15.18774704,-0.8315
2021,12,24,2,50,IMG_2976,0,0,0,0,0,0,0,1,0,0,0,3.13E-05,7.11E-05,0,0,0.856774842,3,18.5,15.18774704,-0.824
2021,12,24,3,0,IMG_2977,0,0,0,0,0,0,0,1,0,0,0,1.03E-05,6.20E-05,0,0,0.838349977,3,18.4,15.0980812,-0.9483
2021,12,24,3,10,IMG_2978,0,0,0,0,0,0,0,1,0,0,0,3.74E-05,0.000136809,0,0,0.86266588,3,18.4,15.0980812,-0.9849
2021,12,24,3,20,IMG_2979,0,0,0,0,0,0,0,1,0,0,0,3.16E-05,9.11E-05,0,0,0.864267413,3,18.5,15.18774704,-1.0314
2021,12,24,3,30,IMG_2980,0,0,0,0,0,0,0,1,0,0,0,2.11E-05,9.07E-05,0,0,0.8565612,3,18.5,15.18774704,-0.9909
2021,12,24,19,40,IMG_2982,0,0,0,0.88,0,0,0,0.12,0,0,0,0.871918277,5.01E-05,0,0,0.12025918,3,18.1,13.75033974,-2.8146
2021,12,24,19,50,IMG_2983,0,0,0,0.83,0,0,0,0.17,0,0,0,0.815733376,6.51E-05,0,0,0.1698984,3,18.2,13.83219755,-2.9231
2021,12,24,20,0,IMG_2984,0,0,0,0.079,0.005,0,0,0.917,0,0,0,0.075102727,0.004689002,0,0,0.863506671,3,18.2,13.9876155,-4.9299
2021,12,24,20,10,IMG_2985,0,0,0,0.986,0,0,0,0.014,0,0,0,0.949727209,1.41E-05,0,0,0.01407841,3,18.2,13.9876155,-3.9158
2021,12,24,20,30,IMG_2987,0,0,0,0.967,0.009,0,0,0.024,0,0,0,0.953622356,0.00894505,0,0,0.023814754,3,18.3,14.07081929,-1.7674
2021,12,24,20,40,IMG_2988,0,0,0,0.574,0,0,0,0.426,0,0,0,0.54921745,5.77E-05,0,0,0.420815332,3,18.3,14.07081929,-2.6256
2021,12,24,20,50,IMG_2989,0,0,0,0.419,0.002,0,0,0.579,0,0,0,0.399444877,0.002178283,0,0,0.565111561,3,18.4,13.99717945,-2.5642
2021,12,24,21,0,IMG_2990,0,0,0,0.287,0.012,0,0,0.701,0,0,0,0.272704387,0.01122204,0,0,0.673125939,3,18.3,13.75813441,-3.4137
2021,12,24,21,10,IMG_2991,0,0,0,0.324,0,0,0,0.676,0,0,0,0.29305492,3.79E-05,0,0,0.638880829,3,18.4,13.36809273,-3.8545
2021,12,24,21,20,IMG_2992,0,0,0,0.025,0,0,0,0.974,0,0,0,0.022535171,0.000358015,0,0,0.894522115,3,18.4,13.05354937,-4.3228
2021,12,24,21,30,IMG_2993,0,0,0,0.246,0,0,0,0.754,0,0,0,0.216008939,8.09E-05,0,0,0.71145468,3,18.4,12.73900602,-4.4772
2021,12,24,21,40,IMG_2994,0,0,0,0.007,0.001,0,0,0.992,0,0,0,0.006758226,0.001252742,0,0,0.89707959,3,18.4,12.73900602,-4.3445
2021,12,24,21,50,IMG_2995,0,0,0,0.062,0.084,0,0,0.854,0,0,0,0.057678553,0.074453185,0,0,0.796183008,3,18.4,12.73900602,-4.5875
2021,12,24,22,0,IMG_2996,0,0,0,0.055,0,0,0,0.945,0,0,0,0.051830491,0.000250841,0,0,0.884926645,3,18.3,12.82007979,-3.0973
2021,12,24,22,10,IMG_2997,0,0,0,0.079,0,0,0,0.92,0,0,0,0.069663522,3.87E-05,0,0,0.843004334,3,18.4,12.73900602,-3.0656
2021,12,24,22,20,IMG_2998,0,0,0,0.004,0.002,0,0,0.995,0,0,0,0.003500984,0.001534428,0,0,0.914530604,3,18.5,12.18183877,-2.0477
2021,12,24,22,30,IMG_2999,0,0,0,0.021,0,0,0,0.979,0,0,0,0.018591421,0.000182617,0,0,0.897024917,3,18.5,12.18183877,-2.1915
2021,12,24,22,40,IMG_3000,0,0,0,0.387,0,0,0,0.613,0,0,0,0.342687357,3.76E-05,0,0,0.565017646,3,18.4,11.48083258,-1.5327
2021,12,24,22,50,IMG_3001,0,0,0,0.436,0,0,0,0.564,0,0,0,0.373012936,4.11E-05,0,0,0.510470816,3,18.3,11.25665543,-1.3365
2021,12,24,23,0,IMG_3002,0,0,0,0,0,0,0,1,0,0,0,8.35E-05,7.44E-05,0,0,0.879917571,3,18.2,10.41300265,-0.7949
2021,12,24,23,10,IMG_3003,0,0,0,0,0,0,0,1,0,0,0,4.63E-05,3.46E-05,0,0,0.873779312,3,18.1,10.35137936,-0.9236
2021,12,24,23,20,IMG_3004,0,0,0,0,0,0,0,1,0,0,0,6.29E-05,4.50E-05,0,0,0.844335907,3,18.1,10.19688116,-0.448
2021,12,24,23,30,IMG_3005,0,0,0,0,0,0,0,1,0,0,0,0.000134923,5.07E-05,0,0,0.84832989,3,18,9.982905684,-0.5359
2021,12,24,23,40,IMG_3006,0,0,0,0,0,0,0,1,0,0,0,1.99E-05,5.32E-05,0,0,0.862373152,3,17.9,10.07640645,-1.0999
2021,12,24,23,50,IMG_3007,0,0,0,0,0,0,0,1,0,0,0,3.87E-05,4.47E-05,0,0,0.864486764,3,17.8,10.01663262,-1.8687
2021,12,25,0,0,IMG_3008,0,0,0,0,0,0,0,1,0,0,0,2.60E-05,8.22E-05,0,0,0.856864513,3,17.8,10.01663262,-2.2391
2021,12,25,0,10,IMG_3009,0,0,0,0,0,0,0,1,0,0,0,5.16E-05,5.67E-05,0,0,0.844316466,3,17.7,10.25889837,-2.3922
2021,12,25,0,20,IMG_3010,0,0,0,0,0,0,0,1,0,0,0,5.05E-05,5.18E-05,0,0,0.847335622,3,17.6,10.19794501,-2.2899
2021,12,25,0,30,IMG_3011,0,0,0,0,0,0,0,1,0,0,0,4.47E-05,7.03E-05,0,0,0.833551773,3,17.6,10.04797523,-2.5046
2021,12,25,0,40,IMG_3012,0,0,0,0,0,0,0,1,0,0,0,5.75E-05,7.17E-05,0,0,0.828196529,3,17.6,10.34791479,-2.6943
2021,12,25,0,50,IMG_3013,0,0,0,0,0,0,0,1,0,0,0,0.000147145,5.34E-05,0,0,0.837979237,3,17.6,10.34791479,-2.7707
2021,12,25,1,0,IMG_3014,0,0,0,0,0,0,0,1,0,0,0,8.22E-05,6.86E-05,0,0,0.817691511,3,17.5,10.43546156,-2.9782
2021,12,25,1,10,IMG_3015,0,0,0,0,0,0,0,1,0,0,0,3.92E-05,5.58E-05,0,0,0.844082384,3,17.5,10.13730552,-2.9195
2021,12,25,1,20,IMG_3016,0,0,0,0,0,0,0,1,0,0,0,2.52E-05,5.75E-05,0,0,0.82850299,3,17.5,10.13730552,-2.81
2021,12,25,1,30,IMG_3017,0,0,0,0.001,0.001,0,0,0.998,0,0,0,0.0007436,0.000399459,0,0,0.829085239,3,17.4,10.37336026,-3.0072
2021,12,25,1,40,IMG_3018,0,0,0,0,0,0,0,1,0,0,0,0.000135126,5.89E-05,0,0,0.854500699,3,17.4,10.37336026,-2.7886
2021,12,25,1,50,IMG_3019,0,0,0,0,0,0,0,1,0,0,0,4.37E-05,8.33E-05,0,0,0.796709706,3,17.4,10.52155112,-3.0847
2021,12,25,2,0,IMG_3020,0,0,0,0,0,0,0,1,0,0,0,3.84E-05,6.79E-05,0,0,0.850946898,3,17.3,10.60619584,-3.2033
2021,12,25,2,10,IMG_3021,0,0,0,0,0,0,0,1,0,0,0,1.94E-05,7.52E-05,0,0,0.839793344,3,17.3,10.60619584,-3.0445
2021,12,25,2,20,IMG_3022,0,0,0,0,0,0,0,1,0,0,0,3.12E-05,2.79E-05,0,0,0.862425849,3,17.3,10.60619584,-2.8384
2021,12,25,2,30,IMG_3023,0,0,0,0,0,0,0,1,0,0,0,1.32E-05,3.40E-05,0,0,0.863136133,3,17.3,10.60619584,-2.8721
2021,12,25,2,40,IMG_3024,0,0,0,0,0,0,0,1,0,0,0,1.30E-05,3.98E-05,0,0,0.857530754,3,17.3,10.75350412,-3.0702
2021,12,25,2,50,IMG_3025,0,0,0,0,0,0,0,1,0,0,0,2.52E-05,3.84E-05,0,0,0.874823453,3,17.2,10.83583826,-2.9276
2021,12,25,3,0,IMG_3026,0,0,0,0,0,0,0,1,0,0,0,1.96E-05,4.53E-05,0,0,0.861806746,3,17.1,11.06231336,-2.2141
2021,12,25,3,10,IMG_3027,0,0,0,0,0,0,0,1,0,0,0,2.06E-05,4.51E-05,0,0,0.864284563,3,16.9,11.21821765,-1.9558
2021,12,25,3,20,IMG_3028,0,0,0,0,0,0,0,1,0,0,0,1.36E-05,5.76E-05,0,0,0.86900927,3,16.4,11.44455215,-2.2479
2021,12,25,3,30,IMG_3029,0,0,0,0,0,0,0,1,0,0,0,1.38E-05,5.19E-05,0,0,0.863474324,3,16.2,11.72118397,-2.7709
2021,12,25,19,30,IMG_3030,0,0,0,0.766,0,0,0,0.234,0,0,0,0.7433673,5.58E-05,0,0,0.233372191,3,13.6,10.23947887,-2.994
2021,12,25,19,40,IMG_3031,0,0,0,0.384,0.003,0,0,0.613,0,0,0,0.367099211,0.00278572,0,0,0.602402374,3,13.6,10.35717403,-2.9315
2021,12,25,19,50,IMG_3032,0,0,0,0.002,0.013,0,0,0.985,0,0,0,0.001752336,0.013013792,0,0,0.9469343,3,13.5,10.29357798,-2.4855
2021,12,25,20,0,IMG_3033,0,0,0,0,0.034,0,0,0.965,0,0,0,9.91E-05,0.033219854,0,0,0.917183526,3,13.5,10.29357798,-5.3285
2021,12,25,20,10,IMG_3034,0,0,0,0,0.686,0,0,0.314,0,0,0,7.97E-05,0.60408898,0,0,0.285505191,3,13.4,10.11406763,-4.4646
2021,12,25,20,20,IMG_3035,0,0,0,0,0.012,0,0,0.988,0,0,0,6.04E-05,0.01112627,0,0,0.893915204,3,13.5,10.1766055,-5.2863
2021,12,25,20,30,IMG_3036,0,0,0,0.023,0.009,0,0,0.968,0,0,0,0.022601104,0.008942691,0,0,0.911473092,3,13.6,10.12178371,-4.382
2021,12,25,20,40,IMG_3037,0,0,0,0.002,0.005,0,0,0.993,0,0,0,0.00192823,0.004574617,0,0,0.941306445,3,13.6,10.23947887,-4.1325
2021,12,25,20,50,IMG_3038,0,0,0,0.002,0.005,0,0,0.994,0,0,0,0.001501435,0.004933864,0,0,0.935612417,3,13.5,10.29357798,-3.4895
2021,12,25,21,0,IMG_3039,0,0,0,0.173,0.002,0,0,0.826,0,0,0,0.161913912,0.001458451,0,0,0.769819449,3,13.4,10.23032128,-3.8737
2021,12,25,21,10,IMG_3040,0,0,0,0.004,0.273,0,0,0.723,0,0,0,0.003942511,0.246054244,0,0,0.670722393,3,13.3,10.05186374,-3.1994
2021,12,25,21,20,IMG_3041,0,0,0,0.055,0.01,0,0,0.936,0,0,0,0.050669426,0.009524534,0,0,0.89692355,3,13.2,10.10481985,-3.5328
2021,12,25,21,30,IMG_3042,0,0,0,0.021,0.053,0,0,0.925,0,0,0,0.021093104,0.047978238,0,0,0.836782677,3,13.2,9.989992356,-2.7683
2021,12,25,21,40,IMG_3043,0,0,0,0,0.054,0,0,0.946,0,0,0,0.00049067,0.047989814,0,0,0.873372746,3,13,10.09407426,-2.6807
2021,12,25,21,50,IMG_3044,0,0,0,0,0.09,0,0,0.91,0,0,0,2.81E-05,0.080067668,0,0,0.776942022,3,13.1,10.04257212,-3.9766
2021,12,25,22,0,IMG_3045,0,0,0,0,0,0,0,1,0,0,0,2.17E-05,7.58E-05,0,0,0.900881761,3,13.1,9.814331841,-4.2124
2021,12,25,22,10,IMG_3046,0,0,0,0,0.032,0,0,0.968,0,0,0,2.17E-05,0.027818803,0,0,0.88893889,3,12.9,9.919075091,-3.7087
2021,12,25,22,20,IMG_3047,0,0,0,0.001,0.03,0,0,0.969,0,0,0,0.000760479,0.02709073,0,0,0.85325329,3,12.8,9.85782282,-3.1106
2021,12,25,22,30,IMG_3048,0,0,0,0,0.013,0,0,0.987,0,0,0,4.62E-05,0.012232985,0,0,0.846479515,3,12.9,9.919075091,-4.0886
2021,12,25,22,40,IMG_3049,0,0,0,0,0,0,0,1,0,0,0,4.29E-05,0.000146319,0,0,0.892530251,3,12.9,9.806358328,-3.7495
2021,12,25,22,50,IMG_3050,0,0,0,0,0.023,0,0,0.977,0,0,0,0.000122168,0.019400721,0,0,0.854501998,3,13.1,9.814331841,-3.8171
2021,12,25,23,0,IMG_3051,0,0,0,0,0,0,0,1,0,0,0,2.04E-05,5.28E-05,0,0,0.853307557,3,13,9.867241129,-4.3002
2021,12,25,23,10,IMG_3052,0,0,0,0,0.254,0,0,0.746,0,0,0,1.42E-05,0.191841534,0,0,0.629032925,3,13,9.753824564,-3.332
2021,12,25,23,20,IMG_3053,0,0,0,0,0.001,0,0,0.999,0,0,0,1.41E-05,0.000448453,0,0,0.855121432,3,13,9.867241129,-3.4769
2021,12,25,23,30,IMG_3054,0,0,0,0,0.001,0,0,0.999,0,0,0,1.41E-05,0.000962072,0,0,0.860208128,3,13,9.980657693,-2.1608
2021,12,25,23,40,IMG_3055,0,0,0,0,0.254,0,0,0.746,0,0,0,1.35E-05,0.198196672,0,0,0.644393502,3,12.9,10.03179185,-2.7714
2021,12,25,23,50,IMG_3056,0,0,0,0,0.066,0,0,0.934,0,0,0,2.61E-05,0.054394651,0,0,0.787030777,3,12.8,9.969843534,-4.0562
2021,12,26,0,0,IMG_3057,0,0,0,0,0,0,0,1,0,0,0,1.41E-05,8.13E-05,0,0,0.838093157,3,12.8,9.85782282,-3.1632
2021,12,26,0,10,IMG_3058,0,0,0,0,0.039,0,0,0.961,0,0,0,1.35E-05,0.031397942,0,0,0.79696223,3,12.9,9.806358328,-2.8677
2021,12,26,0,20,IMG_3059,0,0,0,0,0.367,0,0,0.633,0,0,0,1.38E-05,0.278758834,0,0,0.514025586,3,12.9,9.919075091,-3.7248
2021,12,26,0,30,IMG_3060,0,0,0,0,0.107,0,0,0.893,0,0,0,1.37E-05,0.085333181,0,0,0.729785479,3,12.9,9.806358328,-3.369
2021,12,26,0,40,IMG_3061,0,0,0,0,0.015,0,0,0.985,0,0,0,1.39E-05,0.012827464,0,0,0.827129199,3,12.8,9.85782282,-3.0416
2021,12,26,0,50,IMG_3062,0,0,0,0,0.191,0,0,0.809,0,0,0,1.38E-05,0.150679056,0,0,0.683777456,3,12.7,9.908227799,-3.0032
2021,12,26,1,0,IMG_3063,0,0,0,0,0.121,0,0,0.879,0,0,0,2.07E-05,0.094028531,0,0,0.695028223,3,12.8,9.85782282,-2.4445
2021,12,26,1,10,IMG_3064,0,0,0,0,0.029,0,0,0.971,0,0,0,1.37E-05,0.024115437,0,0,0.826752306,3,12.8,9.969843534,-2.9649
2021,12,26,1,20,IMG_3065,0,0,0,0,0.14,0,0,0.86,0,0,0,1.36E-05,0.113565557,0,0,0.706135284,3,12.8,9.969843534,-2.6911
2021,12,26,1,30,IMG_3066,0,0,0,0,0.021,0,0,0.979,0,0,0,1.99E-05,0.018329177,0,0,0.821377118,3,12.8,9.969843534,-2.6679
2021,12,26,1,40,IMG_3067,0,0,0,0,0,0,0,1,0,0,0,1.40E-05,6.44E-05,0,0,0.808783376,3,12.8,9.745802106,-2.1521
2021,12,26,1,50,IMG_3068,0,0,0,0,0.868,0,0,0.132,0,0,0,6.75E-06,0.685569471,0,0,0.109267796,3,12.8,9.745802106,-3.6379
2021,12,26,2,0,IMG_3069,0,0,0,0,0.356,0,0,0.644,0,0,0,1.39E-05,0.291927877,0,0,0.514421575,3,12.9,9.806358328,-3.3358
2021,12,26,2,30,IMG_3072,0,0,0,0,0.045,0,0,0.955,0,0,0,0.000252937,0.032037553,0,0,0.737747281,3,12.8,9.633781392,-4.0085
2021,12,26,2,40,IMG_3073,0,0,0,0,0.131,0,0,0.869,0,0,0,2.05E-05,0.104083151,0,0,0.666272686,3,12.9,9.693641566,-4.7815
2021,12,26,2,50,IMG_3074,0,0,0,0,0.996,0,0,0.004,0,0,0,1.31E-05,0.729828223,0,0,0.002637688,3,12.7,9.574242592,-6.0439
2021,12,26,3,10,IMG_3076,0,0,0,0,0.021,0,0,0.979,0,0,0,1.30E-05,0.016670793,0,0,0.790191391,3,13,9.640407999,-4.2249
2021,12,26,3,20,IMG_3077,0,0,0,0,0.001,0,0,0.999,0,0,0,1.92E-05,0.000573625,0,0,0.813651224,3,13,9.640407999,-3.4239
2021,12,26,3,30,IMG_3078,0,0,0,0,0.012,0,0,0.988,0,0,0,3.13E-05,0.010067285,0,0,0.811611846,3,12.9,9.806358328,-3.2056
2021,12,26,19,30,IMG_3079,0,0,0,0.001,0.035,0,0,0.964,0,0,0,0.000831333,0.03221425,0,0,0.909067743,3,12.3,9.013483739,-3.8044
2021,12,26,19,40,IMG_3080,0,0,0,0.001,0.234,0,0,0.765,0,0,0,0.000735261,0.213939363,0,0,0.710714408,3,12.3,9.013483739,-3.4332
2021,12,26,19,50,IMG_3081,0,0,0,0,0.059,0,0,0.941,0,0,0,0.000313619,0.055021214,0,0,0.897874422,3,12.4,9.069718848,-2.9831
2021,12,26,20,0,IMG_3082,0,0,0,0,0.98,0,0,0.02,0,0,0,1.41E-05,0.901513101,0,0,0.019028914,3,12.5,9.016303649,-3.084
2021,12,26,20,10,IMG_3083,0,0,0,0,0.709,0,0,0.291,0,0,0,3.31E-05,0.651627719,0,0,0.272943389,3,12.5,8.906348726,-3.1313
2021,12,26,20,30,IMG_3085,0,0,0,0.001,0.02,0,0,0.979,0,0,0,0.000770853,0.018606152,0,0,0.938730942,3,12.6,8.961824667,-3.1677
2021,12,26,20,40,IMG_3086,0,0,0,0,0.036,0,0,0.964,0,0,0,2.83E-05,0.031575759,0,0,0.902233511,3,12.6,8.961824667,-3.3611
2021,12,26,20,50,IMG_3087,0,0,0,0.002,0.006,0,0,0.992,0,0,0,0.001344419,0.005714468,0,0,0.931582324,3,12.7,9.017600581,-3.4954
2021,12,26,21,0,IMG_3088,0,0,0,0.001,0.03,0,0,0.97,0,0,0,0.000527194,0.027049459,0,0,0.908160735,3,12.6,9.072464478,-3.3562
2021,12,26,21,10,IMG_3089,0,0,0,0.021,0.003,0,0,0.976,0,0,0,0.019010419,0.003102314,0,0,0.9230064,3,12.6,9.072464478,-4.3018
2021,12,26,21,20,IMG_3090,0,0,0,0.058,0,0,0,0.942,0,0,0,0.054908323,0.000294621,0,0,0.902085983,3,12.6,9.072464478,-3.6144
2021,12,26,21,30,IMG_3091,0,0,0,0,0.003,0,0,0.997,0,0,0,4.04E-05,0.002562102,0,0,0.928115986,3,12.6,9.183104289,-3.3326
2021,12,26,21,40,IMG_3092,0,0,0,0.001,0.003,0,0,0.996,0,0,0,0.001026052,0.002884495,0,0,0.93480495,3,12.5,9.126258571,-4.191
2021,12,26,21,50,IMG_3093,0,0,0,0,0.004,0,0,0.996,0,0,0,2.77E-05,0.003478831,0,0,0.914610111,3,12.6,9.072464478,-3.8085
2021,12,26,22,0,IMG_3094,0,0,0,0.004,0,0,0,0.995,0,0,0,0.004140362,0.000149707,0,0,0.89934345,3,12.6,9.072464478,-3.7144
2021,12,26,22,10,IMG_3095,0,0,0,0.02,0,0,0,0.98,0,0,0,0.018475766,4.30E-05,0,0,0.904597739,3,12.5,9.016303649,-3.2621
2021,12,26,22,20,IMG_3096,0,0,0,0.024,0,0,0,0.975,0,0,0,0.022391737,0.000170771,0,0,0.902357745,3,12.5,9.126258571,-3.4402
2021,12,26,22,30,IMG_3097,0,0,0,0.029,0,0,0,0.97,0,0,0,0.026432024,4.41E-05,0,0,0.907184615,3,12.4,9.178992569,-3.4728
2021,12,26,22,40,IMG_3098,0,0,0,0,0,0,0,1,0,0,0,1.32E-05,3.42E-05,0,0,0.902637688,3,12.3,9.013483739,-3.3187
2021,12,26,22,50,IMG_3099,0,0,0,0.012,0,0,0,0.988,0,0,0,0.011224076,5.37E-05,0,0,0.901988093,3,12.2,9.173396492,-4.014
2021,12,26,23,0,IMG_3100,0,0,0,0.001,0,0,0,0.999,0,0,0,0.000892165,4.62E-05,0,0,0.884902284,3,12.2,9.06547418,-3.4832
2021,12,26,23,10,IMG_3101,0,0,0,0.005,0,0,0,0.995,0,0,0,0.004730273,0.000304342,0,0,0.882827081,3,12.1,9.116426009,-3.3764
2021,12,26,23,20,IMG_3102,0,0,0,0,0,0,0,1,0,0,0,1.97E-05,7.82E-05,0,0,0.877818712,3,12.1,8.901921868,-3.5358
2021,12,26,23,30,IMG_3103,0,0,0,0,0,0,0,1,0,0,0,1.38E-05,5.15E-05,0,0,0.876227284,3,12.2,8.849629557,-3.5072
2021,12,26,23,40,IMG_3104,0,0,0,0,0.017,0,0,0.983,0,0,0,1.39E-05,0.012626435,0,0,0.83246854,3,12.1,8.901921868,-3.3545
2021,12,26,23,50,IMG_3105,0,0,0,0,0,0,0,1,0,0,0,3.99E-05,6.97E-05,0,0,0.860563604,3,11.9,8.897484451,-3.294
2021,12,27,0,0,IMG_3106,0,0,0,0,0.003,0,0,0.997,0,0,0,3.23E-05,0.002863522,0,0,0.821863897,3,11.8,8.947355462,-3.0576
2021,12,27,0,10,IMG_3107,0,0,0,0,0,0,0,1,0,0,0,3.24E-05,9.26E-05,0,0,0.855401202,3,11.7,8.996214768,-3.4679
2021,12,27,0,20,IMG_3108,0,0,0,0,0.001,0,0,0.999,0,0,0,1.34E-05,0.000413574,0,0,0.875911989,3,11.7,8.996214768,-3.2252
2021,12,27,0,30,IMG_3109,0,0,0,0,0,0,0,1,0,0,0,2.01E-05,6.73E-05,0,0,0.880636636,3,11.7,8.996214768,-3.085
2021,12,27,0,40,IMG_3110,0,0,0,0,0.001,0,0,0.999,0,0,0,2.63E-05,0.000702389,0,0,0.887875721,3,11.5,8.987629332,-2.3337
2021,12,27,0,50,IMG_3111,0,0,0,0,0.001,0,0,0.999,0,0,0,2.02E-05,0.000628065,0,0,0.844015693,3,11.5,9.090935416,-2.2645
2021,12,27,1,0,IMG_3112,0,0,0,0,0,0,0,1,0,0,0,2.63E-05,7.71E-05,0,0,0.869608549,3,11.5,8.987629332,-2.2893
2021,12,27,1,10,IMG_3113,0,0,0,0,0.001,0,0,0.999,0,0,0,1.98E-05,0.000620696,0,0,0.860703155,3,11.4,8.931493498,-3.277
2021,12,27,1,20,IMG_3114,0,0,0,0,0,0,0,1,0,0,0,1.97E-05,0.000181971,0,0,0.845510111,3,11.4,8.828832654,-3.6562
2021,12,27,1,30,IMG_3115,0,0,0,0,0.673,0,0,0.327,0,0,0,2.65E-05,0.526020192,0,0,0.270289934,3,11.4,8.828832654,-3.5847
2021,12,27,1,40,IMG_3116,0,0,0,0,0,0,0,1,0,0,0,1.98E-05,8.53E-05,0,0,0.857652036,3,11.4,8.931493498,-3.2157
2021,12,27,1,50,IMG_3117,0,0,0,0.001,0,0,0,0.999,0,0,0,0.000560216,5.11E-05,0,0,0.849570605,3,11.3,8.875662774,-2.9958
2021,12,27,2,0,IMG_3118,0,0,0,0.005,0,0,0,0.995,0,0,0,0.004881843,5.46E-05,0,0,0.834273039,3,11.4,8.931493498,-3.1581
2021,12,27,2,10,IMG_3119,0,0,0,0,0,0,0,1,0,0,0,3.81E-05,5.13E-05,0,0,0.84714864,3,11.4,8.726171809,-3.2181
2021,12,27,2,20,IMG_3120,0,0,0,0,0.01,0,0,0.99,0,0,0,4.33E-05,0.008277509,0,0,0.799331994,3,11.4,8.726171809,-3.2615
2021,12,27,2,30,IMG_3121,0,0,0,0,0.005,0,0,0.995,0,0,0,3.77E-05,0.004208083,0,0,0.819630469,3,11.4,8.726171809,-3.5509
2021,12,27,2,40,IMG_3122,0,0,0,0,0.001,0,0,0.999,0,0,0,2.46E-05,0.001154229,0,0,0.831543555,3,11.5,8.677711079,-3.3128
2021,12,27,2,50,IMG_3123,0,0,0,0,0.001,0,0,0.999,0,0,0,3.79E-05,0.000466128,0,0,0.831884691,3,11.6,8.628252284,-3.0693
2021,12,27,3,0,IMG_3124,0,0,0,0,0,0,0,1,0,0,0,2.48E-05,0.0001247,0,0,0.821091361,3,11.6,8.628252284,-3.1853
2021,12,27,3,10,IMG_3125,0,0,0,0,0,0,0,1,0,0,0,3.83E-05,5.74E-05,0,0,0.836343885,3,11.6,8.524297437,-2.8765
2021,12,27,3,20,IMG_3126,0,0,0,0,0.228,0,0,0.772,0,0,0,7.66E-05,0.170266722,0,0,0.616651465,3,11.6,8.628252284,-2.591
2021,12,27,3,30,IMG_3127,0,0,0,0,0.001,0,0,0.999,0,0,0,2.47E-05,0.000683917,0,0,0.816520906,3,11.6,8.628252284,-2.8556
2021,12,28,0,10,IMG_3140,0,0,0,0,0.839,0,0,0.161,0,0,0,6.41E-05,0.665343254,0,0,0.124038724,3,13.4,9.997813977,-2.8101
2021,12,28,0,20,IMG_3141,0,0,0,0.002,0.998,0,0,0,0,0,0,0.001303703,0.722734728,0,0,0.000182234,3,13.5,10.05963303,-4.0415
2021,12,28,0,40,IMG_3143,0,0,0,0,0,0,0,1,0,0,0,3.96E-05,0.000340602,0,0,0.8697311,3,13.3,10.05186374,-2.3625
2021,12,28,0,50,IMG_3144,0,0,0,0,0.011,0,0,0.989,0,0,0,0.000143697,0.009165137,0,0,0.825877201,3,13.5,10.1766055,-2.1602
2021,12,28,1,0,IMG_3145,0,0,0,0,0.022,0,0,0.978,0,0,0,6.31E-05,0.018945313,0,0,0.811845891,3,13.6,10.12178371,-2.3043
2021,12,28,1,10,IMG_3146,0,0,0,0,0.717,0,0,0.283,0,0,0,1.67E-05,0.584376322,0,0,0.234303531,3,13.6,10.12178371,-2.6193
2021,12,28,1,20,IMG_3147,0,0,0,0,0.13,0,0,0.87,0,0,0,0.000114002,0.102845876,0,0,0.732613154,3,13.6,10.12178371,-2.9033
2021,12,28,1,30,IMG_3148,0,0,0,0,0.3,0,0,0.7,0,0,0,0.000217142,0.237105131,0,0,0.584869351,3,13.6,10.12178371,-3.9896
2021,12,28,1,40,IMG_3149,0,0,0,0,0.904,0,0,0.096,0,0,0,0.000275879,0.718222919,0,0,0.077695786,3,13.7,10.18426751,-5.2402
2021,12,28,2,10,IMG_3152,0,0,0,0,0.002,0,0,0.998,0,0,0,4.43E-05,0.001882955,0,0,0.842531258,3,13.7,10.18426751,-3.0894
2021,12,28,2,20,IMG_3153,0,0,0,0.001,0.013,0,0,0.986,0,0,0,0.000980394,0.011152547,0,0,0.84203605,3,13.7,10.18426751,-2.9846
2021,12,28,2,30,IMG_3154,0,0,0,0,0.05,0,0,0.95,0,0,0,2.33E-05,0.039352494,0,0,0.788040452,3,13.7,10.18426751,-2.7349
2021,12,28,2,40,IMG_3155,0,0,0,0.042,0.53,0,0,0.428,0,0,0,0.033345087,0.404192533,0,0,0.347754703,3,13.7,10.18426751,-2.3266
2021,12,28,2,50,IMG_3156,0,0,0,0,0.023,0,0,0.976,0,0,0,0.000223325,0.018037951,0,0,0.787128816,3,13.7,10.18426751,-2.9313
2021,12,28,3,0,IMG_3157,0,0,0,0,0.993,0,0,0.007,0,0,0,2.83E-05,0.761539611,0,0,0.005304605,3,13.6,10.12178371,-2.2663
2021,12,28,3,10,IMG_3158,0,0,0,0.001,0.01,0,0,0.989,0,0,0,0.000507429,0.008128771,0,0,0.824374234,3,13.7,10.18426751,-2.1811
2021,12,28,3,20,IMG_3159,0,0,0,0.001,0.2,0,0,0.799,0,0,0,0.000762928,0.152388026,0,0,0.639737906,3,13.7,10.18426751,-2.7802
2021,12,28,3,30,IMG_3160,0,0,0,0,1,0,0,0,0,0,0,0,0.743051232,0,0,0,3,13.7,10.18426751,-4.2866
2021,12,28,19,30,IMG_3161,0,0,0,0,0.254,0,0,0.746,0,0,0,0.000113296,0.252071139,0,0,0.740018592,3,16.4,12.56109382,-3.1438
2021,12,28,19,40,IMG_3162,0,0,0,0,0.016,0,0,0.984,0,0,0,9.09E-05,0.016053418,0,0,0.96747823,3,16.4,12.56109382,-3.5029
2021,12,28,19,50,IMG_3163,0,0,0,0.005,0.251,0,0,0.744,0,0,0,0.005309525,0.248855371,0,0,0.740626119,3,16.5,12.63689881,-3.3016
2021,12,28,20,0,IMG_3164,0,0,0,0.073,0.853,0,0,0.074,0,0,0,0.071495125,0.851709706,0,0,0.074277111,3,16.5,12.63689881,-3.1643
2021,12,28,20,10,IMG_3165,0,0,0,0,0.011,0,0,0.989,0,0,0,2.93E-05,0.011352133,0,0,0.962862342,3,16.4,12.56109382,-2.859
2021,12,28,20,20,IMG_3166,0,0,0,0,0.693,0,0,0.307,0,0,0,1.48E-05,0.613131746,0,0,0.288670192,3,16.5,12.7773088,-4.4902
2021,12,28,20,50,IMG_3169,0,0,0,0,0.031,0,0,0.969,0,0,0,2.09E-05,0.025255056,0,0,0.849619659,3,16.5,12.63689881,-7.8383
2021,12,28,21,0,IMG_3170,0,0,0,0,0.36,0,0,0.64,0,0,0,1.46E-05,0.291771011,0,0,0.592970485,3,16.5,12.63689881,-6.3556
2021,12,28,23,20,IMG_3184,0,0,0,0,0.739,0,0,0.261,0,0,0,1.36E-05,0.571006318,0,0,0.222514581,3,15.2,12.20089967,-4.4454
2021,12,29,0,40,IMG_3192,0,0,0,0,0.19,0,0,0.81,0,0,0,1.35E-05,0.140396221,0,0,0.639459315,3,15.7,12.57658059,-3.7455
2021,12,29,0,50,IMG_3193,0,0,0,0,0,0,0,0.999,0,0,0,0.000299422,0.000227569,0,0,0.890222326,3,15.7,12.57658059,-1.9351
2021,12,29,1,0,IMG_3194,0,0,0,0,0,0,0,1,0,0,0,2.04E-05,6.30E-05,0,0,0.888503283,3,15.9,12.72963761,-2.011
2021,12,29,1,10,IMG_3195,0,0,0,0,0.021,0,0,0.979,0,0,0,1.39E-05,0.018991534,0,0,0.87830791,3,15.9,12.72963761,-2.026
2021,12,29,1,20,IMG_3196,0,0,0,0,0,0,0,1,0,0,0,1.40E-05,0.000385915,0,0,0.908979778,3,16.1,12.74723977,-1.7031
2021,12,29,1,30,IMG_3197,0,0,0,0,0.023,0,0,0.977,0,0,0,1.38E-05,0.017724775,0,0,0.819512102,3,16,12.67052759,-1.8992
2021,12,29,1,40,IMG_3198,0,0,0,0,0.036,0,0,0.964,0,0,0,1.39E-05,0.03025927,0,0,0.835538447,3,16.1,12.74723977,-2.1996
2021,12,29,1,50,IMG_3199,0,0,0,0,0.199,0,0,0.801,0,0,0,1.38E-05,0.155733496,0,0,0.641791804,3,16.1,12.74723977,-2.6068
2021,12,29,2,0,IMG_3200,0,0,0,0,0.702,0,0,0.298,0,0,0,1.36E-05,0.537559803,0,0,0.237789228,3,16.2,12.82435422,-3.0276
2021,12,29,2,10,IMG_3201,0,0,0,0,0.215,0,0,0.785,0,0,0,1.38E-05,0.16514055,0,0,0.633367916,3,16.2,12.82435422,-2.47
2021,12,29,2,20,IMG_3202,0,0,0,0,0.884,0,0,0.116,0,0,0,1.37E-05,0.673407925,0,0,0.086910675,3,16.2,12.82435422,-2.6473
2021,12,29,2,30,IMG_3203,0,0,0,0,0.835,0,0,0.165,0,0,0,1.34E-05,0.612266541,0,0,0.131161035,3,16.3,12.76314288,-3.2145
2021,12,29,2,40,IMG_3204,0,0,0,0,0.007,0,0,0.993,0,0,0,1.36E-05,0.005662087,0,0,0.826145395,3,16.2,12.68645794,-2.9155
2021,12,29,2,50,IMG_3205,0,0,0,0,0,0,0,1,0,0,0,1.34E-05,7.26E-05,0,0,0.82502183,3,16.2,12.54856166,-3.0001
2021,12,29,3,0,IMG_3206,0,0,0,0,0.001,0,0,0.999,0,0,0,1.33E-05,0.001074835,0,0,0.829247942,3,16.3,12.62441306,-2.8504
2021,12,29,3,10,IMG_3207,0,0,0,0,0.129,0,0,0.871,0,0,0,3.23E-05,0.104110547,0,0,0.720578456,3,16.3,12.48568325,-2.9031
2021,12,29,3,20,IMG_3208,0,0,0,0,0.262,0,0,0.738,0,0,0,0.000319952,0.200903621,0,0,0.592981355,3,16.3,12.48568325,-4.4705
2021,12,29,3,30,IMG_3209,0,0,0,0.001,0.002,0,0,0.996,0,0,0,0.001273122,0.001838619,0,0,0.860997153,3,16.3,12.34695344,-2.721
2021,12,29,19,30,IMG_3210,0,0,0,0.295,0.018,0,0,0.688,0,0,0,0.26306691,0.017118803,0,0,0.635416992,3,16.5,11.79443889,-6.2794
2021,12,29,19,40,IMG_3211,0,0,0,0.671,0,0,0,0.329,0,0,0,0.631948498,3.38E-05,0,0,0.31889043,3,16.5,11.6540289,-5.8015
2021,12,29,20,0,IMG_3213,0,0,0,0.029,0.001,0,0,0.97,0,0,0,0.028029349,0.000903591,0,0,0.895607001,3,16.5,11.6540289,-5.9519
2021,12,29,20,10,IMG_3214,0,0,0,0.201,0,0,0,0.798,0,0,0,0.187171064,0.00034399,0,0,0.773051795,3,16.6,11.58304659,-4.9066
2021,12,29,20,20,IMG_3215,0,0,0,0.364,0,0,0,0.636,0,0,0,0.345160524,2.65E-05,0,0,0.623920951,3,16.6,11.58304659,-4.3759
2021,12,29,20,30,IMG_3216,0,0,0,0.341,0,0,0,0.659,0,0,0,0.321763589,2.65E-05,0,0,0.641998257,3,16.7,11.79494453,-4.9734
2021,12,29,20,40,IMG_3217,0,0,0,0.073,0.007,0,0,0.92,0,0,0,0.069370696,0.006545913,0,0,0.88492488,3,16.6,11.58304659,-5.142
2021,12,29,20,50,IMG_3218,0,0,0,0.001,0.006,0,0,0.994,0,0,0,0.000685066,0.005530086,0,0,0.930740152,3,16.6,11.58304659,-5.2052
2021,12,29,21,0,IMG_3219,0,0,0,0.327,0.009,0,0,0.664,0,0,0,0.296542999,0.008460126,0,0,0.624599775,3,16.6,11.58304659,-6.0044
2021,12,29,21,10,IMG_3220,0,0,0,0.973,0.026,0,0,0.001,0,0,0,0.897328989,0.024664461,0,0,0.000608857,3,16.6,11.58304659,-5.8257
2021,12,29,21,20,IMG_3221,0,0,0,1,0,0,0,0,0,0,0,0.921032212,1.99E-05,0,0,0.00028575,3,16.6,11.58304659,-5.7813
2021,12,29,21,30,IMG_3222,0,0,0,0.522,0.003,0,0,0.475,0,0,0,0.471911441,0.002988755,0,0,0.429122746,3,16.6,11.58304659,-6.1301
2021,12,29,21,40,IMG_3223,0,0,0,0.997,0.002,0,0,0.001,0,0,0,0.848784968,0.001874084,0,0,0.000609623,3,16.6,11.58304659,-8.1654
2021,12,29,22,20,IMG_3227,0,0,0,0.598,0.131,0,0,0.271,0,0,0,0.485898054,0.103658293,0,0,0.225923182,3,16.6,11.44178993,-5.8531
2021,12,29,22,30,IMG_3228,0,0,0,0.111,0.006,0,0,0.883,0,0,0,0.098414348,0.005487958,0,0,0.775216256,3,16.6,11.44178993,-4.2892
2021,12,29,22,40,IMG_3229,0,0,0,0.192,0.007,0,0,0.801,0,0,0,0.182247799,0.006378148,0,0,0.768113747,3,16.3,11.65330437,-4.2414
2021,12,29,22,50,IMG_3230,0,0,0,0.412,0.006,0,0,0.583,0,0,0,0.393699654,0.005389769,0,0,0.565055386,3,16.1,11.78777011,-3.2187
2021,12,29,23,0,IMG_3231,0,0,0,0,0,0,0,0.999,0,0,0,0.000435284,0.000224624,0,0,0.950664536,3,16,12.12555867,-3.1057
2021,12,29,23,10,IMG_3232,0,0,0,0,0,0,0,1,0,0,0,3.39E-05,4.34E-05,0,0,0.936252178,3,15.8,12.11448681,-3.4091
2021,12,29,23,20,IMG_3233,0,0,0,0,0.001,0,0,0.999,0,0,0,1.39E-05,0.000880206,0,0,0.927925684,3,15.6,11.83572396,-3.5963
2021,12,29,23,30,IMG_3234,0,0,0,0,0.04,0,0,0.96,0,0,0,1.38E-05,0.033810599,0,0,0.838077892,3,15.5,11.76421103,-3.8165
2021,12,29,23,40,IMG_3235,0,0,0,0,0.067,0,0,0.933,0,0,0,2.09E-05,0.058181122,0,0,0.837614949,3,15.5,11.63202888,-4.034
2021,12,29,23,50,IMG_3236,0,0,0,0,0,0,0,1,0,0,0,2.07E-05,7.15E-05,0,0,0.904877982,3,15.5,11.63202888,-3.8846
2021,12,30,0,0,IMG_3237,0,0,0,0,0,0,0,1,0,0,0,2.06E-05,7.25E-05,0,0,0.911213439,3,15.5,11.49984674,-4.0207
2021,12,30,0,10,IMG_3238,0,0,0,0,0,0,0,1,0,0,0,1.40E-05,3.49E-05,0,0,0.900066226,3,15.6,11.43676697,-3.9923
2021,12,30,0,20,IMG_3239,0,0,0,0,0,0,0,1,0,0,0,2.01E-05,4.97E-05,0,0,0.899443284,3,15.6,11.30378131,-4.1435
2021,12,30,0,30,IMG_3240,0,0,0,0,0,0,0,1,0,0,0,2.02E-05,8.90E-05,0,0,0.898426277,3,15.7,11.23864648,-4.2137
2021,12,30,0,40,IMG_3241,0,0,0,0,0,0,0,1,0,0,0,2.03E-05,5.40E-05,0,0,0.89495157,3,15.8,11.30685436,-4.1634
2021,12,30,0,50,IMG_3242,0,0,0,0,0,0,0,1,0,0,0,2.01E-05,5.34E-05,0,0,0.898590009,3,15.8,11.17224895,-4.0663
2021,12,30,1,0,IMG_3243,0,0,0,0,0.012,0,0,0.988,0,0,0,2.01E-05,0.01087198,0,0,0.88149233,3,15.8,11.30685436,-3.8747
2021,12,30,1,10,IMG_3244,0,0,0,0,0,0,0,1,0,0,0,2.00E-05,5.40E-05,0,0,0.893805912,3,15.7,11.10485307,-4.1161
2021,12,30,1,20,IMG_3245,0,0,0,0,0,0,0,1,0,0,0,2.58E-05,4.71E-05,0,0,0.884993254,3,15.6,10.90482432,-4.2075
2021,12,30,1,30,IMG_3246,0,0,0,0,0,0,0,1,0,0,0,1.97E-05,6.41E-05,0,0,0.892323302,3,15.6,10.77183866,-4.0589
2021,12,30,1,40,IMG_3247,0,0,0,0,0,0,0,1,0,0,0,1.38E-05,4.68E-05,0,0,0.884350841,3,15.6,10.77183866,-4.1549
2021,12,30,1,50,IMG_3248,0,0,0,0,0,0,0,1,0,0,0,2.00E-05,5.79E-05,0,0,0.893047731,3,15.6,10.638853,-4.1613
2021,12,30,2,0,IMG_3249,0,0,0,0,0,0,0,1,0,0,0,2.00E-05,5.91E-05,0,0,0.882198017,3,15.5,10.57457171,-3.922
2021,12,30,2,10,IMG_3250,0,0,0,0,0.006,0,0,0.994,0,0,0,2.00E-05,0.005410832,0,0,0.871563326,3,15.4,10.5106275,-3.915
2021,12,30,2,20,IMG_3251,0,0,0,0,0,0,0,1,0,0,0,1.41E-05,5.87E-05,0,0,0.895545816,3,15.2,10.5135412,-3.7184
2021,12,30,2,30,IMG_3252,0,0,0,0,0,0,0,1,0,0,0,1.41E-05,4.35E-05,0,0,0.877390174,3,15.1,10.70783267,-3.8411
2021,12,30,2,40,IMG_3253,0,0,0,0,0,0,0,1,0,0,0,1.39E-05,5.69E-05,0,0,0.881200744,3,14.9,10.70570661,-3.9933
2021,12,30,2,50,IMG_3254,0,0,0,0,0,0,0,1,0,0,0,1.99E-05,0.000147529,0,0,0.866306032,3,14.8,10.51398191,-3.7861
2021,12,30,3,0,IMG_3255,0,0,0,0,0,0,0,1,0,0,0,1.91E-05,5.10E-05,0,0,0.862028568,3,15,10.38641934,-4.0672
2021,12,30,3,10,IMG_3256,0,0,0,0,0,0,0,1,0,0,0,1.96E-05,4.66E-05,0,0,0.872818329,3,15,10.12996454,-3.7368
2021,12,30,3,20,IMG_3257,0,0,0,0,0,0,0,1,0,0,0,1.94E-05,2.23E-05,0,0,0.861932625,3,15.1,10.06278251,-3.7506
2021,12,30,3,30,IMG_3258,0,0,0,0,0,0,0,1,0,0,0,1.94E-05,5.69E-05,0,0,0.861399707,3,15.1,9.933772475,-3.893
2021,12,31,21,30,IMG_3320,0,0,0,0.087,0.716,0,0,0.197,0,0,0,0.073080987,0.623067728,0,0,0.176630521,3,14.7,10.07233272,-6.7843
2021,12,31,22,20,IMG_3325,0,0,0,0.085,0.756,0,0,0.159,0,0,0,0.069645553,0.639681994,0,0,0.141428523,3,14.9,10.19591106,-7.1727
2021,12,31,22,30,IMG_3326,0,0,0,0.261,0.488,0,0,0.252,0,0,0,0.213206573,0.41444402,0,0,0.218940452,3,14.9,10.19591106,-6.6255
2021,12,31,22,40,IMG_3327,0,0,0,0.032,0.967,0,0,0.001,0,0,0,0.028435937,0.824575939,0,0,0.001075811,3,14.8,10.13395847,-5.6439
2021,12,31,23,0,IMG_3329,0,0,0,0.001,0.998,0,0,0.001,0,0,0,0.000673783,0.839624399,0,0,0.001231588,3,14.8,10.38730743,-5.6781
2021,12,31,23,10,IMG_3330,0,0,0,0,0.783,0,0,0.217,0,0,0,7.67E-05,0.660962335,0,0,0.190809736,3,14.8,10.26063295,-6.1272
2021,12,31,23,30,IMG_3332,0,0,0,0,0.87,0,0,0.13,0,0,0,5.78E-06,0.73942835,0,0,0.113416083,3,14.7,10.4500452,-5.7292
2021,12,31,23,40,IMG_3333,0,0,0,0,0.356,0,0,0.643,0,0,0,4.02E-05,0.301639506,0,0,0.562125045,3,14.7,10.4500452,-5.0192
2021,12,31,23,50,IMG_3334,0,0,0,0,0.434,0,0,0.566,0,0,0,7.84E-05,0.372501532,0,0,0.500658586,3,14.7,10.4500452,-5.6722
2022,1,4,3,30,IMG_3356,0,0,0,0,0,0,0,1,0,0,0,2.41E-05,0.000332234,0,0,0.809494989,3,16.8,12.0089176,-9.6693
2022,1,4,22,40,IMG_3376,0,0,0,0.007,0.93,0,0,0.064,0,0,0,0.004264175,0.778700714,0,0,0.056011501,3,18,13.05456897,-2.5191
2022,1,4,22,50,IMG_3377,0,0,0,0.008,0.989,0,0,0.004,0,0,0,0.004771514,0.808560111,0,0,0.002412387,3,18,13.05456897,-2.7288
2022,1,4,23,0,IMG_3378,0,0,0,0.008,0.037,0,0,0.955,0,0,0,0.005849887,0.030367999,0,0,0.831632144,3,17.9,12.97719012,-3.052
2022,1,4,23,10,IMG_3379,0,0,0,0.002,0.028,0,0,0.97,0,0,0,0.001542969,0.023166241,0,0,0.839269066,3,17.8,13.05197584,-2.3349
2022,1,4,23,20,IMG_3380,0,0,0,0.006,0.126,0,0,0.868,0,0,0,0.004492067,0.098488492,0,0,0.737593855,3,17.7,13.12535527,-2.4369
2022,1,4,23,30,IMG_3381,0,0,0,0.002,0.023,0,0,0.975,0,0,0,0.001448114,0.019159953,0,0,0.836149106,3,17.8,13.20374301,-2.4091
2022,1,4,23,40,IMG_3382,0,0,0,0.019,0.01,0,0,0.972,0,0,0,0.016126983,0.008460329,0,0,0.81952998,3,17.7,13.12535527,-2.614
2022,1,4,23,50,IMG_3383,0,0,0,0.015,0.003,0,0,0.982,0,0,0,0.01344366,0.002410006,0,0,0.852896544,3,17.9,13.28253577,-1.6432
2022,1,5,0,0,IMG_3384,0,0,0,0.004,0,0,0,0.996,0,0,0,0.004007264,9.33E-05,0,0,0.881499339,3,17.8,13.20374301,-1.5347
2022,1,5,0,10,IMG_3385,0,0,0,0.009,0,0,0,0.991,0,0,0,0.007885645,0.000100015,0,0,0.874127456,3,17.7,13.12535527,-1.577
2022,1,5,0,20,IMG_3386,0,0,0,0.009,0.003,0,0,0.988,0,0,0,0.008093096,0.003079665,0,0,0.871863657,3,17.6,13.1973406,-1.4158
2022,1,5,0,30,IMG_3387,0,0,0,0.018,0.001,0,0,0.981,0,0,0,0.015658346,0.000892721,0,0,0.881993277,3,17.6,13.1973406,-1.5457
2022,1,5,0,40,IMG_3388,0,0,0,0,0,0,0,1,0,0,0,5.14E-05,0.000267398,0,0,0.877956911,3,17.7,13.27622142,-1.5385
2022,1,5,0,50,IMG_3389,0,0,0,0.002,0.019,0,0,0.979,0,0,0,0.001721019,0.016304267,0,0,0.852181964,3,17.7,13.42708757,-1.566
2022,1,5,1,0,IMG_3390,0,0,0,0.001,0.006,0,0,0.993,0,0,0,0.001110337,0.005532437,0,0,0.850214047,3,17.8,13.35551017,-1.3599
2022,1,5,1,10,IMG_3391,0,0,0,0.002,0.022,0,0,0.976,0,0,0,0.001269591,0.019318555,0,0,0.823009285,3,18,13.66890163,-1.5699
2022,1,5,1,20,IMG_3392,0,0,0,0.001,0.02,0,0,0.979,0,0,0,0.001039844,0.016852727,0,0,0.802664701,3,18.2,13.6767796,-1.703
2022,1,5,1,30,IMG_3393,0,0,0,0.021,0.517,0,0,0.462,0,0,0,0.017529192,0.410916173,0,0,0.348912613,3,18.2,13.6767796,-1.7684
2022,1,5,1,40,IMG_3394,0,0,0,0,0.015,0,0,0.984,0,0,0,0.000190655,0.013386569,0,0,0.791715272,3,18,13.66890163,-1.9563
2022,1,5,1,50,IMG_3395,0,0,0,0,0.002,0,0,0.998,0,0,0,3.83E-05,0.001447701,0,0,0.852788582,3,17.8,13.50727733,-1.4395
2022,1,5,2,0,IMG_3396,0,0,0,0,0,0,0,1,0,0,0,2.01E-05,5.76E-05,0,0,0.878655529,3,17.7,13.42708757,-1.3971
2022,1,5,2,10,IMG_3397,0,0,0,0,0.001,0,0,0.999,0,0,0,1.38E-05,0.000630566,0,0,0.880954965,3,17.7,13.42708757,-1.468
2022,1,5,2,20,IMG_3398,0,0,0,0,0.001,0,0,0.999,0,0,0,1.39E-05,0.000535945,0,0,0.880530116,3,17.7,13.57795373,-1.4745
2022,1,5,2,30,IMG_3399,0,0,0,0,0,0,0,1,0,0,0,1.41E-05,5.05E-05,0,0,0.877617308,3,17.6,13.49728016,-1.5142
2022,1,5,2,40,IMG_3400,0,0,0,0,0,0,0,1,0,0,0,1.42E-05,4.95E-05,0,0,0.87442361,3,17.7,13.57795373,-1.7119
2022,1,5,2,50,IMG_3401,0,0,0,0,0,0,0,1,0,0,0,1.42E-05,5.07E-05,0,0,0.883619524,3,17.7,13.72881988,-1.6865
2022,1,5,3,0,IMG_3402,0,0,0,0,0,0,0,1,0,0,0,1.41E-05,8.23E-05,0,0,0.871827126,3,17.6,13.64724994,-1.684
2022,1,5,3,10,IMG_3403,0,0,0,0,0,0,0,1,0,0,0,1.41E-05,3.34E-05,0,0,0.876704785,3,17.7,13.72881988,-1.7734
2022,1,5,3,20,IMG_3404,0,0,0,0,0,0,0,1,0,0,0,1.40E-05,4.86E-05,0,0,0.851395057,3,17.7,13.72881988,-1.9642
2022,1,5,3,30,IMG_3405,0,0,0,0,0,0,0,1,0,0,0,1.41E-05,4.81E-05,0,0,0.844618833,3,17.7,13.87968603,-2.0343
2022,1,5,20,20,IMG_3411,0,0,0,0.581,0.419,0,0,0,0,0,0,0.473494501,0.335939153,0,0,0,3,18.4,13.21082105,-5.5301
2022,1,5,20,30,IMG_3412,0,0,0,0.992,0.008,0,0,0,0,0,0,0.824203463,0.006106979,0,0,2.13E-05,3,18.4,13.05354937,-5.5821
2022,1,5,20,40,IMG_3413,0,0,0,0.477,0.523,0,0,0,0,0,0,0.386204041,0.443031588,0,0,0.0003391,3,18.6,13.04985018,-5.021
2022,1,5,21,10,IMG_3416,0,0,0,0.394,0.605,0,0,0.001,0,0,0,0.30972512,0.503694411,0,0,0.000637605,3,18.8,12.88292953,-3.2504
2022,1,5,21,20,IMG_3417,0,0,0,0.936,0.06,0,0,0.004,0,0,0,0.760730401,0.04629858,0,0,0.00357784,3,19.2,12.53082654,-3.2677
2022,1,5,21,30,IMG_3418,0,0,0,0.956,0.006,0,0,0.039,0,0,0,0.818584998,0.005151833,0,0,0.033664596,3,19,12.70995632,-2.6975
2022,1,5,21,40,IMG_3419,0,0,0,0.923,0.076,0,0,0.001,0,0,0,0.813262898,0.070281866,0,0,0.000932873,3,18.9,12.63521602,-2.4423
2022,1,5,21,50,IMG_3420,0,0,0,0.093,0.879,0,0,0.029,0,0,0,0.079295989,0.766218157,0,0,0.025454785,3,18.8,12.5608563,-2.3105
2022,1,5,22,0,IMG_3421,0,0,0,0.028,0.022,0,0,0.95,0,0,0,0.024640633,0.020543427,0,0,0.841937718,3,18.7,12.80705183,-2.6187
2022,1,5,22,10,IMG_3422,0,0,0,0.034,0,0,0,0.966,0,0,0,0.030272731,6.30E-05,0,0,0.883560134,3,18.6,13.04985018,-3.2103
2022,1,5,22,20,IMG_3423,0,0,0,0.329,0,0,0,0.671,0,0,0,0.289691391,3.94E-05,0,0,0.631063349,3,18.2,13.3659437,-1.8136
2022,1,5,22,30,IMG_3424,0,0,0,0.022,0,0,0,0.978,0,0,0,0.018847837,8.63E-05,0,0,0.867486328,3,18,13.51531846,-2.7428
2022,1,5,22,50,IMG_3426,0,0,0,0.011,0,0,0,0.989,0,0,0,0.009400338,7.74E-05,0,0,0.923657437,3,17.9,13.89322707,-1.9449
2022,1,5,23,0,IMG_3427,0,0,0,0,0,0,0,1,0,0,0,4.12E-05,4.54E-05,0,0,0.872168855,3,17.8,13.96257881,-1.6837
2022,1,5,23,10,IMG_3428,0,0,0,0,0,0,0,1,0,0,0,1.99E-05,5.31E-05,0,0,0.84276884,3,17.8,13.96257881,-2.1126
2022,1,5,23,20,IMG_3429,0,0,0,0,0,0,0,1,0,0,0,3.35E-05,4.61E-05,0,0,0.818981986,3,17.8,14.11434597,-2.1161
2022,1,5,23,30,IMG_3430,0,0,0,0,0,0,0,1,0,0,0,1.36E-05,6.79E-05,0,0,0.807018202,3,17.8,14.11434597,-2.0772
2022,1,5,23,40,IMG_3431,0,0,0,0,0,0,0,1,0,0,0,4.82E-05,7.00E-05,0,0,0.788428223,3,17.7,14.03055218,-2.1538
2022,1,5,23,50,IMG_3432,0,0,0,0,0,0,0,1,0,0,0,3.96E-05,4.84E-05,0,0,0.795443269,3,17.7,14.03055218,-2.1761
2022,1,6,0,0,IMG_3433,0,0,0,0,0,0,0,1,0,0,0,2.16E-05,0.000154808,0,0,0.786378944,3,17.7,14.03055218,-2.0407
2022,1,6,0,10,IMG_3434,0,0,0,0,0,0,0,1,0,0,0,2.04E-05,9.11E-05,0,0,0.90168602,3,17.7,14.03055218,-1.8012
2022,1,6,0,20,IMG_3435,0,0,0,0,0,0,0,1,0,0,0,2.06E-05,5.49E-05,0,0,0.929253568,3,17.7,14.03055218,-1.3085
2022,1,6,0,30,IMG_3436,0,0,0,0,0,0,0,1,0,0,0,1.41E-05,4.86E-05,0,0,0.929930919,3,17.6,13.9471895,-1.142
2022,1,6,0,40,IMG_3437,0,0,0,0,0,0,0,1,0,0,0,1.43E-05,5.16E-05,0,0,0.898752209,3,17.6,13.9471895,-1.0959
2022,1,6,0,50,IMG_3438,0,0,0,0,0,0,0,1,0,0,0,2.14E-05,4.34E-05,0,0,0.892242293,3,17.6,13.9471895,-1.0203
2022,1,6,1,0,IMG_3439,0,0,0,0,0,0,0,1,0,0,0,1.42E-05,4.07E-05,0,0,0.89803768,3,17.5,14.01333409,-1.0245
2022,1,6,1,10,IMG_3440,0,0,0,0,0,0,0,1,0,0,0,0,4.42E-05,0,0,0.861571484,3,17.4,13.92994092,-0.9909
2022,1,6,1,20,IMG_3441,0,0,0,0,0,0,0,1,0,0,0,1.42E-05,4.75E-05,0,0,0.869129169,3,17.4,13.92994092,-1.1736
2022,1,6,1,30,IMG_3442,0,0,0,0,0,0,0,1,0,0,0,2.06E-05,0.000250962,0,0,0.85927316,3,17.3,13.69966963,-1.5788
2022,1,6,1,40,IMG_3443,0,0,0,0,0.003,0,0,0.997,0,0,0,1.37E-05,0.00257983,0,0,0.844691857,3,17.2,13.61801295,-2.0366
2022,1,6,1,50,IMG_3444,0,0,0,0,0.224,0,0,0.776,0,0,0,1.35E-05,0.178665362,0,0,0.643357227,3,17.3,13.69966963,-1.6226
2022,1,6,2,0,IMG_3445,0,0,0,0,0.003,0,0,0.997,0,0,0,1.96E-05,0.002257317,0,0,0.839526683,3,17.2,13.4715827,-1.5147
2022,1,6,2,10,IMG_3446,0,0,0,0,0.001,0,0,0.999,0,0,0,1.38E-05,0.000453433,0,0,0.907529192,3,17.3,13.40505308,-1.2187
2022,1,6,2,20,IMG_3447,0,0,0,0,0.015,0,0,0.985,0,0,0,2.10E-05,0.01336226,0,0,0.883498069,3,17.3,13.40505308,-2.3389
2022,1,6,2,30,IMG_3448,0,0,0,0,0.126,0,0,0.874,0,0,0,1.35E-05,0.104658015,0,0,0.752058616,3,17.3,13.55236135,-3.0994
2022,1,6,2,40,IMG_3449,0,0,0,0,0.458,0,0,0.542,0,0,0,1.29E-05,0.37851377,0,0,0.457762124,3,17.1,13.24566468,-2.5188
2022,1,6,2,50,IMG_3450,0,0,0,0,0.274,0,0,0.726,0,0,0,1.94E-05,0.215925218,0,0,0.584115144,3,17.1,13.24566468,-3.1254
2022,1,6,3,0,IMG_3451,0,0,0,0,0.586,0,0,0.414,0,0,0,1.30E-05,0.468891429,0,0,0.343514536,3,17.1,13.10010793,-3.1209
2022,1,6,3,10,IMG_3452,0,0,0,0,0.109,0,0,0.891,0,0,0,2.57E-05,0.082159075,0,0,0.748744223,3,17.1,12.95455117,-3.2954
2022,1,6,3,20,IMG_3453,0,0,0,0,0.116,0,0,0.884,0,0,0,1.98E-05,0.086512568,0,0,0.745173099,3,17.2,13.03229196,-2.8408
2022,1,6,3,30,IMG_3454,0,0,0,0,0,0,0,1,0,0,0,1.43E-05,6.18E-05,0,0,0.867957054,3,17.1,12.95455117,-1.7642
2022,1,6,19,40,IMG_3456,0,0,0,0,0.015,0,0,0.985,0,0,0,5.09E-05,0.014715633,0,0,0.94899354,3,14.2,11.23441489,-3.179
2022,1,6,19,50,IMG_3457,0,0,0,0.073,0.02,0,0,0.908,0,0,0,0.067838364,0.019394734,0,0,0.885525045,3,14.1,11.16576592,-3.1437
2022,1,6,20,0,IMG_3458,0,0,0,0.812,0.008,0,0,0.18,0,0,0,0.786910059,0.008154222,0,0,0.179820328,3,14.1,11.04439889,-2.7728
2022,1,6,20,10,IMG_3459,0,0,0,0.148,0.029,0,0,0.822,0,0,0,0.139782061,0.028914325,0,0,0.812013341,3,14.2,11.11230168,-2.3169
2022,1,6,20,20,IMG_3460,0,0,0,0.014,0.059,0,0,0.927,0,0,0,0.013393074,0.057072551,0,0,0.903040633,3,14.1,11.04439889,-3.2935
2022,1,6,20,30,IMG_3461,0,0,0,0.001,0.035,0,0,0.964,0,0,0,0.001066121,0.033712823,0,0,0.924311869,3,14,10.97685654,-3.4651
2022,1,6,20,40,IMG_3462,0,0,0,0,0.865,0,0,0.135,0,0,0,7.31E-06,0.766660479,0,0,0.125441767,3,14,10.85623174,-3.3126
2022,1,6,20,50,IMG_3463,0,0,0,0,0.065,0,0,0.935,0,0,0,0.000239588,0.060828005,0,0,0.891501698,3,14,10.85623174,-3.248
2022,1,6,21,0,IMG_3464,0,0,0,0,0.016,0,0,0.984,0,0,0,0.000123963,0.015918089,0,0,0.952259172,3,14,10.97685654,-3.029
2022,1,6,21,10,IMG_3465,0,0,0,0,0.038,0,0,0.962,0,0,0,5.49E-05,0.036903486,0,0,0.922889626,3,14,10.97685654,-3.0872
2022,1,6,21,20,IMG_3466,0,0,0,0,0.99,0,0,0.01,0,0,0,0,0.92466084,0,0,0.009278966,3,14,10.97685654,-3.2775
2022,1,6,21,30,IMG_3467,0,0,0,0,0.998,0,0,0.002,0,0,0,7.10E-06,0.930069171,0,0,0.002402877,3,14,10.97685654,-3.7123
2022,1,6,21,40,IMG_3468,0,0,0,0.019,0.021,0,0,0.96,0,0,0,0.018258421,0.020151067,0,0,0.894047243,3,14,10.97685654,-4.1444
2022,1,6,21,50,IMG_3469,0,0,0,0.016,0.011,0,0,0.972,0,0,0,0.016202719,0.010405499,0,0,0.926230236,3,14,10.97685654,-3.6254
2022,1,6,22,0,IMG_3470,0,0,0,0.006,0,0,0,0.994,0,0,0,0.004949392,9.37E-05,0,0,0.917272048,3,14.1,10.92303187,-4.0506
2022,1,6,22,10,IMG_3471,0,0,0,0.013,0.722,0,0,0.265,0,0,0,0.008849339,0.592672776,0,0,0.209973543,3,14.1,11.04439889,-3.1063
2022,1,6,22,20,IMG_3472,0,0,0,0.037,0.04,0,0,0.923,0,0,0,0.026495508,0.035900323,0,0,0.760175428,3,14,10.97685654,-3.5799
2022,1,6,22,30,IMG_3473,0,0,0,0.007,0.979,0,0,0.015,0,0,0,0.004445583,0.807459788,0,0,0.01253759,3,14,10.97685654,-3.4458
2022,1,6,22,40,IMG_3474,0,0,0,0,0.963,0,0,0.037,0,0,0,6.69E-06,0.830791707,0,0,0.031613492,3,14,11.09748134,-3.2111
2022,1,6,22,50,IMG_3475,0,0,0,0.001,0.022,0,0,0.977,0,0,0,0.00106694,0.020477644,0,0,0.900311411,3,13.9,11.02955953,-3.0808
2022,1,6,23,0,IMG_3476,0,0,0,0,0.015,0,0,0.985,0,0,0,3.86E-05,0.013743374,0,0,0.890287816,3,14,11.09748134,-2.9808
2022,1,6,23,10,IMG_3477,0,0,0,0,1,0,0,0,0,0,0,6.51E-06,0.796120703,0,0,0,3,13.9,11.02955953,-3.573
2022,1,6,23,40,IMG_3480,0,0,0,0.034,0.966,0,0,0,0,0,0,0.016283053,0.728821552,0,0,7.60E-06,3,13.9,10.90967301,-4.5666
2022,1,6,23,50,IMG_3481,0,0,0,0,0.002,0,0,0.997,0,0,0,0.000374775,0.002237613,0,0,0.906232174,3,13.8,10.84284672,-3.9678
2022,1,7,0,0,IMG_3482,0,0,0,0.003,0.489,0,0,0.508,0,0,0,0.002489333,0.381926998,0,0,0.392490422,3,13.8,10.84284672,-4.3662
2022,1,7,0,10,IMG_3483,0,0,0,0,0.799,0,0,0.201,0,0,0,0.000160111,0.64805006,0,0,0.171769832,3,13.8,10.84284672,-4.646
2022,1,7,0,20,IMG_3484,0,0,0,0,0.013,0,0,0.987,0,0,0,3.70E-05,0.011513184,0,0,0.867115385,3,13.7,10.77637608,-4.1526
2022,1,7,0,30,IMG_3485,0,0,0,0,0.993,0,0,0.007,0,0,0,0,0.768224008,0,0,0.005229958,3,13.7,10.65795437,-6.3179
2022,1,7,0,40,IMG_3486,0,0,0,0,0.186,0,0,0.814,0,0,0,4.55E-05,0.151187725,0,0,0.651255717,3,13.7,10.65795437,-5.1691
2022,1,7,0,50,IMG_3487,0,0,0,0,0.14,0,0,0.86,0,0,0,3.29E-05,0.114491714,0,0,0.733214911,3,13.8,10.72369456,-5.1598
2022,1,7,1,0,IMG_3488,0,0,0,0,0.01,0,0,0.99,0,0,0,4.30E-05,0.007989078,0,0,0.785969554,3,13.8,10.6045424,-4.9087
2022,1,7,1,10,IMG_3489,0,0,0,0,0.846,0,0,0.154,0,0,0,1.30E-05,0.665253996,0,0,0.130041151,3,13.9,10.55001346,-3.6174
2022,1,7,1,20,IMG_3490,0,0,0,0,0.332,0,0,0.668,0,0,0,1.30E-05,0.25437998,0,0,0.555887628,3,13.7,10.53953265,-3.825
2022,1,7,1,30,IMG_3491,0,0,0,0,0.886,0,0,0.114,0,0,0,1.27E-05,0.698672874,0,0,0.095234758,3,13.7,10.65795437,-3.6662
2022,1,7,1,40,IMG_3492,0,0,0,0,0.021,0,0,0.979,0,0,0,1.28E-05,0.01658904,0,0,0.813828418,3,13.6,10.59256434,-3.2139
2022,1,7,1,50,IMG_3493,0,0,0,0,0.004,0,0,0.996,0,0,0,3.83E-05,0.003253027,0,0,0.859065302,3,13.6,10.59256434,-3.0511
2022,1,7,2,0,IMG_3494,0,0,0,0,0,0,0,1,0,0,0,1.35E-05,0.000279387,0,0,0.778455349,3,13.8,10.72369456,-3.2988
2022,1,7,2,10,IMG_3495,0,0,0,0,0.017,0,0,0.983,0,0,0,1.32E-05,0.015424121,0,0,0.817926803,3,13.7,10.65795437,-3.0238
2022,1,7,2,20,IMG_3496,0,0,0,0,0.996,0,0,0.004,0,0,0,6.60E-06,0.739752426,0,0,0.002635216,3,13.6,10.7102595,-3.1379
2022,1,7,2,30,IMG_3497,0,0,0,0,0.998,0,0,0.002,0,0,0,0,0.741606656,0,0,0.001622919,3,13.5,10.64449541,-3.0854
2022,1,7,2,40,IMG_3498,0,0,0,0,0.073,0,0,0.927,0,0,0,1.34E-05,0.056297108,0,0,0.757073498,3,13.5,10.64449541,-3.3511
2022,1,7,2,50,IMG_3499,0,0,0,0,0.341,0,0,0.659,0,0,0,1.30E-05,0.265928929,0,0,0.547488304,3,13.5,10.64449541,-3.5504
2022,1,7,3,0,IMG_3500,0,0,0,0,0.205,0,0,0.795,0,0,0,1.30E-05,0.15691247,0,0,0.647870155,3,13.6,10.59256434,-3.4082
2022,1,7,3,10,IMG_3501,0,0,0,0,0.007,0,0,0.993,0,0,0,0.000309375,0.004958053,0,0,0.782231513,3,13.6,10.47486919,-3.4312
2022,1,7,3,20,IMG_3502,0,0,0,0,0.753,0,0,0.247,0,0,0,1.29E-05,0.574286801,0,0,0.198114896,3,13.7,10.53953265,-3.4493
2022,1,7,3,30,IMG_3503,0,0,0,0,0.035,0,0,0.965,0,0,0,4.03E-05,0.028468194,0,0,0.790391301,3,13.7,10.42111094,-3.437
2022,1,7,21,10,IMG_3514,0,0,0,0.021,0.963,0,0,0.016,0,0,0,0.018806858,0.835278328,0,0,0.014049715,3,15.6,9.441982036,-7.6139
2022,1,7,23,30,IMG_3528,0,0,0,0,0.994,0,0,0.006,0,0,0,0,0.758797221,0,0,0.004161892,3,15.2,9.475166764,-8.5151
2022,1,7,23,40,IMG_3529,0,0,0,0,0.095,0,0,0.905,0,0,0,4.25E-05,0.075834751,0,0,0.779683932,3,15.2,9.604963569,-4.721
2022,1,8,0,20,IMG_3533,0,0,0,0.008,0.984,0,0,0.008,0,0,0,0.005222679,0.758063018,0,0,0.004786892,3,15.2,9.604963569,-5.6416
2022,1,8,0,30,IMG_3534,0,0,0,0,1,0,0,0,0,0,0,0,0.690311261,0,0,0,3,15.1,9.67575241,-5.6748
2022,1,8,2,20,IMG_3545,0,0,0,0.663,0.239,0,0,0.098,0,0,0,0.423272356,0.149125834,0,0,0.065525639,3,14.9,9.686115506,-6.4919
2022,1,8,2,30,IMG_3546,0,0,0,0.825,0.006,0,0,0.169,0,0,0,0.530471905,0.003877967,0,0,0.121021049,3,15,9.745282346,-6.7928
2022,1,8,2,40,IMG_3547,0,0,0,0.768,0.05,0,0,0.182,0,0,0,0.513420328,0.034437628,0,0,0.128538394,3,15,9.745282346,-7.2157
2022,1,8,2,50,IMG_3548,0,0,0,0.739,0.225,0,0,0.036,0,0,0,0.494326277,0.157777502,0,0,0.024265557,3,15,9.617054947,-7.322
2022,1,8,3,20,IMG_3551,0,0,0,0.293,0.074,0,0,0.632,0,0,0,0.194433654,0.055604995,0,0,0.433386215,3,14.6,9.885894476,-5.3951
2022,1,9,1,40,IMG_3590,0,0,0,0,0.846,0,0,0.154,0,0,0,1.17E-05,0.642262417,0,0,0.121007174,3,15.6,10.37288167,-10.4963
2022,1,9,1,50,IMG_3591,0,0,0,0,0.903,0,0,0.097,0,0,0,5.86E-06,0.666137906,0,0,0.076088657,3,15.7,10.30209261,-5.0655
2022,1,9,2,0,IMG_3592,0,0,0,0,0.781,0,0,0.219,0,0,0,1.18E-05,0.587098535,0,0,0.175479417,3,15.6,10.37288167,-3.8438
2022,1,9,2,10,IMG_3593,0,0,0,0,0.947,0,0,0.053,0,0,0,1.18E-05,0.717778005,0,0,0.041851698,3,15.5,10.31020742,-3.4786
2022,1,9,2,20,IMG_3594,0,0,0,0,0.351,0,0,0.649,0,0,0,2.98E-05,0.255787733,0,0,0.498518863,3,15.4,10.24786181,-3.7581
2022,1,9,2,40,IMG_3596,0,0,0,0,0.001,0,0,0.999,0,0,0,4.09E-05,0.000483571,0,0,0.786313807,3,15.4,10.24786181,-5.2382
2022,1,9,3,0,IMG_3598,0,0,0,0,0,0,0,1,0,0,0,4.80E-05,8.83E-05,0,0,0.803499895,3,15.5,10.31020742,-4.5907
2022,1,9,3,10,IMG_3599,0,0,0,0,0,0,0,1,0,0,0,3.56E-05,5.36E-05,0,0,0.83342663,3,15.4,10.24786181,-2.9306
2022,1,9,3,20,IMG_3600,0,0,0,0,0,0,0,1,0,0,0,1.83E-05,5.17E-05,0,0,0.83900438,3,15.4,10.24786181,-2.9736
2022,1,9,3,30,IMG_3601,0,0,0,0,0,0,0,1,0,0,0,3.58E-05,5.74E-05,0,0,0.855696883,3,15.5,10.31020742,-3.0289
2022,1,9,19,30,IMG_3602,0,0,0,0.999,0,0,0,0.001,0,0,0,0.982600481,2.79E-05,0,0,0.00107793,3,16.1,11.23950174,-2.3559
2022,1,9,19,40,IMG_3603,0,0,0,0.998,0.001,0,0,0.001,0,0,0,0.979604252,0.001009706,0,0,0.001038694,3,16.1,11.23950174,-2.6721
2022,1,9,19,50,IMG_3604,0,0,0,0.998,0,0,0,0.002,0,0,0,0.979264265,0.000177757,0,0,0.001788274,3,16.1,11.23950174,-2.5023
2022,1,9,20,0,IMG_3605,0,0,0,0.986,0.011,0,0,0.002,0,0,0,0.966280965,0.01116899,0,0,0.002266541,3,16.2,11.16959884,-2.3514
2022,1,9,20,10,IMG_3606,0,0,0,1,0,0,0,0,0,0,0,0.979184135,2.09E-05,0,0,6.46E-05,3,16.1,11.10243464,-2.228
2022,1,9,20,20,IMG_3607,0,0,0,1,0,0,0,0,0,0,0,0.976543855,2.79E-05,0,0,0.000137718,3,16.2,11.03170256,-2.7109
2022,1,9,20,30,IMG_3608,0,0,0,0.999,0,0,0,0.001,0,0,0,0.970754267,1.43E-05,0,0,0.001161358,3,16.2,11.03170256,-2.6138
2022,1,9,20,40,IMG_3609,0,0,0,0.989,0.011,0,0,0.001,0,0,0,0.962098122,0.010738507,0,0,0.000521424,3,16.2,11.03170256,-2.5708
2022,1,9,20,50,IMG_3610,0,0,0,0.996,0,0,0,0.004,0,0,0,0.968982489,2.70E-05,0,0,0.003898152,3,16.2,11.03170256,-2.943
2022,1,9,21,0,IMG_3611,0,0,0,0.993,0,0,0,0.007,0,0,0,0.963733706,3.37E-05,0,0,0.006926555,3,16.2,11.16959884,-3.2606
2022,1,9,21,10,IMG_3612,0,0,0,0.33,0,0,0,0.67,0,0,0,0.314192503,3.30E-05,0,0,0.649945793,3,16.2,11.16959884,-3.2913
2022,1,9,21,20,IMG_3613,0,0,0,0.402,0,0,0,0.598,0,0,0,0.381686283,5.84E-05,0,0,0.582352674,3,16.2,11.16959884,-3.4858
2022,1,9,21,30,IMG_3614,0,0,0,0.043,0.008,0,0,0.949,0,0,0,0.041601855,0.008180326,0,0,0.912822371,3,16.2,11.16959884,-3.829
2022,1,9,21,40,IMG_3615,0,0,0,0.028,0.002,0,0,0.969,0,0,0,0.028072213,0.002080063,0,0,0.922204763,3,16.1,11.10243464,-3.8899
2022,1,9,21,50,IMG_3616,0,0,0,0.014,0.001,0,0,0.985,0,0,0,0.013611193,0.000950105,0,0,0.941774955,3,16.2,11.16959884,-3.8131
2022,1,9,22,0,IMG_3617,0,0,0,0.008,0,0,0,0.992,0,0,0,0.007471605,9.37E-05,0,0,0.933194727,3,16.2,11.03170256,-3.7826
2022,1,9,22,10,IMG_3618,0,0,0,0.022,0,0,0,0.978,0,0,0,0.021801472,4.53E-05,0,0,0.914172236,3,16.2,11.03170256,-3.8049
2022,1,9,22,20,IMG_3619,0,0,0,0.001,0,0,0,0.999,0,0,0,0.0005814,3.10E-05,0,0,0.927110464,3,16.1,11.10243464,-3.7751
2022,1,9,22,30,IMG_3620,0,0,0,0.021,0,0,0,0.979,0,0,0,0.019921755,4.92E-05,0,0,0.890969937,3,16.1,11.10243464,-3.7917
2022,1,9,22,40,IMG_3621,0,0,0,0,0,0,0,1,0,0,0,3.80E-05,5.41E-05,0,0,0.901999226,3,16.1,11.10243464,-3.9184
2022,1,9,22,50,IMG_3622,0,0,0,0,0,0,0,1,0,0,0,0.000333151,5.89E-05,0,0,0.896255123,3,16.1,11.10243464,-3.7759
2022,1,9,23,0,IMG_3623,0,0,0,0.002,0,0,0,0.997,0,0,0,0.002406288,5.36E-05,0,0,0.892402284,3,16.1,11.10243464,-3.5385
2022,1,9,23,10,IMG_3624,0,0,0,0.001,0,0,0,0.999,0,0,0,0.001211351,5.35E-05,0,0,0.87335634,3,16.1,10.96536755,-3.5196
2022,1,9,23,20,IMG_3625,0,0,0,0.046,0,0,0,0.954,0,0,0,0.042053876,6.18E-05,0,0,0.829663259,3,16.1,10.96536755,-3.4621
2022,1,9,23,30,IMG_3626,0,0,0,0.017,0,0,0,0.983,0,0,0,0.015638845,5.77E-05,0,0,0.869135089,3,16.1,11.10243464,-3.6001
2022,1,9,23,40,IMG_3627,0,0,0,0.002,0.003,0,0,0.995,0,0,0,0.002034315,0.002397251,0,0,0.883703275,3,16.1,11.37656883,-3.7553
2022,1,9,23,50,IMG_3628,0,0,0,0.001,0.011,0,0,0.989,0,0,0,0.000775804,0.00908421,0,0,0.900293382,3,16,11.58058974,-3.8393
2022,1,10,0,0,IMG_3629,0,0,0,0,0.004,0,0,0.996,0,0,0,2.51E-05,0.003336103,0,0,0.888303876,3,15.9,11.51084252,-3.3499
2022,1,10,0,10,IMG_3630,0,0,0,0.001,0,0,0,0.998,0,0,0,0.001160036,0.000411125,0,0,0.892885442,3,15.9,11.64626419,-3.3569
2022,1,10,0,20,IMG_3631,0,0,0,0,0,0,0,1,0,0,0,4.52E-05,0.000117751,0,0,0.885508286,3,15.9,11.64626419,-3.2964
2022,1,10,0,30,IMG_3632,0,0,0,0,0.123,0,0,0.877,0,0,0,1.98E-05,0.095564108,0,0,0.738751472,3,15.8,11.44145976,-3.3627
2022,1,10,0,40,IMG_3633,0,0,0,0,0,0,0,1,0,0,0,5.97E-05,7.81E-05,0,0,0.87192965,3,15.8,11.44145976,-3.4626
2022,1,10,0,50,IMG_3634,0,0,0,0.014,0,0,0,0.986,0,0,0,0.01297355,8.97E-05,0,0,0.87307062,3,15.8,11.44145976,-3.472
2022,1,10,1,0,IMG_3635,0,0,0,0.01,0.006,0,0,0.984,0,0,0,0.009091226,0.00487059,0,0,0.86044713,3,15.8,11.44145976,-3.5698
2022,1,10,1,10,IMG_3636,0,0,0,0,0.021,0,0,0.979,0,0,0,8.25E-05,0.017905769,0,0,0.859066947,3,15.8,11.44145976,-3.3456
2022,1,10,1,20,IMG_3637,0,0,0,0.008,0.015,0,0,0.977,0,0,0,0.007204913,0.012881107,0,0,0.854103831,3,15.9,11.37542084,-3.3663
2022,1,10,1,30,IMG_3638,0,0,0,0.011,0.005,0,0,0.983,0,0,0,0.010609007,0.004556701,0,0,0.881026052,3,15.9,11.37542084,-3.1123
2022,1,10,1,40,IMG_3639,0,0,0,0.016,0.001,0,0,0.983,0,0,0,0.014739438,0.000618487,0,0,0.887771049,3,15.8,11.30685436,-3.0113
2022,1,10,1,50,IMG_3640,0,0,0,0.002,0.006,0,0,0.993,0,0,0,0.001737808,0.005154011,0,0,0.892466797,3,15.8,11.44145976,-2.889
2022,1,10,2,0,IMG_3641,0,0,0,0,0.001,0,0,0.999,0,0,0,3.25E-05,0.001182039,0,0,0.880892901,3,15.6,11.43676697,-2.7135
2022,1,10,2,10,IMG_3642,0,0,0,0.003,0.012,0,0,0.986,0,0,0,0.002423145,0.010667864,0,0,0.874187402,3,15.6,11.56975264,-2.8835
2022,1,10,2,20,IMG_3643,0,0,0,0.007,0,0,0,0.992,0,0,0,0.006678275,0.000281596,0,0,0.888666752,3,15.5,11.63202888,-2.7556
2022,1,10,2,30,IMG_3644,0,0,0,0.005,0.002,0,0,0.994,0,0,0,0.003950556,0.001549947,0,0,0.885848535,3,15.5,11.63202888,-2.7421
2022,1,10,2,40,IMG_3645,0,0,0,0,0,0,0,1,0,0,0,0.00010652,0.000230454,0,0,0.891121176,3,15.4,11.56169025,-2.7375
2022,1,10,2,50,IMG_3646,0,0,0,0,0.001,0,0,0.999,0,0,0,0.000104785,0.000613867,0,0,0.885364964,3,15.4,11.43030741,-2.6275
2022,1,10,3,0,IMG_3647,0,0,0,0,0.034,0,0,0.966,0,0,0,0.00016733,0.03009191,0,0,0.855553388,3,15.3,11.36113304,-2.6603
2022,1,10,3,10,IMG_3648,0,0,0,0,0.031,0,0,0.969,0,0,0,3.27E-05,0.025987462,0,0,0.871474715,3,15.4,11.56169025,-2.6875
2022,1,10,3,20,IMG_3649,0,0,0,0,0.028,0,0,0.972,0,0,0,2.07E-05,0.023003981,0,0,0.86565779,3,15.4,11.56169025,-2.8241
2022,1,10,3,30,IMG_3650,0,0,0,0,0.046,0,0,0.954,0,0,0,4.01E-05,0.039610291,0,0,0.828034916,3,15.3,11.49172077,-2.5898
2022,1,10,19,30,IMG_3651,0,0,0,0.041,0.037,0,0,0.922,0,0,0,0.039258782,0.037040385,0,0,0.910889806,3,16.4,12.42152612,-4.282
2022,1,10,19,40,IMG_3652,0,0,0,0.198,0.044,0,0,0.758,0,0,0,0.192176833,0.044072221,0,0,0.754090219,3,16.5,12.49648882,-4.1117
2022,1,10,19,50,IMG_3653,0,0,0,0,0.939,0,0,0.06,0,0,0,0.00021573,0.931654087,0,0,0.060018885,3,16.5,12.49648882,-4.0104
2022,1,10,20,0,IMG_3654,0,0,0,0.478,0.421,0,0,0.101,0,0,0,0.47053291,0.41988605,0,0,0.10115181,3,16.4,12.42152612,-4.0173
2022,1,10,20,20,IMG_3656,0,0,0,0.207,0.788,0,0,0.005,0,0,0,0.205168855,0.78744082,0,0,0.004972694,3,16.6,12.43058659,-3.0182
2022,1,10,20,30,IMG_3657,0,0,0,0.585,0.414,0,0,0.001,0,0,0,0.583071297,0.413578876,0,0,0.001366714,3,16.5,12.35607883,-1.927
2022,1,10,20,40,IMG_3658,0,0,0,0.927,0.029,0,0,0.044,0,0,0,0.922229154,0.029145042,0,0,0.043921424,3,16.3,12.48568325,-1.8505
2022,1,10,20,50,IMG_3659,0,0,0,0.977,0.002,0,0,0.022,0,0,0,0.965926397,0.001529537,0,0,0.021749211,3,15.9,12.32337258,-1.4281
2022,1,10,21,0,IMG_3660,0,0,0,0.99,0.002,0,0,0.007,0,0,0,0.985235111,0.002075526,0,0,0.007325488,3,15.7,12.30899376,-1.5438
2022,1,10,21,10,IMG_3661,0,0,0,0.734,0.001,0,0,0.265,0,0,0,0.726879477,0.0009471,0,0,0.260977419,3,15.6,12.36766661,-1.5365
2022,1,10,21,20,IMG_3662,0,0,0,0.989,0.005,0,0,0.006,0,0,0,0.983491053,0.005020853,0,0,0.005719742,3,15.5,12.29293962,-1.6437
2022,1,10,21,30,IMG_3663,0,0,0,0.808,0.191,0,0,0.001,0,0,0,0.807203906,0.190578365,0,0,0.001162658,3,15.6,12.36766661,-1.8614
2022,1,10,21,40,IMG_3664,0,0,0,0.238,0.001,0,0,0.761,0,0,0,0.235093029,0.000840137,0,0,0.752496815,3,15.5,12.29293962,-1.7443
2022,1,10,21,50,IMG_3665,0,0,0,0.496,0,0,0,0.504,0,0,0,0.490627359,0.000129357,0,0,0.49981709,3,15.4,12.21860447,-1.8341
2022,1,10,22,0,IMG_3666,0,0,0,0,0,0,0,1,0,0,0,2.23E-05,4.80E-05,0,0,0.971608158,3,15.4,12.21860447,-1.8901
2022,1,10,22,10,IMG_3667,0,0,0,0.001,0,0,0,0.999,0,0,0,0.001144569,6.04E-05,0,0,0.961464198,3,15.4,12.21860447,-1.873
2022,1,10,22,20,IMG_3668,0,0,0,0.004,0.001,0,0,0.995,0,0,0,0.003582527,0.001451615,0,0,0.965141406,3,15.4,12.21860447,-1.9102
2022,1,10,22,30,IMG_3669,0,0,0,0.015,0.013,0,0,0.972,0,0,0,0.014901901,0.012745981,0,0,0.916956956,3,15.4,12.21860447,-1.982
2022,1,10,22,40,IMG_3670,0,0,0,0.116,0,0,0,0.884,0,0,0,0.106711741,0.000126082,0,0,0.86115812,3,15.4,12.21860447,-1.9857
2022,1,10,22,50,IMG_3671,0,0,0,0,0,0,0,1,0,0,0,2.21E-05,0.000207302,0,0,0.943836493,3,15.4,12.21860447,-1.7038
2022,1,10,23,0,IMG_3672,0,0,0,0,0,0,0,1,0,0,0,2.14E-05,6.14E-05,0,0,0.917048745,3,15.3,12.14465946,-1.7371
2022,1,10,23,10,IMG_3673,0,0,0,0,0.001,0,0,0.999,0,0,0,1.44E-05,0.000730844,0,0,0.910747371,3,15.3,12.14465946,-1.7136
2022,1,10,23,20,IMG_3674,0,0,0,0,0.09,0,0,0.91,0,0,0,7.32E-05,0.077072228,0,0,0.812396627,3,15.3,12.14465946,-1.6117
2022,1,10,23,30,IMG_3675,0,0,0,0,0,0,0,1,0,0,0,1.42E-05,6.17E-05,0,0,0.924556611,3,15.3,12.01407172,-1.8099
2022,1,10,23,40,IMG_3676,0,0,0,0,0,0,0,1,0,0,0,2.84E-05,7.93E-05,0,0,0.934677336,3,15.3,12.01407172,-2.0218
2022,1,10,23,50,IMG_3677,0,0,0,0,0,0,0,1,0,0,0,2.85E-05,6.37E-05,0,0,0.940700826,3,15.4,12.08722163,-1.8354
2022,1,11,0,0,IMG_3678,0,0,0,0,0,0,0,1,0,0,0,2.14E-05,2.45E-05,0,0,0.938120816,3,15.4,12.08722163,-1.7137
2022,1,11,0,10,IMG_3679,0,0,0,0,0,0,0,1,0,0,0,1.43E-05,3.54E-05,0,0,0.910690903,3,15.4,12.08722163,-1.7381
2022,1,11,0,20,IMG_3680,0,0,0,0,0,0,0,1,0,0,0,7.19E-06,3.02E-05,0,0,0.911773776,3,15.4,12.21860447,-1.7234
2022,1,11,0,30,IMG_3681,0,0,0,0,0,0,0,1,0,0,0,2.12E-05,4.22E-05,0,0,0.920968081,3,15.3,12.14465946,-1.4748
2022,1,11,0,40,IMG_3682,0,0,0,0,0,0,0,1,0,0,0,1.43E-05,5.43E-05,0,0,0.922739115,3,15.1,11.99793299,-2.7685
2022,1,11,0,50,IMG_3683,0,0,0,0,0,0,0,1,0,0,0,1.42E-05,3.66E-05,0,0,0.916077404,3,15.2,12.07110286,-2.3871
2022,1,11,1,0,IMG_3684,0,0,0,0,0,0,0,1,0,0,0,1.41E-05,6.63E-05,0,0,0.914715753,3,15,11.92514813,-2.0945
2022,1,11,1,10,IMG_3685,0,0,0,0,0,0,0,1,0,0,0,1.41E-05,4.62E-05,0,0,0.899619186,3,15,11.92514813,-2.4925
2022,1,11,1,20,IMG_3686,0,0,0,0,0,0,0,1,0,0,0,1.40E-05,4.69E-05,0,0,0.904057106,3,15,11.92514813,-2.2808
2022,1,11,1,30,IMG_3687,0,0,0,0,0,0,0,1,0,0,0,1.42E-05,5.21E-05,0,0,0.898220215,3,14.9,11.85274661,-2.3295
2022,1,11,1,40,IMG_3688,0,0,0,0,0,0,0,1,0,0,0,1.41E-05,2.90E-05,0,0,0.895162763,3,14.8,11.78072672,-2.3694
2022,1,11,1,50,IMG_3689,0,0,0,0,0,0,0,1,0,0,0,1.41E-05,4.50E-05,0,0,0.883828125,3,14.9,11.85274661,-2.5878
2022,1,11,2,0,IMG_3690,0,0,0,0,0.001,0,0,0.999,0,0,0,1.42E-05,0.000483594,0,0,0.876658744,3,14.9,11.85274661,-2.5216
2022,1,11,2,10,IMG_3691,0,0,0,0,0.004,0,0,0.996,0,0,0,1.42E-05,0.003860614,0,0,0.869832407,3,15,11.79692073,-2.4774
2022,1,11,2,20,IMG_3692,0,0,0,0,0.001,0,0,0.999,0,0,0,2.11E-05,0.00078134,0,0,0.892498881,3,15,11.66869334,-2.4117
2022,1,11,2,30,IMG_3693,0,0,0,0,0,0,0,1,0,0,0,1.39E-05,5.93E-05,0,0,0.893484931,3,15.1,11.73991292,-2.4005
2022,1,11,2,40,IMG_3694,0,0,0,0,0,0,0,1,0,0,0,1.37E-05,6.74E-05,0,0,0.885229988,3,15.1,11.73991292,-1.519
2022,1,11,2,50,IMG_3695,0,0,0,0,0,0,0,1,0,0,0,1.36E-05,5.09E-05,0,0,0.877768284,3,14.9,11.72529772,-1.3661
2022,1,11,3,0,IMG_3696,0,0,0,0,0,0,0,1,0,0,0,1.36E-05,5.80E-05,0,0,0.898044133,3,14.8,11.65405224,-1.4137
2022,1,11,3,10,IMG_3697,0,0,0,0,0,0,0,1,0,0,0,1.38E-05,5.27E-05,0,0,0.897236283,3,14.7,11.70908679,-1.8
2022,1,11,3,20,IMG_3698,0,0,0,0,0,0,0,1,0,0,0,1.38E-05,4.55E-05,0,0,0.882875541,3,14.5,11.56694011,-2.0464
2022,1,11,3,30,IMG_3699,0,0,0,0,0,0,0,1,0,0,0,1.35E-05,5.16E-05,0,0,0.88336108,3,14.5,11.56694011,-2.4399
2022,1,11,19,30,IMG_3700,0,0,0,0.966,0,0,0,0.034,0,0,0,0.938525496,4.92E-05,0,0,0.034113289,3,11.8,6.421043332,-6.1211
2022,1,11,19,40,IMG_3701,0,0,0,0.996,0,0,0,0.003,0,0,0,0.967396484,4.17E-05,0,0,0.003474294,3,11.8,6.421043332,-6.0823
2022,1,11,19,50,IMG_3702,0,0,0,0.995,0,0,0,0.005,0,0,0,0.96604052,4.70E-05,0,0,0.005271732,3,11.7,6.381036056,-6.3217
2022,1,11,20,0,IMG_3703,0,0,0,0.863,0,0,0,0.137,0,0,0,0.821364243,5.29E-05,0,0,0.135106851,3,11.7,6.381036056,-6.4225
2022,1,11,20,10,IMG_3704,0,0,0,0.994,0,0,0,0.006,0,0,0,0.95469843,5.91E-05,0,0,0.005558331,3,11.8,6.526306337,-6.61
2022,1,11,20,20,IMG_3705,0,0,0,0.939,0,0,0,0.061,0,0,0,0.891560614,3.45E-05,0,0,0.059433887,3,11.7,6.485643205,-6.6964
2022,1,11,20,30,IMG_3706,0,0,0,0.969,0,0,0,0.031,0,0,0,0.910694907,4.40E-05,0,0,0.030647183,3,11.6,6.653110195,-6.7026
2022,1,11,20,40,IMG_3707,0,0,0,0.731,0,0,0,0.269,0,0,0,0.673943607,4.09E-05,0,0,0.258718096,3,11.6,6.757065042,-6.9413
2022,1,11,20,50,IMG_3708,0,0,0,0.603,0,0,0,0.397,0,0,0,0.543023099,5.63E-05,0,0,0.37788762,3,11.5,6.818201562,-6.9238
2022,1,11,21,0,IMG_3709,0,0,0,0.475,0,0,0,0.525,0,0,0,0.412255371,3.60E-05,0,0,0.491762673,3,11.6,6.861019888,-7.1143
2022,1,11,21,10,IMG_3710,0,0,0,0.049,0,0,0,0.951,0,0,0,0.04201422,5.01E-05,0,0,0.86747938,3,11.5,6.818201562,-7.1893
2022,1,11,21,20,IMG_3711,0,0,0,0.002,0,0,0,0.998,0,0,0,0.001877329,6.45E-05,0,0,0.882478433,3,11.6,6.861019888,-7.5189
2022,1,11,22,10,IMG_3716,0,0,0,0.059,0.001,0,0,0.94,0,0,0,0.043526375,0.000637755,0,0,0.802299151,3,12,6.288541565,-7.9818
2022,1,11,22,20,IMG_3717,0,0,0,0.006,0.001,0,0,0.993,0,0,0,0.004539761,0.000529229,0,0,0.830653133,3,11.9,6.461268471,-6.582
2022,1,11,23,10,IMG_3722,0,0,0,0.005,0.046,0,0,0.949,0,0,0,0.004019817,0.036181858,0,0,0.738799519,3,11.9,6.355346037,-5.7568
2022,1,11,23,40,IMG_3725,0,0,0,0,0.262,0,0,0.738,0,0,0,1.24E-05,0.204627051,0,0,0.602053403,3,11.9,6.037578735,-4.2844
2022,1,12,0,0,IMG_3727,0,0,0,0.004,0.259,0,0,0.736,0,0,0,0.003303433,0.196145448,0,0,0.60510308,3,11.9,6.037578735,-4.5936
2022,1,12,0,10,IMG_3728,0,0,0,0.021,0.006,0,0,0.973,0,0,0,0.015449602,0.004176863,0,0,0.786369959,3,11.8,6.105254315,-4.4048
2022,1,12,0,20,IMG_3729,0,0,0,0,0,0,0,1,0,0,0,0.000118104,7.53E-05,0,0,0.807231776,3,11.8,5.99999131,-4.1566
2022,1,12,0,30,IMG_3730,0,0,0,0.001,0,0,0,0.999,0,0,0,0.00041416,0.000179259,0,0,0.816017218,3,11.8,6.105254315,-3.9746
2022,1,12,0,40,IMG_3731,0,0,0,0.002,0.023,0,0,0.975,0,0,0,0.001218359,0.01560305,0,0,0.78331896,3,11.7,6.067214611,-4.0963
2022,1,12,0,50,IMG_3732,0,0,0,0,0,0,0,1,0,0,0,4.28E-05,8.24E-05,0,0,0.810397904,3,11.8,6.105254315,-4.1688
2022,1,12,1,0,IMG_3733,0,0,0,0.001,0,0,0,0.999,0,0,0,0.000496499,8.12E-05,0,0,0.821832489,3,11.8,6.105254315,-3.8809
2022,1,12,1,10,IMG_3734,0,0,0,0.002,0,0,0,0.998,0,0,0,0.001419509,6.98E-05,0,0,0.840934645,3,11.8,6.210517321,-3.7142
2022,1,12,1,20,IMG_3735,0,0,0,0,0,0,0,0.999,0,0,0,0.00038762,6.83E-05,0,0,0.836134285,3,11.7,6.276428908,-4.1754
2022,1,12,1,30,IMG_3736,0,0,0,0.001,0,0,0,0.999,0,0,0,0.000464859,7.84E-05,0,0,0.827341864,3,11.7,6.276428908,-4.0818
2022,1,12,1,40,IMG_3737,0,0,0,0,0,0,0,1,0,0,0,0.000260149,6.40E-05,0,0,0.801437447,3,11.6,6.341245654,-3.9869
2022,1,12,1,50,IMG_3738,0,0,0,0,0,0,0,1,0,0,0,0.000290054,5.29E-05,0,0,0.832651623,3,11.6,6.341245654,-3.9562
2022,1,12,2,0,IMG_3739,0,0,0,0,0,0,0,1,0,0,0,0.000329763,6.26E-05,0,0,0.838962192,3,11.6,6.341245654,-4.2184
2022,1,12,2,10,IMG_3740,0,0,0,0,0,0,0,1,0,0,0,0.000107287,5.27E-05,0,0,0.827123573,3,11.6,6.341245654,-4.7394
2022,1,12,2,20,IMG_3741,0,0,0,0,0,0,0,1,0,0,0,0.000186268,7.10E-05,0,0,0.824653884,3,11.6,6.445200501,-3.6342
2022,1,12,2,30,IMG_3742,0,0,0,0,0,0,0,1,0,0,0,0.000174279,8.31E-05,0,0,0.831833759,3,11.6,6.549155348,-4.1804
2022,1,12,2,40,IMG_3743,0,0,0,0,0,0,0,1,0,0,0,0.000145553,7.24E-05,0,0,0.833174226,3,11.6,6.549155348,-4.7372
2022,1,12,2,50,IMG_3744,0,0,0,0,0,0,0,1,0,0,0,1.94E-05,4.59E-05,0,0,0.830603523,3,11.6,6.653110195,-5.0436
2022,1,12,3,0,IMG_3745,0,0,0,0,0,0,0,1,0,0,0,3.82E-05,5.36E-05,0,0,0.809437568,3,11.4,6.775615757,-2.217
2022,1,12,3,10,IMG_3746,0,0,0,0,0,0,0,1,0,0,0,0.000321837,6.68E-05,0,0,0.811275338,3,11.1,6.951481214,-2.7827
2022,1,12,3,20,IMG_3747,0,0,0,0,0,0,0,1,0,0,0,0.000241654,5.43E-05,0,0,0.807582309,3,11,6.807806223,-3.4515
2022,1,12,3,30,IMG_3748,0,0,0,0,0,0,0,1,0,0,0,0.000278831,4.39E-05,0,0,0.802493487,3,11,6.907921021,-2.42
2022,1,12,19,50,IMG_3751,0,0,0,0.174,0.03,0,0,0.796,0,0,0,0.151089626,0.028327734,0,0,0.717540595,3,12.8,9.073677823,-8.7164
2022,1,12,20,10,IMG_3753,0,0,0,0.54,0.071,0,0,0.389,0,0,0,0.48399713,0.061048032,0,0,0.354302622,3,12.9,9.130057754,-9.156
2022,1,12,23,0,IMG_3770,0,0,0,0.346,0.043,0,0,0.611,0,0,0,0.273535742,0.032810171,0,0,0.494314551,3,12.4,9.616087453,-9.5244
2022,1,12,23,20,IMG_3772,0,0,0,0,0.702,0,0,0.298,0,0,0,1.24E-05,0.577091549,0,0,0.250100841,3,12.5,9.676033184,-7.4234
2022,1,13,0,20,IMG_3778,0,0,0,0.077,0.88,0,0,0.043,0,0,0,0.053611659,0.611527299,0,0,0.031200511,3,12.9,9.468208041,-10.4801
2022,1,13,0,50,IMG_3781,0,0,0,0.225,0.667,0,0,0.108,0,0,0,0.151303824,0.462825729,0,0,0.077353651,3,12.9,9.580924804,-6.6548
2022,1,13,1,0,IMG_3782,0,0,0,0,0.463,0,0,0.537,0,0,0,1.18E-05,0.355254582,0,0,0.42031123,3,12.9,9.580924804,-5.4693
2022,1,13,1,10,IMG_3783,0,0,0,0,0,0,0,1,0,0,0,6.13E-05,8.70E-05,0,0,0.811345891,3,12.9,9.468208041,-5.046
2022,1,13,1,20,IMG_3784,0,0,0,0,0,0,0,1,0,0,0,0.000146672,0.000178666,0,0,0.820366496,3,13,9.526991435,-4.7937
2022,1,13,1,30,IMG_3785,0,0,0,0,0,0,0,1,0,0,0,2.45E-05,5.04E-05,0,0,0.842897874,3,13,9.526991435,-4.766
2022,1,13,1,40,IMG_3786,0,0,0,0,0,0,0,1,0,0,0,2.42E-05,6.47E-05,0,0,0.837621605,3,13,9.526991435,-4.7468
2022,1,13,1,50,IMG_3787,0,0,0,0,0,0,0,1,0,0,0,3.70E-05,0.000100864,0,0,0.814765122,3,13,9.640407999,-4.8323
2022,1,13,2,0,IMG_3788,0,0,0,0,0,0,0,1,0,0,0,1.26E-05,7.16E-05,0,0,0.845025721,3,12.9,9.580924804,-4.7103
2022,1,13,2,10,IMG_3789,0,0,0,0,0,0,0,1,0,0,0,2.46E-05,4.99E-05,0,0,0.826918307,3,12.9,9.580924804,-4.8791
2022,1,13,2,20,IMG_3790,0,0,0,0,0,0,0,1,0,0,0,2.47E-05,5.74E-05,0,0,0.852679109,3,13,9.640407999,-4.4625
2022,1,13,2,30,IMG_3791,0,0,0,0,0.02,0,0,0.98,0,0,0,2.43E-05,0.014819208,0,0,0.783091061,3,12.9,9.580924804,-5.3134
2022,1,13,2,40,IMG_3792,0,0,0,0,0,0,0,1,0,0,0,2.79E-05,7.10E-05,0,0,0.750952111,3,13,9.640407999,-7.3798
2022,1,13,3,0,IMG_3794,0,0,0,0,0.012,0,0,0.988,0,0,0,1.62E-05,0.008451728,0,0,0.749956723,3,13,9.640407999,-7.2801
2022,1,13,3,10,IMG_3795,0,0,0,0,0,0,0,1,0,0,0,7.49E-05,6.83E-05,0,0,0.759182016,3,13,9.640407999,-7.0509
2022,1,13,3,20,IMG_3796,0,0,0,0,0,0,0,1,0,0,0,8.84E-05,4.72E-05,0,0,0.778155311,3,13,9.640407999,-6.7747
2022,1,13,3,30,IMG_3797,0,0,0,0,0,0,0,1,0,0,0,2.40E-05,4.97E-05,0,0,0.802752141,3,13,9.640407999,-6.5251
2022,1,13,19,30,IMG_3798,0,0,0,0.997,0,0,0,0.003,0,0,0,0.946426345,2.63E-05,0,0,0.003117428,3,12.5,6.817205198,-7.2186
2022,1,13,19,40,IMG_3799,0,0,0,0.858,0,0,0,0.142,0,0,0,0.807432805,5.20E-05,0,0,0.138694381,3,12.5,6.817205198,-7.3408
2022,1,13,23,10,IMG_3802,0,0,0,0,0,0,0,1,0,0,0,2.77E-05,4.67E-05,0,0,0.864022228,3,11.9,6.884958206,-7.3921
2022,1,13,23,20,IMG_3803,0,0,0,0,0,0,0,1,0,0,0,0.000244479,4.61E-05,0,0,0.87085027,3,11.9,6.779035772,-9.876
2022,1,13,23,30,IMG_3804,0,0,0,0,0,0,0,1,0,0,0,5.41E-05,5.01E-05,0,0,0.84898744,3,11.8,6.736832348,-9.2475
2022,1,14,0,10,IMG_3808,0,0,0,0,0,0,0,1,0,0,0,4.78E-05,4.33E-05,0,0,0.817126375,3,11.7,6.381036056,-9.5588
2022,1,14,0,20,IMG_3809,0,0,0,0,0,0,0,1,0,0,0,7.14E-05,6.01E-05,0,0,0.809080619,3,11.7,6.276428908,-9.7685
2022,1,14,0,40,IMG_3811,0,0,0,0,0,0,0,1,0,0,0,0.000133181,4.12E-05,0,0,0.806036276,3,11.7,6.276428908,-9.3719
2022,1,14,0,50,IMG_3812,0,0,0,0,0,0,0,1,0,0,0,0.000187447,6.17E-05,0,0,0.796607985,3,11.7,6.171821759,-7.7286
2022,1,14,1,0,IMG_3813,0,0,0,0,0,0,0,1,0,0,0,5.42E-05,3.61E-05,0,0,0.794151555,3,11.7,6.171821759,-8.3991
2022,1,14,1,20,IMG_3815,0,0,0,0,0,0,0,1,0,0,0,1.98E-05,8.02E-05,0,0,0.791550894,3,11.7,6.171821759,-7.7242
2022,1,14,1,30,IMG_3816,0,0,0,0,0,0,0,1,0,0,0,3.26E-05,5.42E-05,0,0,0.791444546,3,11.7,6.276428908,-7.213
2022,1,14,2,0,IMG_3819,0,0,0,0,0,0,0,1,0,0,0,7.00E-05,2.95E-05,0,0,0.755849745,3,11.7,6.171821759,-8.6374
2022,1,14,22,50,IMG_3849,0,0,0,0.581,0.001,0,0,0.419,0,0,0,0.491250706,0.00060797,0,0,0.363774452,3,13.9,9.471034814,-6.6094
2022,1,14,23,50,IMG_3855,0,0,0,0.6,0.381,0,0,0.019,0,0,0,0.49637473,0.320420523,0,0,0.015774474,3,14.1,9.587994645,-6.7614
2022,1,15,0,0,IMG_3856,0,0,0,0.031,0.833,0,0,0.137,0,0,0,0.023695207,0.695310968,0,0,0.115154718,3,13.9,9.59092133,-4.9442
2022,1,15,0,10,IMG_3857,0,0,0,0.016,0.195,0,0,0.789,0,0,0,0.012874775,0.165497769,0,0,0.672775616,3,13.9,9.710807847,-4.158
2022,1,15,0,20,IMG_3858,0,0,0,0,0.979,0,0,0.021,0,0,0,0.000118427,0.770590798,0,0,0.016044614,3,14,9.64998377,-3.4055
2022,1,15,0,30,IMG_3859,0,0,0,0.192,0.076,0,0,0.731,0,0,0,0.15029088,0.05977349,0,0,0.560010487,3,14.1,9.709361666,-5.2461
2022,1,15,0,40,IMG_3860,0,0,0,0,0,0,0,1,0,0,0,0.000132715,8.97E-05,0,0,0.790303748,3,14.2,9.646943218,-4.1263
2022,1,15,0,50,IMG_3861,0,0,0,0,0,0,0,1,0,0,0,0.000235344,4.66E-05,0,0,0.850799752,3,14.3,9.583342718,-2.7338
2022,1,15,1,0,IMG_3862,0,0,0,0,0,0,0,1,0,0,0,0.00024834,4.74E-05,0,0,0.86533442,3,14.4,9.765784649,-3.0352
2022,1,15,1,10,IMG_3863,0,0,0,0,0,0,0,1,0,0,0,4.75E-05,5.60E-05,0,0,0.835425503,3,14.3,9.829069455,-2.9492
2022,1,15,1,20,IMG_3864,0,0,0,0,0,0,0,1,0,0,0,3.59E-05,4.63E-05,0,0,0.853903891,3,14.4,9.765784649,-2.679
2022,1,15,1,30,IMG_3865,0,0,0,0,0,0,0,1,0,0,0,3.68E-05,0.000118127,0,0,0.835202239,3,14.4,9.765784649,-2.4886
2022,1,15,1,40,IMG_3866,0,0,0,0,0.041,0,0,0.959,0,0,0,0.000332264,0.028509262,0,0,0.749756318,3,14.4,9.642167122,-3.1983
2022,1,15,2,10,IMG_3869,0,0,0,0.001,0,0,0,0.999,0,0,0,0.000921417,5.77E-05,0,0,0.855577306,3,14.4,10.0130197,-3.067
2022,1,15,2,20,IMG_3870,0,0,0,0,0,0,0,1,0,0,0,0.000151653,6.74E-05,0,0,0.856208669,3,14.4,10.13663723,-3.1696
2022,1,15,2,30,IMG_3871,0,0,0,0,0,0,0,1,0,0,0,1.32E-05,5.01E-05,0,0,0.847852682,3,14.4,10.26025476,-3.3949
2022,1,15,2,40,IMG_3872,0,0,0,0,0,0,0,1,0,0,0,1.35E-05,6.96E-05,0,0,0.874743855,3,14.5,10.44755881,-3.2923
2022,1,15,2,50,IMG_3873,0,0,0,0,0,0,0,1,0,0,0,2.00E-05,7.73E-05,0,0,0.880561809,3,14.6,10.6367219,-3.5271
2022,1,15,3,0,IMG_3874,0,0,0,0,0,0,0,1,0,0,0,1.39E-05,6.54E-05,0,0,0.889579913,3,14.7,10.82775768,-3.4867
2022,1,15,3,10,IMG_3875,0,0,0,0,0,0,0,1,0,0,0,1.40E-05,6.03E-05,0,0,0.87463907,3,14.7,10.82775768,-3.3424
2022,1,15,3,20,IMG_3876,0,0,0,0,0,0,0,1,0,0,0,2.00E-05,4.41E-05,0,0,0.839446642,3,14.6,10.88699771,-2.4438
2022,1,15,3,30,IMG_3877,0,0,0,0,0,0,0,1,0,0,0,1.94E-05,5.41E-05,0,0,0.823308263,3,14.6,11.01213562,-2.5362
2022,1,16,2,20,IMG_3919,0,0,0,0.355,0.182,0,0,0.463,0,0,0,0.2569622,0.133371958,0,0,0.336636411,3,14,10.85623174,-5.5474
2022,1,16,19,30,IMG_3927,0,0,0,0.998,0,0,0,0.002,0,0,0,0.988886456,2.83E-05,0,0,0.002024031,3,16.7,12.07916006,-3.3234
2022,1,16,19,40,IMG_3928,0,0,0,1,0,0,0,0,0,0,0,0.987429357,2.11E-05,0,0,0.000246627,3,16.6,12.00681659,-3.2887
2022,1,16,19,50,IMG_3929,0,0,0,0.964,0.014,0,0,0.022,0,0,0,0.952006032,0.014487973,0,0,0.021549422,3,16.5,11.93484887,-3.406
2022,1,16,20,0,IMG_3930,0,0,0,0.943,0.042,0,0,0.015,0,0,0,0.930418727,0.042258436,0,0,0.014808308,3,16.5,11.93484887,-3.3622
2022,1,16,20,10,IMG_3931,0,0,0,0.999,0,0,0,0.001,0,0,0,0.985847123,2.12E-05,0,0,0.001071034,3,16.4,11.86325528,-3.3088
2022,1,16,20,20,IMG_3932,0,0,0,0.997,0,0,0,0.003,0,0,0,0.984022258,2.10E-05,0,0,0.002693337,3,16.4,11.72368757,-3.3413
2022,1,16,20,30,IMG_3933,0,0,0,1,0,0,0,0,0,0,0,0.984785186,2.80E-05,0,0,0.000110998,3,16.5,11.79443889,-3.2243
2022,1,16,20,40,IMG_3934,0,0,0,1,0,0,0,0,0,0,0,0.98256063,1.42E-05,0,0,0.000138604,3,16.4,11.72368757,-3.126
2022,1,16,20,50,IMG_3935,0,0,0,1,0,0,0,0,0,0,0,0.982593472,3.45E-05,0,0,0.000271552,3,16.4,11.58411986,-3.1258
2022,1,16,21,0,IMG_3936,0,0,0,0.998,0,0,0,0.002,0,0,0,0.979130814,2.72E-05,0,0,0.001650962,3,16.4,11.72368757,-3.1688
2022,1,16,21,10,IMG_3937,0,0,0,1,0,0,0,0,0,0,0,0.97787666,1.42E-05,0,0,7.32E-05,3,16.4,11.72368757,-3.1638
2022,1,16,21,20,IMG_3938,0,0,0,1,0,0,0,0,0,0,0,0.976301022,2.06E-05,0,0,0.000188063,3,16.3,11.79203418,-3.2535
2022,1,16,21,30,IMG_3939,0,0,0,0.996,0,0,0,0.004,0,0,0,0.968822408,2.72E-05,0,0,0.003451878,3,16.3,11.79203418,-3.1724
2022,1,16,21,40,IMG_3940,0,0,0,0.625,0,0,0,0.375,0,0,0,0.60177207,6.12E-05,0,0,0.36946117,3,16.3,11.65330437,-3.2385
2022,1,16,21,50,IMG_3941,0,0,0,0.844,0.012,0,0,0.145,0,0,0,0.820476585,0.01158312,0,0,0.142975203,3,16.2,11.72118397,-3.1562
2022,1,16,22,0,IMG_3942,0,0,0,0.157,0.055,0,0,0.788,0,0,0,0.150552471,0.052963154,0,0,0.769214716,3,16.2,11.72118397,-3.2381
2022,1,16,22,10,IMG_3943,0,0,0,0.169,0.038,0,0,0.793,0,0,0,0.15889544,0.03704091,0,0,0.778398791,3,16.2,11.85908025,-3.1634
2022,1,16,22,20,IMG_3944,0,0,0,0.099,0.001,0,0,0.901,0,0,0,0.095009901,0.000849474,0,0,0.879180897,3,16.1,11.92483721,-3.2064
2022,1,16,22,30,IMG_3945,0,0,0,0.046,0.008,0,0,0.946,0,0,0,0.044431002,0.008019268,0,0,0.911432204,3,16,11.8530742,-3.253
2022,1,16,22,40,IMG_3946,0,0,0,0.036,0.002,0,0,0.962,0,0,0,0.034768187,0.001511801,0,0,0.921462252,3,15.9,11.78168587,-3.2458
2022,1,16,22,50,IMG_3947,0,0,0,0,0.002,0,0,0.998,0,0,0,5.58E-05,0.001811283,0,0,0.948497476,3,15.9,11.78168587,-3.1757
2022,1,16,23,0,IMG_3948,0,0,0,0.018,0.027,0,0,0.955,0,0,0,0.016211411,0.025114746,0,0,0.903109653,3,15.9,11.78168587,-3.4332
2022,1,16,23,10,IMG_3949,0,0,0,0.043,0,0,0,0.957,0,0,0,0.040500774,8.97E-05,0,0,0.914939814,3,15.9,11.78168587,-3.0613
2022,1,16,23,20,IMG_3950,0,0,0,0.033,0,0,0,0.967,0,0,0,0.031495245,8.37E-05,0,0,0.927805521,3,15.9,11.91710755,-2.8341
2022,1,16,23,30,IMG_3951,0,0,0,0.003,0,0,0,0.997,0,0,0,0.002836629,5.04E-05,0,0,0.940879763,3,15.8,11.84527599,-2.8764
2022,1,16,23,40,IMG_3952,0,0,0,0.011,0,0,0,0.989,0,0,0,0.010582166,6.39E-05,0,0,0.932593562,3,15.7,11.90761353,-2.7756
2022,1,16,23,50,IMG_3953,0,0,0,0.011,0.006,0,0,0.984,0,0,0,0.010106468,0.005342285,0,0,0.927665678,3,15.6,11.83572396,-2.7908
2022,1,17,0,0,IMG_3954,0,0,0,0,0.024,0,0,0.976,0,0,0,0.000137132,0.022888709,0,0,0.92080181,3,15.6,11.7027383,-2.777
2022,1,17,0,10,IMG_3955,0,0,0,0,0.005,0,0,0.995,0,0,0,0.000111824,0.00459659,0,0,0.927457752,3,15.6,11.83572396,-2.8526
2022,1,17,0,20,IMG_3956,0,0,0,0,0.001,0,0,0.999,0,0,0,2.03E-05,0.00082494,0,0,0.927569434,3,15.6,11.83572396,-2.9701
2022,1,17,0,30,IMG_3957,0,0,0,0,0.007,0,0,0.993,0,0,0,6.07E-05,0.006879004,0,0,0.916740933,3,15.6,11.83572396,-3.1966
2022,1,17,0,40,IMG_3958,0,0,0,0,0,0,0,1,0,0,0,4.57E-05,0.000188274,0,0,0.920914198,3,15.6,11.83572396,-3.2774
2022,1,17,0,50,IMG_3959,0,0,0,0,0,0,0,1,0,0,0,5.89E-05,7.85E-05,0,0,0.914219456,3,15.6,11.7027383,-3.147
2022,1,17,1,0,IMG_3960,0,0,0,0.014,0.003,0,0,0.983,0,0,0,0.012700759,0.002728658,0,0,0.902902584,3,15.7,11.77382012,-3.2572
2022,1,17,1,10,IMG_3961,0,0,0,0.001,0,0,0,0.999,0,0,0,0.001277779,7.85E-05,0,0,0.902551435,3,15.7,11.77382012,-3.1733
2022,1,17,1,20,IMG_3962,0,0,0,0.002,0.002,0,0,0.997,0,0,0,0.001474857,0.001761644,0,0,0.878546702,3,15.7,11.77382012,-3.6082
2022,1,17,1,30,IMG_3963,0,0,0,0,0.004,0,0,0.996,0,0,0,0.000117894,0.003380972,0,0,0.86603919,3,15.7,11.90761353,-3.3812
2022,1,17,1,40,IMG_3964,0,0,0,0.002,0.012,0,0,0.987,0,0,0,0.001230649,0.010255732,0,0,0.850358661,3,15.7,11.90761353,-4.6554
2022,1,17,1,50,IMG_3965,0,0,0,0,0.007,0,0,0.993,0,0,0,2.70E-05,0.006465287,0,0,0.908782903,3,15.7,11.90761353,-3.2572
2022,1,17,2,0,IMG_3966,0,0,0,0,0.117,0,0,0.883,0,0,0,3.36E-05,0.102050218,0,0,0.78360966,3,15.7,12.04140694,-3.5582
2022,1,17,2,10,IMG_3967,0,0,0,0,0.078,0,0,0.922,0,0,0,1.35E-05,0.069516902,0,0,0.811233,3,15.7,12.04140694,-3.3661
2022,1,17,2,20,IMG_3968,0,0,0,0,0.007,0,0,0.993,0,0,0,3.25E-05,0.006278839,0,0,0.910050406,3,15.7,12.04140694,-2.9225
2022,1,17,2,30,IMG_3969,0,0,0,0,0.271,0,0,0.729,0,0,0,1.97E-05,0.236333954,0,0,0.639089543,3,15.8,12.11448681,-3.4226
2022,1,17,2,40,IMG_3970,0,0,0,0,0.016,0,0,0.984,0,0,0,7.16E-05,0.014732339,0,0,0.874380071,3,15.8,12.11448681,-3.3472
2022,1,17,2,50,IMG_3971,0,0,0,0,0,0,0,1,0,0,0,2.67E-05,6.92E-05,0,0,0.901471559,3,15.8,12.11448681,-2.9303
2022,1,17,3,0,IMG_3972,0,0,0,0,0,0,0,1,0,0,0,1.37E-05,3.03E-05,0,0,0.927644381,3,15.8,12.11448681,-2.4589
2022,1,17,3,10,IMG_3973,0,0,0,0,0,0,0,1,0,0,0,2.00E-05,0.000150331,0,0,0.914535577,3,15.6,12.10169529,-2.357
2022,1,17,3,20,IMG_3974,0,0,0,0,0,0,0,1,0,0,0,1.97E-05,4.13E-05,0,0,0.915078305,3,15.6,12.23468095,-2.3412
2022,1,17,3,30,IMG_3975,0,0,0,0,0,0,0,1,0,0,0,1.36E-05,2.99E-05,0,0,0.919975346,3,15.6,12.23468095,-2.1521
2022,1,17,19,30,IMG_3976,0,0,0,0,0.017,0,0,0.983,0,0,0,0.000143788,0.016949917,0,0,0.952514085,3,14.8,11.65405224,-2.1514
2022,1,17,19,40,IMG_3977,0,0,0,0,0.067,0,0,0.933,0,0,0,2.90E-05,0.066016864,0,0,0.896395117,3,14.8,11.65405224,-2.2002
2022,1,17,19,50,IMG_3978,0,0,0,0,0.037,0,0,0.963,0,0,0,0.000195666,0.036404627,0,0,0.914974076,3,14.8,11.65405224,-3.3706
2022,1,17,20,0,IMG_3979,0,0,0,0,0.083,0,0,0.916,0,0,0,0.000178606,0.08140622,0,0,0.873304372,3,14.8,11.52737776,-2.9559
2022,1,17,20,10,IMG_3980,0,0,0,0,0.124,0,0,0.876,0,0,0,0.000132828,0.122411005,0,0,0.845925744,3,14.8,11.52737776,-2.4646
2022,1,17,20,20,IMG_3981,0,0,0,0.002,0.109,0,0,0.889,0,0,0,0.00213901,0.105897641,0,0,0.861770568,3,14.8,11.52737776,-2.7299
2022,1,17,20,30,IMG_3982,0,0,0,0.001,0.051,0,0,0.948,0,0,0,0.001005461,0.050169389,0,0,0.912644817,3,14.7,11.33137431,-2.6476
2022,1,17,20,50,IMG_3984,0,0,0,0.152,0.041,0,0,0.807,0,0,0,0.145348971,0.040173745,0,0,0.790698468,3,14.7,11.33137431,-2.4157
2022,1,17,21,0,IMG_3985,0,0,0,0.04,0.048,0,0,0.913,0,0,0,0.036834908,0.046559232,0,0,0.885843322,3,14.7,11.33137431,-2.4419
2022,1,17,21,10,IMG_3986,0,0,0,0.001,0.08,0,0,0.919,0,0,0,0.000886861,0.078087147,0,0,0.849231738,3,14.7,11.33137431,-2.5454
2022,1,17,21,20,IMG_3987,0,0,0,0.034,0.017,0,0,0.949,0,0,0,0.033333601,0.0167247,0,0,0.914387139,3,14.8,11.40070328,-2.1879
2022,1,17,21,30,IMG_3988,0,0,0,0.136,0.007,0,0,0.857,0,0,0,0.130871274,0.007293374,0,0,0.828180176,3,14.8,11.40070328,-2.0733
2022,1,17,21,40,IMG_3989,0,0,0,0.608,0.081,0,0,0.31,0,0,0,0.581670876,0.07901401,0,0,0.301303643,3,14.8,11.40070328,-2.3759
2022,1,17,21,50,IMG_3990,0,0,0,0.745,0.001,0,0,0.254,0,0,0,0.729669824,0.001253478,0,0,0.249427291,3,14.8,11.40070328,-1.8606
2022,1,17,22,0,IMG_3991,0,0,0,0.761,0.001,0,0,0.239,0,0,0,0.741474061,0.00060927,0,0,0.229889295,3,14.8,11.40070328,-2.0823
2022,1,17,22,10,IMG_3992,0,0,0,0.866,0.003,0,0,0.131,0,0,0,0.840289168,0.003331415,0,0,0.12812497,3,14.8,11.40070328,-1.7558
2022,1,17,22,20,IMG_3993,0,0,0,0.138,0.001,0,0,0.861,0,0,0,0.13202633,0.001160442,0,0,0.826721605,3,14.8,11.52737776,-1.8076
2022,1,17,22,30,IMG_3994,0,0,0,0.017,0.006,0,0,0.976,0,0,0,0.016666669,0.006163394,0,0,0.923239032,3,14.7,11.45727847,-1.8901
2022,1,17,22,40,IMG_3995,0,0,0,0.356,0,0,0,0.644,0,0,0,0.335934052,7.01E-05,0,0,0.61794816,3,14.7,11.45727847,-2.0384
2022,1,17,22,50,IMG_3996,0,0,0,0.772,0,0,0,0.228,0,0,0,0.748158879,5.22E-05,0,0,0.217491782,3,14.7,11.33137431,-1.8074
2022,1,17,23,0,IMG_3997,0,0,0,0,0,0,0,1,0,0,0,0.000109029,6.76E-05,0,0,0.93818442,3,14.6,11.38754933,-1.839
2022,1,17,23,10,IMG_3998,0,0,0,0,0,0,0,1,0,0,0,7.76E-05,5.00E-05,0,0,0.943129688,3,14.6,11.38754933,-1.8977
2022,1,17,23,20,IMG_3999,0,0,0,0,0,0,0,1,0,0,0,1.45E-05,5.62E-05,0,0,0.935174099,3,14.6,11.51268724,-1.7684
2022,1,17,23,30,IMG_4000,0,0,0,0,0,0,0,1,0,0,0,4.93E-05,5.08E-05,0,0,0.94319034,3,14.5,11.44256441,-1.8042
2022,1,17,23,40,IMG_4001,0,0,0,0,0,0,0,1,0,0,0,3.45E-05,5.03E-05,0,0,0.946983676,3,14.5,11.44256441,-1.8152
2022,1,17,23,50,IMG_4002,0,0,0,0,0,0,0,1,0,0,0,2.77E-05,5.68E-05,0,0,0.941036456,3,14.5,11.44256441,-1.5713
2022,1,18,0,0,IMG_4003,0,0,0,0,0,0,0,1,0,0,0,6.21E-05,4.87E-05,0,0,0.923989558,3,14.5,11.44256441,-1.9235
2022,1,18,0,10,IMG_4004,0,0,0,0,0,0,0,1,0,0,0,5.35E-05,4.81E-05,0,0,0.914828666,3,14.6,11.51268724,-1.7575
2022,1,18,0,20,IMG_4005,0,0,0,0,0,0,0,1,0,0,0,8.62E-05,6.09E-05,0,0,0.915905093,3,14.6,11.51268724,-1.6029
2022,1,18,0,30,IMG_4006,0,0,0,0.007,0,0,0,0.993,0,0,0,0.006592015,8.54E-05,0,0,0.90629366,3,14.6,11.51268724,-1.6622
2022,1,18,0,40,IMG_4007,0,0,0,0,0,0,0,1,0,0,0,3.96E-05,9.52E-05,0,0,0.911585712,3,14.7,11.58318263,-1.7763
2022,1,18,0,50,IMG_4008,0,0,0,0.004,0,0,0,0.995,0,0,0,0.004109195,0.000155364,0,0,0.90672005,3,14.7,11.58318263,-1.9972
2022,1,18,1,0,IMG_4009,0,0,0,0.047,0,0,0,0.953,0,0,0,0.042030131,9.61E-05,0,0,0.862399339,3,14.7,11.58318263,-1.8501
2022,1,18,1,10,IMG_4010,0,0,0,0.029,0.001,0,0,0.97,0,0,0,0.027267601,0.000729492,0,0,0.869355792,3,14.8,11.65405224,-1.9791
2022,1,18,1,20,IMG_4011,0,0,0,0.018,0.011,0,0,0.971,0,0,0,0.016492533,0.009938462,0,0,0.863316369,3,14.7,11.58318263,-1.8815
2022,1,18,1,30,IMG_4012,0,0,0,0.077,0.406,0,0,0.518,0,0,0,0.063749144,0.351964468,0,0,0.458505311,3,14.8,11.65405224,-2.7729
2022,1,18,1,40,IMG_4013,0,0,0,0.01,0.99,0,0,0,0,0,0,0.006611846,0.837990347,0,0,0,3,15,11.66869334,-5.1239
2022,1,18,1,50,IMG_4014,0,0,0,0.034,0.008,0,0,0.957,0,0,0,0.029119358,0.007487124,0,0,0.852873422,3,15.3,11.62230851,-2.5022
2022,1,18,2,0,IMG_4015,0,0,0,0.044,0.194,0,0,0.762,0,0,0,0.038468848,0.173815602,0,0,0.692746394,3,15.1,11.61090289,-2.1301
2022,1,18,2,10,IMG_4016,0,0,0,0.002,0.007,0,0,0.991,0,0,0,0.001419832,0.006726795,0,0,0.890295117,3,15,11.54046594,-2.0508
2022,1,18,2,20,IMG_4017,0,0,0,0.006,0.006,0,0,0.988,0,0,0,0.005082985,0.005138191,0,0,0.899137823,3,14.9,11.59784883,-1.8126
2022,1,18,2,30,IMG_4018,0,0,0,0.067,0.004,0,0,0.929,0,0,0,0.057615948,0.003604387,0,0,0.818437237,3,14.8,11.52737776,-2.0921
2022,1,18,2,40,IMG_4019,0,0,0,0.576,0.312,0,0,0.112,0,0,0,0.478775248,0.268246635,0,0,0.100997363,3,14.8,11.52737776,-2.0458
2022,1,18,3,0,IMG_4021,0,0,0,0.011,0.002,0,0,0.987,0,0,0,0.009915633,0.001449234,0,0,0.860037237,3,14.9,11.59784883,-2.5142
2022,1,18,3,10,IMG_4022,0,0,0,0.472,0.495,0,0,0.033,0,0,0,0.388418645,0.415983571,0,0,0.027357362,3,15,11.54046594,-2.1047
2022,1,18,3,20,IMG_4023,0,0,0,0.118,0.032,0,0,0.85,0,0,0,0.102729102,0.028123911,0,0,0.729963559,3,15,11.54046594,-2.0572
2022,1,18,3,30,IMG_4024,0,0,0,0.513,0.236,0,0,0.252,0,0,0,0.435827674,0.202559067,0,0,0.214786013,3,15,11.54046594,-3.9647
2022,1,18,19,50,IMG_4027,0,0,0,0.01,0.983,0,0,0.007,0,0,0,0.009181603,0.862356979,0,0,0.00622213,3,15.8,10.63382731,-5.9374
2022,1,18,20,10,IMG_4029,0,0,0,0.776,0.118,0,0,0.106,0,0,0,0.719497078,0.105581783,0,0,0.103166804,3,15.9,10.56289078,-4.6012
2022,1,18,20,20,IMG_4030,0,0,0,0.629,0.21,0,0,0.16,0,0,0,0.592615565,0.192939528,0,0,0.157502239,3,15.9,10.56289078,-4.3876
2022,1,18,20,30,IMG_4031,0,0,0,0.281,0.504,0,0,0.215,0,0,0,0.26090492,0.460260742,0,0,0.208010254,3,15.9,10.69831246,-4.3506
2022,1,18,20,40,IMG_4032,0,0,0,0.02,0.915,0,0,0.065,0,0,0,0.017471928,0.841818472,0,0,0.06126075,3,15.8,10.76843272,-4.6849
2022,1,18,20,50,IMG_4033,0,0,0,0.94,0.047,0,0,0.013,0,0,0,0.867241737,0.042356385,0,0,0.012221935,3,15.8,10.63382731,-4.3301
2022,1,18,21,10,IMG_4035,0,0,0,0.002,0.971,0,0,0.027,0,0,0,0.001437034,0.878136283,0,0,0.026702314,3,15.8,10.63382731,-4.3337
2022,1,18,21,20,IMG_4036,0,0,0,0.698,0.039,0,0,0.264,0,0,0,0.617769081,0.034348693,0,0,0.249211118,3,15.8,10.63382731,-4.5295
2022,1,18,21,30,IMG_4037,0,0,0,0.026,0.88,0,0,0.094,0,0,0,0.021209255,0.798773362,0,0,0.089983594,3,15.9,10.56289078,-4.2045
2022,1,19,0,50,IMG_4057,0,0,0,0,0.001,0,0,0.999,0,0,0,0.000351743,0.000562816,0,0,0.879110547,3,16.1,10.82830045,-5.0849
2022,1,19,1,0,IMG_4058,0,0,0,0,0.551,0,0,0.449,0,0,0,0.000226277,0.479705679,0,0,0.397750285,3,16,10.76313634,-4.6598
2022,1,19,1,20,IMG_4060,0,0,0,0,0.884,0,0,0.116,0,0,0,6.57E-06,0.761363416,0,0,0.102106753,3,16.1,10.82830045,-5.9514
2022,1,19,1,30,IMG_4061,0,0,0,0.158,0.264,0,0,0.578,0,0,0,0.135553178,0.232547544,0,0,0.515552299,3,16.1,10.96536755,-7.6656
2022,1,19,2,10,IMG_4065,0,0,0,0.307,0.386,0,0,0.307,0,0,0,0.270195313,0.336484961,0,0,0.272103839,3,16,11.30810527,-6.5932
2022,1,19,2,30,IMG_4067,0,0,0,0.013,0.548,0,0,0.44,0,0,0,0.010597514,0.481502494,0,0,0.398294952,3,16,11.30810527,-7.9123
2022,1,19,3,0,IMG_4070,0,0,0,0.003,0.007,0,0,0.991,0,0,0,0.002217698,0.005944276,0,0,0.876504169,3,16.2,11.4453914,-5.9416
2022,1,19,3,10,IMG_4071,0,0,0,0.004,0.006,0,0,0.99,0,0,0,0.00333445,0.004769216,0,0,0.886776104,3,16.2,11.4453914,-5.1212
2022,1,19,3,20,IMG_4072,0,0,0,0.095,0.001,0,0,0.904,0,0,0,0.082861959,0.000477584,0,0,0.806074722,3,16.2,11.30749512,-3.1883
2022,1,19,3,30,IMG_4073,0,0,0,0.001,0,0,0,0.998,0,0,0,0.001274925,9.56E-05,0,0,0.898871372,3,16.2,11.4453914,-3.706
2022,1,20,1,40,IMG_4111,0,0,0,0.057,0.943,0,0,0,0,0,0,0.03923563,0.773128974,0,0,0,3,16.4,10.88628131,-4.1597
2022,1,20,3,30,IMG_4122,0,0,0,0.12,0.88,0,0,0,0,0,0,0.082610149,0.763000593,0,0,0,3,16.7,11.22651346,-4.3971
2022,1,20,20,50,IMG_4131,0,0,0,0.165,0.835,0,0,0,0,0,0,0.131667022,0.654754725,0,0,0,3,16.4,10.88628131,-8.1199
2022,1,20,21,20,IMG_4134,0,0,0,0.973,0.024,0,0,0.003,0,0,0,0.787642879,0.020212545,0,0,0.002104988,3,16.3,10.9596553,-6.7883
2022,1,20,21,30,IMG_4135,0,0,0,0.957,0.043,0,0,0,0,0,0,0.763969554,0.0355439,0,0,0,3,16.3,10.9596553,-7.6164
2022,1,20,22,10,IMG_4139,0,0,0,0.999,0.001,0,0,0,0,0,0,0.806367511,0.000962538,0,0,1.33E-05,3,16,11.03562081,-7.1167
2022,1,20,22,50,IMG_4143,0,0,0,0.942,0.058,0,0,0,0,0,0.000146086,0.707425879,0.039197273,0,0,0,3,16,11.03562081,-7.7882
2022,1,20,23,0,IMG_4144,0,0,0,0.963,0.037,0,0,0,0,0,0,0.71278569,0.027630889,0,0,0,3,16.1,10.96536755,-6.2675
2022,1,20,23,10,IMG_4145,0,0,0,0.997,0.003,0,0,0,0,0,0,0.746224842,0.001862417,0,0,0,3,16.1,10.96536755,-5.8884
2022,1,20,23,30,IMG_4147,0,0,0,0.974,0.026,0,0,0,0,0,0,0.724084533,0.01780145,0,0,0,3,16.1,10.96536755,-8.1948
2022,1,20,23,40,IMG_4148,0,0,0,0.99,0,0,0,0.01,0,0,0,0.758762282,7.61E-05,0,0,0.007269839,3,16,11.03562081,-6.291
2022,1,20,23,50,IMG_4149,0,0,0,0.3,0,0,0,0.7,0,0,0,0.237442646,7.73E-05,0,0,0.547182197,3,15.9,10.96915581,-5.5187
2022,1,21,0,0,IMG_4150,0,0,0,0.027,0,0,0,0.973,0,0,0,0.020852832,9.23E-05,0,0,0.775822874,3,16,11.03562081,-3.6062
2022,1,21,1,20,IMG_4158,0,0,0,0.997,0.002,0,0,0.001,0,0,0,0.734595763,0.001658008,0,0,0.000671755,3,15.7,11.23864648,-6.5032
2022,1,21,1,30,IMG_4159,0,0,0,0.004,0,0,0,0.996,0,0,0,0.003260832,7.71E-05,0,0,0.806951886,3,15.9,11.23999916,-4.9472
2022,1,21,1,40,IMG_4160,0,0,0,0,0,0,0,1,0,0,0,0.000196965,4.27E-05,0,0,0.817520944,3,15.9,11.23999916,-3.3241
2022,1,21,2,40,IMG_4166,0,0,0,0.787,0.011,0,0,0.202,0,0,0,0.564275811,0.007957467,0,0,0.150190685,3,15.6,11.43676697,-7.2789
2022,1,21,2,50,IMG_4167,0,0,0,0.001,0,0,0,0.999,0,0,0,0.000554973,7.00E-05,0,0,0.763522341,3,15.6,11.30378131,-6.0557
2022,1,21,3,0,IMG_4168,0,0,0,0,0,0,0,1,0,0,0,4.43E-05,4.65E-05,0,0,0.802432715,3,15.7,11.37243989,-4.3072
2022,1,21,3,10,IMG_4169,0,0,0,0,0,0,0,1,0,0,0,4.23E-05,5.43E-05,0,0,0.810536298,3,15.6,11.43676697,-3.8227
2022,1,21,3,20,IMG_4170,0,0,0,0,0,0,0,1,0,0,0,2.44E-05,6.55E-05,0,0,0.810696642,3,15.5,11.49984674,-3.5016
2022,1,21,3,30,IMG_4171,0,0,0,0,0,0,0,1,0,0,0,5.31E-05,3.73E-05,0,0,0.805426149,3,15.4,11.56169025,-4.5014
2022,1,21,19,30,IMG_4172,0,0,0,1,0,0,0,0,0,0,0,0.814835029,2.30E-05,0,0,0,3,17,12.87721242,-2.693
2022,1,21,19,50,IMG_4174,0,0,0,0.432,0.568,0,0,0,0,0,0,0.358020658,0.482194952,0,0,0,3,17.3,12.96312825,-2.4208
2022,1,21,20,0,IMG_4175,0,0,0,0.958,0.042,0,0,0,0,0,0,0.7851878,0.036134608,6.36E-06,9.29E-05,0.000214694,3,17.4,12.8926049,-2.006
2022,1,21,20,10,IMG_4176,0,0,0,0.976,0.014,0.01,0,0,6.82E-05,0,0,0.79972989,0.012668359,0.00833575,0,0.000315918,3,17.4,12.74441403,-1.5979
2022,1,21,20,40,IMG_4179,0,0,0,0.967,0.031,0,0,0.001,0,0,0,0.72812488,0.026154109,0,8.19E-05,0.001293337,3,17.7,12.82362296,-1.213
2022,1,21,20,50,IMG_4180,0,0,0,0.987,0.011,0,0.002,0,0,0,0,0.757501352,0.010132362,0.000159195,0.001538048,8.83E-05,3,17.7,12.82362296,-1.6846
2022,1,21,21,10,IMG_4182,0,0,0.001,0.922,0.054,0.023,0,0,5.34E-05,0,0.000695673,0.657660021,0.040810622,0.019967713,0,0,3,17.5,12.96978794,-1.1868
2022,1,21,21,30,IMG_4184,0,0,0,0.955,0.045,0,0,0,0,0,0,0.660485892,0.035468307,0,0,0,3,17.3,12.96312825,-1.2503
2022,1,21,22,0,IMG_4187,0,0,0,1,0,0,0,0,0,0,0,0.713119554,5.81E-06,0,0,0,3,17.2,12.88586171,-0.4726
2022,1,21,22,10,IMG_4188,0,0,0,1,0,0,0,0,0,0,0,0.715949549,4.80E-06,0,0,0,3,17.1,12.95455117,-1.0064
2022,1,21,22,30,IMG_4190,0,0,0,1,0,0,0,0,0,0,0,0.691664633,2.67E-05,0,0,0,3,17,13.0219002,-1.9289
2022,1,21,22,40,IMG_4191,0,0,0,0.993,0.007,0,0,0,0,0,0,0.694225173,0.004221282,0,0,0,3,17.2,13.03229196,-2.0068
2022,1,21,22,50,IMG_4192,0,0,0,1,0,0,0,0,0,0,3.76E-05,0.694346605,5.86E-06,0,0,0,3,17.3,12.96312825,-1.7266
2022,1,21,23,10,IMG_4194,0,0,0,0.992,0.008,0,0,0,0,0,0,0.646064438,0.004805574,0,0,1.99E-05,3,17.3,12.81581998,-1.3509
2022,1,21,23,40,IMG_4197,0,0,0,0.995,0.005,0,0,0,0,0,1.53E-05,0.67618572,0.003741632,0,0,0,3,17,12.87721242,-1.6356
2022,1,22,0,0,IMG_4199,0,0,0,0.993,0.007,0,0,0,0,0,4.33E-05,0.673806205,0.004798145,0,0,0,3,17.1,12.95455117,-1.9301
2022,1,22,0,10,IMG_4200,0,0,0,0.985,0.015,0,0,0,0,0,0,0.669184225,0.009823603,0,0,0,3,17.3,12.81581998,-1.5737
2022,1,22,0,20,IMG_4201,0,0,0,0.999,0,0,0,0.001,0,0,0,0.698643893,4.93E-05,0,0,0.000674377,3,17.3,12.81581998,-1.6541
2022,1,22,0,30,IMG_4202,0,0,0,1,0,0,0,0,0,0,0,0.700058444,4.99E-05,0,0,0,3,17.4,12.8926049,-1.4139
2022,1,22,0,50,IMG_4204,0,0,0,0.999,0,0,0,0.001,0,0,0,0.712897078,5.18E-05,0,0,0.000451224,3,17.8,13.05197584,-1.1953
2022,1,22,1,0,IMG_4205,0,0,0,0.507,0,0,0,0.492,0,0,0,0.364651502,9.60E-05,0,0,0.372186321,3,17.8,12.90020868,-1.8746
2022,1,22,1,10,IMG_4206,0,0,0,1,0,0,0,0,0,0,0,0.692264949,9.06E-05,0,0,0.000158962,3,17.7,12.97448912,-0.698
2022,1,22,1,20,IMG_4207,0,0,0,1,0,0,0,0,0,0,0,0.663287876,5.42E-05,0,0,0,3,17.6,13.04737082,-1.9295
2022,1,22,1,30,IMG_4208,0,0,0,0.923,0.077,0,0,0,0,0,0,0.650914581,0.048430784,0,0,0,3,17.6,13.1973406,-2.1429
2022,1,22,1,40,IMG_4209,0,0,0,0.857,0.014,0,0,0.129,0,0,0,0.621738755,0.010958353,0,0,0.100096417,3,17.7,13.12535527,-1.5719
2022,1,22,1,50,IMG_4210,0,0,0,0.006,0,0,0,0.994,0,0,0,0.004475098,7.19E-05,0,0,0.757334383,3,17.8,13.05197584,-3.2089
2022,1,22,2,0,IMG_4211,0,0,0,0,0,0,0,1,0,0,0,6.85E-05,7.16E-05,0,0,0.778612958,3,17.7,13.12535527,-2.948
2022,1,22,2,10,IMG_4212,0,0,0,0.163,0,0,0,0.837,0,0,0,0.11329233,6.87E-05,0,0,0.619180514,3,17.4,13.18898662,-1.8754
2022,1,22,2,20,IMG_4213,0,0,0,0.69,0,0,0,0.309,0,0,0,0.478345733,0.00027491,0,0,0.237345403,3,17.3,13.2577448,-2.3269
2022,1,22,2,30,IMG_4214,0,0,0,0.976,0.011,0,0,0.013,0,0,0,0.689490099,0.00879366,0,0,0.009370996,3,17.3,13.2577448,-2.1785
2022,1,22,2,40,IMG_4215,0,0,0,0.84,0.158,0,0,0.002,0,0,0,0.608191046,0.112091669,0,0,0.001437568,3,17.5,13.41702201,-5.1206
2022,1,22,3,10,IMG_4218,0,0,0,0.002,0,0,0,0.998,0,0,0,0.001425488,7.63E-05,0,0,0.751150992,3,17.6,13.34731038,-3.2018
2022,1,22,3,20,IMG_4219,0,0,0,0.951,0.043,0,0,0.006,0,0,0,0.670963011,0.036564386,0,0,0.005174129,3,17.5,13.41702201,-3.1971
2022,1,22,3,30,IMG_4220,0,0,0,0.889,0.079,0,0,0.032,5.07E-06,0,0,0.639013244,0.064133526,6.27E-06,0,0.026010765,3,17.5,13.26794398,-5.8449
2022,1,22,19,30,IMG_4221,0,0,0,0.07,0,0,0,0.93,0,0,0,0.06369662,6.68E-05,0,0,0.872383166,3,18.1,14.52283074,-1.9597
2022,1,22,19,40,IMG_4222,0,0,0,0.632,0,0,0,0.368,0,0,0,0.59095335,6.11E-05,0,0,0.352204087,3,18.1,14.52283074,-1.8277
2022,1,22,19,50,IMG_4223,0,0,0,0.826,0,0,0,0.174,0,0,0,0.776633083,8.24E-05,0,0,0.165878643,3,18.1,14.52283074,-0.8172
2022,1,22,20,20,IMG_4226,0,0,0,0.002,0,0,0,0.998,0,0,0,0.001677269,0.000126082,0,0,0.905852509,3,18,14.59040061,-0.7198
2022,1,22,20,30,IMG_4227,0,0,0,0,0.001,0,0,0.999,0,0,0,3.39E-05,0.001118465,0,0,0.872190595,3,17.9,14.50391837,-0.7549
2022,1,22,20,40,IMG_4228,0,0,0,0.015,0.01,0,0,0.975,0,0,0,0.012841632,0.008320928,0,0,0.841645102,3,17.9,14.50391837,-0.9241
2022,1,22,20,50,IMG_4229,0,0,0,0,0,0,0,1,0,0,0,2.15E-05,0.0001077,0,0,0.905214934,3,17.9,14.50391837,-0.972
2022,1,22,21,0,IMG_4230,0,0,0,0.055,0,0,0,0.945,0,0,0,0.053051502,7.65E-05,0,0,0.913411373,3,17.8,14.41788029,-1.3843
2022,1,22,21,10,IMG_4231,0,0,0,0,0,0,0,1,0,0,0,2.16E-05,9.79E-05,0,0,0.910580311,3,17.9,14.50391837,-1.2605
2022,1,22,21,20,IMG_4232,0,0,0,0,0,0,0,1,0,0,0,2.14E-05,8.26E-05,0,0,0.902026773,3,17.9,14.50391837,-1.2003
2022,1,22,21,30,IMG_4233,0,0,0,0,0,0,0,1,0,0,0,0.000127907,8.90E-05,0,0,0.873418735,3,17.9,14.50391837,-0.6155
2022,1,22,21,40,IMG_4234,0,0,0,0.014,0.016,0,0,0.97,0,0,0,0.013347153,0.014760855,0,0,0.830704477,3,17.9,14.50391837,-1.5535
2022,1,22,21,50,IMG_4235,0,0,0,0,0.091,0,0,0.909,0,0,0,2.16E-05,0.078216849,0,0,0.781462192,3,17.9,14.50391837,-0.6693
2022,1,22,22,0,IMG_4236,0,0,0,0,0.025,0,0,0.975,0,0,0,2.09E-05,0.022952224,0,0,0.850345373,3,17.8,14.41788029,-0.6929
2022,1,22,22,40,IMG_4240,0,0,0,0,0,0,0,1,0,0,0,7.24E-05,8.51E-05,0,0,0.867435194,3,17.9,14.50391837,-0.5842
2022,1,22,23,10,IMG_4243,0,0,0,0,0,0,0,1,0,0,0,2.07E-05,5.47E-05,0,0,0.839959082,3,18,14.59040061,-0.7627
2022,1,22,23,20,IMG_4244,0,0,0,0,0,0,0,1,0,0,0,2.18E-05,0.000100398,0,0,0.809538965,3,18,14.59040061,-0.4412
2022,1,22,23,30,IMG_4245,0,0,0,0,0,0,0,1,0,0,0,2.09E-05,4.08E-05,0,0,0.849402689,3,18,14.59040061,-0.4189
2022,1,23,0,40,IMG_4252,0,0,0.001,0.197,0.794,0,0.009,0,0,0,0.000335772,0.129162102,0.421489588,0,0.004413236,0,3,18,14.59040061,-0.6296
2022,1,23,2,20,IMG_4262,0,0,0,0.061,0.939,0,0,0,0,0,0,0.032690512,0.607525068,0,0,0,3,17,13.74533911,-1.5953
2022,1,23,2,30,IMG_4263,0.031,0,0.006,0.11,0.249,0.006,0.599,0,0.020671958,0,0.003223422,0.072387793,0.140405469,0.002703764,0.317488161,4.45E-05,3,17.1,13.8278917,-1.0452
2022,1,23,2,40,IMG_4264,0.002,0.001,0.052,0.136,0.071,0,0.738,0,0.001178448,0.000590798,0.029189528,0.092070343,0.039831701,3.59E-06,0.362340745,0,3,17.2,13.91087344,-1.0362
2022,1,23,2,50,IMG_4265,0,0,0.002,0.081,0.168,0,0.748,0,0,0,0.001245876,0.053916504,0.095812538,0.00018282,0.365355867,0,3,17.1,13.8278917,0.0364
2022,1,23,3,20,IMG_4268,0,0,0.002,0.081,0.537,0,0.38,0,0,0,0.001371785,0.051825128,0.318633812,0,0.21267814,0,3,17,13.74533911,-0.5495
2022,1,23,19,30,IMG_4270,0,0,0,0.622,0,0,0,0.378,0,0,0,0.584405844,0.000116218,0,0,0.362605732,3,17,13.89002689,-1.6629
2022,1,23,19,40,IMG_4271,0,0,0,0.824,0,0,0,0.176,0,0,0,0.777218111,0.000108969,0,0,0.1699952,3,17,13.89002689,-1.6274
2022,1,23,19,50,IMG_4272,0,0,0,0.694,0,0,0,0.306,0,0,0,0.643113544,0.000104079,0,0,0.289109255,3,17.1,13.97344846,-1.6204
2022,1,23,20,0,IMG_4273,0,0,0,0.143,0,0,0,0.857,0,0,0,0.12477361,0.000263184,0,0,0.783767383,3,17,13.89002689,-1.4691
2022,1,23,20,10,IMG_4274,0,0,0,0.742,0,0,0,0.258,0,0,0,0.67095806,0.000202502,0,0,0.241111982,3,17.1,13.97344846,-1.5909
2022,1,23,20,20,IMG_4275,0,0,0,0.995,0,0,0,0.005,0,0,0,0.936096522,5.79E-05,0,0,0.004994141,3,17.1,13.97344846,-1.4311
2022,1,23,20,30,IMG_4276,0,0,0,0.999,0,0,0,0.001,0,0,0,0.938240535,8.40E-05,0,0,0.000611599,3,17.1,13.97344846,-1.1919
2022,1,23,20,40,IMG_4277,0,0,0,1,0,0,0,0,0,0,0,0.956444989,5.72E-05,0,0,0.000227802,3,17.1,13.97344846,-1.3423
2022,1,23,20,50,IMG_4278,0,0,0,1,0,0,0,0,0,0,0,0.955541804,5.06E-05,0,0,6.56E-05,3,17.1,13.97344846,-1.1446
2022,1,23,21,0,IMG_4279,0,0,0,0.996,0,0,0,0.004,0,0,0,0.929724444,5.72E-05,0,0,0.004043555,3,17,13.89002689,-1.1776
2022,1,23,21,10,IMG_4280,0,0,0,0.999,0,0,0,0.001,0,0,0,0.943689641,7.41E-05,0,0,0.000864648,3,17,13.89002689,-1.4063
2022,1,23,21,20,IMG_4281,0,0,0,0.999,0,0,0,0.001,0,0,0,0.950992323,8.57E-05,0,0,0.000633782,3,17,13.89002689,-1.4397
2022,1,23,21,30,IMG_4282,0,0,0,0.998,0,0,0,0.002,0,0,0,0.948363732,7.25E-05,0,0,0.00157325,3,17,13.89002689,-1.2904
2022,1,23,21,40,IMG_4283,0,0,0,0.999,0,0,0,0.001,0,0,0,0.960314941,5.83E-05,0,0,0.000661591,3,17,13.89002689,-1.2297
2022,1,23,21,50,IMG_4284,0,0,0,0.999,0,0,0,0.001,0,0,0,0.957935667,8.41E-05,0,0,0.001291128,3,16.9,13.80703711,-1.1555
2022,1,23,22,0,IMG_4285,0,0,0,0.993,0,0,0,0.007,0,0,0,0.943174429,8.30E-05,0,0,0.006362237,3,17,13.89002689,-1.247
2022,1,23,22,10,IMG_4286,0,0,0,0.999,0,0,0,0.001,0,0,0,0.965659142,5.17E-05,0,0,0.000860201,3,17,13.89002689,-1.1535
2022,1,23,22,20,IMG_4287,0,0,0,0.998,0,0,0,0.002,0,0,0,0.961958691,8.44E-05,0,0,0.002164138,3,17,13.89002689,-1.1526
2022,1,23,22,30,IMG_4288,0,0,0,0.999,0,0,0,0.001,0,0,0,0.954791842,3.98E-05,0,0,0.000521898,3,17,13.89002689,-1.2373
2022,1,23,22,40,IMG_4289,0,0,0,0.899,0,0,0,0.101,0,0,0,0.845364348,0.000177404,0,0,0.095417901,3,16.9,13.80703711,-1.3368
2022,1,23,22,50,IMG_4290,0,0,0,0.996,0,0,0,0.004,0,0,0,0.93680471,9.88E-05,0,0,0.003370598,3,17,13.89002689,-1.2451
2022,1,23,23,0,IMG_4291,0,0,0,0,0,0,0,1,0,0,0,2.22E-05,7.85E-05,0,0,0.862615302,3,17,13.89002689,-1.3306
2022,1,23,23,10,IMG_4292,0,0,0,0,0,0,0,1,0,0,0,1.64E-05,5.98E-05,0,0,0.845262387,3,17,13.89002689,-1.4645
2022,1,23,23,20,IMG_4293,0,0,0,0,0,0,0,1,0,0,0,4.50E-05,8.62E-05,0,0,0.818231731,3,17,13.89002689,-1.3315
2022,1,23,23,30,IMG_4294,0,0,0,0,0,0,0,1,0,0,0,1.60E-05,6.30E-05,0,0,0.859314671,3,17,13.89002689,-1.1757
2022,1,23,23,40,IMG_4295,0,0,0,0,0,0,0,1,0,0,0,1.75E-05,0.000117188,0,0,0.878732677,3,17.1,13.97344846,-1.1759
2022,1,23,23,50,IMG_4296,0,0,0,0,0,0,0,1,0,0,0,5.17E-05,9.69E-05,0,0,0.858370568,3,17.1,13.97344846,-1.1021
2022,1,24,0,0,IMG_4297,0,0,0,0,0,0,0,1,0,0,0,0.000122724,5.98E-05,0,0,0.896981378,3,17,13.89002689,-1.329
2022,1,24,0,10,IMG_4298,0,0,0,0,0,0,0,1,0,0,0,3.00E-05,7.97E-05,0,0,0.874232151,3,17,13.89002689,-1.1894
2022,1,24,0,20,IMG_4299,0,0,0,0,0,0,0,1,0,0,0,4.09E-05,7.94E-05,0,0,0.873763905,3,17,13.89002689,-1.1276
2022,1,24,0,30,IMG_4300,0,0,0,0.001,0,0,0,0.999,0,0,0,0.000643412,0.000114686,0,0,0.875649955,3,17.1,13.97344846,-1.7999
2022,1,24,0,40,IMG_4301,0,0,0,0,0,0,0,1,0,0,0,0.000179229,6.65E-05,0,0,0.888088003,3,17,13.89002689,-1.8198
2022,1,24,0,50,IMG_4302,0,0,0,0,0,0,0,1,0,0,0,1.86E-05,0.000353538,0,0,0.881199745,3,17.1,13.97344846,-1.6309
2022,1,24,1,0,IMG_4303,0,0,0,0,0,0,0,1,0,0,0,0.000103606,0.000130206,0,0,0.872471364,3,17.1,13.97344846,-1.6369
2022,1,24,1,10,IMG_4304,0,0,0,0,0,0,0,1,0,0,0,4.58E-05,6.45E-05,0,0,0.889967834,3,17,13.89002689,-1.7107
2022,1,24,1,20,IMG_4305,0,0,0,0,0,0,0,1,0,0,0,3.01E-05,0.000195605,0,0,0.882299001,3,17,13.89002689,-1.6667
2022,1,24,1,30,IMG_4306,0,0,0,0,0.001,0,0,0.999,0,0,0,3.49E-05,0.00078614,0,0,0.874604364,3,17,13.89002689,-1.5305
2022,1,24,1,40,IMG_4307,0,0,0,0,0,0,0,1,0,0,0,3.43E-05,9.94E-05,0,0,0.867308519,3,17,13.89002689,-1.4605
2022,1,24,1,50,IMG_4308,0,0,0,0,0,0,0,1,0,0,0,2.50E-05,0.000104582,0,0,0.865683654,3,17,13.89002689,-1.5496
2022,1,24,2,0,IMG_4309,0,0,0,0,0,0,0,1,0,0,0,2.91E-05,6.93E-05,0,0,0.872496026,3,17,13.89002689,-1.5164
2022,1,24,2,10,IMG_4310,0,0,0,0,0,0,0,1,0,0,0,1.65E-05,6.86E-05,0,0,0.849158038,3,17,13.89002689,-1.452
2022,1,24,2,20,IMG_4311,0,0,0,0,0.001,0,0,0.999,0,0,0,0.000344666,0.000826172,0,0,0.877428711,3,16.9,13.80703711,-1.517
2022,1,24,2,30,IMG_4312,0,0,0,0.001,0,0,0,0.999,0,0,0,0.000442623,5.17E-05,0,0,0.88638454,3,16.9,13.80703711,-1.5578
2022,1,24,2,40,IMG_4313,0,0,0,0,0.001,0,0,0.999,0,0,0,3.50E-05,0.001226728,0,0,0.881435682,3,16.9,13.80703711,-1.5315
2022,1,24,2,50,IMG_4314,0,0,0,0,0,0,0,1,0,0,0,3.92E-05,5.22E-05,0,0,0.878266579,3,16.9,13.80703711,-1.3016
2022,1,24,3,0,IMG_4315,0,0,0,0,0,0,0,1,0,0,0,1.66E-05,9.71E-05,0,0,0.876684165,3,16.7,13.64234548,-1.3184
2022,1,24,3,10,IMG_4316,0,0,0,0,0,0,0,1,0,0,0,2.73E-05,0.000169096,0,0,0.870696582,3,16.6,13.56063991,-1.2894
2022,1,24,3,20,IMG_4317,0,0,0,0,0,0,0,1,0,0,0,3.15E-05,7.89E-05,0,0,0.856605717,3,16.5,13.47935873,-1.3017
2022,1,24,3,30,IMG_4318,0,0,0,0,0,0,0,1,0,0,0,1.62E-05,0.000168885,0,0,0.860502336,3,16.4,13.39850008,-1.3769
2022,1,24,19,30,IMG_4319,0,0,0,0.55,0.001,0,0,0.449,0,0,0,0.515914258,0.001281258,0,0,0.438994802,3,16.4,12.00282299,-2.5582
2022,1,24,19,40,IMG_4320,0,0,0,0.834,0,0,0,0.165,0,0,0,0.78949867,5.13E-05,0,0,0.162913311,3,16.5,11.93484887,-2.4963
2022,1,24,19,50,IMG_4321,0,0,0,0.068,0,0,0,0.931,0,0,0,0.066078373,0.0001782,0,0,0.864117886,3,16.5,12.07525886,-1.9344
2022,1,24,20,0,IMG_4322,0,0,0,0.372,0,0,0,0.628,0,0,0,0.347707595,4.93E-05,0,0,0.604822243,3,16.5,11.93484887,-2.4364
2022,1,24,20,10,IMG_4323,0,0,0,0.399,0.001,0,0,0.6,0,0,0,0.366236358,0.000548438,0,0,0.553945463,3,16.4,12.00282299,-2.1517
2022,1,24,20,20,IMG_4324,0,0,0,0.968,0,0,0,0.032,0,0,0,0.923399527,2.53E-05,0,0,0.031898836,3,16.5,11.93484887,-2.0699
2022,1,24,20,30,IMG_4325,0,0,0,0.762,0,0,0,0.238,0,0,0,0.711716511,5.03E-05,0,0,0.228014588,3,16.5,11.93484887,-2.0283
2022,1,24,20,40,IMG_4326,0,0,0,0.991,0,0,0,0.009,0,0,0,0.94982681,2.74E-05,0,0,0.009012034,3,16.5,11.79443889,-1.8917
2022,1,24,20,50,IMG_4327,0,0,0,0.963,0,0,0,0.037,0,0,0,0.918243127,2.57E-05,0,0,0.035596928,3,16.5,11.6540289,-1.7692
2022,1,24,21,0,IMG_4328,0,0,0,0.643,0,0,0,0.357,0,0,0,0.597651863,4.91E-05,0,0,0.344864431,3,16.6,11.72430326,-1.7552
2022,1,24,21,10,IMG_4329,0,0,0,0.494,0,0,0,0.506,0,0,0,0.45204088,4.55E-05,0,0,0.480420966,3,16.6,11.72430326,-1.8274
2022,1,24,21,20,IMG_4330,0,0,0,0.529,0,0,0,0.471,0,0,0,0.490601608,3.71E-05,0,0,0.450058977,3,16.6,11.86555993,-1.94
2022,1,24,21,30,IMG_4331,0,0,0,0.324,0,0,0,0.676,0,0,0,0.297267037,0.000125346,0,0,0.613928373,3,16.6,11.72430326,-1.8774
2022,1,24,21,40,IMG_4332,0,0,0,0.835,0,0,0,0.165,0,0,0,0.784127073,3.84E-05,0,0,0.157551878,3,16.6,11.72430326,-1.9839
2022,1,24,21,50,IMG_4333,0,0,0,0.309,0,0,0,0.691,0,0,0,0.282483736,3.66E-05,0,0,0.638495711,3,16.6,11.72430326,-1.9832
2022,1,24,22,10,IMG_4335,0,0,0,0.531,0,0,0,0.469,0,0,0,0.471507707,7.73E-05,0,0,0.404805604,3,16.5,11.93484887,-2.0051
2022,1,24,22,20,IMG_4336,0,0,0,0.93,0,0,0,0.07,0,0,0,0.845044133,7.46E-05,0,0,0.062577832,3,16.4,11.86325528,-1.9575
2022,1,24,22,30,IMG_4337,0,0,0,0.18,0.007,0,0,0.812,0,0,0,0.163788912,0.006306505,0,0,0.707945711,3,16.5,11.93484887,-1.9125
2022,1,24,22,50,IMG_4339,0,0,0,0.22,0,0,0,0.78,0,0,0,0.198301014,0.000300421,0,0,0.683235975,3,16.4,11.86325528,-2.017
2022,1,24,23,0,IMG_4340,0,0,0,0.017,0.001,0,0,0.981,0,0,0,0.016028561,0.001174557,0,0,0.880245748,3,16.3,11.79203418,-1.732
2022,1,24,23,10,IMG_4341,0,0,0,0.004,0.682,0,0,0.314,0,0,0,0.003643712,0.565650894,0,0,0.275680972,3,16.3,11.79203418,-2.542
2022,1,24,23,20,IMG_4342,0,0,0,0,0.883,0,0,0.116,0,0,0,2.00E-05,0.678139731,0,0,0.090439761,3,16.4,12.00282299,-2.2797
2022,1,24,23,30,IMG_4343,0,0,0,0.012,0.976,0,0,0.012,0,0,0,0.00673451,0.701689055,0,0,0.008149572,3,16.4,12.00282299,-2.9526
2022,1,24,23,40,IMG_4344,0,0,0,0,0.429,0,0,0.571,0,0,0,0.000165204,0.320067165,0,0,0.428767676,3,16.4,12.1423907,-3.3778
2022,1,25,1,0,IMG_4352,0,0,0,0,0.892,0,0,0.108,0,0,0,5.95E-06,0.706313634,0,0,0.090337072,3,16.3,12.06949381,-3.3359
2022,1,25,2,30,IMG_4361,0,0,0,0.002,0.988,0,0,0.009,0,0,0,0.001592781,0.720111621,0,0,0.006348685,3,16.3,12.06949381,-4.1179
2022,1,25,2,40,IMG_4362,0,0,0,0.003,0.991,0,0,0.006,0,0,0,0.002361486,0.749982324,0,0,0.003980221,3,16.4,12.00282299,-4.7281
2022,1,25,2,50,IMG_4363,0,0,0,0,0.982,0,0,0.018,0,0,0,5.98E-06,0.771622829,0,0,0.013897559,3,16.4,12.1423907,-4.2216
2022,1,25,3,20,IMG_4366,0,0,0,0,0.508,0,0,0.492,0,0,0,5.52E-05,0.393059923,0,0,0.364644606,3,16.3,12.06949381,-7.2107
2022,1,25,19,50,IMG_4370,0,0,0,0.036,0.937,0,0,0.027,0,0,0,0.02850163,0.779911621,0,0,0.024082181,3,18.6,12.89070567,-8.107
2022,1,25,20,0,IMG_4371,0,0,0,0.009,0.969,0,0,0.022,0,0,0,0.007043419,0.811597761,0,0,0.01782331,3,18.6,12.73156115,-6.6135
2022,1,25,20,10,IMG_4372,0,0,0,0.046,0.932,0,0,0.022,0,0,0,0.035946252,0.773715708,0,0,0.019522559,3,18.6,12.73156115,-6.9957
2022,1,25,20,20,IMG_4373,0,0,0,0.007,0.951,0,0,0.042,0,0,0,0.006009525,0.811300901,0,0,0.036054868,3,18.7,12.80705183,-6.4037
2022,1,25,20,40,IMG_4375,0,0,0,0.159,0.837,0,0,0.004,0,0,0,0.126197859,0.730212132,0,0,0.003601908,3,18.7,12.80705183,-5.9043
2022,1,26,0,40,IMG_4399,0,0,0,0.006,0.979,0,0,0.015,0,0,0,0.002953756,0.746943637,0,0,0.01208928,3,18.4,13.21082105,-6.5244
2022,1,26,0,50,IMG_4400,0,0,0,0,0.001,0,0,0.999,0,0,0,4.44E-05,0.001103148,0,0,0.856320906,3,18.4,13.21082105,-2.4669
2022,1,26,1,0,IMG_4401,0,0,0,0,0.001,0,0,0.999,0,0,0,3.91E-05,0.000400578,0,0,0.850590798,3,18.3,13.13276467,-1.6778
2022,1,26,1,10,IMG_4402,0,0,0,0,0.001,0,0,0.998,0,0,0,3.13E-05,0.001181776,0,0,0.848383767,3,18.5,13.28927866,-1.2839
2022,1,26,1,20,IMG_4403,0,0,0,0,0.012,0,0,0.988,0,0,0,3.84E-05,0.010130476,0,0,0.811502637,3,18.4,13.21082105,-1.47
2022,1,26,1,40,IMG_4405,0,0,0,0.001,0.752,0,0,0.248,0,0,0,0.000534653,0.601521349,0,0,0.202945538,3,18.2,13.3659437,-8.2262
2022,1,26,1,50,IMG_4406,0,0,0,0,0.706,0,0,0.294,0,0,0,3.30E-05,0.548263401,0,0,0.244313371,3,18.1,13.44134334,-5.6876
2022,1,26,2,0,IMG_4407,0,0,0,0,0.997,0,0,0.003,0,0,0,1.30E-05,0.769150083,0,0,0.002501946,3,18.2,13.6767796,-4.2405
2022,1,26,2,10,IMG_4408,0,0,0,0,0.495,0,0,0.505,0,0,0,5.19E-05,0.376871169,0,0,0.423561523,3,18,13.51531846,-4.8608
2022,1,26,2,20,IMG_4409,0,0,0,0,0.04,0,0,0.96,0,0,0,2.65E-05,0.030249602,0,0,0.786123858,3,18,13.66890163,-4.173
2022,1,26,3,0,IMG_4413,0,0,0,0,0.103,0,0,0.897,0,0,0,2.08E-05,0.083130213,0,0,0.719607933,3,17.8,13.81081165,-8.8675
2022,1,26,3,10,IMG_4414,0,0,0,0,0.251,0,0,0.749,0,0,0,3.39E-05,0.197926037,0,0,0.614764063,3,17.8,13.81081165,-2.9068
2022,1,26,3,30,IMG_4416,0,0,0,0,0.99,0,0,0.01,0,0,0,1.33E-05,0.741796642,0,0,0.007856393,3,17.8,13.96257881,-5.3659
2022,1,26,23,0,IMG_4417,0,0,0,0.002,0,0,0,0.998,0,0,0,0.001642127,7.26E-05,0,0,0.909808842,3,18.2,14.76470525,-1.6118
2022,1,26,23,10,IMG_4418,0,0,0,0,0,0,0,1,0,0,0,2.22E-05,0.000119223,0,0,0.905402381,3,18.2,14.76470525,-1.2909
2022,1,26,23,20,IMG_4419,0,0,0,0.003,0,0,0,0.997,0,0,0,0.002889093,5.53E-05,0,0,0.915150623,3,18.2,14.76470525,-1.41
2022,1,26,23,30,IMG_4420,0,0,0,0,0,0,0,1,0,0,0,0.000158752,5.54E-05,0,0,0.916440009,3,18.2,14.76470525,-1.3582
2022,1,26,23,40,IMG_4421,0,0,0,0,0,0,0,1,0,0,0,0.00018306,5.54E-05,0,0,0.918409135,3,18.3,14.85253147,-1.3395
2022,1,26,23,50,IMG_4422,0,0,0,0.002,0,0,0,0.998,0,0,0,0.001543172,6.16E-05,0,0,0.916650466,3,18.2,14.9201232,-1.4802
2022,1,27,0,0,IMG_4423,0,0,0,0,0,0,0,1,0,0,0,9.23E-05,8.50E-05,0,0,0.884695688,3,18.2,14.9201232,-1.5375
2022,1,27,0,10,IMG_4424,0,0,0,0,0,0,0,1,0,0,0,1.12E-05,6.04E-05,0,0,0.889600804,3,18.3,15.00887391,-1.5505
2022,1,27,0,20,IMG_4425,0,0,0,0,0,0,0,1,0,0,0,1.13E-05,5.92E-05,0,0,0.876083,3,18.3,15.00887391,-1.5372
2022,1,27,0,30,IMG_4426,0,0,0,0,0,0,0,1,0,0,0,1.65E-05,6.49E-05,0,0,0.85741404,3,18.3,15.00887391,-1.4935
2022,1,27,0,40,IMG_4427,0,0,0,0,0,0,0,1,0,0,0,3.55E-05,5.49E-05,0,0,0.859043998,3,18.3,15.00887391,-1.5705
2022,1,27,0,50,IMG_4428,0,0,0,0,0,0,0,1,0,0,0,1.90E-05,5.30E-05,0,0,0.891483962,3,18.3,15.00887391,-1.4668
2022,1,27,1,0,IMG_4429,0,0,0,0,0,0,0,1,0,0,0,6.20E-05,6.58E-05,0,0,0.888214581,3,18.3,15.00887391,-1.3627
2022,1,27,1,10,IMG_4430,0,0,0,0,0,0,0,1,0,0,0,2.75E-05,5.98E-05,0,0,0.875806288,3,18.2,14.9201232,-0.9992
2022,1,27,1,20,IMG_4431,0,0,0,0,0,0,0,1,0,0,0,0.000142849,5.76E-05,0,0,0.884627404,3,18.1,14.83182714,-1.1725
2022,1,27,1,30,IMG_4432,0,0,0,0,0,0,0,1,0,0,0,1.65E-05,9.36E-05,0,0,0.883657054,3,18.1,14.83182714,-1.0822
2022,1,27,1,40,IMG_4433,0,0,0,0,0,0,0,1,0,0,0,2.26E-05,5.99E-05,0,0,0.88306576,3,18,14.74398378,-0.9338
2022,1,27,1,50,IMG_4434,0,0,0,0,0,0,0,1,0,0,0,0.000121161,9.30E-05,0,0,0.883465865,3,17.9,14.65659119,-0.9466
2022,1,27,2,0,IMG_4435,0,0,0,0.001,0,0,0,0.999,0,0,0,0.000657873,7.49E-05,0,0,0.880699534,3,17.9,14.65659119,-0.9955
2022,1,27,2,10,IMG_4436,0,0,0,0,0,0,0,1,0,0,0,2.21E-05,7.09E-05,0,0,0.882496319,3,17.8,14.56964745,-0.9049
2022,1,27,2,20,IMG_4437,0,0,0,0,0,0,0,1,0,0,0,1.68E-05,6.84E-05,0,0,0.881146214,3,17.7,14.48315064,-0.8518
2022,1,27,2,30,IMG_4438,0,0,0,0,0,0,0,1,0,0,0,2.29E-05,5.77E-05,0,0,0.890353478,3,17.7,14.48315064,-0.9428
2022,1,27,2,40,IMG_4439,0,0,0,0,0,0,0,1,0,0,0,1.67E-05,0.000179582,0,0,0.861633999,3,17.7,14.48315064,-0.9237
2022,1,27,2,50,IMG_4440,0,0,0,0,0,0,0,1,0,0,0,3.28E-05,7.85E-05,0,0,0.8571609,3,17.6,14.39709884,-0.9942
2022,1,27,3,0,IMG_4441,0,0,0,0,0,0,0,1,0,0,0,1.08E-05,0.000163995,0,0,0.850983984,3,17.6,14.39709884,-0.9953
2022,1,27,3,10,IMG_4442,0,0,0,0,0,0,0,1,0,0,0,1.67E-05,0.000236028,0,0,0.852399519,3,17.6,14.39709884,-1.0939
2022,1,27,3,20,IMG_4443,0,0,0,0,0,0,0,1,0,0,0,2.74E-05,0.000100098,0,0,0.856241076,3,17.5,14.31149014,-1.0968
2022,1,27,3,30,IMG_4444,0,0,0,0,0,0,0,1,0,0,0,1.71E-05,6.87E-05,0,0,0.870555446,3,17.5,14.31149014,-1.124
2022,1,27,19,30,IMG_4445,0,0,0,0.411,0,0,0,0.589,0,0,0,0.407000143,0.000174249,0,0,0.584869494,3,17.8,13.96257881,-2.5518
2022,1,27,19,40,IMG_4446,0,0,0,0.006,0,0,0,0.994,0,0,0,0.005951525,6.97E-05,0,0,0.978561726,3,17.9,14.04589989,-2.3426
2022,1,27,19,50,IMG_4447,0,0,0,0.037,0.001,0,0,0.963,0,0,0,0.035972468,0.00061534,0,0,0.947593412,3,18,14.12965112,-2.5534
2022,1,27,20,10,IMG_4449,0,0,0,0,0,0,0,0.999,0,0,0,0.000453433,0.000173745,0,0,0.968767112,3,18.1,14.05933614,-2.3427
2022,1,27,20,20,IMG_4450,0,0,0,0.005,0,0,0,0.995,0,0,0,0.005125316,0.000114093,0,0,0.962778531,3,18.1,14.05933614,-7.4009
2022,1,27,20,30,IMG_4451,0,0,0,0.014,0,0,0,0.986,0,0,0,0.012873806,0.000105018,0,0,0.962261944,3,18.2,14.14303345,-2.1661
2022,1,27,20,40,IMG_4452,0,0,0,0.221,0,0,0,0.779,0,0,0,0.21737642,0.000187568,0,0,0.771892826,3,18.1,14.05933614,-2.0961
2022,1,27,20,50,IMG_4453,0,0,0,0.014,0.001,0,0,0.985,0,0,0,0.014000368,0.001015152,0,0,0.972912192,3,18.1,14.05933614,-2.1163
2022,1,27,21,0,IMG_4454,0,0,0,0,0,0,0,0.999,0,0,0,0.000470838,0.000102727,0,0,0.972696049,3,18.1,14.05933614,-2.2411
2022,1,27,21,10,IMG_4455,0,0,0,0.007,0,0,0,0.993,0,0,0,0.006904312,5.49E-05,0,0,0.969679808,3,18.1,14.05933614,-2.3477
2022,1,27,21,20,IMG_4456,0,0,0,0.054,0,0,0,0.946,0,0,0,0.053153576,4.18E-05,0,0,0.934264881,3,18.1,14.05933614,-1.9419
2022,1,27,21,30,IMG_4457,0,0,0,0,0,0,0,1,0,0,0,4.44E-05,8.63E-05,0,0,0.949653238,3,18.1,14.05933614,-2.3924
2022,1,27,21,40,IMG_4458,0,0,0,0,0,0,0,1,0,0,0,0.000224594,5.23E-05,0,0,0.965159548,3,18.1,14.05933614,-2.7329
2022,1,27,21,50,IMG_4459,0,0,0,0.058,0,0,0,0.942,0,0,0,0.056663574,4.11E-05,0,0,0.923025518,3,18.2,14.14303345,-2.2214
2022,1,27,22,0,IMG_4460,0,0,0,0,0,0,0,1,0,0,0,2.94E-05,6.45E-05,0,0,0.966811779,3,18.1,14.05933614,-2.3548
2022,1,27,22,10,IMG_4461,0,0,0,0,0,0,0,1,0,0,0,2.20E-05,6.88E-05,0,0,0.917357918,3,18,14.12965112,-4.4614
2022,1,27,22,20,IMG_4462,0,0,0,0,0,0,0,1,0,0,0,2.19E-05,7.34E-05,0,0,0.922024737,3,17.9,14.04589989,-4.0237
2022,1,27,22,30,IMG_4463,0,0,0,0,0,0,0,1,0,0,0,3.63E-05,5.09E-05,0,0,0.947936463,3,18,14.12965112,-2.9779
2022,1,27,22,40,IMG_4464,0,0,0,0,0,0,0,1,0,0,0,0.000133068,3.95E-05,0,0,0.961036215,3,18,14.12965112,-2.037
2022,1,27,22,50,IMG_4465,0,0,0,0,0,0,0,1,0,0,0,4.33E-05,6.30E-05,0,0,0.950777096,3,18.1,14.21383434,-2.1839
2022,1,27,23,0,IMG_4466,0,0,0,0,0,0,0,1,0,0,0,2.81E-05,4.86E-05,0,0,0.931560081,3,18.2,14.14303345,-2.1705
2022,1,27,23,10,IMG_4467,0,0,0,0,0,0,0,1,0,0,0,2.09E-05,7.14E-05,0,0,0.921680957,3,18.2,14.14303345,-2.1849
2022,1,27,23,20,IMG_4468,0,0,0,0,0.023,0,0,0.977,0,0,0,2.80E-05,0.016602915,0,0,0.87924058,3,18.2,13.9876155,-1.9691
2022,1,27,23,30,IMG_4469,0,0,0,0.01,0.001,0,0,0.989,0,0,0,0.00953602,0.000657873,0,0,0.934524181,3,18.3,14.07081929,-2.0105
2022,1,27,23,40,IMG_4470,0,0,0,0,0.004,0,0,0.996,0,0,0,4.17E-05,0.00340471,0,0,0.918377404,3,18.3,14.07081929,-1.857
2022,1,27,23,50,IMG_4471,0,0,0,0.036,0.001,0,0,0.964,0,0,0,0.033932647,0.000686952,0,0,0.918868187,3,18.3,13.91447685,-1.9402
2022,1,28,0,0,IMG_4472,0,0,0,0.006,0,0,0,0.994,0,0,0,0.00555477,0.00026389,0,0,0.93576069,3,18.2,13.83219755,-1.7628
2022,1,28,0,10,IMG_4473,0,0,0,0,0,0,0,1,0,0,0,1.43E-05,3.76E-05,0,0,0.941918419,3,18,13.66890163,-1.6301
2022,1,28,0,20,IMG_4474,0,0,0,0,0,0,0,1,0,0,0,1.45E-05,4.37E-05,0,0,0.940767578,3,17.6,13.64724994,-1.6426
2022,1,28,0,30,IMG_4475,0,0,0,0,0,0,0,1,0,0,0,1.44E-05,3.05E-05,0,0,0.924837387,3,17.4,13.6335592,-1.8367
2022,1,28,0,40,IMG_4476,0,0,0,0,0,0,0,1,0,0,0,1.43E-05,4.27E-05,0,0,0.935139724,3,17.4,13.6335592,-1.7337
2022,1,28,0,50,IMG_4477,0,0,0,0,0,0,0,1,0,0,0,1.43E-05,3.08E-05,0,0,0.934058316,3,17.4,13.6335592,-1.8022
2022,1,28,1,0,IMG_4478,0,0,0,0,0,0,0,1,0,0,0,2.12E-05,2.45E-05,0,0,0.942811028,3,17.4,13.6335592,-1.8328
2022,1,28,1,10,IMG_4479,0,0,0,0,0,0,0,1,0,0,0,1.43E-05,3.73E-05,0,0,0.941720072,3,17.3,13.55236135,-1.7621
2022,1,28,1,20,IMG_4480,0,0,0,0,0,0,0,1,0,0,0,1.43E-05,3.13E-05,0,0,0.943296094,3,17.3,13.55236135,-1.6759
2022,1,28,1,30,IMG_4481,0,0,0,0,0,0,0,1,0,0,0,1.43E-05,2.54E-05,0,0,0.942035817,3,17.3,13.55236135,-1.6859
2022,1,28,1,40,IMG_4482,0,0,0,0,0,0,0,1,0,0,0,2.11E-05,3.03E-05,0,0,0.940280364,3,17.3,13.55236135,-1.7005
2022,1,28,1,50,IMG_4483,0,0,0,0,0,0,0,1,0,0,0,1.42E-05,3.68E-05,0,0,0.928752269,3,17.2,13.61801295,-1.5789
2022,1,28,2,0,IMG_4484,0,0,0,0,0,0,0,1,0,0,0,2.80E-05,3.50E-05,0,0,0.914713867,3,17.1,13.53677819,-1.4369
2022,1,28,2,10,IMG_4485,0,0,0,0,0,0,0,1,0,0,0,2.10E-05,4.09E-05,0,0,0.91348587,3,17.1,13.53677819,-1.266
2022,1,28,2,20,IMG_4486,0,0,0,0,0,0,0,1,0,0,0,2.09E-05,2.20E-05,0,0,0.885035291,3,17.1,13.53677819,-1.1691
2022,1,28,2,30,IMG_4487,0,0,0,0,0,0,0,1,0,0,0,2.07E-05,3.88E-05,0,0,0.889295192,3,17,13.45596354,-1.1622
2022,1,28,2,40,IMG_4488,0,0,0,0,0,0,0,1,0,0,0,2.06E-05,2.76E-05,0,0,0.896152817,3,17,13.60065133,-1.0242
2022,1,28,2,50,IMG_4489,0,0,0,0,0,0,0,1,0,0,0,1.41E-05,5.10E-05,0,0,0.890931873,3,17,13.60065133,-0.9981
2022,1,28,3,0,IMG_4490,0,0,0,0,0,0,0,1,0,0,0,1.41E-05,3.95E-05,0,0,0.881763672,3,17,13.60065133,-1.0775
2022,1,28,3,10,IMG_4491,0,0,0,0,0,0,0,1,0,0,0,2.07E-05,2.23E-05,0,0,0.897808639,3,17.1,13.68233495,-1.0745
2022,1,28,3,20,IMG_4492,0,0,0,0,0,0,0,1,0,0,0,1.41E-05,4.56E-05,0,0,0.893646041,3,17.1,13.68233495,-1.1588
2022,1,28,3,30,IMG_4493,0,0,0,0,0,0,0,1,0,0,0,2.05E-05,2.72E-05,0,0,0.891388664,3,17.1,13.68233495,-1.0989
2022,1,28,20,0,IMG_4497,0,0,0,0,0.45,0,0,0.55,0,0,0,7.50E-05,0.418827299,0,0,0.531746146,3,16.8,12.86669743,-8.4852
2022,1,28,21,20,IMG_4505,0,0,0,0.004,0.989,0,0,0.007,0,0,0,0.003851457,0.895845763,0,0,0.005941361,3,16.5,12.63689881,-10.2335
2022,1,28,21,40,IMG_4507,0,0,0,0.001,0.101,0,0,0.898,0,0,0,0.00132998,0.09502784,0,0,0.866047085,3,16.5,12.63689881,-5.3264
2022,1,28,21,50,IMG_4508,0,0,0,0.191,0.007,0,0,0.802,0,0,0,0.186468788,0.00667512,0,0,0.791510239,3,16.5,12.7773088,-3.4469
2022,1,28,22,0,IMG_4509,0,0,0,0.019,0.009,0,0,0.972,0,0,0,0.018401149,0.00895595,0,0,0.950622529,3,16.4,12.70066153,-2.2639
2022,1,28,22,10,IMG_4510,0,0,0,0,0.044,0,0,0.956,0,0,0,3.55E-05,0.041672761,0,0,0.907870065,3,16.3,12.62441306,-2.2463
2022,1,28,22,20,IMG_4511,0,0,0,0.241,0.026,0,0,0.733,0,0,0,0.226010554,0.024694366,0,0,0.699335787,3,16.3,12.48568325,-2.239
2022,1,28,22,30,IMG_4512,0,0,0,0.012,0.055,0,0,0.933,0,0,0,0.009836801,0.045262718,0,0,0.826086651,3,16.3,12.62441306,-4.0656
2022,1,28,22,50,IMG_4514,0,0,0,0.002,0.057,0,0,0.941,0,0,0,0.001877562,0.052659075,0,0,0.866401863,3,16.3,12.62441306,-2.5913
2022,1,28,23,0,IMG_4515,0,0,0,0,0.077,0,0,0.923,0,0,0,1.40E-05,0.065752734,0,0,0.806677772,3,16.4,12.70066153,-2.9398
2022,1,28,23,10,IMG_4516,0,0,0,0,0,0,0,1,0,0,0,3.46E-05,0.000151683,0,0,0.908145297,3,16.3,12.62441306,-2.0589
2022,1,28,23,20,IMG_4517,0,0,0,0,0.098,0,0,0.902,0,0,0,3.46E-05,0.082606671,0,0,0.782840753,3,16.2,12.68645794,-2.5644
2022,1,28,23,30,IMG_4518,0,0,0,0,0.007,0,0,0.992,0,0,0,0.000139986,0.006934623,0,0,0.905153305,3,16.2,12.54856166,-2.1241
2022,1,28,23,40,IMG_4519,0,0,0,0,0.101,0,0,0.899,0,0,0,2.80E-05,0.072698084,0,0,0.762040415,3,16.3,12.62441306,-1.7042
2022,1,28,23,50,IMG_4520,0,0,0,0,0.108,0,0,0.892,0,0,0,2.04E-05,0.084504327,0,0,0.761191083,3,16.2,12.68645794,-4.1477
2022,1,29,0,0,IMG_4521,0,0,0,0,0.99,0,0,0.01,0,0,0,6.57E-06,0.799666143,0,0,0.009566481,3,16.2,12.68645794,-4.1618
2022,1,29,0,10,IMG_4522,0,0,0,0.012,0.898,0,0,0.09,0,0,0,0.007169974,0.718299339,0,0,0.070434255,3,16.2,12.68645794,-2.72
2022,1,29,0,20,IMG_4523,0,0,0,0,0.962,0,0,0.038,0,0,0,3.22E-05,0.747889656,0,0,0.026098317,3,16.2,12.68645794,-3.0691
2022,1,29,0,40,IMG_4525,0,0,0,0,0.027,0,0,0.973,0,0,0,0.000133181,0.024040257,0,0,0.833134044,3,16.2,12.68645794,-2.4489
2022,1,29,0,50,IMG_4526,0,0,0,0,0,0,0,1,0,0,0,1.42E-05,5.62E-05,0,0,0.895976412,3,16.3,12.76314288,-1.4841
2022,1,29,1,0,IMG_4527,0,0,0,0,0.042,0,0,0.958,0,0,0,2.09E-05,0.035165738,0,0,0.839654477,3,16.1,12.61017268,-1.2955
2022,1,29,1,10,IMG_4528,0,0,0,0,0.005,0,0,0.995,0,0,0,1.99E-05,0.004183549,0,0,0.870800984,3,16,12.53428536,-1.4711
2022,1,29,1,20,IMG_4529,0,0,0,0,0,0,0,1,0,0,0,1.37E-05,0.000151067,0,0,0.8384907,3,16.1,12.61017268,-1.432
2022,1,29,1,30,IMG_4530,0,0,0,0,0.002,0,0,0.998,0,0,0,2.56E-05,0.001673971,0,0,0.868435382,3,16.1,12.61017268,-1.491
2022,1,29,1,40,IMG_4531,0,0,0,0,0,0,0,1,0,0,0,2.03E-05,0.000316564,0,0,0.842589941,3,16,12.67052759,-1.4399
2022,1,29,1,50,IMG_4532,0,0,0,0,0.02,0,0,0.98,0,0,0,4.66E-05,0.017852915,0,0,0.857152329,3,16.1,12.61017268,-1.2998
2022,1,29,2,0,IMG_4533,0,0,0,0,0.436,0,0,0.564,0,0,0,1.35E-05,0.342626555,0,0,0.473180146,3,16.1,12.61017268,-1.1824
2022,1,29,2,10,IMG_4534,0,0,0,0,0,0,0,1,0,0,0,2.01E-05,5.28E-05,0,0,0.834120974,3,16.1,12.61017268,-2.1384
2022,1,29,2,20,IMG_4535,0,0,0,0,0.01,0,0,0.99,0,0,0,2.05E-05,0.007655807,0,0,0.855014904,3,16,12.53428536,-2.6859
2022,1,29,2,30,IMG_4536,0,0,0,0,0.002,0,0,0.998,0,0,0,2.03E-05,0.001915828,0,0,0.848537395,3,16,12.67052759,-2.5222
2022,1,29,2,40,IMG_4537,0,0,0,0,0,0,0,1,0,0,0,1.98E-05,0.000156956,0,0,0.850233316,3,15.9,12.59421593,-2.4355
2022,1,29,2,50,IMG_4538,0,0,0,0,0,0,0,1,0,0,0,2.06E-05,0.000355627,0,0,0.856908992,3,15.8,12.51830304,-2.2929
2022,1,29,3,0,IMG_4539,0,0,0,0,0,0,0,1,0,0,0,3.37E-05,9.16E-05,0,0,0.849800886,3,15.7,12.44278717,-2.2038
2022,1,29,3,10,IMG_4540,0,0,0,0,0,0,0,1,0,0,0,1.38E-05,3.97E-05,0,0,0.881937628,3,15.7,12.44278717,-1.9609
2022,1,29,3,20,IMG_4541,0,0,0,0,0,0,0,1,0,0,0,1.39E-05,4.54E-05,0,0,0.888155138,3,15.8,12.51830304,-1.6776
2022,1,29,3,30,IMG_4542,0,0,0,0,0,0,0,1,0,0,0,2.04E-05,3.33E-05,0,0,0.891422303,3,15.8,12.51830304,-2.0499
2022,1,29,19,30,IMG_4543,0,0,0,0.118,0.024,0,0,0.857,0,0,0,0.111609398,0.023455679,0,0,0.843177494,3,14.7,11.20547015,-2.5747
2022,1,29,19,40,IMG_4544,0,0,0,0,0.017,0,0,0.983,0,0,0,9.77E-05,0.016058631,0,0,0.947341925,3,14.7,11.33137431,-3.1977
2022,1,29,19,50,IMG_4545,0,0,0,0,0.35,0,0,0.65,0,0,0,2.24E-05,0.329912981,0,0,0.624519554,3,14.7,11.20547015,-2.7871
2022,1,29,20,0,IMG_4546,0,0,0,0,0.327,0,0,0.673,0,0,0,5.82E-05,0.31315649,0,0,0.655865948,3,14.7,11.20547015,-3.128
2022,1,29,20,10,IMG_4547,0,0,0,0,0.209,0,0,0.791,0,0,0,1.50E-05,0.193534833,0,0,0.741665167,3,14.8,11.27402879,-2.7687
2022,1,29,20,20,IMG_4548,0,0,0,0,0.223,0,0,0.777,0,0,0,1.47E-05,0.212414806,0,0,0.740722596,3,14.8,11.27402879,-3.0191
2022,1,29,20,30,IMG_4549,0,0,0,0,0.023,0,0,0.977,0,0,0,6.30E-05,0.022496552,0,0,0.948033939,3,14.8,11.27402879,-2.6468
2022,1,29,20,40,IMG_4550,0,0,0,0,0.097,0,0,0.902,0,0,0,2.15E-05,0.094158654,0,0,0.867486418,3,14.9,11.34295105,-2.6831
2022,1,29,20,50,IMG_4551,0,0,0,0.059,0.01,0,0,0.931,0,0,0,0.057122694,0.010010397,0,0,0.914653388,3,14.9,11.34295105,-2.4334
2022,1,29,21,0,IMG_4552,0,0,0,0.017,0.004,0,0,0.978,0,0,0,0.016639325,0.004207407,0,0,0.957762718,3,14.9,11.47039994,-2.3597
2022,1,29,21,10,IMG_4553,0,0,0,0.001,0.002,0,0,0.997,0,0,0,0.001074279,0.002126517,0,0,0.976004312,3,14.8,11.40070328,-2.2786
2022,1,29,21,20,IMG_4554,0,0,0,0.002,0.04,0,0,0.959,0,0,0,0.001513777,0.037672776,0,0,0.917657722,3,14.8,11.52737776,-2.5302
2022,1,29,21,30,IMG_4555,0,0,0,0,0.12,0,0,0.88,0,0,0,2.84E-05,0.109875038,0,0,0.829458721,3,14.8,11.40070328,-2.5215
2022,1,29,21,40,IMG_4556,0,0,0,0,0.009,0,0,0.991,0,0,0,2.87E-05,0.008532715,0,0,0.962967984,3,14.8,11.40070328,-2.1377
2022,1,29,21,50,IMG_4557,0,0,0,0.096,0.007,0,0,0.897,0,0,0,0.093000774,0.006569952,0,0,0.880577779,3,14.8,11.52737776,-2.3035
2022,1,29,22,0,IMG_4558,0,0,0,0.001,0,0,0,0.999,0,0,0,0.000562575,0.000291406,0,0,0.957019111,3,14.8,11.52737776,-2.1313
2022,1,29,22,10,IMG_4559,0,0,0,0,0.004,0,0,0.996,0,0,0,2.05E-05,0.003443359,0,0,0.947802809,3,14.7,11.45727847,-2.3681
2022,1,29,22,20,IMG_4560,0,0,0,0,0.006,0,0,0.994,0,0,0,2.82E-05,0.006003756,0,0,0.948804672,3,14.7,11.33137431,-1.9863
2022,1,29,22,30,IMG_4561,0,0,0,0,0.002,0,0,0.997,0,0,0,2.06E-05,0.002336944,0,0,0.914942233,3,14.8,11.40070328,-2.2729
2022,1,29,22,40,IMG_4562,0,0,0,0,0.012,0,0,0.988,0,0,0,2.64E-05,0.010435607,0,0,0.866757106,3,14.7,11.33137431,-2.5932
2022,1,29,22,50,IMG_4563,0,0,0,0,0.02,0,0,0.98,0,0,0,3.39E-05,0.017986486,0,0,0.903510584,3,14.7,11.33137431,-2.6402
2022,1,29,23,0,IMG_4564,0,0,0,0.001,0.003,0,0,0.996,0,0,0,0.000684157,0.003052855,0,0,0.905601405,3,14.8,11.40070328,-2.4574
2022,1,29,23,10,IMG_4565,0,0,0,0,0.012,0,0,0.988,0,0,0,7.50E-05,0.010984165,0,0,0.902794411,3,14.7,11.33137431,-2.2444
2022,1,29,23,20,IMG_4566,0,0,0,0,0.017,0,0,0.983,0,0,0,1.43E-05,0.015676908,0,0,0.907994261,3,14.7,11.33137431,-2.5843
2022,1,29,23,30,IMG_4567,0,0,0,0,0.013,0,0,0.987,0,0,0,2.62E-05,0.012174594,0,0,0.896907347,3,14.7,11.33137431,-2.4483
2022,1,29,23,40,IMG_4568,0,0,0,0,0.04,0,0,0.96,0,0,0,1.40E-05,0.034191384,0,0,0.854679049,3,14.7,11.33137431,-2.4588
2022,1,29,23,50,IMG_4569,0,0,0,0,0,0,0,1,0,0,0,1.42E-05,4.82E-05,0,0,0.91579831,3,14.7,11.33137431,-2.3173
2022,1,30,0,0,IMG_4570,0,0,0,0,0.011,0,0,0.989,0,0,0,2.01E-05,0.009222371,0,0,0.888347386,3,14.6,11.26241143,-2.4513
2022,1,30,0,10,IMG_4571,0,0,0,0,0.016,0,0,0.984,0,0,0,2.70E-05,0.014319644,0,0,0.889798032,3,14.5,11.19381301,-2.8381
2022,1,30,0,20,IMG_4572,0,0,0,0,0.005,0,0,0.995,0,0,0,4.78E-05,0.004600511,0,0,0.881113815,3,14.6,11.38754933,-2.4008
2022,1,30,0,30,IMG_4573,0,0,0,0,0.007,0,0,0.993,0,0,0,7.82E-05,0.006076991,0,0,0.882813679,3,14.5,11.19381301,-2.5478
2022,1,30,0,40,IMG_4574,0,0,0,0,0,0,0,1,0,0,0,1.43E-05,0.000130176,0,0,0.862222288,3,14.5,11.19381301,-2.3434
2022,1,30,0,50,IMG_4575,0,0,0,0,0,0,0,1,0,0,0,1.41E-05,0.000194749,0,0,0.871070245,3,14.5,11.31818871,-2.6174
2022,1,30,1,0,IMG_4576,0,0,0,0,0.004,0,0,0.996,0,0,0,1.39E-05,0.003574632,0,0,0.859628403,3,14.4,11.24919498,-2.4347
2022,1,30,1,10,IMG_4577,0,0,0,0,0,0,0,1,0,0,0,1.41E-05,6.48E-05,0,0,0.871248761,3,14.3,11.1805665,-2.4874
2022,1,30,1,20,IMG_4578,0,0,0,0,0,0,0,1,0,0,0,2.02E-05,0.000349324,0,0,0.873500218,3,14.4,11.24919498,-2.1987
2022,1,30,1,30,IMG_4579,0,0,0,0,0,0,0,1,0,0,0,0.000199174,0.000217142,0,0,0.888706047,3,14.3,11.1805665,-2.0927
2022,1,30,1,40,IMG_4580,0,0,0,0,0,0,0,1,0,0,0,1.40E-05,5.11E-05,0,0,0.890020328,3,14.3,11.1805665,-2.0304
2022,1,30,1,50,IMG_4581,0,0,0,0,0,0,0,1,0,0,0,1.40E-05,4.02E-05,0,0,0.894926472,3,14.3,11.30342987,-1.9674
2022,1,30,2,0,IMG_4582,0,0,0,0,0,0,0,1,0,0,0,1.36E-05,3.39E-05,0,0,0.880385322,3,14.1,11.16576592,-1.9865
2022,1,30,2,10,IMG_4583,0,0,0,0,0,0,0,1,0,0,0,1.38E-05,3.50E-05,0,0,0.892981032,3,14.1,11.16576592,-1.8268
2022,1,30,2,20,IMG_4584,0,0,0,0,0,0,0,1,0,0,0,2.06E-05,3.88E-05,0,0,0.878252997,3,14,11.21810613,-1.4784
2022,1,30,2,30,IMG_4585,0,0,0,0,0,0,0,1,0,0,0,1.39E-05,3.25E-05,0,0,0.862583015,3,14,11.21810613,-1.5762
2022,1,30,2,40,IMG_4586,0,0,0,0,0,0,0,1,0,0,0,1.38E-05,4.74E-05,0,0,0.868941541,3,14,11.21810613,-1.6286
2022,1,30,2,50,IMG_4587,0,0,0,0,0,0,0,1,0,0,0,1.38E-05,0.000170448,0,0,0.875073768,3,13.9,11.14944605,-1.7169
2022,1,30,3,0,IMG_4588,0,0,0,0,0,0,0,1,0,0,0,1.38E-05,0.000130709,0,0,0.86399242,3,13.9,11.14944605,-1.7038
2022,1,30,3,10,IMG_4589,0,0,0,0,0.001,0,0,0.999,0,0,0,2.01E-05,0.000677764,0,0,0.864862808,3,13.8,11.08115105,-1.7615
2022,1,30,3,20,IMG_4590,0,0,0,0,0.115,0,0,0.885,0,0,0,1.36E-05,0.091393404,0,0,0.724008353,3,13.8,11.08115105,-1.9753
2022,1,30,3,30,IMG_4591,0,0,0,0,0.071,0,0,0.929,0,0,0,1.36E-05,0.055541692,0,0,0.787648325,3,13.8,10.96199889,-1.8696
2022,2,11,20,50,IMG_4592,0,0,0,0.365,0,0,0,0.635,0,0,0,0.336694066,0.000442676,0,0,0.617796973,3,17.5,14.16241212,0.7283
2022,2,11,21,0,IMG_4593,0,0,0,0.807,0.001,0,0,0.192,0,0,0,0.78261854,0.000877667,0,0,0.189617803,3,17.6,14.24712906,1.2857
2022,2,11,21,10,IMG_4594,0,0,0,0.988,0.005,0,0,0.007,0,0,0,0.976015775,0.004807106,0,0,0.007050601,3,17.6,14.24712906,1.693
2022,2,11,21,20,IMG_4595,0,0,0,0.993,0.003,0,0,0.004,0,0,0,0.97527974,0.00297971,0,0,0.003665956,3,17.5,14.16241212,1.5251
2022,2,11,21,30,IMG_4596,0,0,0,0.99,0.009,0,0,0.001,0,0,0,0.972486005,0.008976713,0,0,0.000854425,3,17.4,13.92994092,1.8635
2022,2,11,21,40,IMG_4597,0,0,0,0.893,0.001,0,0,0.105,0,0,0,0.859446439,0.001467586,0,0,0.104104567,3,17.4,13.92994092,1.7913
2022,2,11,21,50,IMG_4598,0,0,0,0.004,0,0,0,0.996,0,0,0,0.003573836,0.000245365,0,0,0.902536291,3,17.4,13.92994092,1.136
2022,2,11,22,0,IMG_4599,0,0,0,0.006,0.001,0,0,0.993,0,0,0,0.005739333,0.000871214,0,0,0.905834187,3,17.4,13.92994092,0.5857
2022,2,11,22,10,IMG_4600,0,0,0,0.05,0,0,0,0.95,0,0,0,0.04522524,9.24E-05,0,0,0.89086241,3,17.4,13.92994092,1.5556
2022,2,11,22,20,IMG_4601,0,0,0,0.96,0.001,0,0,0.039,0,0,0,0.934150879,0.000887004,0,0,0.039205461,3,17.4,13.92994092,1.7453
2022,2,11,22,30,IMG_4602,0,0,0,0.763,0.001,0,0,0.237,0,0,0,0.717756761,0.000606738,0,0,0.233100346,3,17.5,14.01333409,1.7803
2022,2,11,22,40,IMG_4603,0,0,0,0.596,0.001,0,0,0.403,0,0,0,0.54498294,0.000806378,0,0,0.392753726,3,17.4,13.92994092,1.4781
2022,2,11,22,50,IMG_4604,0,0,0,0.128,0,0,0,0.872,0,0,0,0.115363048,0.000193307,0,0,0.836274129,3,17.4,13.92994092,1.3939
2022,2,11,23,0,IMG_4605,0,0,0,0,0,0,0,1,0,0,0,5.03E-05,8.68E-05,0,0,0.923015858,3,17.4,13.92994092,1.3693
2022,2,11,23,10,IMG_4606,0,0,0,0,0,0,0,1,0,0,0,2.84E-05,4.57E-05,0,0,0.903133721,3,17.4,13.92994092,1.512
2022,2,11,23,20,IMG_4607,0,0,0,0,0,0,0,1,0,0,0,6.52E-05,6.11E-05,0,0,0.935047281,3,17.4,13.92994092,1.6996
2022,2,11,23,30,IMG_4608,0,0,0,0,0,0,0,1,0,0,0,1.40E-05,5.36E-05,0,0,0.911205514,3,17.4,13.92994092,1.7028
2022,2,11,23,40,IMG_4609,0,0,0,0,0,0,0,1,0,0,0,2.11E-05,7.82E-05,0,0,0.928872168,3,17.4,13.92994092,1.6823
2022,2,11,23,50,IMG_4610,0,0,0,0,0,0,0,1,0,0,0,2.12E-05,4.80E-05,0,0,0.927123836,3,17.3,13.8469779,1.8483
2022,2,12,0,0,IMG_4611,0,0,0,0,0,0,0,1,0,0,0,2.10E-05,7.01E-05,0,0,0.905401938,3,17.3,13.8469779,1.8373
2022,2,12,0,10,IMG_4612,0,0,0,0,0,0,0,1,0,0,0,2.09E-05,7.94E-05,0,0,0.896317728,3,17.3,13.8469779,2.0197
2022,2,12,0,20,IMG_4613,0,0,0,0,0,0,0,1,0,0,0,1.39E-05,5.27E-05,0,0,0.898841466,3,17.3,13.8469779,1.8875
2022,2,12,0,30,IMG_4614,0,0,0,0,0,0,0,1,0,0,0,1.40E-05,6.65E-05,0,0,0.894623723,3,17.3,13.8469779,1.8324
2022,2,12,0,40,IMG_4615,0,0,0,0,0,0,0,1,0,0,0,1.40E-05,5.74E-05,0,0,0.897166083,3,17.3,13.69966963,1.6823
2022,2,12,0,50,IMG_4616,0,0,0,0,0,0,0,1,0,0,0,1.41E-05,4.15E-05,0,0,0.920309405,3,17.4,13.78175006,1.7153
2022,2,12,1,0,IMG_4617,0,0,0,0,0,0,0,1,0,0,0,1.38E-05,5.43E-05,0,0,0.917969839,3,17.3,13.69966963,1.7562
2022,2,12,1,10,IMG_4618,0,0,0,0,0,0,0,1,0,0,0,1.37E-05,6.52E-05,0,0,0.911422897,3,17.3,13.69966963,1.8099
2022,2,12,1,20,IMG_4619,0,0,0,0,0,0,0,1,0,0,0,2.75E-05,4.55E-05,0,0,0.905702359,3,17.3,13.69966963,1.5719
2022,2,12,1,30,IMG_4620,0,0,0,0,0,0,0,1,0,0,0,1.36E-05,5.22E-05,0,0,0.891548242,3,17.3,13.69966963,1.504
2022,2,12,1,40,IMG_4621,0,0,0,0,0,0,0,1,0,0,0,1.36E-05,5.15E-05,0,0,0.888592984,3,17.3,13.69966963,1.4293
2022,2,12,1,50,IMG_4622,0,0,0,0,0,0,0,1,0,0,0,1.36E-05,5.05E-05,0,0,0.880878756,3,17.3,13.69966963,1.3272
2022,2,12,2,0,IMG_4623,0,0,0,0,0,0,0,1,0,0,0,1.35E-05,6.51E-05,0,0,0.877538236,3,17.3,13.8469779,1.2786
2022,2,12,2,10,IMG_4624,0,0,0,0,0,0,0,1,0,0,0,1.34E-05,9.49E-05,0,0,0.869632587,3,17.3,13.8469779,1.156
2022,2,12,2,20,IMG_4625,0,0,0,0,0,0,0,1,0,0,0,1.33E-05,6.00E-05,0,0,0.868129447,3,17.3,13.8469779,1.2413
2022,2,12,2,30,IMG_4626,0,0,0,0,0,0,0,1,0,0,0,1.94E-05,5.35E-05,0,0,0.917025947,3,17.3,13.8469779,1.1629
2022,2,12,2,40,IMG_4627,0,0,0,0,0,0,0,1,0,0,0,1.27E-05,5.27E-05,0,0,0.897558594,3,17.4,13.92994092,1.6975
2022,2,12,2,50,IMG_4628,0,0,0,0,0,0,0,1,0,0,0,2.40E-05,8.02E-05,0,0,0.890849564,3,17.3,13.8469779,2.0263
2022,2,12,3,0,IMG_4629,0,0,0,0,0,0,0,1,0,0,0,1.60E-05,0.000153065,0,0,0.864602802,3,17.3,13.8469779,2.4137
2022,2,12,3,10,IMG_4630,0,0,0,0,0,0,0,1,0,0,0,2.16E-05,0.000149827,0,0,0.859282204,3,17.1,13.68233495,2.3619
2022,2,12,3,20,IMG_4631,0,0,0,0,0,0,0,1,0,0,0,2.09E-05,9.05E-05,0,0,0.858833954,3,17.1,13.8278917,2.2677
2022,2,12,3,30,IMG_4632,0,0,0,0,0,0,0,1,0,0,0,1.55E-05,0.000100631,0,0,0.853886133,3,17.1,13.8278917,2.3296
2022,2,12,19,30,IMG_4633,0,0,0,0.005,0.001,0,0,0.994,0,0,0,0.004838093,0.000612778,0,0,0.941564859,3,16.9,12.65645068,0.8465
2022,2,12,19,40,IMG_4634,0,0,0,0.042,0.002,0,0,0.956,0,0,0,0.039690122,0.002335179,0,0,0.917357362,3,16.9,12.51262738,1.5055
2022,2,12,19,50,IMG_4635,0,0,0,0.107,0.031,0,0,0.863,0,0,0,0.097277734,0.028999309,0,0,0.829838304,3,17,12.58783686,1.2118
2022,2,12,20,0,IMG_4636,0,0,0,0.002,0.004,0,0,0.994,0,0,0,0.002044156,0.003742721,0,0,0.940250316,3,17,12.44314908,-0.1204
2022,2,12,20,10,IMG_4637,0,0,0,0.328,0.015,0,0,0.657,0,0,0,0.302072701,0.014592646,0,0,0.631678095,3,17,12.2984613,0.4501
2022,2,12,20,20,IMG_4638,0,0,0,0,0.002,0,0,0.997,0,0,0,0.000119659,0.00225773,0,0,0.917680581,3,17,12.2984613,-0.4704
2022,2,12,20,30,IMG_4639,0,0,0,0.016,0.176,0,0,0.807,0,0,0,0.01379242,0.149355176,0,0,0.733413612,3,17,12.2984613,-1.0417
2022,2,12,20,40,IMG_4640,0,0,0,0,0.353,0,0,0.647,0,0,0,0.000123257,0.306992984,0,0,0.582627118,3,17,12.2984613,-2.261
2022,2,12,21,0,IMG_4642,0,0,0,0,0.999,0,0,0.001,0,0,0,2.31E-05,0.823326855,0,0,0.001025789,3,17,12.44314908,-3.6655
2022,2,12,21,20,IMG_4644,0,0,0,0,0.938,0,0,0.062,0,0,0,7.01E-06,0.836338169,0,0,0.057372326,3,17,12.2984613,-1.3633
2022,2,12,21,30,IMG_4645,0,0,0,0.032,0.34,0,0,0.628,0,0,0,0.028737981,0.307865557,0,0,0.58188578,3,17,12.2984613,-0.1569
2022,2,12,21,40,IMG_4646,0,0,0,0.001,0.999,0,0,0,0,0,0,0.00051105,0.876609307,0,0,7.55E-05,3,17,12.2984613,-0.7711
2022,2,13,19,30,IMG_4682,0,0,0,0.91,0.001,0,0,0.089,0,0,0,0.904310104,0.001081611,0,0,0.087688447,3,15.2,12.20089967,1.3726
2022,2,13,19,40,IMG_4683,0,0,0,0.278,0,0,0,0.722,0,0,0,0.272417811,0.00012352,0,0,0.713007106,3,15.1,12.12694302,1.1869
2022,2,13,19,50,IMG_4684,0,0,0,0.37,0,0,0,0.63,0,0,0,0.361407873,0.00013433,0,0,0.623475473,3,15.1,12.12694302,1.3722
2022,2,13,20,0,IMG_4685,0,0,0,0.43,0,0,0,0.57,0,0,0,0.424039378,0.000205739,0,0,0.564540941,3,15,12.05337553,1.0348
2022,2,13,20,10,IMG_4686,0,0,0,0.066,0,0,0,0.934,0,0,0,0.063311801,9.16E-05,0,0,0.91728931,3,15,12.05337553,1.1716
2022,2,13,20,20,IMG_4687,0,0,0,0.255,0,0,0,0.745,0,0,0,0.249488033,7.71E-05,0,0,0.733168983,3,15,11.92514813,0.8676
2022,2,13,20,30,IMG_4688,0,0,0,0.007,0,0,0,0.993,0,0,0,0.006191256,9.92E-05,0,0,0.958012703,3,15,11.92514813,1.2275
2022,2,13,20,40,IMG_4689,0,0,0,0.019,0,0,0,0.981,0,0,0,0.017829087,0.000163379,0,0,0.962270808,3,14.9,11.85274661,1.6791
2022,2,13,20,50,IMG_4690,0,0,0,0,0,0,0,1,0,0,0,8.17E-05,6.07E-05,0,0,0.97041534,3,14.9,11.85274661,0.856
2022,2,13,21,0,IMG_4691,0,0,0,0.004,0.002,0,0,0.994,0,0,0,0.004198776,0.001537635,0,0,0.974245944,3,14.9,11.85274661,0.7121
2022,2,13,21,10,IMG_4692,0,0,0,0.001,0.001,0,0,0.998,0,0,0,0.000951375,0.000562635,0,0,0.96879976,3,14.8,11.78072672,1.0526
2022,2,13,21,20,IMG_4693,0,0,0,0.001,0,0,0,0.999,0,0,0,0.000706866,4.47E-05,0,0,0.968126472,3,14.8,11.78072672,0.6561
2022,2,13,21,30,IMG_4694,0,0,0,0,0,0,0,1,0,0,0,4.39E-05,3.99E-05,0,0,0.976113161,3,14.8,11.78072672,0.8669
2022,2,13,21,40,IMG_4695,0,0,0,0,0,0,0,1,0,0,0,0.000117834,5.93E-05,0,0,0.969866226,3,14.8,11.78072672,1.5061
2022,2,13,21,50,IMG_4696,0,0,0,0.061,0,0,0,0.939,0,0,0,0.057353268,7.57E-05,0,0,0.906143893,3,14.8,11.78072672,1.6684
2022,2,13,22,0,IMG_4697,0,0,0,0,0,0,0,1,0,0,0,0.000145913,0.000113447,0,0,0.953289145,3,14.7,11.70908679,1.1679
2022,2,13,22,10,IMG_4698,0,0,0,0,0,0,0,1,0,0,0,1.46E-05,5.65E-05,0,0,0.938927517,3,14.6,11.63782514,0.4011
2022,2,13,22,20,IMG_4699,0,0,0,0,0,0,0,1,0,0,0,1.46E-05,5.79E-05,0,0,0.965995651,3,14.6,11.63782514,1.1025
2022,2,13,22,30,IMG_4700,0,0,0,0.537,0,0,0,0.462,0,0,0,0.525166001,8.28E-05,0,0,0.442102862,3,14.5,11.56694011,1.1079
2022,2,13,22,40,IMG_4701,0,0,0,0.001,0,0,0,0.999,0,0,0,0.001011531,5.92E-05,0,0,0.966542586,3,14.4,11.62004756,1.3692
2022,2,13,22,50,IMG_4702,0,0,0,0,0,0,0,1,0,0,0,1.45E-05,4.38E-05,0,0,0.940059773,3,14.3,11.54915661,0.7677
2022,2,13,23,0,IMG_4703,0,0,0,0,0,0,0,1,0,0,0,1.43E-05,4.73E-05,0,0,0.916938634,3,14.3,11.54915661,1.0817
2022,2,13,23,10,IMG_4704,0,0,0,0,0,0,0,1,0,0,0,1.43E-05,5.45E-05,0,0,0.925466451,3,14.4,11.62004756,1.5422
2022,2,13,23,20,IMG_4705,0,0,0,0,0,0,0,1,0,0,0,1.43E-05,5.37E-05,0,0,0.915955619,3,14.2,11.4786413,1.4687
2022,2,13,23,30,IMG_4706,0,0,0,0,0,0,0,1,0,0,0,1.44E-05,5.33E-05,0,0,0.91196694,3,14.2,11.4786413,1.3613
2022,2,13,23,40,IMG_4707,0,0,0,0,0,0,0,1,0,0,0,1.45E-05,5.37E-05,0,0,0.923671935,3,14,11.33873093,1.0418
2022,2,13,23,50,IMG_4708,0,0,0,0,0,0,0,1,0,0,0,2.15E-05,5.23E-05,0,0,0.923536659,3,13.9,11.26933256,1.0929
2022,2,14,0,0,IMG_4709,0,0,0,0,0,0,0,1,0,0,0,2.13E-05,0.000116421,0,0,0.905303688,3,13.7,11.13164123,1.0877
2022,2,14,0,10,IMG_4710,0,0,0,0,0,0,0,1,0,0,0,2.12E-05,4.13E-05,0,0,0.905508812,3,13.6,11.06334498,0.6513
2022,2,14,0,20,IMG_4711,0,0,0,0,0,0,0,1,0,0,0,1.42E-05,4.50E-05,0,0,0.895262215,3,13.6,11.06334498,0.7046
2022,2,14,0,30,IMG_4712,0,0,0,0,0,0,0,1,0,0,0,1.41E-05,4.63E-05,0,0,0.899032362,3,13.6,11.06334498,0.6901
2022,2,14,0,40,IMG_4713,0,0,0,0,0,0,0,1,0,0,0,2.08E-05,3.99E-05,0,0,0.891652794,3,13.5,10.99541284,0.5459
2022,2,14,0,50,IMG_4714,0,0,0,0,0,0,0,1,0,0,0,1.42E-05,4.58E-05,0,0,0.879591729,3,13.5,10.99541284,0.1514
2022,2,14,1,0,IMG_4715,0,0,0,0,0,0,0,1,0,0,0,1.38E-05,5.18E-05,0,0,0.893734413,3,13.5,10.99541284,0.6029
2022,2,14,1,10,IMG_4716,0,0,0,0,0,0,0,1,0,0,0,1.39E-05,0.000240948,0,0,0.894761441,3,13.4,10.92784318,0.6882
2022,2,14,1,20,IMG_4717,0,0,0,0,0,0,0,1,0,0,0,2.07E-05,4.44E-05,0,0,0.888938477,3,13.5,10.99541284,0.8121
2022,2,14,1,30,IMG_4718,0,0,0,0,0,0,0,1,0,0,0,1.39E-05,5.20E-05,0,0,0.89656857,3,13.5,10.99541284,1.1964
2022,2,14,1,40,IMG_4719,0,0,0,0,0,0,0,1,0,0,0,1.37E-05,5.14E-05,0,0,0.891946409,3,13.5,10.99541284,0.8099
2022,2,14,1,50,IMG_4720,0,0,0,0,0,0,0,1,0,0,0,1.39E-05,4.53E-05,0,0,0.879721139,3,13.4,10.92784318,0.9775
2022,2,14,2,0,IMG_4721,0,0,0,0,0,0,0,1,0,0,0,2.06E-05,3.77E-05,0,0,0.873018742,3,13.4,10.92784318,0.9202
2022,2,14,2,10,IMG_4722,0,0,0,0,0,0,0,1,0,0,0,2.07E-05,3.85E-05,0,0,0.889826134,3,13.4,10.92784318,0.9162
2022,2,14,2,20,IMG_4723,0,0,0,0,0,0,0,1,0,0,0,2.06E-05,3.27E-05,0,0,0.885118367,3,13.4,10.92784318,1.2016
2022,2,14,2,30,IMG_4724,0,0,0,0,0,0,0,1,0,0,0,2.04E-05,3.85E-05,0,0,0.879837004,3,13.4,10.92784318,0.9833
2022,2,14,2,40,IMG_4725,0,0,0,0,0,0,0,1,0,0,0,1.36E-05,5.08E-05,0,0,0.8910404,3,13.4,10.92784318,0.8733
2022,2,14,2,50,IMG_4726,0,0,0,0,0,0,0,1,0,0,0,2.03E-05,4.30E-05,0,0,0.868774745,3,13.4,10.92784318,0.9272
2022,2,14,3,0,IMG_4727,0,0,0,0,0,0,0,1,0,0,0,1.34E-05,5.27E-05,0,0,0.885453696,3,13.4,10.92784318,0.9779
2022,2,14,3,10,IMG_4728,0,0,0,0,0,0,0,1,0,0,0,2.04E-05,3.88E-05,0,0,0.885499001,3,13.4,10.92784318,0.9815
2022,2,14,3,20,IMG_4729,0,0,0,0,0,0,0,1,0,0,0,1.35E-05,4.90E-05,0,0,0.857317946,3,13.4,10.92784318,1.1638
2022,2,14,3,30,IMG_4730,0,0,0,0,0,0,0,1,0,0,0,1.36E-05,5.67E-05,0,0,0.880906333,3,13.4,10.92784318,0.9828
2022,2,15,3,20,IMG_4762,0,0,0,0.026,0.051,0,0,0.924,0,0,0,0.019308008,0.037091729,0,0,0.750443209,3,14.7,8.687386972,-3.2846
2022,2,15,3,30,IMG_4763,0,0,0,0.212,0.04,0,0,0.748,0,0,0,0.161509946,0.029778703,0,0,0.617357452,3,14.7,8.687386972,1.703
2022,2,15,19,30,IMG_4764,0,0,0,0,0.001,0,0,0.999,0,0,0,0.000334916,0.00062983,0,0,0.953087117,3,15.2,10.77313481,-1.4694
2022,2,15,19,40,IMG_4765,0,0,0,0.002,0.004,0,0,0.994,0,0,0,0.001437094,0.003968382,0,0,0.977836741,3,15.1,10.70783267,-1.1337
2022,2,15,19,50,IMG_4766,0,0,0,0.002,0,0,0,0.998,0,0,0,0.001662162,0.000340895,0,0,0.948114663,3,15.2,10.77313481,-1.4016
2022,2,15,20,0,IMG_4767,0,0,0,0.001,0.002,0,0,0.997,0,0,0,0.000511937,0.002064566,0,0,0.961870876,3,15.2,10.77313481,-2.0409
2022,2,15,20,10,IMG_4768,0,0,0,0,0.006,0,0,0.994,0,0,0,4.37E-05,0.005934645,0,0,0.958937447,3,15.2,10.64333801,-1.6363
2022,2,15,20,20,IMG_4769,0,0,0,0,0.031,0,0,0.969,0,0,0,0.000321131,0.028928966,0,0,0.91898738,3,15.2,10.64333801,-2.7061
2022,2,15,20,30,IMG_4770,0,0,0,0.173,0.001,0,0,0.825,0,0,0,0.165533556,0.00123898,0,0,0.788365971,3,15.2,10.77313481,-4.6098
2022,2,15,20,50,IMG_4772,0,0,0,0,0.058,0,0,0.942,0,0,0,0.000317773,0.053217383,0,0,0.88916537,3,15.1,10.70783267,-4.521
2022,2,15,21,0,IMG_4773,0,0,0,0.062,0,0,0,0.937,0,0,0,0.060175165,0.000333684,0,0,0.908036418,3,15.2,10.77313481,-3.4303
2022,2,15,21,10,IMG_4774,0,0,0,0.748,0,0,0,0.252,0,0,0,0.718894877,4.73E-05,0,0,0.248273205,3,15.3,10.83878209,-1.987
2022,2,15,21,20,IMG_4775,0,0,0,0.173,0.015,0,0,0.812,0,0,0,0.161170553,0.014228501,0,0,0.761265114,3,15.4,10.77339319,-1.5398
2022,2,15,21,30,IMG_4776,0,0,0,0.015,0.001,0,0,0.985,0,0,0,0.014461989,0.00059825,0,0,0.936844832,3,15.4,10.77339319,-0.7844
2022,2,15,21,40,IMG_4777,0,0,0,0.127,0,0,0,0.873,0,0,0,0.120232459,6.12E-05,0,0,0.834444494,3,15.5,10.83893601,-0.7601
2022,2,15,22,0,IMG_4779,0,0,0,0.129,0,0,0,0.871,0,0,0,0.113982782,0.000102517,0,0,0.811545681,3,15.5,10.83893601,-2.1556
2022,2,15,22,10,IMG_4780,0,0,0,0.025,0.001,0,0,0.974,0,0,0,0.022506716,0.000883181,0,0,0.899267007,3,15.5,10.97111815,-1.4213
2022,2,15,22,20,IMG_4781,0,0,0,0,0.001,0,0,0.999,0,0,0,0.000129267,0.000598843,0,0,0.922295733,3,15.4,10.90477603,-7.1133
2022,2,15,22,30,IMG_4782,0,0,0,0.236,0,0,0,0.764,0,0,0,0.222518825,7.12E-05,0,0,0.731048768,3,15.5,10.97111815,-0.242
2022,2,15,22,40,IMG_4783,0,0,0,0.216,0,0,0,0.784,0,0,0,0.198662094,5.84E-05,0,0,0.744021965,3,15.5,10.97111815,0.0107
2022,2,15,22,50,IMG_4784,0,0,0,0.072,0.038,0,0,0.89,0,0,0,0.06623424,0.034540114,0,0,0.822515227,3,15.5,11.1033003,-0.4111
2022,2,15,23,0,IMG_4785,0,0,0,0.395,0,0,0,0.605,0,0,0,0.365156633,7.49E-05,0,0,0.569463612,3,15.5,11.1033003,-5.8766
2022,2,15,23,10,IMG_4786,0,0,0,0.321,0,0,0,0.679,0,0,0,0.297992788,5.77E-05,0,0,0.642255694,3,15.4,11.16754172,0.1179
2022,2,15,23,20,IMG_4787,0,0,0,0.083,0,0,0,0.917,0,0,0,0.076960194,5.77E-05,0,0,0.868620793,3,15.3,11.09995757,0.3366
2022,2,15,23,30,IMG_4788,0,0,0,0.274,0.005,0,0,0.721,0,0,0,0.252305161,0.004511899,0,0,0.686014325,3,15.4,11.16754172,-0.3242
2022,2,15,23,40,IMG_4789,0,0,0,0.028,0,0,0,0.972,0,0,0,0.02572313,6.91E-05,0,0,0.914826427,3,15.4,11.29892456,0.0567
2022,2,15,23,50,IMG_4790,0,0,0,0.121,0.028,0,0,0.851,0,0,0,0.113907106,0.025902178,0,0,0.814944261,3,15.4,11.29892456,0.3124
2022,2,16,0,0,IMG_4791,0,0,0,0.044,0,0,0,0.956,0,0,0,0.040420966,0.000421409,0,0,0.909724587,3,15.3,11.2305453,0.5976
2022,2,16,0,10,IMG_4792,0,0,0,0,0,0,0,1,0,0,0,0.000106318,7.41E-05,0,0,0.943514709,3,15.2,11.29232203,0.8568
2022,2,16,0,20,IMG_4793,0,0,0,0,0,0,0,1,0,0,0,3.51E-05,5.59E-05,0,0,0.938977479,3,14.9,11.21550216,0.5791
2022,2,16,0,30,IMG_4794,0,0,0,0,0,0,0,1,0,0,0,2.12E-05,4.29E-05,0,0,0.931786771,3,14.7,11.20547015,1.3045
2022,2,16,0,40,IMG_4795,0,0,0,0,0,0,0,1,0,0,0,2.11E-05,4.71E-05,0,0,0.9155657,3,14.5,11.31818871,1.4204
2022,2,16,0,50,IMG_4796,0,0,0,0,0,0,0,1,0,0,0,2.82E-05,5.74E-05,0,0,0.918882715,3,14.4,11.24919498,1.3748
2022,2,16,1,0,IMG_4797,0,0,0,0,0,0,0,1,0,0,0,2.10E-05,3.42E-05,0,0,0.913445598,3,14.5,11.31818871,1.39
2022,2,16,1,10,IMG_4798,0,0,0,0,0,0,0,1,0,0,0,2.11E-05,7.08E-05,0,0,0.918206453,3,14.5,11.31818871,1.4563
2022,2,16,1,20,IMG_4799,0,0,0,0,0,0,0,1,0,0,0,1.40E-05,8.34E-05,0,0,0.910216256,3,14.4,11.3728125,1.4009
2022,2,16,1,30,IMG_4800,0,0,0,0,0,0,0,1,0,0,0,2.08E-05,7.10E-05,0,0,0.900901765,3,14.4,11.3728125,1.5531
2022,2,16,1,40,IMG_4801,0,0,0,0,0,0,0,1,0,0,0,2.06E-05,7.95E-05,0,0,0.887486298,3,14.4,11.3728125,1.4717
2022,2,16,1,50,IMG_4802,0,0,0,0,0,0,0,1,0,0,0,2.05E-05,5.34E-05,0,0,0.887984953,3,14.5,11.31818871,1.4499
2022,2,16,2,0,IMG_4803,0,0,0,0,0,0,0,1,0,0,0,2.03E-05,7.79E-05,0,0,0.862421815,3,14.6,11.26241143,1.6584
2022,2,16,2,10,IMG_4804,0,0,0,0,0.05,0,0,0.95,0,0,0,1.37E-05,0.042975646,0,0,0.823816369,3,14.7,11.33137431,1.6951
2022,2,16,2,20,IMG_4805,0,0,0,0,0,0,0,1,0,0,0,4.17E-05,5.81E-05,0,0,0.859217541,3,14.8,11.27402879,1.7226
2022,2,16,2,30,IMG_4806,0,0,0,0,0,0,0,1,0,0,0,2.02E-05,6.80E-05,0,0,0.864595237,3,14.9,11.21550216,1.8202
2022,2,16,2,40,IMG_4807,0,0,0,0,0,0,0,1,0,0,0,1.39E-05,5.24E-05,0,0,0.87462204,3,14.8,11.14735431,1.7868
2022,2,16,2,50,IMG_4808,0,0,0,0,0,0,0,1,0,0,0,3.34E-05,7.66E-05,0,0,0.88020474,3,14.9,11.21550216,1.9252
2022,2,16,3,0,IMG_4809,0,0,0,0,0,0,0,1,0,0,0,2.00E-05,7.53E-05,0,0,0.860766196,3,14.9,11.21550216,1.878
2022,2,16,3,10,IMG_4810,0,0,0,0,0,0,0,1,0,0,0,1.37E-05,6.08E-05,0,0,0.872185412,3,15,11.02755634,2.0179
2022,2,16,3,20,IMG_4811,0,0,0,0,0,0,0,1,0,0,0,1.37E-05,4.95E-05,0,0,0.869201901,3,15,11.02755634,2.0845
2022,2,16,3,30,IMG_4812,0,0,0,0,0,0,0,1,0,0,0,2.00E-05,7.46E-05,0,0,0.864000316,3,14.9,10.96060439,2.083
2022,2,17,19,30,IMG_4841,0.04,0.113,0.16,0.661,0.014,0,0.013,0,3.42E-06,0.112928185,0.159681167,0.659358151,0.013627246,0,0.012717849,2.23E-05,3,14.9,11.34295105,-0.726
2022,2,17,19,40,IMG_4842,0,0,0,0.447,0.162,0,0,0.391,0,0,0,0.442737027,0.161559495,0,0,0.390594862,3,14.8,11.27402879,0.1141
2022,2,17,19,50,IMG_4843,0,0,0,0.173,0.152,0,0,0.675,0,0,0,0.166906843,0.150421973,0,0,0.672429507,3,14.7,11.20547015,-0.4185
2022,2,17,20,0,IMG_4844,0,0,0,0.641,0.203,0,0,0.156,0,0,0,0.634342623,0.202901262,0,0,0.156049564,3,14.7,11.20547015,-0.3041
2022,2,17,20,10,IMG_4845,0,0,0,0.411,0.121,0,0,0.468,0,0,0,0.404663341,0.120829147,0,0,0.46690175,3,14.7,11.20547015,-0.0676
2022,2,17,20,20,IMG_4846,0,0,0,0.191,0.18,0,0,0.629,0,0,0,0.186127689,0.177125338,0,0,0.626915122,3,14.7,11.20547015,-0.3981
2022,2,17,20,30,IMG_4847,0,0,0,0.561,0.335,0,0,0.104,0,0,0,0.554373821,0.332472371,0,0,0.103796282,3,14.6,11.13727352,-0.4471
2022,2,17,20,40,IMG_4848,0,0,0,0.086,0.026,0,0,0.888,0,0,0,0.081526855,0.025168179,0,0,0.872725654,3,14.6,11.13727352,-0.3436
2022,2,17,20,50,IMG_4849,0,0,0,0.009,0.062,0,0,0.93,0,0,0,0.007983331,0.061108158,0,0,0.912910216,3,14.7,11.20547015,-0.3129
2022,2,17,21,0,IMG_4850,0,0,0,0.466,0.416,0,0,0.118,0,0,0,0.459043029,0.415255176,0,0,0.11774236,3,14.6,11.13727352,-0.6892
2022,2,17,21,10,IMG_4851,0,0,0,0.732,0.043,0,0,0.225,0,0,0,0.724882106,0.042794238,0,0,0.224733105,3,14.6,11.13727352,-0.2427
2022,2,17,21,20,IMG_4852,0,0,0,0.309,0.028,0,0,0.663,0,0,0,0.301877239,0.027889153,0,0,0.657497529,3,14.6,11.13727352,-0.1285
2022,2,17,21,30,IMG_4853,0,0,0,0.096,0.023,0,0,0.882,0,0,0,0.09075948,0.021774189,0,0,0.86927808,3,14.6,11.26241143,-0.1265
2022,2,17,21,40,IMG_4854,0,0,0,0.402,0.045,0,0,0.553,0,0,0,0.397288364,0.044567398,0,0,0.550509991,3,14.7,11.33137431,0.0576
2022,2,17,21,50,IMG_4855,0,0,0,0.001,0.002,0,0,0.997,0,0,0,0.000573302,0.002236163,0,0,0.968331062,3,14.7,11.33137431,0.222
2022,2,17,22,0,IMG_4856,0,0,0,0.006,0.002,0,0,0.992,0,0,0,0.005716324,0.002410149,0,0,0.951869111,3,14.6,11.38754933,0.0053
2022,2,17,22,10,IMG_4857,0,0,0,0.092,0.007,0,0,0.901,0,0,0,0.087377599,0.007019434,0,0,0.875168975,3,14.6,11.38754933,0.3317
2022,2,17,22,20,IMG_4858,0,0,0,0.006,0,0,0,0.994,0,0,0,0.005824316,0.000150654,0,0,0.973667984,3,14.7,11.45727847,0.7454
2022,2,17,22,30,IMG_4859,0,0,0,0.001,0,0,0,0.999,0,0,0,0.000935352,5.34E-05,0,0,0.969178155,3,14.6,11.38754933,0.1755
2022,2,17,22,40,IMG_4860,0,0,0,0.001,0,0,0,0.999,0,0,0,0.000993442,6.57E-05,0,0,0.954320681,3,14.6,11.38754933,0.3354
2022,2,17,22,50,IMG_4861,0,0,0,0.034,0.011,0,0,0.955,0,0,0,0.032319066,0.010519539,0,0,0.922530108,3,14.6,11.38754933,0.395
2022,2,17,23,0,IMG_4862,0,0,0,0,0.002,0,0,0.998,0,0,0,0.000193427,0.001569126,0,0,0.953734683,3,14.7,11.45727847,0.4472
2022,2,17,23,10,IMG_4863,0,0,0,0,0,0,0,1,0,0,0,2.07E-05,0.000302659,0,0,0.950429184,3,14.7,11.45727847,0.3705
2022,2,17,23,20,IMG_4864,0,0,0,0.002,0.002,0,0,0.997,0,0,0,0.001572574,0.001558023,0,0,0.958407745,3,14.7,11.45727847,0.4138
2022,2,17,23,30,IMG_4865,0,0,0,0.006,0,0,0,0.993,0,0,0,0.006231055,0.000225977,0,0,0.951975428,3,14.7,11.45727847,0.5702
2022,2,17,23,40,IMG_4866,0,0,0,0,0,0,0,1,0,0,0,2.78E-05,5.75E-05,0,0,0.949055754,3,14.7,11.45727847,0.5256
2022,2,17,23,50,IMG_4867,0,0,0,0,0,0,0,1,0,0,0,2.75E-05,8.56E-05,0,0,0.934248978,3,14.7,11.45727847,0.3289
2022,2,18,0,0,IMG_4868,0,0,0,0,0,0,0,1,0,0,0,2.78E-05,0.000154687,0,0,0.928993187,3,14.6,11.38754933,0.5267
2022,2,18,0,10,IMG_4869,0,0,0,0,0,0,0,0.999,0,0,0,5.82E-05,0.000470898,0,0,0.948575691,3,14.8,11.52737776,0.8201
2022,2,18,0,20,IMG_4870,0,0,0,0,0,0,0,1,0,0,0,1.41E-05,7.58E-05,0,0,0.942485036,3,14.8,11.52737776,0.7859
2022,2,18,0,30,IMG_4871,0,0,0,0,0,0,0,1,0,0,0,1.43E-05,5.61E-05,0,0,0.942794381,3,14.7,11.58318263,0.8571
2022,2,18,0,40,IMG_4872,0,0,0,0,0,0,0,1,0,0,0,6.35E-05,0.000239498,0,0,0.937884465,3,14.5,11.44256441,0.2626
2022,2,18,0,50,IMG_4873,0,0,0,0,0,0,0,1,0,0,0,2.12E-05,5.02E-05,0,0,0.938883511,3,14.5,11.44256441,0.5183
2022,2,18,1,0,IMG_4874,0,0,0,0,0.003,0,0,0.997,0,0,0,1.38E-05,0.00311416,0,0,0.920395395,3,14.6,11.63782514,0.5405
2022,2,18,1,10,IMG_4875,0,0,0,0,0.003,0,0,0.997,0,0,0,8.53E-05,0.002749279,0,0,0.932560569,3,14.5,11.56694011,0.3836
2022,2,18,1,20,IMG_4876,0,0,0,0,0,0,0,1,0,0,0,1.39E-05,3.71E-05,0,0,0.943034946,3,14.6,11.51268724,0.6907
2022,2,18,1,30,IMG_4877,0,0,0,0,0,0,0,1,0,0,0,2.01E-05,3.69E-05,0,0,0.936430491,3,14.6,11.51268724,0.7286
2022,2,18,1,40,IMG_4878,0,0,0,0,0,0,0,1,0,0,0,2.08E-05,4.77E-05,0,0,0.92575338,3,14.5,11.56694011,0.6256
2022,2,18,1,50,IMG_4879,0,0,0,0,0,0,0,1,0,0,0,1.40E-05,4.81E-05,0,0,0.918553478,3,14.5,11.56694011,0.7562
2022,2,18,2,0,IMG_4880,0,0,0,0,0,0,0,1,0,0,0,1.42E-05,6.50E-05,0,0,0.911066414,3,14.4,11.49643003,1.2504
2022,2,18,2,10,IMG_4881,0,0,0,0,0,0,0,1,0,0,0,2.10E-05,4.15E-05,0,0,0.909098084,3,14.4,11.49643003,1.1527
2022,2,18,2,20,IMG_4882,0,0,0,0,0,0,0,1,0,0,0,1.40E-05,4.21E-05,0,0,0.901346657,3,14.4,11.49643003,1.1333
2022,2,18,2,30,IMG_4883,0,0,0,0,0,0,0,1,0,0,0,1.39E-05,4.74E-05,0,0,0.903854785,3,14.3,11.42629324,1.033
2022,2,18,2,40,IMG_4884,0,0,0,0,0,0,0,1,0,0,0,2.02E-05,7.74E-05,0,0,0.904312019,3,14.3,11.42629324,1.0449
2022,2,18,2,50,IMG_4885,0,0,0,0,0,0,0,1,0,0,0,1.39E-05,5.21E-05,0,0,0.889435682,3,14.3,11.42629324,1.0671
2022,2,18,3,0,IMG_4886,0,0,0,0,0,0,0,1,0,0,0,2.06E-05,4.06E-05,0,0,0.910945928,3,14.3,11.42629324,1.2128
2022,2,18,3,10,IMG_4887,0,0,0,0,0,0,0,1,0,0,0,2.03E-05,3.95E-05,0,0,0.892293254,3,14.2,11.35652809,1.1225
2022,2,18,3,20,IMG_4888,0,0,0,0,0,0,0,1,0,0,0,2.04E-05,3.95E-05,0,0,0.887273287,3,14.2,11.35652809,0.9002
2022,2,18,3,30,IMG_4889,0,0,0,0,0,0,0,1,0,0,0,2.05E-05,4.40E-05,0,0,0.885850481,3,14.2,11.35652809,0.7609
2022,2,18,19,30,IMG_4890,0,0,0,0.001,0.001,0,0,0.997,0,0,0,0.001347806,0.001403779,0,0,0.947328576,3,15.3,12.40583493,1.4035
2022,2,18,19,40,IMG_4891,0,0,0,0.906,0.086,0,0,0.008,0,0,0,0.901151164,0.086356731,0,0,0.007642225,3,15.4,12.48137016,1.6753
2022,2,18,19,50,IMG_4892,0,0,0,0.95,0.05,0,0,0,0,0,0,0.944287951,0.049875886,0,0,0.000200143,3,15.4,12.48137016,1.569
2022,2,18,20,0,IMG_4893,0,0,0,0.66,0.011,0,0,0.329,0,0,0,0.653516451,0.010820132,0,0,0.324527096,3,15.5,12.55730391,1.6381
2022,2,18,20,10,IMG_4894,0,0,0,0.991,0.005,0,0,0.005,0,0,0,0.982019764,0.004493187,0,0,0.004638041,3,15.5,12.55730391,1.6694
2022,2,18,20,20,IMG_4895,0,0,0,0.912,0.088,0,0,0,0,0,0,0.908406716,0.087728305,0,0,2.97E-05,3,15.6,12.63363794,1.6436
2022,2,18,20,30,IMG_4896,0.084,0.044,0.076,0.79,0.006,0,0,0,0.000248633,0.043502103,0.075716556,0.786174617,0.005634953,0,0.000435697,7.22E-06,3,15.6,12.63363794,1.7478
2022,2,18,20,40,IMG_4897,0.011,0,0,0.956,0.032,0,0,0.002,7.36E-05,0,0,0.946219276,0.031642864,0,0,0.001609307,3,15.7,12.710374,1.8958
2022,2,18,20,50,IMG_4898,0,0,0,0.985,0,0,0,0.015,0,0,0,0.954673858,0.00024345,0,0,0.014507121,3,15.8,12.78751385,1.9695
2022,2,18,21,0,IMG_4899,0,0,0,0.991,0.005,0,0,0.004,0,0,0,0.974681994,0.005280183,0,0,0.004000548,3,15.8,12.78751385,2.2266
2022,2,18,21,10,IMG_4900,0,0,0,0.935,0.003,0,0,0.062,0,0,0,0.913764521,0.00278113,0,0,0.060792353,3,15.9,12.86505928,2.25
2022,2,18,21,20,IMG_4901,0,0,0,0.643,0.001,0,0,0.355,0,0,0,0.625217082,0.001426164,0,0,0.339252036,3,15.9,12.86505928,1.891
2022,2,18,21,30,IMG_4902,0,0,0,0.827,0,0,0,0.172,0,0,0,0.803349008,0.000372596,0,0,0.163579875,3,15.9,12.86505928,1.9782
2022,2,18,21,40,IMG_4903,0,0,0,0.998,0,0,0,0.002,0,0,0,0.975972468,0.00010299,0,0,0.001973272,3,15.8,12.78751385,2.019
2022,2,18,21,50,IMG_4904,0,0,0,0.991,0,0,0,0.009,0,0,0,0.965285397,9.55E-05,0,0,0.009044944,3,15.8,12.78751385,2.1127
2022,2,18,22,0,IMG_4905,0,0,0,0.973,0,0,0,0.026,0,0,0,0.943432459,0.000379169,0,0,0.026110246,3,15.8,12.78751385,2.1712
2022,2,18,22,10,IMG_4906,0,0,0,0.961,0,0,0,0.039,0,0,0,0.926541203,0.000319216,0,0,0.038304725,3,15.8,12.78751385,1.8032
2022,2,18,22,20,IMG_4907,0,0,0,0.959,0,0,0,0.041,0,0,0,0.919380859,9.39E-05,0,0,0.040719974,3,15.7,12.710374,1.7014
2022,2,18,22,30,IMG_4908,0,0,0,0.728,0,0,0,0.271,0,0,0,0.698216797,0.000221116,0,0,0.260646064,3,15.7,12.710374,1.6799
2022,2,18,22,40,IMG_4909,0,0,0,0.974,0,0,0,0.026,0,0,0,0.938845358,9.98E-05,0,0,0.024917548,3,15.8,12.78751385,1.9165
2022,2,18,22,50,IMG_4910,0,0,0,0.83,0,0,0,0.17,0,0,0,0.797183196,8.72E-05,0,0,0.168167743,3,15.8,12.78751385,1.8759
2022,2,18,23,0,IMG_4911,0,0,0,0,0,0,0,1,0,0,0,5.60E-05,7.56E-05,0,0,0.887008774,3,15.9,13.00048096,1.8447
2022,2,18,23,10,IMG_4912,0,0,0,0,0,0,0,1,0,0,0,1.05E-05,6.98E-05,0,0,0.875426833,3,16,13.07925429,1.8955
2022,2,18,23,20,IMG_4913,0,0,0,0,0,0,0,1,0,0,0,1.65E-05,7.55E-05,0,0,0.883932467,3,16,13.07925429,2.0148
2022,2,18,23,30,IMG_4914,0,0,0,0,0,0,0,1,0,0,0,1.10E-05,8.27E-05,0,0,0.887318502,3,16.3,13.31806213,2.337
2022,2,18,23,40,IMG_4915,0,0,0,0,0,0,0,1,0,0,0,1.60E-05,5.28E-05,0,0,0.879517991,3,16.7,13.64234548,2.7715
2022,2,18,23,50,IMG_4916,0,0,0,0,0,0,0,1,0,0,0,3.69E-05,5.29E-05,0,0,0.896178944,3,16.7,13.64234548,2.9217
2022,2,19,0,0,IMG_4917,0,0,0,0,0,0,0,1,0,0,0,3.12E-05,0.000106581,0,0,0.900684007,3,16.7,13.64234548,3.1416
2022,2,19,0,10,IMG_4918,0,0,0,0,0,0,0,1,0,0,0,1.20E-05,6.83E-05,0,0,0.876770718,3,16.6,13.56063991,3.0791
2022,2,19,0,20,IMG_4919,0,0,0,0,0,0,0,1,0,0,0,1.88E-05,7.03E-05,0,0,0.888212725,3,16.6,13.56063991,2.6282
2022,2,19,0,30,IMG_4920,0,0,0,0,0,0,0,1,0,0,0,2.13E-05,7.53E-05,0,0,0.900583466,3,16.5,13.47935873,2.4226
2022,2,19,0,40,IMG_4921,0,0,0,0,0,0,0,1,0,0,0,3.96E-05,6.36E-05,0,0,0.889241196,3,16.5,13.47935873,2.7354
2022,2,19,0,50,IMG_4922,0,0,0,0,0.001,0,0,0.999,0,0,0,2.13E-05,0.000784315,0,0,0.895809533,3,16.4,13.39850008,2.4229
2022,2,19,1,0,IMG_4923,0,0,0,0,0,0,0,1,0,0,0,1.72E-05,0.000202734,0,0,0.87806066,3,15.9,12.86505928,2.4549
2022,2,19,1,10,IMG_4924,0,0,0,0,0,0,0,1,0,0,0,1.08E-05,5.82E-05,0,0,0.863858203,3,15.6,12.7666236,2.067
2022,2,19,1,20,IMG_4925,0,0,0,0,0,0,0,1,0,0,0,1.56E-05,7.91E-05,0,0,0.851454064,3,15.5,12.68948605,1.8077
2022,2,19,1,30,IMG_4926,0,0,0,0,0,0,0,1,0,0,0,1.07E-05,9.35E-05,0,0,0.864672506,3,15.4,12.612753,1.9422
2022,2,19,1,40,IMG_4927,0,0,0,0,0,0,0,1,0,0,0,1.13E-05,0.000105431,0,0,0.872249249,3,15.6,12.7666236,1.94
2022,2,19,1,50,IMG_4928,0,0,0,0,0,0,0,1,0,0,0,2.22E-05,0.000132918,0,0,0.871686997,3,15.9,13.00048096,2.1878
2022,2,19,2,0,IMG_4929,0,0,0,0,0,0,0,1,0,0,0,2.14E-05,8.04E-05,0,0,0.863221657,3,15.8,12.92211926,2.4162
2022,2,19,2,10,IMG_4930,0,0,0,0,0,0,0,1,0,0,0,1.08E-05,6.20E-05,0,0,0.865712553,3,15.7,12.84416741,1.8953
2022,2,19,2,20,IMG_4931,0,0,0,0,0,0,0,1,0,0,0,2.63E-05,6.94E-05,0,0,0.857949422,3,15.6,12.7666236,1.9001
2022,2,19,2,30,IMG_4932,0,0,0,0,0,0,0,1,0,0,0,3.24E-05,7.37E-05,0,0,0.871041226,3,15.4,12.612753,1.9496
2022,2,19,2,40,IMG_4933,0,0,0,0,0,0,0,1,0,0,0,1.58E-05,5.77E-05,0,0,0.85645966,3,15.3,12.53642266,2.1355
2022,2,19,2,50,IMG_4934,0,0,0,0,0,0,0,1,0,0,0,1.56E-05,0.000101014,0,0,0.856560968,3,15.2,12.46049328,1.9559
2022,2,19,3,0,IMG_4935,0,0,0,0,0,0,0,1,0,0,0,1.14E-05,5.58E-05,0,0,0.86689194,3,15.2,12.46049328,1.7958
2022,2,19,3,10,IMG_4936,0,0,0,0,0,0,0,1,0,0,0,6.51E-05,9.90E-05,0,0,0.870068667,3,15.4,12.612753,1.9928
2022,2,19,3,20,IMG_4937,0,0,0,0,0,0,0,1,0,0,0,1.61E-05,9.07E-05,0,0,0.864966361,3,15.6,12.7666236,2.1551
2022,2,19,3,30,IMG_4938,0,0,0,0,0,0,0,1,0,0,0,1.10E-05,8.48E-05,0,0,0.869492661,3,15.8,12.92211926,2.2284
2022,2,19,19,30,IMG_4939,0,0,0,0.012,0.027,0,0,0.961,0,0,0,0.011264085,0.026235802,0,0,0.916878155,3,12.3,9.882253256,-1.0792
2022,2,19,19,40,IMG_4940,0,0,0,0.005,0.089,0,0,0.906,0,0,0,0.004972393,0.083356843,0,0,0.858523903,3,12.2,9.713008051,-0.5913
2022,2,19,19,50,IMG_4941,0,0,0,0.116,0.013,0,0,0.871,0,0,0,0.109506273,0.012626735,0,0,0.845434638,3,12.2,9.713008051,-0.9974
2022,2,19,20,0,IMG_4942,0,0,0,0.192,0.008,0,0,0.801,0,0,0,0.177879635,0.007635599,0,0,0.781642631,3,12.2,9.713008051,-1.055
2022,2,19,20,10,IMG_4943,0,0,0,0.002,0.029,0,0,0.969,0,0,0,0.002002171,0.027826315,0,0,0.929259195,3,12.3,9.773657066,-0.6322
2022,2,19,20,20,IMG_4944,0,0,0,0.194,0.053,0,0,0.753,0,0,0,0.175274527,0.051123678,0,0,0.723938416,3,12.2,9.713008051,-1.2295
2022,2,19,20,30,IMG_4945,0,0,0,0.102,0.025,0,0,0.872,0,0,0,0.095930551,0.02516241,0,0,0.861815107,3,12.2,9.713008051,-0.3045
2022,2,19,20,40,IMG_4946,0,0,0,0,0.025,0,0,0.975,0,0,0,0.000141256,0.024636298,0,0,0.950061155,3,12.1,9.759938434,-0.2664
2022,2,19,20,50,IMG_4947,0,0,0,0.001,0.021,0,0,0.979,0,0,0,0.000760066,0.019857452,0,0,0.943619734,3,12.1,9.759938434,-0.7666
2022,2,19,21,0,IMG_4948,0,0,0,0.193,0.007,0,0,0.8,0,0,0,0.183506378,0.007081979,0,0,0.787156919,3,12.1,9.759938434,-0.7212
2022,2,19,21,10,IMG_4949,0,0,0,0.029,0.012,0,0,0.959,0,0,0,0.026669674,0.012185847,0,0,0.925050436,3,11.9,9.638941489,-0.4522
2022,2,19,21,20,IMG_4950,0,0,0,0,0.022,0,0,0.978,0,0,0,0.000428155,0.020993119,0,0,0.931202126,3,11.9,9.638941489,-0.6266
2022,2,19,21,30,IMG_4951,0,0,0,0.002,0.008,0,0,0.99,0,0,0,0.001953155,0.007514378,0,0,0.954150729,3,11.9,9.638941489,-0.7419
2022,2,19,21,40,IMG_4952,0,0,0,0,0.057,0,0,0.943,0,0,0,2.21E-05,0.053850924,0,0,0.887998828,3,11.9,9.638941489,-0.4387
2022,2,19,21,50,IMG_4953,0,0,0,0.008,0.004,0,0,0.988,0,0,0,0.007658579,0.003475,0,0,0.945348407,3,11.9,9.638941489,-0.1925
2022,2,19,22,0,IMG_4954,0,0,0,0,0.003,0,0,0.997,0,0,0,0.000131738,0.002905942,0,0,0.9240468,3,11.8,9.578933495,-0.651
2022,2,19,22,10,IMG_4955,0,0,0,0,0.037,0,0,0.963,0,0,0,2.16E-05,0.033454026,0,0,0.894652652,3,11.7,9.51925051,-0.4875
2022,2,19,22,20,IMG_4956,0,0,0,0.009,0.008,0,0,0.983,0,0,0,0.008893292,0.007926916,0,0,0.931571484,3,11.7,9.51925051,-0.2224
2022,2,19,22,30,IMG_4957,0,0,0,0,0.003,0,0,0.997,0,0,0,0.000223092,0.002674782,0,0,0.919411621,3,11.7,9.51925051,-0.5876
2022,2,19,22,40,IMG_4958,0,0,0,0.005,0.059,0,0,0.935,0,0,0,0.004891647,0.055181145,0,0,0.869789633,3,11.6,9.459891058,0.061
2022,2,19,22,50,IMG_4959,0,0,0,0,0.014,0,0,0.986,0,0,0,2.14E-05,0.013488379,0,0,0.902887387,3,11.6,9.459891058,-0.1038
2022,2,19,23,0,IMG_4960,0,0,0,0,0,0,0,1,0,0,0,1.43E-05,0.00011863,0,0,0.882372619,3,11.7,9.623857658,-0.067
2022,2,19,23,10,IMG_4961,0,0,0,0,0,0,0,0.999,0,0,0,0.000417435,0.000116511,0,0,0.916147776,3,11.5,9.504159753,0.1318
2022,2,19,23,20,IMG_4962,0,0,0,0,0,0,0,1,0,0,0,1.42E-05,5.23E-05,0,0,0.905146409,3,11.5,9.504159753,-0.1087
2022,2,19,23,30,IMG_4963,0,0,0,0,0,0,0,1,0,0,0,6.14E-05,8.50E-05,0,0,0.890334503,3,11.4,9.444797722,-0.1282
2022,2,19,23,40,IMG_4964,0,0,0,0,0.01,0,0,0.99,0,0,0,3.46E-05,0.008714032,0,0,0.907538589,3,11.3,9.385758336,-0.7782
2022,2,19,23,50,IMG_4965,0,0,0,0,0,0,0,1,0,0,0,2.74E-05,8.70E-05,0,0,0.910656671,3,11.4,9.444797722,-0.544
2022,2,20,0,0,IMG_4966,0,0,0,0,0.004,0,0,0.996,0,0,0,2.07E-05,0.003656288,0,0,0.911512951,3,11.3,9.283739224,-0.1206
2022,2,20,0,10,IMG_4967,0,0,0,0,0.002,0,0,0.998,0,0,0,2.05E-05,0.001781318,0,0,0.889577239,3,11.4,9.342136878,0.0375
2022,2,20,0,20,IMG_4968,0,0,0,0,0,0,0,1,0,0,0,2.76E-05,5.99E-05,0,0,0.895676172,3,11.3,9.283739224,-0.216
2022,2,20,0,30,IMG_4969,0,0,0,0,0,0,0,1,0,0,0,2.09E-05,0.000378606,0,0,0.862540685,3,11.3,9.283739224,-0.4591
2022,2,20,0,40,IMG_4970,0,0,0,0,0.001,0,0,0.999,0,0,0,0.00024831,0.000967398,0,0,0.87955794,3,11.2,9.225659252,-0.6739
2022,2,20,0,50,IMG_4971,0,0,0,0,0,0,0,1,0,0,0,2.04E-05,9.80E-05,0,0,0.873905311,3,11.1,9.167895514,-1.2519
2022,2,20,1,0,IMG_4972,0,0,0,0,0.001,0,0,0.999,0,0,0,1.39E-05,0.001120944,0,0,0.864495575,3,11,9.010331766,-0.259
2022,2,20,1,10,IMG_4973,0,0,0,0,0.001,0,0,0.999,0,0,0,2.03E-05,0.000927103,0,0,0.854900015,3,11,9.010331766,-0.8757
2022,2,20,1,20,IMG_4974,0,0,0,0,0.004,0,0,0.996,0,0,0,2.04E-05,0.003634165,0,0,0.861036366,3,10.9,8.953824029,-0.606
2022,2,20,1,30,IMG_4975,0,0,0,0,0,0,0,1,0,0,0,1.34E-05,0.000319862,0,0,0.892175834,3,11,9.110446564,-1.741
2022,2,20,1,40,IMG_4976,0,0,0,0,0.009,0,0,0.991,0,0,0,1.34E-05,0.007158752,0,0,0.851801675,3,11,9.110446564,-1.5027
2022,2,20,1,50,IMG_4977,0,0,0,0,0.001,0,0,0.999,0,0,0,1.36E-05,0.000860464,0,0,0.874621627,3,11,9.110446564,-1.0381
2022,2,20,2,0,IMG_4978,0,0,0,0,0.001,0,0,0.999,0,0,0,1.36E-05,0.00041534,0,0,0.86795172,3,11,9.010331766,-1.1906
2022,2,20,2,10,IMG_4979,0,0,0,0,0.025,0,0,0.975,0,0,0,1.34E-05,0.021004342,0,0,0.85286697,3,10.9,8.953824029,-1.2276
2022,2,20,2,20,IMG_4980,0,0,0,0,0.006,0,0,0.994,0,0,0,1.98E-05,0.004854207,0,0,0.85510308,3,11.1,9.067149409,-2.1402
2022,2,20,2,30,IMG_4981,0,0,0,0,0,0,0,1,0,0,0,2.60E-05,5.74E-05,0,0,0.866345388,3,10.9,8.953824029,-2.3031
2022,2,20,2,40,IMG_4982,0,0,0,0,0,0,0,0.999,0,0,0,3.93E-05,0.000394103,0,0,0.87237053,3,11,8.910216969,-1.2741
2022,2,20,2,50,IMG_4983,0,0,0,0,0.002,0,0,0.998,0,0,0,2.01E-05,0.001258278,0,0,0.869076848,3,11,9.010331766,-0.7119
2022,2,20,3,0,IMG_4984,0,0,0,0,0,0,0,1,0,0,0,2.02E-05,0.000170358,0,0,0.847660404,3,10.9,8.953824029,-1.4639
2022,2,20,3,10,IMG_4985,0,0,0,0,0.002,0,0,0.998,0,0,0,2.01E-05,0.001406017,0,0,0.854218104,3,10.7,8.841732605,-1.053
2022,2,20,3,20,IMG_4986,0,0,0,0,0.001,0,0,0.999,0,0,0,2.64E-05,0.000457587,0,0,0.844170966,3,10.5,8.536844654,-1.7811
2022,2,20,3,30,IMG_4987,0,0,0,0,0,0,0,1,0,0,0,2.00E-05,0.000119839,0,0,0.885091737,3,10.5,8.536844654,-1.5462
2022,2,20,19,30,IMG_4988,0,0,0,0,0.118,0,0,0.882,0,0,0,2.95E-05,0.102244914,0,0,0.792352967,3,9.1,7.810573264,-2.9144
2022,2,20,19,40,IMG_4989,0,0,0,0.001,0.029,0,0,0.97,0,0,0,0.000680972,0.02763433,0,0,0.919372559,3,9,7.760820749,-2.7729
2022,2,20,19,50,IMG_4990,0,0,0,0.039,0.013,0,0,0.948,0,0,0,0.0369888,0.01247814,0,0,0.915769907,3,9,7.849011893,-1.9427
2022,2,20,20,0,IMG_4991,0,0,0,0,0.475,0,0,0.525,0,0,0,1.46E-05,0.431742465,0,0,0.491365302,3,9,7.849011893,-1.7041
2022,2,20,20,10,IMG_4992,0,0,0,0,0.32,0,0,0.68,0,0,0,2.93E-05,0.293403298,0,0,0.640551886,3,9,7.849011893,-1.6728
2022,2,20,20,20,IMG_4993,0,0,0,0.021,0.006,0,0,0.973,0,0,0,0.01950963,0.005813537,0,0,0.930550233,3,9.1,7.988086293,-1.2495
2022,2,20,20,30,IMG_4994,0,0,0,0,0.008,0,0,0.992,0,0,0,2.91E-05,0.007438845,0,0,0.946296131,3,9.1,7.988086293,-1.1438
2022,2,20,20,40,IMG_4995,0,0,0,0.06,0.01,0,0,0.931,0,0,0,0.057422228,0.009441549,0,0,0.883063845,3,9.1,7.988086293,-0.6276
2022,2,20,20,50,IMG_4996,0,0,0,0.008,0.27,0,0,0.721,0,0,0,0.008183744,0.2485622,0,0,0.690771116,3,9.1,8.076842807,-0.6074
2022,2,20,21,0,IMG_4997,0,0,0,0.002,0.103,0,0,0.895,0,0,0,0.002238845,0.092852479,0,0,0.836434533,3,9.2,8.128578402,-1.1124
2022,2,20,21,10,IMG_4998,0,0,0,0,0.12,0,0,0.88,0,0,0,0.000201142,0.107620455,0,0,0.82787784,3,9.3,8.180602312,-1.0891
2022,2,20,21,20,IMG_4999,0,0,0,0,0.038,0,0,0.962,0,0,0,8.46E-05,0.034364513,0,0,0.872054612,3,9.4,8.232915883,-0.8495
2022,2,20,21,30,IMG_5000,0,0,0,0,0.594,0,0,0.406,0,0,0,7.16E-06,0.527081363,0,0,0.372800331,3,9.4,8.232915883,-0.5
2022,2,20,21,40,IMG_5001,0,0,0,0.008,0.015,0,0,0.978,0,0,0,0.007313289,0.014040377,0,0,0.908500451,3,9.5,8.285520471,-0.0894
2022,2,20,21,50,IMG_5002,0,0,0,0.015,0.138,0,0,0.847,0,0,0,0.013703959,0.122061861,0,0,0.776389663,3,9.6,8.246786471,0.0119
2022,2,20,22,0,IMG_5003,0,0,0,0,0.511,0,0,0.489,0,0,0,1.43E-05,0.445856107,0,0,0.420570651,3,9.6,8.246786471,-0.9533
2022,2,20,22,10,IMG_5004,0,0,0,0,0.017,0,0,0.982,0,0,0,5.03E-05,0.014978463,0,0,0.89609363,3,9.7,8.299392655,-1.2032
2022,2,20,22,20,IMG_5005,0,0,0,0.017,0.041,0,0,0.943,0,0,0,0.015662297,0.036654147,0,0,0.806790663,3,9.7,8.299392655,0.0891
2022,2,20,22,30,IMG_5006,0,0,0,0,0.9,0,0,0.1,0,0,0,7.04E-06,0.775247393,0,0,0.092911215,3,9.7,8.391608129,-2.2275
2022,2,20,22,40,IMG_5007,0,0,0,0.006,0.018,0,0,0.977,0,0,0,0.005505544,0.01344855,0,0,0.833039213,3,9.7,8.391608129,-0.7875
2022,2,20,22,50,IMG_5008,0,0,0,0,0.438,0,0,0.562,0,0,0,0.000214694,0.366210111,0,0,0.508266106,3,9.8,8.352290702,-1.6586
2022,2,20,23,0,IMG_5009,0,0,0,0,0.205,0,0,0.794,0,0,0,2.06E-05,0.175230131,0,0,0.63844351,3,9.8,8.259487472,-2.5629
2022,2,20,23,10,IMG_5010,0,0,0,0,0.413,0,0,0.587,0,0,0,2.05E-05,0.336441188,0,0,0.47342675,3,9.9,8.312087723,-1.2979
2022,2,20,23,20,IMG_5011,0,0,0,0.008,0.384,0,0,0.607,0,0,0,0.007449624,0.321613702,0,0,0.446694328,3,9.9,8.312087723,-0.1533
2022,2,20,23,30,IMG_5012,0,0,0,0,0.797,0,0,0.203,0,0,0,1.33E-05,0.662909863,0,0,0.169066121,3,9.9,8.312087723,0.0727
2022,2,20,23,40,IMG_5013,0,0,0,0,0,0,0,1,0,0,0,2.67E-05,0.000221792,0,0,0.87221537,3,9.9,8.312087723,-0.1405
2022,2,20,23,50,IMG_5014,0,0,0,0,0.084,0,0,0.916,0,0,0,0.000201855,0.068447371,0,0,0.7641109,3,9.9,8.312087723,-1.0687
2022,2,21,0,0,IMG_5015,0,0,0,0,0.128,0,0,0.871,0,0,0,0.00025332,0.105574887,0,0,0.746415084,3,10,8.364979285,-1.8043
2022,2,21,0,10,IMG_5016,0,0,0,0.001,0.057,0,0,0.942,0,0,0,0.001188078,0.048171424,0,0,0.788732535,3,9.9,8.312087723,-0.48
2022,2,21,0,20,IMG_5017,0,0,0,0,0.064,0,0,0.936,0,0,0,3.18E-05,0.051575023,0,0,0.795531438,3,10,8.364979285,-0.5977
2022,2,21,0,30,IMG_5018,0,0,0,0,0.326,0,0,0.673,0,0,0,5.12E-05,0.27002787,0,0,0.559187703,3,10,8.364979285,-0.1082
2022,2,21,0,40,IMG_5019,0,0,0,0.001,0.053,0,0,0.946,0,0,0,0.000568998,0.044715602,0,0,0.767190948,3,10.1,8.418163509,-0.272
2022,2,21,0,50,IMG_5020,0,0,0,0,0.289,0,0,0.711,0,0,0,2.63E-05,0.23796875,0,0,0.599707737,3,10.1,8.323577402,-0.136
2022,2,21,1,0,IMG_5021,0,0,0,0.001,0.022,0,0,0.977,0,0,0,0.000570793,0.018342526,0,0,0.823108151,3,10.1,8.323577402,-1.4593
2022,2,21,1,10,IMG_5022,0,0,0,0,0.393,0,0,0.606,0,0,0,0.000373948,0.316938454,0,0,0.528487492,3,10.1,8.228991295,-0.8852
2022,2,21,1,20,IMG_5023,0,0,0,0,0.007,0,0,0.993,0,0,0,2.00E-05,0.005362936,0,0,0.85509819,3,10.1,8.323577402,-1.001
2022,2,21,1,30,IMG_5024,0,0,0,0.001,0.036,0,0,0.963,0,0,0,0.001010554,0.030102517,0,0,0.823670756,3,10,8.364979285,-0.038
2022,2,21,1,40,IMG_5025,0,0,0,0,0.001,0,0,0.999,0,0,0,2.01E-05,0.00046271,0,0,0.826770951,3,10,8.364979285,-0.4235
2022,2,21,1,50,IMG_5026,0,0,0,0,0.093,0,0,0.907,0,0,0,5.23E-05,0.079094967,0,0,0.723755717,3,10,8.458967816,0.3612
2022,2,21,2,0,IMG_5027,0,0,0,0,0.062,0,0,0.938,0,0,0,0.000125173,0.050565107,0,0,0.765655551,3,10,8.458967816,-0.5789
2022,2,21,2,10,IMG_5028,0,0,0,0,0.055,0,0,0.945,0,0,0,2.61E-05,0.045689896,0,0,0.793564265,3,10.1,8.512749615,-0.221
2022,2,21,2,20,IMG_5029,0,0,0,0,0.02,0,0,0.98,0,0,0,0.000101931,0.015213785,0,0,0.801756107,3,10,8.458967816,-0.4595
2022,2,21,2,30,IMG_5030,0,0,0,0,0.005,0,0,0.995,0,0,0,2.61E-05,0.004257016,0,0,0.854719937,3,10.1,8.512749615,-0.7532
2022,2,21,2,40,IMG_5031,0,0,0,0,0.169,0,0,0.831,0,0,0,2.60E-05,0.140100458,0,0,0.696009968,3,10.1,8.512749615,-0.1508
2022,2,21,2,50,IMG_5032,0,0,0,0,0.038,0,0,0.962,0,0,0,1.98E-05,0.033154109,0,0,0.836250413,3,10.1,8.512749615,-0.2343
2022,2,21,3,0,IMG_5033,0,0,0,0,0.051,0,0,0.948,0,0,0,0.000392278,0.044292278,0,0,0.808570448,3,10.2,8.566828738,0.4467
2022,2,21,3,10,IMG_5034,0,0,0,0,0.037,0,0,0.963,0,0,0,2.68E-05,0.033065347,0,0,0.812797799,3,10.2,8.566828738,0.6243
2022,2,21,3,20,IMG_5035,0,0,0,0,0.26,0,0,0.74,0,0,0,1.98E-05,0.217238048,0,0,0.61425157,3,10.2,8.566828738,-0.4124
2022,2,21,3,30,IMG_5036,0,0,0,0,0.011,0,0,0.989,0,0,0,1.99E-05,0.009835562,0,0,0.831812132,3,10.1,8.512749615,-0.5665
2022,3,1,22,50,IMG_5037,0,0,0,0,0.975,0,0,0.025,0,0,0,7.01E-06,0.751742315,0,0,0.019077967,3,19.7,14.60228302,-5.5687
2022,3,2,0,30,IMG_5047,0,0,0,0,0.501,0,0,0.499,0,0,0,1.36E-05,0.36057663,0,0,0.39850758,3,19.6,15.02329264,-6.0339
2022,3,2,0,50,IMG_5049,0,0,0,0,0.425,0,0,0.575,0,0,0,2.36E-05,0.307670358,0,0,0.46146691,3,19.7,15.11166499,-5.5156
2022,3,2,1,0,IMG_5050,0,0,0,0,0.048,0,0,0.952,0,0,0,1.35E-05,0.032708601,0,0,0.767532197,3,19.6,15.02329264,-4.8353
2022,3,2,1,10,IMG_5051,0,0,0,0,0.001,0,0,0.999,0,0,0,1.36E-05,0.000683181,0,0,0.80801848,3,19.6,15.02329264,-4.7613
2022,3,2,1,20,IMG_5052,0,0,0,0,0,0,0,1,0,0,0,1.36E-05,6.12E-05,0,0,0.829817383,3,19.7,15.11166499,-4.5504
2022,3,2,1,30,IMG_5053,0,0,0,0,0,0,0,1,0,0,0,1.38E-05,0.000144997,0,0,0.825546199,3,19.7,15.11166499,-4.4129
2022,3,2,1,40,IMG_5054,0,0,0,0,0,0,0,1,0,0,0,1.37E-05,5.01E-05,0,0,0.828023896,3,19.5,14.93536758,-4.623
2022,3,2,1,50,IMG_5055,0,0,0,0,0,0,0,1,0,0,0,1.36E-05,0.000135922,0,0,0.804032272,3,19.5,14.93536758,-4.3528
2022,3,2,2,0,IMG_5056,0,0,0,0,0,0,0,1,0,0,0,1.37E-05,6.93E-05,0,0,0.844466031,3,19.4,15.01471814,-3.7083
2022,3,2,2,10,IMG_5057,0,0,0,0,0,0,0,1,0,0,0,1.36E-05,5.84E-05,0,0,0.843562402,3,19.4,15.01471814,-3.7881
2022,3,2,2,20,IMG_5058,0,0,0,0,0,0,0,1,0,0,0,1.36E-05,5.73E-05,0,0,0.814111606,3,19.3,14.9267041,-3.1595
2022,3,2,2,30,IMG_5059,0,0,0,0,0,0,0,1,0,0,0,2.02E-05,5.01E-05,0,0,0.783448986,3,19.3,14.9267041,-2.9384
2022,3,2,2,40,IMG_5060,0,0,0,0,0,0,0,1,0,0,0,1.37E-05,5.05E-05,0,0,0.861584037,3,19.2,14.83913669,-1.7434
2022,3,2,2,50,IMG_5061,0,0,0,0,0,0,0,1,0,0,0,1.38E-05,5.69E-05,0,0,0.877120185,3,19.2,14.83913669,-1.3299
2022,3,2,3,0,IMG_5062,0,0,0,0,0,0,0,1,0,0,0,2.08E-05,4.03E-05,0,0,0.830326818,3,19.2,14.83913669,-1.4893
2022,3,2,3,10,IMG_5063,0,0,0,0,0,0,0,1,0,0,0,1.39E-05,7.89E-05,0,0,0.912243795,3,19.2,14.83913669,-1.203
2022,3,2,3,20,IMG_5064,0,0,0,0,0,0,0,1,0,0,0,1.39E-05,9.85E-05,0,0,0.907431303,3,19.1,14.75201402,-0.7937
2022,3,2,3,30,IMG_5065,0,0,0,0,0,0,0,1,0,0,0,1.41E-05,0.000115009,0,0,0.931853673,3,19.1,14.91592529,-0.646
2022,3,3,2,0,IMG_5087,0,0,0,0,0.354,0,0,0.645,0,0,0,0.000112447,0.250455288,0,0,0.487817894,3,17.9,12.213826,-3.5797
2022,3,3,2,10,IMG_5088,0,0,0,0,0.756,0,0,0.244,0,0,0,6.21E-06,0.567309668,0,0,0.191360855,3,17.9,12.213826,-1.8693
2022,3,3,2,20,IMG_5089,0,0,0,0,0.769,0,0,0.231,0,0,0,1.23E-05,0.562520358,0,0,0.177435104,3,17.8,11.98960572,-2.6022
2022,3,3,2,30,IMG_5090,0,0,0,0,0.282,0,0,0.718,0,0,0,1.25E-05,0.203116166,0,0,0.539831145,3,17.9,12.06115317,-2.1747
2022,3,3,2,50,IMG_5092,0,0,0,0,0.636,0,0,0.364,0,0,0,3.17E-05,0.453437117,0,0,0.279241376,3,17.9,12.06115317,-6.314
2022,3,3,3,0,IMG_5093,0,0,0,0,0.356,0,0,0.644,0,0,0,2.55E-05,0.254217811,0,0,0.502928275,3,17.9,12.06115317,-3.8808
2022,3,6,3,30,IMG_5243,0,0,0,0.036,0.963,0,0,0.001,0,0,0,0.021517015,0.640424001,0,0,0.000660119,3,19.2,8.408844122,-4.1791
2022,3,6,19,30,IMG_5244,0,0,0,0.957,0.037,0,0,0.006,0,0,0,0.911445252,0.034214063,0,0,0.005872806,3,18.2,12.1226001,-2.2416
2022,3,6,19,40,IMG_5245,0,0,0,0.54,0.46,0,0,0.001,0,0,0,0.510255912,0.439377885,0,0,0.000837755,3,18.2,12.27801805,-2.2442
2022,3,6,19,50,IMG_5246,0,0,0,0.344,0.536,0,0,0.12,0,0,0,0.313837876,0.500593036,0,0,0.116919216,3,18.1,12.20535775,-2.2653
2022,3,6,20,0,IMG_5247,0,0,0,0.799,0,0,0,0.201,0,0,0,0.748148212,0.000186035,0,0,0.193753538,3,18.2,12.27801805,-2.0075
2022,3,6,20,10,IMG_5248,0,0,0,0.544,0.008,0,0,0.448,0,0,0,0.49725184,0.007271755,0,0,0.432719201,3,18.2,12.1226001,-2.7159
2022,3,6,20,20,IMG_5249,0,0,0,0.905,0.071,0,0,0.024,0,0,0,0.861700075,0.06652476,0,0,0.02330797,3,18.2,12.27801805,-1.8966
2022,3,6,20,30,IMG_5250,0,0,0,0.035,0.955,0,0,0.01,0,0,0,0.030333211,0.888616436,0,0,0.009911538,3,18.1,12.35985595,-2.313
2022,3,6,20,40,IMG_5251,0,0,0,0.533,0.001,0,0,0.465,0,0,0,0.477969073,0.001310892,0,0,0.450107114,3,18,12.28665315,-2.1016
2022,3,6,20,50,IMG_5252,0,0,0,0.023,0.974,0,0,0.003,0,0,0,0.021203456,0.922116151,7.51E-05,0,0.002710517,3,18,12.44023631,-2.0732
2022,3,6,21,0,IMG_5253,0,0,0,0.004,0.987,0.009,0,0,0,0,0,0.002991849,0.932066421,0.008012793,0,0,3,18,12.28665315,-2.3254
2022,3,6,21,10,IMG_5254,0,0,0,0,1,0,0,0,0,0,0,6.93E-05,0.940963244,0,0,0,3,18,12.44023631,-2.514
2022,3,6,21,20,IMG_5255,0,0,0,0.001,0.957,0,0,0.042,0,0,0,0.000430574,0.906461133,0,0,0.039968419,3,18,12.44023631,-1.7572
2022,3,6,21,30,IMG_5256,0,0,0,0,0.983,0,0,0.017,0,0,0,1.46E-05,0.913822498,2.22E-05,0,0.014603748,3,18,12.59381948,-2.0612
2022,3,6,21,40,IMG_5257,0,0,0,0,0.114,0,0,0.886,0,0,0,4.70E-05,0.100951848,0,0,0.833692819,3,17.9,12.51917164,-2.6089
2022,3,6,21,50,IMG_5258,0,0,0,0,0.943,0,0,0.057,0,0,0,7.31E-06,0.850391098,0,0,0.052413597,3,17.8,12.59667436,-2.6601
2022,3,6,22,0,IMG_5259,0,0,0,0,0.969,0,0,0.031,0,0,0,7.16E-06,0.873365475,0,0,0.028670989,3,17.8,12.4449072,-3.1922
2022,3,6,22,10,IMG_5260,0,0,0,0,0.49,0,0,0.51,0,0,0,1.43E-05,0.445440234,0,0,0.483686899,3,17.8,12.4449072,-2.7151
2022,3,6,22,20,IMG_5261,0,0,0,0.037,0.001,0,0,0.962,0,0,0,0.035818074,0.000978651,0,0,0.912046717,3,17.8,12.59667436,-1.7717
2022,3,6,22,30,IMG_5262,0,0,0,0.066,0,0,0,0.934,0,0,0,0.061821176,5.85E-05,0,0,0.888369276,3,17.8,12.59667436,-1.3207
2022,3,6,22,40,IMG_5263,0,0,0,0.047,0.003,0,0,0.95,0,0,0,0.043946695,0.002685765,0,0,0.895148295,3,17.6,12.59746148,-1.3
2022,3,6,22,50,IMG_5264,0,0,0,0.065,0,0,0,0.935,0,0,0,0.060056558,4.47E-05,0,0,0.880117834,3,17.6,12.59746148,-1.4999
2022,3,6,23,0,IMG_5265,0,0,0,0.033,0,0,0,0.966,0,0,0,0.031311448,0.000383263,0,0,0.888821229,3,17.4,12.59622317,-1.473
2022,3,6,23,10,IMG_5266,0,0,0,0.004,0.001,0,0,0.995,0,0,0,0.003967879,0.001123445,0,0,0.887142608,3,17.3,12.6685117,-1.5338
2022,3,6,23,20,IMG_5267,0,0,0,0.008,0,0,0,0.992,0,0,0,0.007745245,5.19E-05,0,0,0.884504177,3,17.3,12.6685117,-1.8679
2022,3,6,23,30,IMG_5268,0,0,0,0,0,0,0,1,0,0,0,1.98E-05,5.63E-05,0,0,0.876268179,3,17.3,12.6685117,-1.9729
2022,3,6,23,40,IMG_5269,0,0,0,0,0.001,0,0,0.999,0,0,0,0.000100811,0.000504657,0,0,0.828746409,3,17.3,12.52120342,-3.0446
2022,3,6,23,50,IMG_5270,0,0,0,0,0.004,0,0,0.995,0,0,0,0.000233842,0.003705814,0,0,0.866206663,3,17.4,12.59622317,-3.252
2022,3,7,0,0,IMG_5271,0,0,0,0.006,0.003,0,0,0.99,0,0,0,0.005924331,0.003175053,0,0,0.849204665,3,17.6,12.74743126,-2.4544
2022,3,7,0,10,IMG_5272,0,0,0,0.008,0.321,0,0,0.67,0,0,0,0.007852479,0.230996244,0,0,0.564800654,3,17.6,12.59746148,-2.1784
2022,3,7,0,20,IMG_5273,0,0,0,0,0.067,0,0,0.933,0,0,0,1.38E-05,0.056204282,0,0,0.821019073,3,17.7,12.67275681,-3.1273
2022,3,7,0,30,IMG_5274,0,0,0,0.01,0.001,0,0,0.989,0,0,0,0.009332227,0.000827118,0,0,0.876519464,3,17.7,12.67275681,-1.6515
2022,3,7,0,40,IMG_5275,0,0,0,0.031,0,0,0,0.969,0,0,0,0.027716376,0.000300684,0,0,0.887152915,3,17.6,12.74743126,-1.1601
2022,3,7,0,50,IMG_5276,0,0,0,0,0.001,0,0,0.999,0,0,0,1.37E-05,0.001307181,0,0,0.892008181,3,17.4,12.74441403,-1.3678
2022,3,7,1,0,IMG_5277,0,0,0,0,0.001,0,0,0.999,0,0,0,1.38E-05,0.000600962,0,0,0.869235216,3,17.2,12.88586171,-2.1303
2022,3,7,1,10,IMG_5278,0,0,0,0,0.015,0,0,0.985,0,0,0,1.36E-05,0.012696492,0,0,0.851136463,3,17.1,12.95455117,-2.4655
2022,3,7,1,20,IMG_5279,0,0,0,0,0.005,0,0,0.995,0,0,0,1.36E-05,0.003708849,0,0,0.871268615,3,17,12.87721242,-3.033
2022,3,7,1,30,IMG_5280,0,0,0,0,0,0,0,1,0,0,0,1.98E-05,0.000224594,0,0,0.888774189,3,17.1,12.95455117,-2.197
2022,3,7,1,40,IMG_5281,0,0,0,0,0,0,0,1,0,0,0,2.00E-05,0.000120808,0,0,0.912579778,3,17.1,12.95455117,-2.0047
2022,3,7,1,50,IMG_5282,0,0,0,0.001,0.003,0,0,0.996,0,0,0,0.000590858,0.00315655,0,0,0.900517886,3,17.1,12.95455117,-0.9958
2022,3,7,2,0,IMG_5283,0,0,0,0,0.026,0,0,0.974,0,0,0,1.35E-05,0.020985314,0,0,0.820589911,3,17.1,13.10010793,-0.8897
2022,3,7,2,10,IMG_5284,0,0,0,0,0.005,0,0,0.995,0,0,0,2.01E-05,0.003986816,0,0,0.900332535,3,17.1,13.10010793,-0.0878
2022,3,7,2,20,IMG_5285,0,0,0,0,0.012,0,0,0.988,0,0,0,2.67E-05,0.00976392,0,0,0.799619156,3,17.1,13.24566468,-0.4891
2022,3,7,2,30,IMG_5286,0,0,0,0,0,0,0,1,0,0,0,1.37E-05,5.58E-05,0,0,0.936143269,3,17,13.16658798,-0.0002
2022,3,7,2,40,IMG_5287,0,0,0,0,0,0,0,1,0,0,0,2.06E-05,4.73E-05,0,0,0.923499452,3,16.8,13.15262404,0.1174
2022,3,7,2,50,IMG_5288,0,0,0,0,0.002,0,0,0.998,0,0,0,1.39E-05,0.001514333,0,0,0.890122431,3,16.8,13.15262404,-0.2514
2022,3,7,3,0,IMG_5289,0,0,0,0,0,0,0,1,0,0,0,1.39E-05,5.97E-05,0,0,0.899701082,3,16.7,13.21602218,-0.5778
2022,3,7,3,10,IMG_5290,0,0,0,0,0,0,0,1,0,0,0,3.36E-05,8.49E-05,0,0,0.922322806,3,16.7,13.21602218,-0.6929
2022,3,7,3,20,IMG_5291,0,0,0,0,0,0,0,1,0,0,0,3.35E-05,7.15E-05,0,0,0.888478005,3,16.7,13.21602218,-0.5427
2022,3,7,3,30,IMG_5292,0,0,0,0,0,0,0,1,0,0,0,4.00E-05,0.000265309,0,0,0.896578794,3,16.7,13.21602218,-0.356
2022,3,7,19,30,IMG_5293,0,0,0,0.081,0.908,0,0,0.011,0,0,0,0.067749166,0.794002607,0,0,0.009689889,3,11.5,8.161180658,-3.1895
2022,3,7,22,0,IMG_5308,0,0,0,0.026,0.974,0,0,0,0,0,0,0.016168397,0.726085322,0,0,5.21E-05,3,10.8,7.908999805,-3.3988
2022,3,7,22,10,IMG_5309,0,0,0,0.052,0.948,0,0,0,0,0,0,0.035816692,0.754324301,0,0,0,3,10.9,7.958954693,-3.7413
2022,3,7,22,20,IMG_5310,0,0,0,0.001,0.999,0,0,0,0,0,0,0.000418495,0.825232993,0,0,0,3,11.2,8.110469672,-3.0799
2022,3,7,22,30,IMG_5311,0,0,0,0.001,0.537,0,0,0.463,0,0,0,0.000511786,0.443106678,0,0,0.405158549,3,11.2,8.009088801,-1.8395
2022,3,7,22,40,IMG_5312,0,0,0,0.004,0.267,0,0,0.729,0,0,0,0.002807347,0.215104935,0,0,0.623810922,3,11.3,8.161528988,-1.4255
2022,3,7,22,50,IMG_5313,0,0,0,0,0.023,0,0,0.977,0,0,0,0.000152306,0.018841061,0,0,0.847035284,3,11.3,8.2635481,-1.5413
2022,3,7,23,0,IMG_5314,0,0,0,0,0.065,0,0,0.935,0,0,0,4.30E-05,0.047054582,0,0,0.785224594,3,11.4,8.418189274,-1.4809
2022,3,7,23,10,IMG_5315,0,0,0,0,0.001,0,0,0.999,0,0,0,4.86E-05,0.00072681,0,0,0.863458797,3,11.5,8.471098911,-1.2149
2022,3,7,23,20,IMG_5316,0,0,0,0,0.188,0,0,0.812,0,0,0,4.83E-05,0.136545711,0,0,0.698361261,3,11.7,8.577786174,-1.4373
2022,3,7,23,30,IMG_5317,0,0,0,0,0.063,0,0,0.937,0,0,0,4.38E-05,0.046282227,0,0,0.783614551,3,11.8,8.526303441,-1.0972
2022,3,7,23,40,IMG_5318,0,0,0,0,0.019,0,0,0.981,0,0,0,4.33E-05,0.014667939,0,0,0.845747341,3,11.8,8.526303441,-1.3326
2022,3,7,23,50,IMG_5319,0,0,0,0,0,0,0,1,0,0,0,4.28E-05,5.15E-05,0,0,0.868351007,3,12,8.52683602,-0.7616
2022,3,8,0,0,IMG_5320,0,0,0,0,0,0,0,1,0,0,0,3.71E-05,6.86E-05,0,0,0.87562023,3,12.1,8.687417727,-0.9022
2022,3,8,0,10,IMG_5321,0,0,0,0,0.003,0,0,0.996,0,0,0,4.32E-05,0.00252189,0,0,0.832251487,3,12.2,8.633784934,-0.6636
2022,3,8,0,20,IMG_5322,0,0,0,0,0,0,0,1,0,0,0,4.21E-05,0.000230837,0,0,0.849183752,3,12.2,8.741707245,-0.2892
2022,3,8,0,30,IMG_5323,0,0,0,0,0.407,0,0,0.592,0,0,0,6.98E-05,0.324708857,0,0,0.493983789,3,12.3,8.796291359,-0.4919
2022,3,8,0,40,IMG_5324,0,0,0,0,0.096,0,0,0.904,0,0,0,4.24E-05,0.075621462,0,0,0.777490249,3,12.3,8.796291359,-0.4046
2022,3,8,0,50,IMG_5325,0,0,0,0,0.974,0,0,0.026,0,0,0,5.66E-06,0.80081887,0,0,0.021242308,3,12.2,8.849629557,-0.5068
2022,3,8,1,0,IMG_5326,0,0,0,0,0.001,0,0,0.999,0,0,0,6.69E-05,0.000372686,0,0,0.858450578,3,12.1,8.687417727,-0.7039
2022,3,8,1,10,IMG_5327,0,0,0,0,0.076,0,0,0.924,0,0,0,2.34E-05,0.058337455,0,0,0.77749402,3,12.1,8.687417727,-1.0344
2022,3,8,1,20,IMG_5328,0,0,0,0,0.991,0,0,0.009,0,0,0,5.69E-06,0.757234277,0,0,0.007216459,3,12.2,8.741707245,-1.412
2022,3,8,1,40,IMG_5330,0,0,0,0,0.493,0,0,0.507,0,0,0,1.16E-05,0.371607369,0,0,0.399805777,3,12.3,8.796291359,-1.089
2022,3,8,2,0,IMG_5332,0,0,0,0,1,0,0,0,0,0,0,0,0.677826878,0,0,0,3,12.5,8.796393804,-2.6287
2022,3,17,1,40,IMG_5630,0,0,0,0,0,0,0,1,0,0,0,2.45E-05,9.45E-05,0,0,0.855392924,3,21.2,16.49222462,-11.0469
2022,3,17,1,50,IMG_5631,0,0,0,0,0,0,0,1,0,0,0,1.32E-05,7.70E-05,0,0,0.923192045,3,21,16.66841597,0.716
2022,3,17,2,0,IMG_5632,0,0,0,0,0,0,0,1,0,0,0,2.00E-05,4.21E-05,0,0,0.869884435,3,21.1,16.94961768,-5.5937
2022,3,17,2,20,IMG_5634,0,0,0,0,0,0,0,1,0,0,0,2.63E-05,6.48E-05,0,0,0.868938717,3,21,16.85158538,-2.6349
2022,3,17,3,10,IMG_5639,0,0,0,0,0,0,0,1,0,0,0,1.28E-05,8.08E-05,0,0,0.836348392,3,21.2,16.86283641,-9.8052
2022,3,17,3,20,IMG_5640,0,0,0,0,0,0,0,1,0,0,0,1.29E-05,4.59E-05,0,0,0.879820568,3,21.2,16.67753052,-6.1259
2022,3,17,3,30,IMG_5641,0,0,0,0,0,0,0,1,0,0,0,1.33E-05,6.34E-05,0,0,0.897204642,3,21.2,16.86283641,-0.2779
2022,3,17,19,40,IMG_5643,0,0,0,0.951,0,0,0,0.049,0,0,0,0.921632933,6.21E-05,0,0,0.047666647,3,22.1,17.56698157,-1.936
2022,3,17,19,50,IMG_5644,0,0,0,0.108,0,0,0,0.892,0,0,0,0.097977532,6.04E-05,0,0,0.865934818,3,21.9,17.36586471,-1.8877
2022,3,17,20,0,IMG_5645,0,0,0,0.981,0,0,0,0.019,0,0,0,0.965568675,0.000102194,0,0,0.019054755,3,22,17.46617319,-1.4313
2022,3,17,20,10,IMG_5646,0,0,0,0.775,0.002,0,0,0.223,0,0,0,0.73899707,0.002362162,0,0,0.22021437,3,22,17.66024178,-1.0266
2022,3,17,20,20,IMG_5647,0,0,0,0.879,0,0,0,0.121,0,0,0,0.843826886,7.91E-05,0,0,0.119544591,3,21.7,17.16673921,-1.8093
2022,3,17,20,30,IMG_5648,0,0,0,0.882,0,0,0,0.118,0,0,0,0.839838063,5.44E-05,0,0,0.116366218,3,21.7,17.16673921,-1.6629
2022,3,17,20,40,IMG_5649,0,0,0,0.9,0,0,0,0.1,0,0,0,0.859477284,4.88E-05,0,0,0.098278335,3,21.8,17.26605407,-1.6254
2022,3,17,20,50,IMG_5650,0,0,0,0.049,0.004,0,0,0.947,0,0,0,0.043425248,0.003745906,0,0,0.887032752,3,21.8,17.07420902,-1.9026
2022,3,17,21,0,IMG_5651,0,0,0,0.275,0.001,0,0,0.723,0,0,0,0.242243412,0.001261989,0,0,0.685748137,3,21.6,16.68863104,-2.2207
2022,3,17,21,10,IMG_5652,0,0,0,0.398,0.001,0,0,0.601,0,0,0,0.362748836,0.00054873,0,0,0.574664904,3,21.7,16.97599767,-2.2662
2022,3,17,21,20,IMG_5653,0,0,0,0.644,0.001,0,0,0.356,0,0,0,0.587012425,0.000499444,0,0,0.335141076,3,21.8,16.88236398,-1.1566
2022,3,17,21,30,IMG_5654,0,0,0,0.728,0.002,0,0,0.27,0,0,0,0.658099992,0.002046274,0,0,0.253984315,3,21.8,16.88236398,-1.3365
2022,3,17,21,40,IMG_5655,0,0,0,0.578,0.028,0,0,0.395,0,0,0,0.515487748,0.025535059,0,0,0.365767698,3,21.9,16.5940485,-1.8555
2022,3,17,22,0,IMG_5657,0,0,0,0.086,0,0,0,0.914,0,0,0,0.074652562,5.74E-05,0,0,0.841994426,3,21.9,16.78700255,-1.5395
2022,3,17,22,10,IMG_5658,0,0,0,0.388,0.001,0,0,0.61,0,0,0,0.328537778,0.001011028,0,0,0.556263755,3,21.9,16.9799566,-1.6573
2022,3,17,22,20,IMG_5659,0,0,0,0.02,0,0,0,0.979,0,0,0,0.016979169,0.000322078,0,0,0.862104575,3,22,17.2721046,-3.3145
2022,3,17,22,30,IMG_5660,0,0,0,0.899,0,0,0,0.101,0,0,0,0.752202674,4.20E-05,0,0,0.090070433,3,22.5,17.17635512,-3.9722
2022,3,17,22,40,IMG_5661,0,0,0,1,0,0,0,0,0,0,0,0.815053583,5.13E-05,0,0,1.98E-05,3,22.6,17.07422793,-3.8039
2022,3,17,22,50,IMG_5662,0,0,0,1,0,0,0,0,0,0,0,0.805169509,5.02E-05,0,0,0,3,22.6,16.87335466,-4.5025
2022,3,17,23,10,IMG_5664,0,0,0,0.887,0.112,0,0,0,0,0,0.000125616,0.715335269,0.092695313,0,0,0,3,22.6,17.2751012,-10.6329
2022,3,18,1,10,IMG_5676,0,0,0,0.089,0.888,0,0,0.023,0,0,0,0.069303711,0.743176375,0,0,0.018475999,3,22.7,17.57636404,-4.4338
2022,3,18,1,20,IMG_5677,0,0,0,0.033,0.964,0,0,0.003,0,0,0,0.025169035,0.810369028,0,0,0.002281798,3,22.6,17.67684774,-1.5695
2022,3,18,1,30,IMG_5678,0,0,0,0.173,0.818,0,0,0.009,0,0,0,0.134401397,0.686940925,0,0,0.007006062,3,22.6,17.67684774,-1.9267
2022,3,18,1,40,IMG_5679,0,0,0,0.017,0.001,0,0,0.982,0,0,0,0.013008752,0.001202186,0,0,0.82202044,3,22.7,17.98041838,-2.4198
2022,3,18,1,50,IMG_5680,0,0,0,0,0,0,0,1,0,0,0,4.46E-05,8.14E-05,0,0,0.861135171,3,22.5,17.97525536,-2.4954
2022,3,18,2,0,IMG_5681,0,0,0,0,0,0,0,1,0,0,0,4.49E-05,5.60E-05,0,0,0.907570906,3,22.6,18.27946754,-4.4258
2022,3,18,2,10,IMG_5682,0,0,0,0,0,0,0,1,0,0,0,1.35E-05,5.28E-05,0,0,0.901882129,3,22.6,18.48034081,-2.2764
2022,3,18,2,20,IMG_5683,0,0,0,0,0,0,0,1,0,0,0,3.23E-05,5.48E-05,0,0,0.882093878,3,22.4,18.26959176,-2.6206
2022,3,18,2,30,IMG_5684,0,0,0,0,0,0,0,1,0,0,0,1.81E-05,7.47E-05,0,0,0.867501765,3,22.2,18.25723496,-1.8632
2022,3,18,2,40,IMG_5685,0,0,0,0.002,0.003,0,0,0.996,0,0,0,0.001232828,0.002254605,0,0,0.829659871,3,22,18.04837896,-2.2381
2022,3,18,2,50,IMG_5686,0,0,0,0,0,0,0,1,0,0,0,1.79E-05,9.23E-05,0,0,0.842577126,3,22.1,18.15254762,-1.9791
2022,3,18,3,0,IMG_5687,0,0,0,0,0,0,0,1,0,0,0,1.96E-05,6.56E-05,0,0,0.839586306,3,22.1,18.15254762,-1.9475
2022,3,18,3,10,IMG_5688,0,0,0,0,0,0,0,1,0,0,0,3.24E-05,7.11E-05,0,0,0.825335239,3,22.2,18.25723496,-2.1392
2022,3,18,3,20,IMG_5689,0,0,0,0.044,0.009,0,0,0.947,0,0,0,0.034068157,0.007090783,0,0,0.749244877,3,22.2,18.25723496,-3.2742
2022,3,18,3,30,IMG_5690,0,0,0,0.285,0.528,0,0,0.187,0,0,0,0.21602479,0.397545102,0,0,0.144882166,3,22.3,18.16499751,-2.4295
2022,3,19,20,50,IMG_5748,0,0,0,0.461,0.026,0,0,0.513,0,0,0,0.384579237,0.023362177,0,0,0.452204913,3,21.1,14.37032803,-6.9531
2022,3,19,21,0,IMG_5749,0,0,0,0.376,0.006,0,0,0.618,0,0,0,0.317485562,0.0058503,0,0,0.539977937,3,21.2,14.63916568,-7.3758
2022,3,19,23,10,IMG_5762,0,0,0,0.858,0.024,0,0,0.117,0,0,0,0.697113619,0.01886398,0,0,0.102109495,3,21.1,14.73879798,-10.2337
2022,3,19,23,20,IMG_5763,0,0,0,0.599,0.302,0,0,0.1,0,0,0,0.498839055,0.241892465,0,0,0.084742736,3,21.2,14.82447157,-4.88
2022,3,20,0,10,IMG_5768,0,0,0,0.47,0.057,0,0,0.473,0,0,0,0.374954395,0.044641662,0,0,0.413667105,3,21.2,14.82447157,-8.9627
2022,3,20,0,20,IMG_5769,0,0,0,0.123,0.014,0,0,0.862,0,0,0,0.096558759,0.011694892,0,0,0.726663514,3,21.1,14.92303295,-3.4812
2022,3,20,0,30,IMG_5770,0,0,0,0.111,0.014,0,0,0.875,0,0,0,0.087477231,0.012734991,0,0,0.746749031,3,21.2,14.82447157,-4.3823
2022,3,20,0,40,IMG_5771,0,0,0,0.049,0,0,0,0.951,0,0,0,0.037872506,6.73E-05,0,0,0.804588845,3,21.2,14.82447157,-2.5881
2022,3,20,0,50,IMG_5772,0,0,0,0.117,0,0,0,0.882,0,0,0,0.090194749,0.000423475,0,0,0.745703305,3,21.2,15.00977746,-2.3979
2022,3,20,1,0,IMG_5773,0,0,0,0.085,0.001,0,0,0.914,0,0,0,0.064039611,0.000988935,0,0,0.776059758,3,21.1,14.92303295,-2.9121
2022,3,20,1,10,IMG_5774,0,0,0,0.198,0,0,0,0.802,0,0,0,0.152929657,6.81E-05,0,0,0.687593735,3,21.1,14.92303295,-2.3867
2022,3,20,1,20,IMG_5775,0,0,0,0.122,0,0,0,0.878,0,0,0,0.093065407,5.41E-05,0,0,0.752472221,3,21.1,14.92303295,-2.5242
2022,3,20,1,30,IMG_5776,0,0,0,0.211,0,0,0,0.789,0,0,0,0.162890122,0.000330116,0,0,0.670112357,3,21.1,14.92303295,-2.135
2022,3,20,1,50,IMG_5778,0,0,0,0.616,0.001,0,0,0.383,0,0,0,0.499226878,0.000454169,0,0,0.327349256,3,21.1,14.92303295,-9.5708
2022,3,20,2,0,IMG_5779,0,0,0,0.496,0.013,0,0,0.491,0,0,0,0.399911005,0.01218149,0,0,0.410955589,3,21,15.01989131,-4.0237
2022,3,20,2,10,IMG_5780,0,0,0,0.085,0,0,0,0.915,0,0,0,0.063460006,0.00016232,0,0,0.757660224,3,21.2,15.00977746,-3.1875
2022,3,20,2,20,IMG_5781,0,0,0,0.11,0,0,0,0.89,0,0,0,0.083999632,6.08E-05,0,0,0.743756212,3,21.2,15.00977746,-3.1692
2022,3,20,2,30,IMG_5782,0,0,0,0.274,0,0,0,0.726,0,0,0,0.21139662,4.24E-05,0,0,0.614572641,3,21.2,15.00977746,-2.1782
2022,3,20,2,40,IMG_5783,0,0,0,0.094,0.004,0,0,0.902,0,0,0,0.069803005,0.003563935,0,0,0.739680521,3,21.2,15.00977746,-5.2755
2022,3,20,2,50,IMG_5784,0,0,0,0.082,0,0,0,0.918,0,0,0,0.059906235,3.61E-05,0,0,0.765505394,3,21.1,15.10726793,-4.641
2022,3,20,3,0,IMG_5785,0,0,0,0.671,0.018,0,0,0.311,0,0,0,0.543911726,0.014168314,0,0,0.262464175,3,21.1,15.10726793,-3.3872
2022,3,20,3,10,IMG_5786,0,0,0,0.025,0,0,0,0.975,0,0,0,0.017551668,9.07E-05,0,0,0.801978433,3,21,15.01989131,-5.0728
2022,3,20,19,40,IMG_5790,0,0,0,0.988,0.004,0,0,0.008,0,0,0,0.983334037,0.003810479,0,0,0.008068735,3,20.5,16.19081648,-4.0229
2022,3,20,20,0,IMG_5792,0,0.018,0.105,0.655,0.094,0,0.128,0,0,0.017908654,0.104552254,0.654345335,0.094379627,0,0.127651743,0.000222416,3,20.4,16.27361655,-1.8071
2022,3,20,20,20,IMG_5794,0,0,0,0.742,0.247,0,0.008,0.002,0,0,0,0.741274602,0.247344396,0,0.008278245,0.002346221,3,20.3,16.35483213,-1.7742
2022,3,20,20,30,IMG_5795,0,0,0,0.787,0.207,0,0,0.006,0,0,0,0.78595314,0.206827689,0,0,0.005906333,3,20.2,16.25964193,-1.8076
2022,3,20,20,40,IMG_5796,0,0,0,0.792,0.197,0,0,0.011,0,0,0,0.789967886,0.196934946,0,0,0.01116401,3,20.1,16.16493107,-1.6452
2022,3,20,20,50,IMG_5797,0,0,0,0.925,0.044,0,0,0.031,0,0,0,0.923048821,0.043529793,0,0,0.031034803,3,20.1,15.9911146,-1.5167
2022,3,20,21,0,IMG_5798,0,0,0,0.699,0.279,0,0,0.022,0,0,0,0.697175098,0.279173708,0,0,0.022155717,3,20,15.89789433,-1.8349
2022,3,20,21,10,IMG_5799,0,0,0,0.808,0.187,0,0,0.005,0,0,0,0.80695015,0.186891819,0,0,0.004693329,3,20.1,15.9911146,-1.7996
2022,3,20,21,20,IMG_5800,0,0,0,0.845,0.147,0,0,0.009,0,0,0,0.842568495,0.146630108,0,0,0.008757602,3,20.1,15.9911146,-1.889
2022,3,20,21,30,IMG_5801,0,0,0,0.905,0.065,0,0,0.029,0,0,0,0.902580364,0.0654263,0,0,0.029247115,3,20,15.89789433,-1.8894
2022,3,20,21,40,IMG_5802,0,0,0,0.854,0.133,0,0,0.013,0,0,0,0.851512951,0.133045786,0,0,0.012454162,3,20,15.89789433,-2.1251
2022,3,20,21,50,IMG_5803,0,0,0,0.919,0.046,0,0,0.035,0,0,0,0.914944644,0.045912079,0,0,0.035139521,3,19.9,15.80514428,-2.1641
2022,3,20,22,0,IMG_5804,0,0,0,0.879,0.009,0,0,0.112,0,0,0,0.874674099,0.009069156,0,0,0.110981806,3,20,15.89789433,-1.9995
2022,3,20,22,10,IMG_5805,0,0,0,0.813,0,0,0,0.187,0,0,0,0.806916654,9.14E-05,0,0,0.184619246,3,20,15.89789433,-2.1451
2022,3,20,22,20,IMG_5806,0,0,0,0.741,0,0,0,0.259,0,0,0,0.735475263,6.32E-05,0,0,0.254636831,3,19.9,15.80514428,-2.1205
2022,3,20,22,30,IMG_5807,0,0,0,0.604,0,0,0,0.396,0,0,0,0.5939388,5.43E-05,0,0,0.387983977,3,20,15.89789433,-2.2635
2022,3,20,22,40,IMG_5808,0,0,0,0.261,0,0,0,0.739,0,0,0,0.255784345,8.20E-05,0,0,0.723767443,3,19.8,15.71286247,-2.3545
2022,3,20,22,50,IMG_5809,0,0,0,0.002,0,0,0,0.998,0,0,0,0.001962966,4.08E-05,0,0,0.973349444,3,19.9,15.80514428,-2.4314
2022,3,20,23,0,IMG_5810,0,0,0,0,0,0,0,1,0,0,0,2.18E-05,4.96E-05,0,0,0.950364671,3,19.9,15.80514428,-2.2692
2022,3,20,23,10,IMG_5811,0,0,0,0,0,0,0,1,0,0,0,1.46E-05,5.62E-05,0,0,0.941216474,3,19.9,15.80514428,-2.1274
2022,3,20,23,20,IMG_5812,0,0,0,0,0,0,0,1,0,0,0,1.45E-05,5.01E-05,0,0,0.942131588,3,20.1,15.81729814,-2.2046
2022,3,20,23,30,IMG_5813,0,0,0,0,0,0,0,1,0,0,0,1.45E-05,5.71E-05,0,0,0.946133045,3,20.1,15.81729814,-1.8214
2022,3,20,23,40,IMG_5814,0,0,0,0,0,0,0,1,0,0,0,1.44E-05,6.92E-05,0,0,0.9471609,3,20.1,15.81729814,-1.9862
2022,3,20,23,50,IMG_5815,0,0,0,0,0,0,0,1,0,0,0,2.17E-05,4.86E-05,0,0,0.937571702,3,20.1,15.81729814,-1.9483
2022,3,21,0,0,IMG_5816,0,0,0,0,0,0,0,1,0,0,0,1.43E-05,5.47E-05,0,0,0.927165377,3,20.2,15.90997221,-1.9803
2022,3,21,0,10,IMG_5817,0,0,0,0,0,0,0,1,0,0,0,1.43E-05,5.51E-05,0,0,0.928066587,3,20.1,15.81729814,-1.5238
2022,3,21,0,20,IMG_5818,0,0,0,0,0,0,0,1,0,0,0,1.43E-05,4.93E-05,0,0,0.930419674,3,20.3,16.00311531,-1.7709
2022,3,21,0,30,IMG_5819,0,0,0,0,0,0,0,1,0,0,0,1.43E-05,7.39E-05,0,0,0.937477787,3,20.3,16.00311531,-1.4496
2022,3,21,0,40,IMG_5820,0,0,0,0,0,0,0,1,0,0,0,1.43E-05,7.32E-05,0,0,0.935921537,3,20.1,15.81729814,-1.2426
2022,3,21,0,50,IMG_5821,0,0,0,0,0,0,0,1,0,0,0,1.42E-05,4.32E-05,0,0,0.935883233,3,20.1,15.9911146,-1.4584
2022,3,21,1,0,IMG_5822,0,0,0,0,0,0,0,1,0,0,0,1.40E-05,7.54E-05,0,0,0.916981761,3,20,15.89789433,-1.6262
2022,3,21,1,20,IMG_5824,0,0,0,0,0,0,0,1,0,0,0,1.34E-05,5.09E-05,0,0,0.882323543,3,20,16.07069753,-1.5969
2022,3,21,1,30,IMG_5825,0,0,0,0,0,0,0,1,0,0,0,1.34E-05,4.93E-05,0,0,0.86593279,3,20,16.07069753,-2.7179
2022,3,21,1,40,IMG_5826,0,0,0,0,0,0,0,1,0,0,0,1.35E-05,5.69E-05,0,0,0.882855747,3,20,16.07069753,-3.6395
2022,3,21,1,50,IMG_5827,0,0,0,0,0,0,0,1,0,0,0,1.35E-05,5.23E-05,0,0,0.900196402,3,20.1,16.16493107,-1.6865
2022,3,21,2,0,IMG_5828,0,0,0,0,0,0,0,1,0,0,0,1.32E-05,5.13E-05,0,0,0.887896785,3,20,16.07069753,-1.6831
2022,3,21,2,10,IMG_5829,0,0,0,0,0,0,0,1,0,0,0,1.31E-05,7.90E-05,0,0,0.851111719,3,20.1,16.33874753,-2.9173
2022,3,21,2,20,IMG_5830,0,0,0,0,0,0,0,1,0,0,0,1.90E-05,5.08E-05,0,0,0.885012019,3,20,16.24350073,-1.8618
2022,3,21,2,30,IMG_5831,0,0,0,0,0,0,0,1,0,0,0,1.91E-05,5.93E-05,0,0,0.894962943,3,20,16.24350073,-1.5107
2022,3,21,2,40,IMG_5832,0,0,0,0,0,0,0,1,0,0,0,1.89E-05,0.000194666,0,0,0.905842668,3,20,16.24350073,-1.2313
2022,3,21,2,50,IMG_5833,0,0,0,0,0.001,0,0,0.999,0,0,0,1.96E-05,0.000822814,0,0,0.903869629,3,19.9,16.14873437,-1.0392
2022,3,21,3,0,IMG_5834,0,0,0,0,0,0,0,1,0,0,0,3.24E-05,8.42E-05,0,0,0.914125631,3,20,16.24350073,-0.8686
2022,3,21,3,10,IMG_5835,0,0,0,0,0,0,0,1,0,0,0,3.23E-05,0.000142608,0,0,0.914968217,3,19.9,16.14873437,-1.1858
2022,3,21,3,20,IMG_5836,0,0,0,0,0,0,0,1,0,0,0,5.84E-05,0.00015148,0,0,0.891067383,3,20,16.24350073,-1.1273
2022,3,21,3,30,IMG_5837,0,0,0,0,0,0,0,1,0,0,0,2.05E-05,0.000304192,0,0,0.892075173,3,20,16.24350073,-1.1543
2022,3,22,0,0,IMG_5846,0,0,0,0,0,0,0,1,0,0,0,1.36E-05,4.81E-05,0,0,0.848701097,3,20,15.89789433,-4.2414
2022,3,22,0,10,IMG_5847,0,0,0,0,0,0,0,1,0,0,0,1.40E-05,6.72E-05,0,0,0.878165032,3,20,15.89789433,-1.7478
2022,3,22,0,20,IMG_5848,0,0,0,0,0,0,0,1,0,0,0,1.36E-05,5.14E-05,0,0,0.895870598,3,20.1,15.9911146,-1.2013
2022,3,22,0,40,IMG_5850,0,0,0,0,0,0,0,1,0,0,0,1.35E-05,6.89E-05,0,0,0.892806047,3,20.2,16.25964193,-0.5751
2022,3,22,0,50,IMG_5851,0,0,0,0,0,0,0,1,0,0,0,1.39E-05,6.19E-05,0,0,0.923671995,3,20.2,16.25964193,-0.5966
2022,3,22,1,0,IMG_5852,0,0,0,0,0,0,0,1,0,0,0,1.37E-05,5.35E-05,0,0,0.91344822,3,20.3,16.35483213,-0.4703
2022,3,22,1,10,IMG_5853,0,0,0,0,0,0,0,1,0,0,0,1.36E-05,8.88E-05,0,0,0.91264061,3,20.2,16.25964193,-0.205
2022,3,22,1,20,IMG_5854,0,0,0,0,0,0,0,1,0,0,0,1.37E-05,6.00E-05,0,0,0.91570619,3,20.3,16.35483213,0.06
2022,3,22,1,30,IMG_5855,0,0,0,0,0,0,0,1,0,0,0,1.37E-05,6.38E-05,0,0,0.907554026,3,20.5,16.5466586,-0.1637
2022,3,22,1,40,IMG_5856,0,0,0,0,0,0,0,1,0,0,0,1.38E-05,8.12E-05,0,0,0.911461576,3,20.5,16.5466586,0.3147
2022,3,22,1,50,IMG_5857,0,0,0,0,0,0,0,1,0,0,0,1.36E-05,5.13E-05,0,0,0.889228531,3,20.5,16.5466586,0.3138
2022,3,22,2,0,IMG_5858,0,0,0,0,0,0,0,1,0,0,0,1.36E-05,5.52E-05,0,0,0.919760119,3,20.5,16.5466586,0.3388
2022,3,22,2,10,IMG_5859,0,0,0,0,0,0,0,1,0,0,0,1.36E-05,9.29E-05,0,0,0.933384766,3,20.6,16.64329891,0.5294
2022,3,22,2,20,IMG_5860,0,0,0,0,0.003,0,0,0.997,0,0,0,1.99E-05,0.002522859,0,0,0.922232895,3,20.4,16.45050368,0.5171
2022,3,22,2,30,IMG_5861,0,0,0,0,0,0,0,1,0,0,0,1.88E-05,6.34E-05,0,0,0.917690482,3,20.4,16.45050368,0.8047
2022,3,22,2,40,IMG_5862,0,0,0,0,0,0,0,1,0,0,0,1.85E-05,0.000200113,0,0,0.919663875,3,20.3,16.53069054,0.4838
2022,3,22,2,50,IMG_5863,0,0,0,0,0,0,0,1,0,0,0,3.79E-05,7.39E-05,0,0,0.922011103,3,20.2,16.43447679,0.3901
2022,3,22,3,0,IMG_5864,0,0,0,0,0.001,0,0,0.999,0,0,0,3.32E-05,0.001046822,0,0,0.930072348,3,20,16.24350073,0.1654
2022,3,22,3,10,IMG_5865,0,0,0,0,0.005,0,0,0.995,0,0,0,1.38E-05,0.004555379,0,0,0.928146236,3,19.9,16.14873437,-0.0161
2022,3,22,3,20,IMG_5866,0,0,0,0,0.032,0,0,0.968,0,0,0,0.000180852,0.029568577,0,0,0.897272251,3,19.8,16.05444644,0.0232
2022,3,22,3,30,IMG_5867,0,0,0,0,0,0,0,1,0,0,0,3.42E-05,0.000117127,0,0,0.912784398,3,19.8,16.05444644,0.1486
2022,3,22,19,30,IMG_5868,0,0,0,0,0.02,0,0,0.98,0,0,0,7.00E-05,0.018957948,0,0,0.94885284,3,15.7,12.30899376,-1.385
2022,3,22,19,40,IMG_5869,0,0,0,0.051,0.017,0,0,0.933,0,0,0,0.046937042,0.016207197,0,0,0.916579229,3,15.6,12.23468095,-1.5425
2022,3,22,19,50,IMG_5870,0,0,0,0.027,0.029,0,0,0.944,0,0,0,0.026033331,0.028192345,0,0,0.928420853,3,15.7,12.30899376,-1.7058
2022,3,22,20,0,IMG_5871,0,0,0,0,0.012,0,0,0.988,0,0,0,0.000344111,0.011257219,0,0,0.965821079,3,15.6,12.23468095,-1.3886
2022,3,22,20,10,IMG_5872,0,0,0,0,0.188,0,0,0.812,0,0,0,0.000103343,0.180627239,0,0,0.794429056,3,15.7,12.30899376,-1.8435
2022,3,22,20,20,IMG_5873,0,0,0,0.003,0.013,0,0,0.984,0,0,0,0.003150774,0.012936373,0,0,0.960917766,3,15.6,12.23468095,-1.5761
2022,3,22,20,30,IMG_5874,0,0,0,0.019,0.031,0,0,0.95,0,0,0,0.017862372,0.030187861,0,0,0.93203143,3,15.7,12.30899376,-1.7032
2022,3,22,20,40,IMG_5875,0,0,0,0,0.017,0,0,0.983,0,0,0,2.90E-05,0.016749091,0,0,0.949814468,3,15.7,12.30899376,-1.7396
2022,3,22,20,50,IMG_5876,0,0,0,0,0.009,0,0,0.991,0,0,0,0.00039864,0.0087657,0,0,0.95345809,3,15.7,12.17520035,-1.634
2022,3,22,21,0,IMG_5877,0,0,0,0,0.211,0,0,0.789,0,0,0,1.48E-05,0.201354229,0,0,0.744171995,3,15.7,12.17520035,-2.014
2022,3,22,21,10,IMG_5878,0,0,0,0,0.003,0,0,0.997,0,0,0,1.49E-05,0.003010494,0,0,0.958653403,3,15.7,12.30899376,-2.0426
2022,3,22,21,20,IMG_5879,0,0,0,0,0.037,0,0,0.962,0,0,0,1.47E-05,0.035924099,0,0,0.929643014,3,15.7,12.30899376,-1.9605
2022,3,22,21,30,IMG_5880,0,0,0,0,0.132,0,0,0.868,0,0,0,1.47E-05,0.117501705,0,0,0.807354207,3,15.6,12.23468095,-1.7779
2022,3,22,21,40,IMG_5881,0,0,0,0,0.001,0,0,0.999,0,0,0,2.14E-05,0.000942683,0,0,0.960703981,3,15.7,12.30899376,-1.5335
2022,3,22,21,50,IMG_5882,0,0,0,0.005,0,0,0,0.995,0,0,0,0.004752396,3.15E-05,0,0,0.95734357,3,15.8,12.38369763,-1.7863
2022,3,22,22,0,IMG_5883,0,0,0,0.001,0,0,0,0.999,0,0,0,0.000597514,5.34E-05,0,0,0.970428365,3,15.8,12.38369763,-1.0531
2022,3,22,22,10,IMG_5884,0,0,0,0,0,0,0,1,0,0,0,1.47E-05,4.66E-05,0,0,0.966602036,3,15.7,12.30899376,-0.9796
2022,3,22,22,20,IMG_5885,0,0,0,0,0,0,0,1,0,0,0,2.17E-05,3.78E-05,0,0,0.949833909,3,15.7,12.44278717,-1.0779
2022,3,22,22,30,IMG_5886,0,0,0,0,0,0,0,1,0,0,0,1.45E-05,5.69E-05,0,0,0.939728711,3,15.7,12.44278717,-1.1988
2022,3,22,22,40,IMG_5887,0,0,0,0,0,0,0,1,0,0,0,1.47E-05,5.62E-05,0,0,0.93377787,3,15.7,12.44278717,-1.1949
2022,3,22,22,50,IMG_5888,0,0,0,0,0,0,0,1,0,0,0,1.44E-05,0.000107114,0,0,0.895902359,3,15.7,12.44278717,-1.1823
2022,3,22,23,0,IMG_5889,0,0,0,0,0,0,0,1,0,0,0,1.44E-05,5.97E-05,0,0,0.899554079,3,15.6,12.50065227,-0.7113
2022,3,22,23,10,IMG_5890,0,0,0,0,0,0,0,1,0,0,0,1.45E-05,5.24E-05,0,0,0.891226405,3,15.6,12.50065227,-1.0143
2022,3,22,23,20,IMG_5891,0,0,0,0,0,0,0,1,0,0,0,1.46E-05,5.79E-05,0,0,0.902188822,3,15.6,12.50065227,-1.0696
2022,3,22,23,30,IMG_5892,0,0,0,0,0,0,0,1,0,0,0,0,5.00E-05,0,0,0.881191436,3,15.6,12.50065227,-0.9659
2022,3,22,23,40,IMG_5893,0,0,0,0.018,0.001,0,0,0.981,0,0,0,0.017223377,0.001011501,0,0,0.898193021,3,15.6,12.50065227,-1.039
2022,3,22,23,50,IMG_5894,0,0,0,0,0,0,0,1,0,0,0,1.41E-05,5.39E-05,0,0,0.92556567,3,15.6,12.50065227,-0.7047
2022,3,23,0,0,IMG_5895,0,0,0,0,0,0,0,1,0,0,0,1.41E-05,0.000101307,0,0,0.911031415,3,15.6,12.50065227,-1.5824
2022,3,23,0,10,IMG_5896,0,0,0,0,0,0,0,1,0,0,0,1.41E-05,3.64E-05,0,0,0.916266294,3,15.8,12.65290845,-1.3931
2022,3,23,0,20,IMG_5897,0,0,0,0,0,0,0,1,0,0,0,1.43E-05,3.57E-05,0,0,0.918544584,3,16,12.80676983,-0.9967
2022,3,23,0,30,IMG_5898,0,0,0,0,0,0,0,1,0,0,0,1.43E-05,2.46E-05,0,0,0.925333767,3,16,12.80676983,-0.7558
2022,3,23,0,40,IMG_5899,0,0,0,0.003,0,0,0,0.997,0,0,0,0.002706032,0.000195162,0,0,0.914256077,3,16,12.80676983,-0.8963
2022,3,23,0,50,IMG_5900,0,0,0,0,0,0,0,1,0,0,0,1.43E-05,4.15E-05,0,0,0.916392879,3,15.9,12.72963761,-0.8195
2022,3,23,1,0,IMG_5901,0,0,0,0,0,0,0,1,0,0,0,1.42E-05,5.28E-05,0,0,0.917395718,3,15.9,12.72963761,-0.8986
2022,3,23,1,10,IMG_5902,0,0,0,0,0,0,0,1,0,0,0,1.42E-05,4.24E-05,0,0,0.91312494,3,15.9,12.72963761,-0.872
2022,3,23,1,20,IMG_5903,0,0,0,0,0.003,0,0,0.997,0,0,0,1.41E-05,0.002804102,0,0,0.898401209,3,15.8,12.65290845,-0.8944
2022,3,23,1,30,IMG_5904,0,0,0,0,0.011,0,0,0.989,0,0,0,7.10E-06,0.010629244,0,0,0.882426059,3,15.8,12.65290845,-0.9336
2022,3,23,1,40,IMG_5905,0,0,0,0,0,0,0,1,0,0,0,1.37E-05,0.000115272,0,0,0.864037755,3,15.7,12.57658059,-1.6548
2022,3,23,1,50,IMG_5906,0,0,0,0,0,0,0,1,0,0,0,2.00E-05,3.38E-05,0,0,0.888217563,3,15.6,12.50065227,-1.4683
2022,3,23,2,0,IMG_5907,0,0,0,0,0,0,0,1,0,0,0,1.39E-05,5.63E-05,0,0,0.892605754,3,15.6,12.50065227,-1.8155
2022,3,23,2,10,IMG_5908,0,0,0,0,0,0,0,1,0,0,0,6.98E-06,4.12E-05,0,0,0.901631581,3,15.6,12.50065227,-1.6011
2022,3,23,2,20,IMG_5909,0,0,0,0,0,0,0,1,0,0,0,1.39E-05,0.00015127,0,0,0.884652532,3,15.6,12.50065227,-1.5605
2022,3,23,2,30,IMG_5910,0,0,0,0,0,0,0,1,0,0,0,2.06E-05,4.42E-05,0,0,0.906599061,3,15.5,12.42512176,-1.4618
2022,3,23,2,40,IMG_5911,0,0,0,0,0,0,0,1,0,0,0,1.38E-05,3.44E-05,0,0,0.902195335,3,15.5,12.42512176,-1.3764
2022,3,23,2,50,IMG_5912,0,0,0,0,0,0,0,1,0,0,0,1.39E-05,2.43E-05,0,0,0.909866136,3,15.6,12.50065227,-1.0132
2022,3,23,3,0,IMG_5913,0,0,0,0,0,0,0,1,0,0,0,0.000103989,4.09E-05,0,0,0.905241737,3,15.6,12.50065227,-0.9579
2022,3,23,3,10,IMG_5914,0,0,0,0,0,0,0,1,0,0,0,1.38E-05,3.45E-05,0,0,0.903173197,3,15.7,12.57658059,-0.4249
2022,3,23,3,20,IMG_5915,0,0,0,0,0,0,0,1,0,0,0,1.37E-05,2.43E-05,0,0,0.909927028,3,15.6,12.50065227,-0.6764
2022,3,23,3,30,IMG_5916,0,0,0,0,0,0,0,1,0,0,0,1.36E-05,4.83E-05,0,0,0.910524812,3,15.5,12.42512176,-0.9416
2022,3,23,19,30,IMG_5917,0,0,0,0.927,0.001,0,0,0.072,0,0,0,0.893578253,0.001182978,0,0,0.071290535,3,13.1,10.38493253,-1.7597
2022,3,23,19,40,IMG_5918,0,0,0,0.944,0,0,0,0.056,0,0,0,0.917310787,0.000127411,0,0,0.055735885,3,13.2,10.44930235,-2.3379
2022,3,23,19,50,IMG_5919,0,0,0,0.327,0.001,0,0,0.672,0,0,0,0.307271898,0.000733789,0,0,0.662846086,3,13.2,10.44930235,-1.1502
2022,3,23,20,0,IMG_5920,0,0,0,0.378,0.001,0,0,0.622,0,0,0,0.359524301,0.000524542,0,0,0.615625939,3,13.2,10.44930235,-1.1518
2022,3,23,20,10,IMG_5921,0,0,0,0,0.098,0,0,0.902,0,0,0,2.24E-05,0.09325465,0,0,0.873882745,3,13.2,10.44930235,-1.1573
2022,3,23,20,20,IMG_5922,0,0,0,0.003,0,0,0,0.996,0,0,0,0.002871004,0.00027479,0,0,0.929045057,3,13.1,10.38493253,-1.3246
2022,3,23,20,30,IMG_5923,0,0,0,0.158,0.003,0,0,0.839,0,0,0,0.143230732,0.003078012,0,0,0.812762124,3,13,10.32090739,-1.1614
2022,3,23,20,40,IMG_5924,0,0,0,0.507,0,0,0,0.493,0,0,0,0.479627937,0.000168742,0,0,0.487773257,3,13,10.32090739,-1.9422
2022,3,23,20,50,IMG_5925,0,0,0,0.094,0,0,0,0.906,0,0,0,0.083790415,0.000378899,0,0,0.86790957,3,12.9,10.25722538,-2.5115
2022,3,23,21,0,IMG_5926,0,0,0,0.007,0,0,0,0.993,0,0,0,0.0058128,7.29E-05,0,0,0.931860096,3,12.8,10.19388496,-1.7291
2022,3,23,21,10,IMG_5927,0,0,0,0.758,0,0,0,0.242,0,0,0,0.723009315,8.02E-05,0,0,0.239446439,3,12.8,10.19388496,-1.8269
2022,3,23,21,20,IMG_5928,0,0,0,0.088,0,0,0,0.912,0,0,0,0.077505777,0.000284135,0,0,0.884125631,3,12.8,10.19388496,-1.1683
2022,3,23,21,30,IMG_5929,0,0,0,0.006,0,0,0,0.994,0,0,0,0.005498798,0.000106821,0,0,0.916791985,3,12.8,10.30590568,-1.9665
2022,3,23,21,40,IMG_5930,0,0,0,0.061,0,0,0,0.939,0,0,0,0.054630702,9.75E-05,0,0,0.902049279,3,12.8,10.30590568,-1.8677
2022,3,23,21,50,IMG_5931,0,0,0,0.076,0,0,0,0.924,0,0,0,0.067324865,0.000110382,0,0,0.888062605,3,12.8,10.30590568,-2.0309
2022,3,23,22,0,IMG_5932,0,0,0,0,0.004,0,0,0.996,0,0,0,1.47E-05,0.00391232,0,0,0.923335186,3,12.8,10.30590568,-1.9046
2022,3,23,22,10,IMG_5933,0,0,0,0,0,0,0,1,0,0,0,2.21E-05,6.33E-05,0,0,0.927030544,3,12.8,10.30590568,-1.2388
2022,3,23,22,20,IMG_5934,0,0,0,0,0,0,0,1,0,0,0,2.20E-05,6.98E-05,0,0,0.878185359,3,12.7,10.35354141,-1.647
2022,3,23,22,30,IMG_5935,0,0,0,0,0.01,0,0,0.99,0,0,0,2.16E-05,0.00759212,0,0,0.887939115,3,12.8,10.41792639,-1.9073
2022,3,23,22,40,IMG_5936,0,0,0,0,0,0,0,1,0,0,0,1.43E-05,0.000267691,0,0,0.876941579,3,12.8,10.41792639,-1.752
2022,3,23,22,50,IMG_5937,0,0,0,0,0.036,0,0,0.964,0,0,0,2.14E-05,0.032001998,0,0,0.819337673,3,13,10.54774052,-1.504
2022,3,23,23,0,IMG_5938,0,0,0,0,0,0,0,1,0,0,0,4.74E-05,8.10E-05,0,0,0.799486381,3,13.1,10.61317281,-1.5064
2022,3,23,23,10,IMG_5939,0,0,0,0,0,0,0,1,0,0,0,2.95E-05,6.14E-05,0,0,0.837204229,3,13.1,10.61317281,-1.2681
2022,3,23,23,20,IMG_5940,0,0,0,0,0,0,0,1,0,0,0,2.07E-05,7.88E-05,0,0,0.828130424,3,13.1,10.61317281,-1.7146
2022,3,23,23,30,IMG_5941,0,0,0,0,0.618,0,0,0.382,0,0,0,1.37E-05,0.505977742,0,0,0.321834375,3,13.2,10.56412985,-1.738
2022,3,23,23,40,IMG_5942,0,0,0,0,0.961,0,0,0.039,0,0,0,0.000179049,0.70246742,0,0,0.029789573,3,13.2,10.56412985,-1.4182
2022,3,23,23,50,IMG_5943,0,0,0,0,1,0,0,0,0,0,0,6.60E-06,0.724476578,0,0,0.000225947,3,13.2,10.56412985,-1.2492
2022,3,24,0,0,IMG_5944,0,0,0,0,0.96,0,0,0.04,0,0,0,1.34E-05,0.761872964,0,0,0.033386388,3,13.4,10.57908223,-1.3891
2022,3,24,0,10,IMG_5945,0,0,0,0,0.496,0,0,0.504,0,0,0,2.03E-05,0.381050654,0,0,0.398236824,3,13.5,10.64449541,-1.459
2022,3,24,0,20,IMG_5946,0,0,0,0,0.013,0,0,0.987,0,0,0,3.68E-05,0.010407888,0,0,0.762373122,3,13.6,10.7102595,-1.2695
2022,3,24,0,30,IMG_5947,0,0,0,0,0.007,0,0,0.993,0,0,0,2.41E-05,0.00554369,0,0,0.757216842,3,13.7,10.77637608,-1.3681
2022,3,24,0,40,IMG_5948,0,0,0,0,0.002,0,0,0.997,0,0,0,0.000100458,0.001491474,0,0,0.738778456,3,13.6,10.7102595,-1.1691
2022,3,24,0,50,IMG_5949,0,0,0,0,0.001,0,0,0.999,0,0,0,0.00011392,0.000380724,0,0,0.771193111,3,13.7,10.65795437,-1.0991
2022,3,24,1,0,IMG_5950,0,0,0,0,0.916,0,0,0.084,0,0,0,1.36E-05,0.733813131,0,0,0.071236599,3,13.9,10.66989998,-1.1011
2022,3,24,1,10,IMG_5951,0,0,0,0,0,0,0,1,0,0,0,1.38E-05,0.000122611,0,0,0.846642691,3,13.9,10.66989998,-1.4691
2022,3,24,1,20,IMG_5952,0,0,0,0,0.046,0,0,0.954,0,0,0,2.05E-05,0.035122634,0,0,0.801666166,3,13.9,10.7897865,-1.6348
2022,3,24,1,30,IMG_5953,0,0,0,0,0.021,0,0,0.979,0,0,0,1.35E-05,0.016172461,0,0,0.824876713,3,13.8,10.84284672,-1.3995
2022,3,24,1,40,IMG_5954,0,0,0,0,0.001,0,0,0.999,0,0,0,1.36E-05,0.000499301,0,0,0.856200038,3,13.8,10.84284672,-1.4587
2022,3,24,1,50,IMG_5955,0,0,0,0,0.122,0,0,0.878,0,0,0,1.36E-05,0.092170974,0,0,0.74106096,3,13.9,10.90967301,-1.4509
2022,3,24,2,0,IMG_5956,0,0,0,0,0.013,0,0,0.987,0,0,0,1.36E-05,0.010054237,0,0,0.807694043,3,13.9,10.90967301,-1.2228
2022,3,24,2,10,IMG_5957,0,0,0,0,0.046,0,0,0.954,0,0,0,1.36E-05,0.034130814,0,0,0.797098798,3,14,10.97685654,-1.2081
2022,3,24,2,20,IMG_5958,0,0,0,0,0.001,0,0,0.999,0,0,0,1.36E-05,0.000631423,0,0,0.846590512,3,14,10.85623174,-1.1055
2022,3,24,2,30,IMG_5959,0,0,0,0,0,0,0,1,0,0,0,1.99E-05,0.000104109,0,0,0.835148235,3,14,10.85623174,-1.4766
2022,3,24,2,40,IMG_5960,0,0,0,0,0.003,0,0,0.997,0,0,0,2.03E-05,0.001700015,0,0,0.823645598,3,14,10.85623174,-1.1026
2022,3,24,2,50,IMG_5961,0,0,0,0,0.003,0,0,0.997,0,0,0,1.35E-05,0.002256813,0,0,0.806262635,3,14.1,10.92303187,-0.8389
2022,3,24,3,0,IMG_5962,0,0,0,0,0.09,0,0,0.91,0,0,0,2.02E-05,0.073941339,0,0,0.699990069,3,14.1,10.92303187,-0.8811
2022,3,24,3,10,IMG_5963,0,0,0,0,0.101,0,0,0.899,0,0,0,1.34E-05,0.075026247,0,0,0.703526675,3,14.1,10.92303187,-1.0676
2022,3,24,3,20,IMG_5964,0,0,0,0,0.126,0,0,0.874,0,0,0,2.03E-05,0.097803012,0,0,0.703717713,3,14.1,10.92303187,-0.7021
2022,3,24,3,30,IMG_5965,0,0,0,0,0.929,0,0,0.071,0,0,0,6.60E-06,0.745197641,0,0,0.057468682,3,14.2,10.99018848,-0.778
2022,3,24,20,10,IMG_5970,0,0,0.005,0.865,0.13,0,0,0,0,0,0.003534953,0.757200699,0.116698362,0,0,0.000301187,3,19.9,13.22821858,-3.0248
2022,3,24,20,20,IMG_5971,0,0,0,0.48,0.52,0,0,0.001,0,0,0,0.385134923,0.436101112,0,0,0.000651427,3,19.9,13.22821858,-2.8036
2022,3,24,21,10,IMG_5976,0,0,0,0.045,0.955,0,0,0,0,0,0,0.030937297,0.749077704,0,0,0,3,19.5,13.42504951,-5.6006
2022,3,24,22,50,IMG_5986,0,0,0,1,0,0,0,0,0,0,0,0.611954304,3.07E-05,0,0,0,3,19.3,13.59988596,-6.0991
2022,3,25,1,0,IMG_5999,0,0,0,0.99,0.01,0,0,0,0,0,0,0.571153696,0.005961095,0,0,0,3,18.9,13.93113561,-5.663
2022,3,25,1,10,IMG_6000,0,0,0,0.997,0.003,0,0,0,0,0,0,0.590427186,0.001690054,0,0,9.87E-06,3,18.9,13.93113561,-5.5723
2022,3,25,1,50,IMG_6004,0,0,0,0.997,0.003,0,0,0,0,0,0,0.630830476,0.001611223,0,0,7.74E-05,3,18.9,13.93113561,-4.2842
2022,3,25,2,0,IMG_6005,0,0,0,0.998,0.002,0,0,0,0,0,0,0.647695989,0.000990437,0,0,0.000344201,3,18.9,13.76914566,-3.9964
2022,3,25,2,10,IMG_6006,0,0,0,0.995,0,0,0,0.004,0,0,0,0.650408654,0.000115122,0,0,0.002932632,3,18.8,14.01018587,-3.7484
2022,3,25,2,20,IMG_6007,0,0,0,0.997,0.001,0,0,0.002,0,0,0,0.664701878,0.000497416,0,0,0.001361531,3,18.9,14.09312556,-3.7273
2022,3,25,2,30,IMG_6008,0,0,0,0.948,0.002,0,0,0.051,0,0,0,0.648838612,0.001074482,0,0,0.038928816,3,18.8,14.01018587,-3.8255
2022,3,25,2,40,IMG_6009,0,0,0,0.532,0,0,0,0.468,0,0,0,0.348557985,0.000226953,0,0,0.334103568,3,18.7,14.08775701,-4.073
2022,3,25,2,50,IMG_6010,0,0,0,0.005,0,0,0,0.995,0,0,0,0.003353072,7.49E-05,0,0,0.709707565,3,18.6,14.16386178,-3.6445
2022,3,25,3,0,IMG_6011,0,0,0,0.734,0.072,0,0,0.194,0,0,0,0.505066489,0.046202569,0,0,0.127718968,3,18.7,14.24784516,-2.4306
2022,3,25,3,10,IMG_6012,0,0,0,0.569,0.421,0,0,0.01,0,0,0,0.368097514,0.286811456,0,0,0.007122634,3,18.5,14.23851285,-2.6966
2022,3,25,3,20,IMG_6013,0,0,0,0.984,0.004,0,0,0.012,0,0,0,0.568225954,0.002526247,0,0,0.00737047,3,18.5,14.23851285,-1.9343
2022,3,25,3,30,IMG_6014,0,0,0,0.996,0.002,0,0,0.002,0,0,0,0.591196883,0.001571837,0,0,0.001459721,3,18.5,14.23851285,-2.5176
2022,3,25,19,30,IMG_6015,0,0,0,0.199,0,0,0,0.801,0,0,0,0.17290335,4.88E-05,0,0,0.75476845,3,22.5,17.37608018,-6.0787
2022,3,25,19,40,IMG_6016,0,0,0,0.032,0,0,0,0.968,0,0,0,0.026770305,0.000365287,0,0,0.869917308,3,22.4,17.27667916,-4.9735
2022,3,25,19,50,IMG_6017,0,0,0,0.138,0.001,0,0,0.862,0,0,0,0.120147266,0.000438026,0,0,0.786579733,3,22.4,17.47526168,-6.4917
2022,3,25,20,40,IMG_6022,0,0,0,0.217,0,0,0,0.783,0,0,0,0.177480559,8.97E-05,0,0,0.711158857,3,21.9,17.55881876,-6.7325
2022,3,25,20,50,IMG_6023,0,0,0,0.409,0,0,0,0.591,0,0,0,0.359709916,0.000335862,0,0,0.557503125,3,22,17.66024178,-6.9334
2022,3,25,21,0,IMG_6024,0,0,0,0.028,0.001,0,0,0.972,0,0,0,0.02227355,0.000518532,0,0,0.862437635,3,21.9,17.55881876,-2.8762
2022,3,25,21,10,IMG_6025,0,0,0,0.058,0,0,0,0.942,0,0,0,0.051916241,0.000309758,0,0,0.851986178,3,22,17.66024178,-4.7917
2022,3,25,21,40,IMG_6028,0,0,0,0.072,0,0,0,0.928,0,0,0,0.051011591,7.60E-05,0,0,0.76952627,3,22.1,17.76217025,-6.6201
2022,3,26,1,0,IMG_6048,0,0,0,0.261,0.738,0,0,0,0,0,0,0.176767007,0.374469802,0,0,0.000126352,3,22.3,17.57266063,-5.2392
2022,3,26,1,20,IMG_6050,0,0,0,0.044,0.936,0,0,0.021,0,0,0,0.025763987,0.647260554,0,0,0.014576645,3,22.4,17.47526168,-2.0204
2022,3,26,1,30,IMG_6051,0,0,0,0.227,0.757,0,0,0.017,0,0,0,0.142976082,0.494310134,0,0,0.013078245,3,22.5,17.57580524,-1.9208
2022,3,26,1,40,IMG_6052,0,0,0,0.116,0.882,0,0,0.002,0,0,0,0.064880957,0.534987305,0,0,0.001159623,3,22.6,17.47597447,-1.9832
2022,3,26,1,50,IMG_6053,0,0,0,0.007,0.993,0,0,0,0,0,0,0.005123257,0.689062057,0,0,0.000208008,3,22.6,17.47597447,-2.5264
2022,3,26,2,0,IMG_6054,0,0,0,0.042,0.958,0,0,0,0,0,0,0.02543596,0.642145433,0,0,5.62E-05,3,22.8,17.47406413,-1.9425
2022,3,26,2,10,IMG_6055,0,0,0,0.135,0.865,0,0,0,0,0,0,0.084317819,0.552983774,0,0,0,3,22.8,17.27087734,-1.5321
2022,3,26,2,20,IMG_6056,0,0,0,0.249,0.75,0,0,0,0,0,0,0.14017672,0.493412192,0,0,4.71E-05,3,23.2,17.46216382,-0.5486
2022,3,26,2,30,IMG_6057,0,0,0,0.199,0.794,0,0,0.007,0,0,0,0.10784034,0.52850652,0,0,0.003250909,3,25.9,16.22077508,0.8832
2022,3,26,3,30,IMG_6063,0,0,0,0.314,0.683,0,0,0.003,0,0,0,0.190258887,0.445905063,0,0,0.002061388,3,26.3,15.5963845,0.1891
2022,3,26,19,30,IMG_6064,0,0,0,0.349,0.001,0,0,0.651,0,0,0,0.338270883,0.000510111,0,0,0.643855491,3,22.8,18.2868113,-1.8225
2022,3,26,19,40,IMG_6065,0,0,0,0.002,0.004,0,0,0.994,0,0,0,0.001661569,0.003922243,0,0,0.954603245,3,22.3,17.96755188,-3.8141
2022,3,26,19,50,IMG_6066,0,0,0,0,0.538,0,0,0.462,0,0,0,2.20E-05,0.510932489,0,0,0.44882023,3,22.2,17.86460626,-2.9695
2022,3,26,20,0,IMG_6067,0,0,0,0,0.011,0,0,0.988,0,0,0,6.37E-05,0.011391459,0,0,0.937894659,3,21.7,17.35748076,-4.028
2022,3,26,20,10,IMG_6068,0,0,0,0.198,0.008,0,0,0.794,0,0,0,0.185275233,0.008227366,0,0,0.769772431,3,21.6,17.25756164,-3.7265
2022,3,26,20,20,IMG_6069,0,0,0,0.427,0.003,0,0,0.571,0,0,0,0.401485111,0.002868945,0,0,0.551921011,3,21.5,16.96958871,-3.9963
2022,3,26,20,30,IMG_6070,0,0,0,0.038,0.008,0,0,0.954,0,0,0,0.036957865,0.00817817,0,0,0.921006227,3,21.4,16.68428512,-3.6513
2022,3,26,20,40,IMG_6071,0,0,0,0.019,0.066,0,0,0.914,0,0,0,0.018063522,0.06139538,0,0,0.881757399,3,21.3,16.58801475,-3.5748
2022,3,26,20,50,IMG_6072,0,0,0,0.678,0.018,0,0,0.304,0,0,0,0.656028884,0.017740294,0,0,0.302758263,3,21.3,16.58801475,-3.3845
2022,3,26,21,0,IMG_6073,0,0,0,0.899,0.023,0,0,0.078,0,0,0,0.897617751,0.023265309,0,0,0.077330642,3,21.3,16.58801475,-2.6152
2022,3,26,21,10,IMG_6074,0,0,0,0.246,0.003,0,0,0.751,0,0,0,0.24321226,0.002728869,0,0,0.744997468,3,19.3,14.9267041,-2.8289
2022,3,26,21,20,IMG_6075,0,0,0,0.011,0,0,0,0.989,0,0,0,0.010768344,4.17E-05,0,0,0.974669591,3,18.4,14.46899449,-1.7488
2022,3,26,21,30,IMG_6076,0,0,0,0.072,0,0,0,0.928,0,0,0,0.071069944,0.000114243,0,0,0.91915459,3,18.1,14.21383434,-3.4891
2022,3,26,21,40,IMG_6077,0,0,0,0,0,0,0,1,0,0,0,0.000165174,5.52E-05,0,0,0.97857325,3,18,14.12965112,-3.5483
2022,3,26,21,50,IMG_6078,0,0,0,0,0,0,0,1,0,0,0,2.96E-05,4.56E-05,0,0,0.964614416,3,17.7,14.03055218,-3.3617
2022,3,26,22,0,IMG_6079,0,0,0,0,0,0,0,1,0,0,0,2.95E-05,5.30E-05,0,0,0.963398084,3,17.6,13.9471895,-3.3699
2022,3,26,22,10,IMG_6080,0,0,0,0,0,0,0,1,0,0,0,8.66E-05,4.80E-05,0,0,0.975450984,3,17.6,13.9471895,-3.4797
2022,3,26,22,20,IMG_6081,0,0,0,0,0,0,0,1,0,0,0,2.89E-05,5.77E-05,0,0,0.959996409,3,17.5,13.86425607,-3.7385
2022,3,26,22,30,IMG_6082,0,0,0,0,0,0,0,1,0,0,0,1.47E-05,6.34E-05,0,0,0.912668885,3,17.5,13.86425607,-3.1869
2022,3,26,22,40,IMG_6083,0,0,0,0,0,0,0,1,0,0,0,2.21E-05,4.94E-05,0,0,0.935916264,3,17.5,13.86425607,-3.989
2022,3,26,22,50,IMG_6084,0,0,0,0,0,0,0,1,0,0,0,1.46E-05,7.23E-05,0,0,0.925392773,3,17.6,13.9471895,-3.8014
2022,3,26,23,0,IMG_6085,0,0,0,0,0,0,0,1,0,0,0,1.44E-05,3.60E-05,0,0,0.92821588,3,17.4,13.78175006,-3.6063
2022,3,26,23,10,IMG_6086,0,0,0,0,0,0,0,1,0,0,0,1.45E-05,3.07E-05,0,0,0.929454657,3,17.3,13.69966963,-3.1708
2022,3,26,23,20,IMG_6087,0,0,0,0,0,0,0,1,0,0,0,1.44E-05,3.10E-05,0,0,0.931522581,3,17.5,13.86425607,-3.5936
2022,3,26,23,30,IMG_6088,0,0,0,0,0,0,0,1,0,0,0,1.40E-05,5.92E-05,0,0,0.885361756,3,17.1,13.53677819,-2.9495
2022,3,26,23,40,IMG_6089,0,0,0,0,0,0,0,1,0,0,0,1.38E-05,6.44E-05,0,0,0.903025255,3,17,13.45596354,-1.7084
2022,3,26,23,50,IMG_6090,0,0,0,0,0,0,0,1,0,0,0,1.37E-05,8.19E-05,0,0,0.894434653,3,17,13.60065133,-1.0805
2022,3,27,0,0,IMG_6091,0,0,0,0,0,0,0,1,0,0,0,1.41E-05,0.000165415,0,0,0.913532685,3,17,13.60065133,-1.4657
2022,3,27,0,10,IMG_6092,0,0,0,0,0,0,0,1,0,0,0,1.41E-05,0.000116654,0,0,0.915258917,3,17,13.60065133,-1.8503
2022,3,27,0,20,IMG_6093,0,0,0,0,0,0,0,1,0,0,0,1.42E-05,8.87E-05,0,0,0.885365204,3,17.2,13.76444319,-2.1562
2022,3,27,0,30,IMG_6094,0,0,0,0,0,0,0,1,0,0,0,1.40E-05,7.94E-05,0,0,0.867577239,3,17.3,13.8469779,-1.8721
2022,3,27,0,40,IMG_6095,0,0,0,0,0,0,0,1,0,0,0,1.40E-05,0.000198227,0,0,0.896212883,3,17.3,13.8469779,-2.2493
2022,3,27,0,50,IMG_6096,0,0,0,0,0,0,0,1,0,0,0,2.06E-05,7.04E-05,0,0,0.891679485,3,17.2,13.76444319,-2.3535
2022,3,27,1,0,IMG_6097,0,0,0,0,0,0,0,1,0,0,0,1.38E-05,0.000406505,0,0,0.893712733,3,17.1,13.68233495,-2.321
2022,3,27,1,10,IMG_6098,0,0,0,0,0.021,0,0,0.979,0,0,0,7.93E-05,0.017086899,0,0,0.87239215,3,17.2,13.76444319,-2.645
2022,3,27,1,20,IMG_6099,0,0,0,0,0.002,0,0,0.998,0,0,0,1.39E-05,0.001876653,0,0,0.866803974,3,17.2,13.76444319,-2.7322
2022,3,27,1,30,IMG_6100,0,0,0,0,0.017,0,0,0.983,0,0,0,1.37E-05,0.0138737,0,0,0.828316864,3,17,13.60065133,-2.8153
2022,3,27,1,40,IMG_6101,0,0,0,0,0.043,0,0,0.957,0,0,0,2.07E-05,0.034120267,0,0,0.813430634,3,17,13.60065133,-1.8479
2022,3,27,1,50,IMG_6102,0,0,0,0,0.001,0,0,0.999,0,0,0,2.04E-05,0.000601082,0,0,0.849363454,3,17,13.60065133,-3.4599
2022,3,27,2,0,IMG_6103,0,0,0,0,0,0,0,1,0,0,0,2.03E-05,9.93E-05,0,0,0.851255123,3,16.9,13.5193905,-2.354
2022,3,27,2,10,IMG_6104,0,0,0,0,0.011,0,0,0.989,0,0,0,1.34E-05,0.009941609,0,0,0.83633122,3,16.7,13.35812994,-2.6155
2022,3,27,2,30,IMG_6106,0,0,0,0,0.866,0,0,0.134,0,0,0,1.91E-05,0.672059593,0,0,0.108055326,3,16.7,13.21602218,-3.8224
2022,3,27,2,40,IMG_6107,0,0,0,0,0.085,0,0,0.914,0,0,0,0.000440325,0.069986418,0,0,0.775473993,3,16.7,13.21602218,-3.9561
2022,3,27,2,50,IMG_6108,0,0,0,0,0,0,0,1,0,0,0,1.37E-05,2.86E-05,0,0,0.893500691,3,16.9,13.23174389,-3.4335
2022,3,27,3,0,IMG_6109,0,0,0,0,0,0,0,1,0,0,0,2.03E-05,2.16E-05,0,0,0.887930334,3,16.8,13.29558734,-3.0195
2022,3,27,3,10,IMG_6110,0,0,0,0,0.004,0,0,0.996,0,0,0,1.37E-05,0.0037596,0,0,0.861967,3,16.6,13.13686992,-3.1041
2022,3,27,3,20,IMG_6111,0,0,0,0,0.024,0,0,0.976,0,0,0,1.37E-05,0.02093756,0,0,0.843384473,3,16.5,13.05812877,-3.4673
2022,3,27,3,30,IMG_6112,0,0,0,0,0.034,0,0,0.966,0,0,0,1.35E-05,0.026814138,0,0,0.844376472,3,16.5,13.05812877,-3.9212
2022,3,27,19,30,IMG_6113,0,0,0,0.004,0.001,0,0,0.995,0,0,0,0.003719982,0.000898528,0,0,0.970432459,3,14.5,11.56694011,-3.125
2022,3,27,19,40,IMG_6114,0,0,0,0.152,0.002,0,0,0.847,0,0,0,0.14344239,0.001567894,0,0,0.831787891,3,14.6,11.63782514,-1.8559
2022,3,27,19,50,IMG_6115,0,0,0,0,0,0,0,1,0,0,0,2.23E-05,8.08E-05,0,0,0.963698798,3,14.6,11.63782514,-2.1902
2022,3,27,20,0,IMG_6116,0,0,0,0,0.004,0,0,0.996,0,0,0,0.000194606,0.003623325,0,0,0.968686456,3,14.6,11.63782514,-3.5609
2022,3,27,20,10,IMG_6117,0,0,0,0,0,0,0,1,0,0,0,8.05E-05,0.000235817,0,0,0.973704635,3,14.6,11.76296305,-2.8807
2022,3,27,20,20,IMG_6118,0,0,0,0.117,0,0,0,0.882,0,0,0,0.113292593,0.00016114,0,0,0.868586058,3,14.7,11.83499095,-2.5604
2022,3,27,20,50,IMG_6121,0,0,0,0.001,0.998,0,0,0.002,0,0,0,0.00051117,0.898917796,0,0,0.001574106,3,14.5,11.69131581,-2.8438
2022,3,27,21,0,IMG_6122,0,0,0,0,0.99,0,0,0.01,0,0,0,4.98E-05,0.905924654,0,0,0.009580476,3,14.6,11.63782514,-3.0333
2022,3,27,21,10,IMG_6123,0,0,0,0.001,0.062,0,0,0.937,0,0,0,0.000547318,0.05602826,0,0,0.895436343,3,14.6,11.38754933,-3.8533
2022,3,27,21,20,IMG_6124,0,0,0,0,0.306,0,0,0.693,0,0,0,0.000212988,0.280467631,0,0,0.655812215,3,14.7,11.33137431,-4.1296
2022,3,27,21,30,IMG_6125,0,0,0,0.001,0.011,0,0,0.988,0,0,0,0.001032828,0.009715482,0,0,0.909366369,3,14.7,11.20547015,-4.3232
2022,3,27,21,40,IMG_6126,0,0,0,0.025,0,0,0,0.975,0,0,0,0.020747431,7.50E-05,0,0,0.894169171,3,14.7,11.07956599,-4.4659
2022,3,27,21,50,IMG_6127,0,0,0,0.004,0,0,0,0.996,0,0,0,0.003671905,6.85E-05,0,0,0.918751239,3,14.8,10.76733087,-3.8584
2022,3,27,22,0,IMG_6128,0,0,0,0.025,0,0,0,0.975,0,0,0,0.02070631,0.000179139,0,0,0.85821576,3,14.7,10.4500452,-2.7531
2022,3,27,22,10,IMG_6129,0,0,0,0.099,0.031,0,0,0.87,0,0,0,0.076322408,0.025489491,0,0,0.744544238,3,14.6,10.3864461,-2.4331
2022,3,27,22,20,IMG_6130,0,0,0,0.036,0.033,0,0,0.931,0,0,0,0.027401255,0.025992503,0,0,0.792070786,3,14.5,10.32318311,-2.0235
2022,3,27,22,30,IMG_6131,0,0,0,0.063,0.136,0,0,0.8,0,0,0,0.05040326,0.109600481,0,0,0.703794869,3,14.5,10.32318311,-2.0976
2022,3,27,22,40,IMG_6132,0,0,0,0,0,0,0,1,0,0,0,0.00032841,5.44E-05,0,0,0.866158293,3,14.7,10.4500452,-2.4978
2022,3,27,22,50,IMG_6133,0,0,0,0.005,0.056,0,0,0.939,0,0,0,0.00371253,0.04486081,0,0,0.799105807,3,14.8,10.51398191,-2.7296
2022,3,27,23,0,IMG_6134,0,0,0,0.001,0.036,0,0,0.963,0,0,0,0.000893667,0.025039859,0,0,0.788435735,3,14.9,10.45080884,-2.3932
2022,3,27,23,10,IMG_6135,0,0,0,0.018,0.007,0,0,0.975,0,0,0,0.014043765,0.005488815,0,0,0.794450623,3,14.9,10.57825772,-1.3243
2022,3,27,23,20,IMG_6136,0,0,0,0.156,0.001,0,0,0.842,0,0,0,0.120987996,0.000918472,0,0,0.688317721,3,14.9,10.45080884,-1.2331
2022,3,27,23,30,IMG_6137,0,0,0,0.016,0.006,0,0,0.978,0,0,0,0.011729177,0.004666587,0,0,0.800518127,3,14.9,10.57825772,-2.0799
2022,3,27,23,40,IMG_6138,0,0,0,0.02,0.001,0,0,0.978,0,0,0,0.014640249,0.00107784,0,0,0.821902517,3,15,10.51464674,-2.0081
2022,3,27,23,50,IMG_6139,0,0,0,0.009,0,0,0,0.991,0,0,0,0.00698892,9.03E-05,0,0,0.826820087,3,15,10.38641934,-3.4587
2022,3,28,0,0,IMG_6140,0,0,0,0.015,0,0,0,0.985,0,0,0,0.011407219,0.000207482,0,0,0.819116406,3,15.1,10.4498126,-3.4483
2022,3,28,0,10,IMG_6141,0,0,0,0.011,0,0,0,0.989,0,0,0,0.009182159,6.11E-05,0,0,0.816601532,3,15.2,10.5135412,-3.6644
2022,3,28,0,20,IMG_6142,0,0,0,0,0,0,0,1,0,0,0,1.92E-05,5.13E-05,0,0,0.835345786,3,15.2,10.5135412,-3.7452
2022,3,28,0,30,IMG_6143,0,0,0,0,0,0,0,1,0,0,0,3.29E-05,5.54E-05,0,0,0.850827411,3,15.3,10.57760662,0.9998
2022,3,28,0,40,IMG_6144,0,0,0,0,0,0,0,1,0,0,0,2.01E-05,4.47E-05,0,0,0.842853448,3,14.9,10.8331555,-4.3496
2022,3,28,0,50,IMG_6145,0,0,0,0,0,0,0,1,0,0,0,1.98E-05,5.89E-05,0,0,0.836277486,3,14.7,10.95366183,-4.1361
2022,3,28,1,0,IMG_6146,0,0,0,0,0,0,0,1,0,0,0,2.90E-05,8.96E-05,0,0,0.808609337,3,14.5,11.06943731,-3.7139
2022,3,28,1,10,IMG_6147,0,0,0,0,0.001,0,0,0.999,0,0,0,3.76E-05,0.000766136,0,0,0.801281258,3,14.5,11.06943731,-4.286
2022,3,28,1,20,IMG_6148,0,0,0,0,0,0,0,1,0,0,0,0.000121958,8.48E-05,0,0,0.816722784,3,14.6,11.01213562,-3.8059
2022,3,28,1,30,IMG_6149,0,0,0,0,0,0,0,1,0,0,0,2.41E-05,5.99E-05,0,0,0.82828131,3,14.7,11.07956599,-4.7046
2022,3,28,1,40,IMG_6150,0,0,0,0,0,0,0,1,0,0,0,3.15E-05,5.17E-05,0,0,0.831704019,3,14.7,11.07956599,-4.0211
2022,3,28,1,50,IMG_6151,0,0,0,0,0,0,0,1,0,0,0,1.37E-05,5.15E-05,0,0,0.838930349,3,14.7,11.07956599,-3.6883
2022,3,28,2,0,IMG_6152,0,0,0,0,0,0,0,1,0,0,0,2.70E-05,5.41E-05,0,0,0.849379357,3,14.6,11.01213562,-3.7176
2022,3,28,2,10,IMG_6153,0,0,0,0,0,0,0,1,0,0,0,1.98E-05,7.13E-05,0,0,0.82944535,3,14.6,11.01213562,-3.4798
2022,3,28,2,20,IMG_6154,0,0,0,0,0,0,0,1,0,0,0,1.98E-05,6.11E-05,0,0,0.82767328,3,14.4,11.00195992,-3.1743
2022,3,28,2,30,IMG_6155,0,0,0,0,0,0,0,1,0,0,0,2.01E-05,7.93E-05,0,0,0.837515144,3,14.4,10.87834239,-3.4274
2022,3,28,2,40,IMG_6156,0,0,0,0,0.032,0,0,0.968,0,0,0,8.76E-05,0.025667864,0,0,0.745019088,3,14.4,10.87834239,-3.9826
2022,3,28,2,50,IMG_6157,0,0,0,0,0.008,0,0,0.991,0,0,0,8.06E-05,0.006762673,0,0,0.755928779,3,14.3,10.93483977,-3.6928
2022,3,28,3,0,IMG_6158,0,0,0,0.003,0.001,0,0,0.996,0,0,0,0.002026157,0.000809059,0,0,0.752400225,3,14.2,10.86807527,-4.0295
2022,3,28,3,10,IMG_6159,0,0,0,0.013,0.114,0,0,0.873,0,0,0,0.008058631,0.085637139,0,0,0.628778486,3,14.3,10.93483977,-3.9929
2022,3,28,3,20,IMG_6160,0,0,0,0.032,0.093,0,0,0.875,0,0,0,0.020419081,0.072470485,0,0,0.634981971,3,14.3,11.05770314,-3.1323
2022,3,28,3,30,IMG_6161,0,0,0,0.003,0.8,0,0,0.196,0,0,0,0.002291369,0.602410652,0,0,0.156930972,3,14.3,11.05770314,-3.2184
2022,3,28,19,30,IMG_6162,0,0,0,0.002,0.006,0,0,0.992,0,0,0,0.001880394,0.005518592,0,0,0.938988409,3,15.9,12.45879425,-2.7294
2022,3,28,19,40,IMG_6163,0,0,0,0.5,0.015,0,0,0.485,0,0,0,0.484779763,0.015144351,0,0,0.480107377,3,15.9,12.45879425,-1.8668
2022,3,28,19,50,IMG_6164,0,0,0,0,0.201,0,0,0.799,0,0,0,2.19E-05,0.190034262,0,0,0.764905168,3,15.7,12.30899376,-1.3481
2022,3,28,20,0,IMG_6165,0,0,0,0,0.447,0,0,0.553,0,0,0,2.79E-05,0.418973002,0,0,0.521887372,3,15.6,12.36766661,-1.7076
2022,3,28,20,10,IMG_6166,0,0,0,0,0.825,0,0,0.175,0,0,0,3.59E-05,0.773887575,0,0,0.168365798,3,15.7,12.44278717,-1.7322
2022,3,28,20,20,IMG_6167,0,0,0,0,0.818,0,0,0.182,0,0,0,7.25E-06,0.761032091,0,0,0.173261155,3,15.9,12.59421593,-1.5834
2022,3,28,20,30,IMG_6168,0,0,0,0,0.016,0,0,0.983,0,0,0,0.000341429,0.016122589,0,0,0.950626765,3,16.2,12.9622505,-1.7071
2022,3,28,20,40,IMG_6169,0,0,0,0,0.424,0,0,0.576,0,0,0,7.31E-06,0.394768367,0,0,0.544885111,3,16.4,12.97979695,-1.7818
2022,3,28,20,50,IMG_6170,0,0,0,0,0.244,0,0,0.756,0,0,0,3.70E-05,0.225412192,0,0,0.716118352,3,16.5,13.05812877,-1.7739
2022,3,28,21,0,IMG_6171,0,0,0,0,0.018,0,0,0.982,0,0,0,0.000217112,0.017520207,0,0,0.879999497,3,16.6,12.99561325,-1.6667
2022,3,28,21,10,IMG_6172,0,0,0,0.008,0.038,0,0,0.954,0,0,0,0.007632745,0.036660246,0,0,0.836286028,3,16.7,13.07391441,-3.2602
2022,3,28,21,20,IMG_6173,0,0,0,0.031,0.021,0,0,0.947,0,0,0,0.025257144,0.020461178,0,0,0.848949527,3,16.7,13.07391441,-3.0827
2022,3,28,21,30,IMG_6174,0,0,0,0.002,0.081,0,0,0.917,0,0,0,0.002123836,0.074807489,0,0,0.830481002,3,16.8,13.15262404,-3.2406
2022,3,28,21,40,IMG_6175,0,0,0,0.033,0.001,0,0,0.966,0,0,0,0.028919208,0.000832482,0,0,0.851288709,3,16.8,13.15262404,-2.5984
2022,3,28,21,50,IMG_6176,0,0,0,0.096,0.048,0,0,0.855,0,0,0,0.078803148,0.043809743,0,0,0.766671702,3,16.8,13.15262404,-3.0015
2022,3,28,22,0,IMG_6177,0,0,0,0,0.95,0,0,0.05,0,0,0,1.40E-05,0.822611884,0,0,0.043963311,3,16.9,13.23174389,-2.0917
2022,3,28,22,10,IMG_6178,0,0,0,0.015,0.826,0,0,0.159,0,0,0,0.010908804,0.707087575,0,0,0.139149106,3,16.9,13.3755672,-2.9293
2022,3,28,22,20,IMG_6179,0,0,0,0,0.566,0,0,0.434,0,0,0,0.000404117,0.50014049,0,0,0.396583353,3,16.9,13.3755672,-1.8451
2022,3,28,22,30,IMG_6180,0,0,0,0.004,0.289,0,0,0.707,0,0,0,0.003288199,0.260778275,0,0,0.593057099,3,17,13.45596354,-1.0486
2022,3,28,22,40,IMG_6181,0,0,0,0.022,0.015,0,0,0.963,0,0,0,0.01883599,0.013032647,0,0,0.819475601,3,17,13.45596354,-1.4534
2022,3,28,22,50,IMG_6182,0,0,0,0.004,0.647,0,0,0.349,0,0,0,0.003342526,0.555711553,0,0,0.27982316,3,17.1,13.39122144,-2.621
2022,3,28,23,0,IMG_6183,0,0,0,0.002,0.001,0,0,0.998,0,0,0,0.001392195,0.000694697,0,0,0.805680206,3,17.1,13.39122144,-1.9092
2022,3,28,23,10,IMG_6184,0,0,0,0.026,0.007,0,0,0.968,0,0,0,0.021054485,0.005338717,0,0,0.765430807,3,17.1,13.39122144,-2.9028
2022,3,28,23,20,IMG_6185,0,0,0,0,0.987,0,0,0.013,0,0,0,6.63E-06,0.809385457,0,0,0.010808444,3,17.2,13.4715827,-2.9878
2022,3,28,23,30,IMG_6186,0,0,0,0.008,0.015,0,0,0.977,0,0,0,0.00658303,0.013634961,0,0,0.750420027,3,17.2,13.4715827,-3.5457
2022,3,28,23,40,IMG_6187,0,0,0,0.107,0.034,0.005,0,0.853,0,0,0,0.079686028,0.028491767,0.004548453,0,0.664533842,3,17.3,13.40505308,-3.5725
2022,3,28,23,50,IMG_6188,0,0,0,0,0,0,0,1,0,0,0,0.000224684,4.98E-05,0,0,0.80104043,3,17.3,13.55236135,-1.5466
2022,3,29,0,0,IMG_6189,0,0,0,0.007,0,0,0,0.993,0,0,0,0.005491106,6.64E-05,0,0,0.773758481,3,17.3,13.55236135,-2.2499
2022,3,29,0,10,IMG_6190,0,0,0,0,0,0,0,1,0,0,0,0.000110915,4.81E-05,0,0,0.781909555,3,17.2,13.4715827,-3.4385
2022,3,29,0,20,IMG_6191,0,0,0,0,0,0,0,1,0,0,0,2.20E-05,5.55E-05,0,0,0.789594441,3,17.3,13.40505308,-1.8986
2022,3,29,0,30,IMG_6192,0,0,0,0.015,0.008,0,0,0.977,0,0,0,0.011831934,0.006461576,7.17E-05,0,0.740183616,3,17.3,13.40505308,-2.4054
2022,3,29,0,40,IMG_6193,0,0,0,0,0,0,0,1,0,0,0,0.00011259,0.000126082,0,0,0.760218998,3,17.2,13.4715827,-2.2861
2022,3,29,0,50,IMG_6194,0,0,0,0.124,0.015,0,0,0.861,0,0,0,0.085574887,0.012167293,0,0,0.642720763,3,17.3,13.40505308,-4.555
2022,3,29,1,0,IMG_6195,0,0,0,0.008,0.019,0,0,0.974,0,0,0,0.005726931,0.01392672,0,0,0.719978846,3,17.4,13.48536834,-4.1425
2022,3,29,1,10,IMG_6196,0,0,0,0,0,0,0,1,0,0,0,4.95E-05,6.04E-05,0,0,0.773763048,3,17.5,13.41702201,-3.8637
2022,3,29,1,20,IMG_6197,0,0,0,0,0,0,0,1,0,0,0,5.69E-05,5.01E-05,0,0,0.773613694,3,17.6,13.49728016,-2.3303
2022,3,29,1,30,IMG_6198,0,0,0,0,0,0,0,1,0,0,0,9.02E-05,5.54E-05,0,0,0.7293,3,17.6,13.49728016,-2.211
2022,3,29,1,40,IMG_6199,0,0,0,0,0,0,0,1,0,0,0,4.52E-05,5.84E-05,0,0,0.746741053,3,17.6,13.49728016,-3.828
2022,3,29,1,50,IMG_6200,0,0,0,0,0,0,0,1,0,0,0,0.000213755,5.61E-05,0,0,0.755108203,3,17.5,13.56610003,-3.5423
2022,3,29,2,0,IMG_6201,0,0,0,0,0,0,0,1,0,0,0,2.55E-05,4.68E-05,0,0,0.770888807,3,17.5,13.56610003,-3.2541
2022,3,29,2,10,IMG_6202,0,0,0,0,0,0,0,1,0,0,0,3.83E-05,6.54E-05,0,0,0.764016248,3,17.5,13.56610003,-1.7387
2022,3,29,2,20,IMG_6203,0,0,0,0.001,0,0,0,0.999,0,0,0,0.000752907,0.000141842,0,0,0.721790865,3,17.5,13.56610003,-3.3905
2022,3,29,2,30,IMG_6204,0,0,0,0.005,0,0,0,0.995,0,0,0,0.003542135,0.000133211,0,0,0.704402276,3,17.4,13.6335592,-2.5352
2022,3,29,2,40,IMG_6205,0,0,0,0.033,0.001,0,0,0.966,0,0,0,0.021238484,0.001060051,0,0,0.674109367,3,17.4,13.6335592,-1.9748
2022,3,29,2,50,IMG_6206,0,0,0,0.001,0,0,0,0.999,0,0,0,0.000435517,7.07E-05,0,0,0.716377201,3,17.4,13.6335592,-1.4799
2022,3,29,3,0,IMG_6207,0,0,0,0.005,0,0,0,0.994,0,0,0,0.003831986,7.92E-05,0,0,0.685695493,3,17.4,13.6335592,-2.1799
2022,3,29,3,20,IMG_6209,0,0,0,0.494,0,0,0,0.505,0,0,0,0.298694644,0.000239145,0,0,0.352027892,3,17.3,13.55236135,-3.984
2022,3,30,3,20,IMG_6258,0,0,0,0,0,0,0,1,0,0,0,2.77E-05,5.38E-05,0,0,0.795251465,3,20.3,16.17897372,-7.4485
2022,3,30,21,0,IMG_6264,0,0.015,0.069,0.867,0.033,0,0.015,0,0,0.015309495,0.06890015,0.861846274,0.033159172,0,0.015211839,1.42E-05,3,20.2,16.60931165,-1.1135
2022,3,30,21,10,IMG_6265,0,0,0,0.963,0.037,0,0,0,0,0,0,0.954423813,0.036781288,0,0,7.51E-05,3,20.1,16.51256399,-1.3453
2022,3,30,21,20,IMG_6266,0,0,0,0.997,0.003,0,0,0,0,0,0,0.986504026,0.002855717,0,0,3.65E-05,3,19.9,16.32052942,-1.4729
2022,3,30,21,30,IMG_6267,0,0,0,0.959,0.041,0,0,0,0,0,0,0.947851209,0.041086441,0,0,0.000149121,3,19.9,16.32052942,-1.3099
2022,3,30,21,40,IMG_6268,0,0,0,0.927,0.072,0,0,0.001,0,0,0,0.916514836,0.071764528,0,0,0.001479868,3,19.8,16.22523842,-1.4448
2022,3,30,21,50,IMG_6269,0,0,0,0.928,0.069,0,0,0.003,0,0,0,0.918829597,0.069005529,0,0,0.003176465,3,19.9,16.32052942,-1.4188
2022,3,30,22,0,IMG_6270,0,0,0,0.982,0.016,0,0,0.002,0,0,0,0.970392097,0.016224489,0,0,0.002222468,3,19.8,16.39603041,-1.4203
2022,3,30,22,10,IMG_6271,0,0,0,0.962,0.035,0,0.003,0,0,0,0,0.951000248,0.035321312,0,0.002832031,0.000155364,3,19.8,16.39603041,-1.517
2022,3,30,22,20,IMG_6272,0,0,0,0.939,0.061,0,0,0,0,0,0,0.928634931,0.061205784,0,0,0.000270433,3,19.7,16.30022291,-1.5139
2022,3,30,22,30,IMG_6273,0,0,0,0.962,0.005,0,0,0.033,0,0,0,0.935043953,0.004834059,0,0,0.03268774,3,19.7,16.30022291,-1.7676
2022,3,30,22,40,IMG_6274,0,0,0,0.873,0,0,0,0.127,0,0,0,0.843751119,7.84E-05,0,0,0.122817007,3,19.8,16.39603041,-2.2862
2022,3,30,22,50,IMG_6275,0,0,0,0.462,0,0,0,0.538,0,0,0,0.444319997,9.96E-05,0,0,0.528478478,3,19.9,16.49232446,-1.5664
2022,3,30,23,0,IMG_6276,0,0,0,0.003,0,0,0,0.997,0,0,0,0.002740415,6.09E-05,0,0,0.914624339,3,19.8,16.39603041,-1.3555
2022,3,30,23,10,IMG_6277,0,0,0,0.001,0,0,0,0.999,0,0,0,0.001156618,8.86E-05,0,0,0.904096492,3,19.8,16.39603041,-1.1263
2022,3,30,23,20,IMG_6278,0,0,0,0.001,0,0,0,0.999,0,0,0,0.000782369,6.42E-05,0,0,0.904688296,3,19.8,16.39603041,-1.1008
2022,3,30,23,30,IMG_6279,0,0,0,0.002,0,0,0,0.998,0,0,0,0.001456656,9.98E-05,0,0,0.902744328,3,19.8,16.39603041,-1.2567
2022,3,30,23,40,IMG_6280,0,0,0,0,0,0,0,1,0,0,0,6.39E-05,7.06E-05,0,0,0.897657339,3,19.7,16.30022291,-1.2451
2022,3,30,23,50,IMG_6281,0,0,0,0,0,0,0,1,0,0,0,0.000148588,9.57E-05,0,0,0.888051563,3,19.7,16.30022291,-1.2877
2022,3,31,0,0,IMG_6282,0,0,0,0,0,0,0,1,0,0,0,1.03E-05,6.46E-05,0,0,0.8415141,3,19.5,16.11005941,-1.2415
2022,3,31,0,10,IMG_6283,0,0,0,0,0,0,0,1,0,0,0,2.93E-05,9.58E-05,0,0,0.80399209,3,19.4,16.01569935,-1.3619
2022,3,31,0,20,IMG_6284,0,0,0,0,0,0,0,1,0,0,0,9.49E-06,5.78E-05,0,0,0.789916692,3,19.5,16.11005941,-1.349
2022,3,31,0,30,IMG_6285,0,0,0,0,0,0,0,1,0,0,0,2.34E-05,5.38E-05,0,0,0.765354507,3,19.5,16.11005941,-1.3022
2022,3,31,0,40,IMG_6286,0,0,0,0,0,0,0,1,0,0,0,1.99E-05,8.82E-05,0,0,0.813758481,3,19.5,16.11005941,-1.3061
2022,3,31,0,50,IMG_6287,0,0,0,0,0,0,0,1,0,0,0,1.48E-05,8.04E-05,0,0,0.807770313,3,19.5,16.11005941,-1.1551
2022,3,31,1,0,IMG_6288,0,0,0,0,0,0,0,1,0,0,0,1.52E-05,9.80E-05,0,0,0.818510705,3,19.6,16.20489992,-1.1427
2022,3,31,1,10,IMG_6289,0,0,0,0,0,0,0,1,0,0,0,1.05E-05,8.59E-05,0,0,0.839192796,3,19.5,16.11005941,-1.3329
2022,3,31,1,20,IMG_6290,0,0,0,0,0,0,0,1,0,0,0,1.53E-05,0.00011392,0,0,0.822201202,3,19.4,16.01569935,-1.5106
2022,3,31,1,30,IMG_6291,0,0,0,0,0,0,0,1,0,0,0,4.00E-05,9.62E-05,0,0,0.809170673,3,19.4,16.01569935,-1.3686
2022,3,31,1,40,IMG_6292,0,0,0,0,0,0,0,1,0,0,0,2.40E-05,8.99E-05,0,0,0.789710539,3,19.3,15.9218177,-1.3939
2022,3,31,1,50,IMG_6293,0,0,0,0,0,0,0,1,0,0,0,1.05E-05,9.89E-05,0,0,0.838702426,3,19.4,16.01569935,-1.4599
2022,3,31,2,0,IMG_6294,0,0,0,0,0,0,0,1,0,0,0,0.000180611,9.03E-05,0,0,0.883426067,3,19.4,16.01569935,-1.4128
2022,3,31,2,10,IMG_6295,0,0,0,0,0,0,0,1,0,0,0,9.41E-05,4.83E-05,0,0,0.867957467,3,19.5,16.11005941,-1.4186
2022,3,31,2,20,IMG_6296,0,0,0,0,0,0,0,1,0,0,0,1.35E-05,4.57E-05,0,0,0.838171484,3,19.5,16.11005941,-2.5177
2022,3,31,2,40,IMG_6298,0,0,0,0,0,0,0,1,0,0,0,1.34E-05,6.62E-05,0,0,0.810484923,3,19.5,16.11005941,-3.75
2022,3,31,2,50,IMG_6299,0,0,0,0,0,0,0,1,0,0,0,0.000163672,0.000160907,0,0,0.817009277,3,19.5,16.11005941,-6.6219
2022,3,31,19,30,IMG_6304,0,0,0,0.528,0.432,0,0,0.04,0,0,0,0.525066549,0.432128643,0,0,0.039904079,3,17.3,13.11043653,-2.1258
2022,3,31,19,40,IMG_6305,0,0,0,0.159,0.63,0,0,0.211,0,0,0,0.155873836,0.625874962,0,0,0.210044749,3,17.3,13.2577448,-2.1486
2022,3,31,19,50,IMG_6306,0,0,0,0,0.486,0,0,0.514,0,0,0,1.50E-05,0.470980334,0,0,0.508394373,3,17.1,13.24566468,-2.5125
2022,3,31,20,0,IMG_6307,0,0,0,0.311,0.493,0,0,0.196,0,0,0,0.305819456,0.488665512,0,0,0.195968788,3,17.1,13.10010793,-2.2177
2022,3,31,20,10,IMG_6308,0,0,0,0.172,0.07,0,0,0.758,0,0,0,0.166243374,0.068249256,0,0,0.754327599,3,17.2,13.03229196,-2.1847
2022,3,31,20,20,IMG_6309,0,0,0,0.019,0.202,0,0,0.779,0,0,0,0.018616789,0.198801645,0,0,0.772485915,3,17.1,12.95455117,-2.1647
2022,3,31,20,30,IMG_6310,0,0,0,0.648,0.296,0,0,0.056,0,0,0,0.644125721,0.296140264,0,0,0.056192758,3,17,12.87721242,-2.1464
2022,3,31,20,40,IMG_6311,0,0,0,0.141,0.402,0,0,0.458,0,0,0,0.135856077,0.396437184,0,0,0.454639656,3,16.9,12.94409729,-2.4344
2022,3,31,20,50,IMG_6312,0,0,0,0.124,0.108,0,0,0.768,0,0,0,0.118540227,0.104609698,0,0,0.761393021,3,16.6,12.57184325,-2.3673
2022,3,31,21,0,IMG_6313,0,0,0,0.093,0.345,0,0,0.562,0,0,0,0.089455897,0.340187094,0,0,0.557359833,3,16.6,12.57184325,-2.1661
2022,3,31,21,10,IMG_6314,0,0,0,0.762,0.078,0,0,0.16,0,0,0,0.748676585,0.078316451,0,0,0.15944037,3,16.5,12.49648882,-2.4643
2022,3,31,21,20,IMG_6315,0,0,0,0.295,0.009,0,0,0.697,0,0,0,0.279571635,0.008587124,0,0,0.688414731,3,16.3,12.48568325,-2.4263
2022,3,31,21,30,IMG_6316,0,0,0,0.327,0.011,0,0,0.662,0,0,0,0.307071372,0.010832895,0,0,0.651780146,3,16.1,12.33603849,-2.6525
2022,3,31,21,40,IMG_6317,0,0,0,0.035,0.004,0,0,0.961,0,0,0,0.033341256,0.003956415,0,0,0.93533421,3,16.2,12.41066538,-2.5638
2022,3,31,21,50,IMG_6318,0,0,0,0.645,0.003,0,0,0.352,0,0,0,0.627688627,0.002863319,0,0,0.350120313,3,16.1,12.1989714,-2.3327
2022,3,31,22,0,IMG_6319,0,0,0,0.292,0,0,0,0.707,0,0,0,0.282488484,0.000256791,0,0,0.692587432,3,16,12.2618009,-2.4087
2022,3,31,22,10,IMG_6320,0,0,0,0.228,0,0,0,0.772,0,0,0,0.216252471,0.000141106,0,0,0.754688386,3,15.9,12.1879509,-2.4556
2022,3,31,22,20,IMG_6321,0,0,0,0,0.056,0,0,0.944,0,0,0,2.85E-05,0.049835352,0,0,0.875412335,3,15.9,12.1879509,-2.5568
2022,3,31,22,30,IMG_6322,0,0,0,0,0.019,0,0,0.981,0,0,0,2.14E-05,0.017664528,0,0,0.914197979,3,15.9,12.05252922,-2.3529
2022,3,31,22,40,IMG_6323,0,0,0,0.008,0.018,0,0,0.974,0,0,0,0.007744689,0.017639694,0,0,0.930152096,3,16,12.12555867,-2.3691
2022,3,31,22,50,IMG_6324,0,0,0,0,0,0,0,1,0,0,0,2.86E-05,9.25E-05,0,0,0.936806333,3,15.8,12.11448681,-2.3294
2022,3,31,23,0,IMG_6325,0,0,0,0,0,0,0,1,0,0,0,2.14E-05,6.11E-05,0,0,0.926999256,3,15.7,12.04140694,-2.2468
2022,3,31,23,10,IMG_6326,0,0,0,0,0.028,0,0,0.972,0,0,0,2.13E-05,0.024538026,0,0,0.88541425,3,15.6,11.96870962,-2.4293
2022,3,31,23,20,IMG_6327,0,0,0,0,0.011,0,0,0.989,0,0,0,0.000160434,0.009907114,0,0,0.904639333,3,15.6,11.96870962,-2.4899
2022,3,31,23,30,IMG_6328,0,0,0,0,0,0,0,1,0,0,0,1.41E-05,0.000375248,0,0,0.896248678,3,15.5,11.89639318,-2.536
2022,3,31,23,40,IMG_6329,0,0,0,0,0.001,0,0,0.999,0,0,0,1.42E-05,0.001077426,0,0,0.911943495,3,15.4,11.82445594,-2.9599
2022,3,31,23,50,IMG_6330,0,0,0,0,0,0,0,1,0,0,0,2.82E-05,6.41E-05,0,0,0.916349129,3,15.4,11.69307309,-2.9503
