Year,Month,Day,Time,Min,Sec,Absolute humidity (g/m^3),Humidity (%),Temperature (C) ,Radiation(Ldown-Lup)(Wm^2),Dew point temperature (C) 
2021,10,19,19,30,0,14.89368893,75,22.4,-12.8314,17.75016272
2021,10,19,19,40,0,15.06549523,75,22.6,-14.9048,17.94315398
2021,10,19,19,50,0,14.97937947,75,22.5,-9.2028,17.846659
2021,10,19,20,0,0,15.09227145,76,22.4,-9.2082,17.96063485
2021,10,19,20,10,0,15.29085397,77,22.4,-11.5509,18.16869197
2021,10,19,20,20,0,15.20331313,77,22.3,-6.3289,18.0718817
2021,10,19,20,30,0,15.40075876,78,22.3,-7.2794,18.27742875
2021,10,19,20,40,0,15.20331313,77,22.3,-10.3007,18.0718817
2021,10,19,20,50,0,15.40075876,78,22.3,-13.1621,18.27742875
2021,10,19,21,0,0,15.40075876,78,22.3,-12.0603,18.27742875
2021,10,19,21,10,0,15.20331313,77,22.3,-17.6076,18.0718817
2021,10,19,21,20,0,15.11620529,77,22.2,-15.1236,17.97507024
2021,10,19,21,30,0,15.41990604,79,22.1,-12.0359,18.28644181
2021,10,19,21,40,0,15.61509473,80,22.1,-10.7434,18.48714623
2021,10,19,21,50,0,15.71955587,81,22,-11.3403,18.58824369
2021,10,19,22,0,0,15.91362446,82,22,-10.5284,18.78447568
2021,10,19,22,10,0,15.82223229,82,21.9,-10.3578,18.68690806
2021,10,19,22,20,0,15.73129371,82,21.8,-10.012,18.58933953
2021,10,19,22,30,0,15.82223229,82,21.9,-10.6917,18.68690806
2021,10,19,22,40,0,15.82223229,82,21.9,-11.9909,18.68690806
2021,10,19,22,50,0,15.82223229,82,21.9,-8.1884,18.68690806
2021,10,19,23,0,0,15.82223229,82,21.9,-8.4931,18.68690806
2021,10,19,23,10,0,15.62927824,81,21.9,-8.6861,18.49082354
2021,10,19,23,20,0,15.62927824,81,21.9,-6.4329,18.49082354
2021,10,19,23,30,0,15.62927824,81,21.9,-8.7525,18.49082354
2021,10,19,23,40,0,15.62927824,81,21.9,-8.1011,18.49082354
2021,10,19,23,50,0,15.52548728,80,22,-9.5857,18.38987606
2021,10,20,0,0,0,15.52548728,80,22,-9.7668,18.38987606
2021,10,20,0,10,0,15.62927824,81,21.9,-9.2607,18.49082354
2021,10,20,0,20,0,15.62927824,81,21.9,-8.8554,18.49082354
2021,10,20,0,30,0,15.53944866,81,21.8,-5.8736,18.39340242
2021,10,20,0,40,0,15.43632419,80,21.9,-6.9877,18.29260487
2021,10,20,0,50,0,15.71955587,81,22,-7.2032,18.58824369
2021,10,20,1,0,0,15.91362446,82,22,-6.556,18.78447568
2021,10,20,1,10,0,15.91362446,82,22,-5.4018,18.78447568
2021,10,20,1,20,0,15.82223229,82,21.9,-4.1695,18.68690806
2021,10,20,1,30,0,15.82223229,82,21.9,-4.3881,18.68690806
2021,10,20,1,40,0,15.82223229,82,21.9,-4.5474,18.68690806
2021,10,20,1,50,0,15.91362446,82,22,-6.3188,18.78447568
2021,10,20,2,0,0,16.0054721,82,22.1,-5.446,18.88204239
2021,10,20,2,10,0,15.91362446,82,22,-5.5192,18.78447568
2021,10,20,2,20,0,16.01518634,83,21.9,-4.556,18.88090724
2021,10,20,2,30,0,16.10769305,83,22,-4.6931,18.97862087
2021,10,20,2,40,0,16.2081404,84,21.9,-4.288,19.0728682
2021,10,20,2,50,0,16.2081404,84,21.9,-4.1984,19.0728682
2021,10,20,3,0,0,16.40109445,85,21.9,-4.7704,19.26283644
2021,10,20,3,10,0,16.21303148,85,21.7,-6.3106,19.06683138
2021,10,20,3,20,0,16.1149838,84,21.8,-5.3596,18.97500918
2021,10,20,3,30,0,16.1149838,84,21.8,-5.6035,18.97500918
2021,10,20,19,30,0,20.20271728,100,22.7,-6.992,22.7
2021,10,20,19,40,0,20.20271728,100,22.7,-6.7787,22.7
2021,10,20,19,50,0,20.20271728,100,22.7,-5.0747,22.7
2021,10,20,20,0,0,20.20271728,100,22.7,-7.0362,22.7
2021,10,20,20,10,0,20.20271728,100,22.7,-6.4918,22.7
2021,10,20,20,20,0,20.20271728,100,22.7,-6.3358,22.7
2021,10,20,20,30,0,20.08732697,100,22.6,-6.1511,22.6
2021,10,20,20,40,0,20.08732697,100,22.6,-6.5676,22.6
2021,10,20,20,50,0,20.08732697,100,22.6,-7.0318,22.6
2021,10,20,21,0,0,20.08732697,100,22.6,-6.747,22.6
2021,10,20,21,10,0,20.08732697,100,22.6,-8.5119,22.6
2021,10,20,21,20,0,19.97250596,100,22.5,-8.8537,22.5
2021,10,20,21,30,0,19.97250596,100,22.5,-10.2634,22.5
2021,10,20,21,40,0,19.97250596,100,22.5,-10.0864,22.5
2021,10,20,21,50,0,19.97250596,100,22.5,-9.5715,22.5
2021,10,20,22,0,0,19.97250596,100,22.5,-8.9893,22.5
2021,10,20,22,10,0,19.97250596,100,22.5,-10.2744,22.5
2021,10,20,22,20,0,19.97250596,100,22.5,-10.4327,22.5
2021,10,20,22,30,0,19.97250596,100,22.5,-11.2459,22.5
2021,10,20,22,40,0,19.85825191,100,22.4,-8.0754,22.4
2021,10,20,22,50,0,19.97250596,100,22.5,-7.742,22.5
2021,10,20,23,0,0,19.97250596,100,22.5,-7.4419,22.5
2021,10,20,23,10,0,19.97250596,100,22.5,-8.7179,22.5
2021,10,20,23,20,0,19.97250596,100,22.5,-8.5092,22.5
2021,10,20,23,30,0,19.97250596,100,22.5,-7.751,22.5
2021,10,20,23,40,0,19.97250596,100,22.5,-9.9509,22.5
2021,10,20,23,50,0,19.97250596,100,22.5,-7.5706,22.5
2021,10,21,0,0,0,19.97250596,100,22.5,-7.692,22.5
2021,10,21,0,10,0,19.97250596,100,22.5,-10.8361,22.5
2021,10,21,0,20,0,19.97250596,100,22.5,-11.3363,22.5
2021,10,21,0,30,0,19.97250596,100,22.5,-12.4784,22.5
2021,10,21,0,40,0,19.85825191,100,22.4,-9.103,22.4
2021,10,21,0,50,0,19.97250596,100,22.5,-7.5903,22.5
2021,10,21,1,0,0,19.85825191,100,22.4,-7.7517,22.4
2021,10,21,1,10,0,19.97250596,100,22.5,-5.6209,22.5
2021,10,21,1,20,0,19.85825191,100,22.4,-10.4555,22.4
2021,10,21,1,30,0,19.97250596,100,22.5,-10.3703,22.5
2021,10,21,1,40,0,19.85825191,100,22.4,-8.2871,22.4
2021,10,21,1,50,0,19.85825191,100,22.4,-8.4725,22.4
2021,10,21,2,0,0,19.85825191,100,22.4,-10.0428,22.4
2021,10,21,2,10,0,19.85825191,100,22.4,-10.3622,22.4
2021,10,21,2,20,0,19.85825191,100,22.4,-10.7314,22.4
2021,10,21,2,30,0,19.85825191,100,22.4,-15.2513,22.4
2021,10,21,2,40,0,19.85825191,100,22.4,-9.4336,22.4
2021,10,21,2,50,0,19.74456251,100,22.3,-8.141,22.3
2021,10,21,3,0,0,19.74456251,100,22.3,-7.6393,22.3
2021,10,21,3,10,0,19.85825191,100,22.4,-7.3192,22.4
2021,10,21,3,20,0,19.85825191,100,22.4,-8.595,22.4
2021,10,21,3,30,0,19.97250596,100,22.5,-7.576,22.5
2021,10,21,19,30,0,16.39112669,100,19.1,-2.9243,19.1
2021,10,21,19,40,0,16.48792965,100,19.2,-2.7365,19.2
2021,10,21,19,50,0,16.58522678,100,19.3,-2.2909,19.3
2021,10,21,20,0,0,16.68302015,100,19.4,-1.9629,19.4
2021,10,21,20,10,0,16.48792965,100,19.2,-2.268,19.2
2021,10,21,20,20,0,16.39112669,100,19.1,-2.3135,19.1
2021,10,21,20,30,0,16.39112669,100,19.1,-2.8642,19.1
2021,10,21,20,40,0,16.1989949,100,18.9,-2.0821,18.9
2021,10,21,20,50,0,16.1989949,100,18.9,-2.389,18.9
2021,10,21,21,0,0,16.2948158,100,19,-3.3678,19
2021,10,21,21,10,0,16.39112669,100,19.1,-2.6668,19.1
2021,10,21,21,20,0,16.2948158,100,19,-2.5347,19
2021,10,21,21,30,0,16.2948158,100,19,-3.2807,19
2021,10,21,21,40,0,16.10366192,100,18.8,-2.8303,18.8
2021,10,21,21,50,0,16.1989949,100,18.9,-2.4927,18.9
2021,10,21,22,0,0,16.1989949,100,18.9,-2.2528,18.9
2021,10,21,22,10,0,16.10366192,100,18.8,-2.6156,18.8
2021,10,21,22,20,0,16.00881479,100,18.7,-2.6536,18.7
2021,10,21,22,30,0,16.10366192,100,18.8,-2.672,18.8
2021,10,21,22,40,0,16.1989949,100,18.9,-2.7455,18.9
2021,10,21,22,50,0,16.1989949,100,18.9,-2.4321,18.9
2021,10,21,23,0,0,16.2948158,100,19,-2.3132,19
2021,10,21,23,10,0,16.10366192,100,18.8,-3.1799,18.8
2021,10,21,23,20,0,16.10366192,100,18.8,-2.415,18.8
2021,10,21,23,30,0,16.10366192,100,18.8,-2.2129,18.8
2021,10,21,23,40,0,16.10366192,100,18.8,-2.2781,18.8
2021,10,21,23,50,0,16.00881479,100,18.7,-3.3091,18.7
2021,10,22,0,0,0,16.00881479,100,18.7,-3.115,18.7
2021,10,22,0,10,0,15.82056984,100,18.5,-3.484,18.5
2021,10,22,0,20,0,15.82056984,100,18.5,-3.0138,18.5
2021,10,22,0,30,0,15.82056984,100,18.5,-3.4582,18.5
2021,10,22,0,40,0,15.82056984,100,18.5,-3.2639,18.5
2021,10,22,0,50,0,15.82056984,100,18.5,-3.3784,18.5
2021,10,22,1,0,0,15.82056984,100,18.5,-2.7908,18.5
2021,10,22,1,10,0,15.82056984,100,18.5,-2.8901,18.5
2021,10,22,1,20,0,15.82056984,100,18.5,-2.8651,18.5
2021,10,22,1,30,0,15.82056984,100,18.5,-2.8071,18.5
2021,10,22,1,40,0,15.82056984,100,18.5,-2.32,18.5
2021,10,22,1,50,0,15.82056984,100,18.5,-2.192,18.5
2021,10,22,2,0,0,15.91445144,100,18.6,-2.1397,18.6
2021,10,22,2,10,0,15.91445144,100,18.6,-2.2434,18.6
2021,10,22,2,20,0,15.91445144,100,18.6,-2.187,18.6
2021,10,22,2,30,0,15.91445144,100,18.6,-3.159,18.6
2021,10,22,2,40,0,15.91445144,100,18.6,-2.3199,18.6
2021,10,22,2,50,0,15.91445144,100,18.6,-2.1627,18.6
2021,10,22,3,0,0,16.00881479,100,18.7,-2.1985,18.7
2021,10,22,3,10,0,16.00881479,100,18.7,-1.8362,18.7
2021,10,22,3,20,0,16.10366192,100,18.8,-2.1623,18.8
2021,10,22,3,30,0,16.10366192,100,18.8,-1.9861,18.8
2021,10,22,19,30,0,15.71302505,97,18.9,-5.4581,18.41298735
2021,10,22,19,40,0,15.875015,98,18.9,-5.4327,18.5767745
2021,10,22,19,50,0,16.03700495,99,18.9,-4.3506,18.73910283
2021,10,22,20,0,0,16.10366192,100,18.8,-3.4663,18.8
2021,10,22,20,10,0,16.00881479,100,18.7,-4.4862,18.7
2021,10,22,20,20,0,15.91445144,100,18.6,-2.7246,18.6
2021,10,22,20,30,0,15.82056984,100,18.5,-1.9587,18.5
2021,10,22,20,40,0,15.82056984,100,18.5,-1.7858,18.5
2021,10,22,20,50,0,15.82056984,100,18.5,-3.602,18.5
2021,10,22,21,0,0,15.82056984,100,18.5,-2.4532,18.5
2021,10,22,21,10,0,15.82056984,100,18.5,-2.6974,18.5
2021,10,22,21,20,0,15.82056984,100,18.5,-2.218,18.5
2021,10,22,21,30,0,15.91445144,100,18.6,-1.9835,18.6
2021,10,22,21,40,0,15.91445144,100,18.6,-2.1968,18.6
2021,10,22,21,50,0,15.82056984,100,18.5,-2.5589,18.5
2021,10,22,22,0,0,15.91445144,100,18.6,-5.5237,18.6
2021,10,22,22,10,0,15.91445144,100,18.6,-4.0713,18.6
2021,10,22,22,20,0,16.00881479,100,18.7,-4.715,18.7
2021,10,22,22,30,0,15.82056984,100,18.5,-4.7836,18.5
2021,10,22,22,40,0,15.66236414,99,18.5,-4.4778,18.33959807
2021,10,22,22,50,0,15.50415844,98,18.5,-4.971,18.17776908
2021,10,22,23,0,0,15.41262456,98,18.4,-4.8517,18.07801749
2021,10,22,23,10,0,15.41262456,98,18.4,-5.4187,18.07801749
2021,10,22,23,20,0,15.18774704,96,18.5,-5.4329,17.84971877
2021,10,22,23,30,0,14.95958436,94,18.6,-5.7266,17.6148601
2021,10,22,23,40,0,14.95958436,94,18.6,-5.7532,17.6148601
2021,10,22,23,50,0,14.7281096,92,18.7,-5.2871,17.37318277
2021,10,23,0,0,0,14.65433234,91,18.8,-5.5346,17.29912526
2021,10,23,0,10,0,14.65433234,91,18.8,-5.1685,17.29912526
2021,10,23,0,20,0,14.41710546,89,18.9,-5.3808,17.0465642
2021,10,23,0,30,0,14.3394379,88,19,-5.1931,16.96669522
2021,10,23,0,40,0,14.3394379,88,19,-5.32,16.96669522
2021,10,23,0,50,0,14.58810275,89,19.1,-5.2318,17.24371777
2021,10,23,1,0,0,14.50238606,89,19,-5.3869,17.14514126
2021,10,23,1,10,0,14.65433234,91,18.8,-5.4019,17.29912526
2021,10,23,1,20,0,14.65433234,91,18.8,-5.6732,17.29912526
2021,10,23,1,30,0,14.65433234,91,18.8,-5.4249,17.29912526
2021,10,23,1,40,0,14.97640558,93,18.8,-5.1231,17.64355712
2021,10,23,1,50,0,15.0482859,94,18.7,-5.6651,17.71410163
2021,10,23,2,0,0,15.1374422,94,18.8,-4.7176,17.81334286
2021,10,23,2,10,0,15.45951544,96,18.8,-3.7835,18.14821466
2021,10,23,2,20,0,15.59616241,98,18.6,-3.6821,18.27752058
2021,10,23,2,30,0,15.50415844,98,18.5,-3.4643,18.17776908
2021,10,23,2,40,0,15.50415844,98,18.5,-3.9483,18.17776908
2021,10,23,2,50,0,15.16521634,97,18.3,-3.8945,17.81523364
2021,10,23,3,0,0,14.62626617,93,18.4,-3.854,17.24711124
2021,10,23,3,10,0,14.56802145,91,18.7,-3.8075,17.20027832
2021,10,23,3,20,0,14.09312556,87,18.9,-3.5455,16.68815773
2021,10,23,3,30,0,14.01354159,86,19,-3.6341,16.60439902
2021,10,23,19,30,0,15.49865387,94,19.2,-3.1297,18.21030491
2021,10,23,19,40,0,15.96891948,98,19,-3.5997,18.67652561
2021,10,23,19,50,0,16.1989949,100,18.9,-3.061,18.9
2021,10,23,20,0,0,16.1989949,100,18.9,-2.7412,18.9
2021,10,23,20,10,0,16.10366192,100,18.8,-3.9243,18.8
2021,10,23,20,20,0,16.10366192,100,18.8,-3.3786,18.8
2021,10,23,20,30,0,16.1989949,100,18.9,-3.9065,18.9
2021,10,23,20,40,0,16.1989949,100,18.9,-3.0346,18.9
2021,10,23,20,50,0,16.1989949,100,18.9,-3.8725,18.9
2021,10,23,21,0,0,15.96891948,98,19,-3.7926,18.67652561
2021,10,23,21,10,0,15.66353317,95,19.2,-3.6708,18.3790308
2021,10,23,21,20,0,15.59011317,94,19.3,-3.2491,18.30954469
2021,10,23,21,30,0,15.82841247,96,19.2,-3.5748,18.54620649
2021,10,23,21,40,0,15.82841247,96,19.2,-3.6491,18.54620649
2021,10,23,21,50,0,15.99329176,97,19.2,-3.5489,18.71186227
2021,10,23,22,0,0,15.99329176,97,19.2,-3.4686,18.71186227
2021,10,23,22,10,0,15.89939289,97,19.1,-3.8094,18.61223744
2021,10,23,22,20,0,15.82841247,96,19.2,-3.7102,18.54620649
2021,10,23,22,30,0,15.73548162,96,19.1,-3.5738,18.44670882
2021,10,23,22,40,0,16.06330415,98,19.1,-3.7197,18.77627663
2021,10,23,22,50,0,16.2948158,100,19,-3.8085,19
2021,10,23,23,0,0,16.03700495,99,18.9,-2.7618,18.73910283
2021,10,23,23,10,0,16.2948158,100,19,-2.8653,19
2021,10,23,23,20,0,16.2948158,100,19,-3.0534,19
2021,10,23,23,30,0,16.06330415,98,19.1,-3.162,18.77627663
2021,10,23,23,40,0,16.22721542,99,19.1,-3.8993,18.93885492
2021,10,23,23,50,0,16.2948158,100,19,-3.5715,19
2021,10,24,0,0,0,16.2948158,100,19,-3.257,19
2021,10,24,0,10,0,16.2948158,100,19,-3.7594,19
2021,10,24,0,20,0,16.2948158,100,19,-3.052,19
2021,10,24,0,30,0,16.2948158,100,19,-2.3182,19
2021,10,24,0,40,0,16.1989949,100,18.9,-2.307,18.9
2021,10,24,0,50,0,16.1989949,100,18.9,-2.8147,18.9
2021,10,24,1,0,0,16.2948158,100,19,-2.8945,19
2021,10,24,1,10,0,16.2948158,100,19,-2.1245,19
2021,10,24,1,20,0,16.1989949,100,18.9,-1.9899,18.9
2021,10,24,1,30,0,16.10366192,100,18.8,-3.8007,18.8
2021,10,24,1,40,0,16.1989949,100,18.9,-1.8752,18.9
2021,10,24,1,50,0,16.10366192,100,18.8,-2.3335,18.8
2021,10,24,2,0,0,16.10366192,100,18.8,-2.4995,18.8
2021,10,24,2,10,0,16.00881479,100,18.7,-2.671,18.7
2021,10,24,2,20,0,16.00881479,100,18.7,-2.7682,18.7
2021,10,24,2,30,0,16.00881479,100,18.7,-2.7937,18.7
2021,10,24,2,40,0,16.00881479,100,18.7,-3.1941,18.7
2021,10,24,2,50,0,16.1989949,100,18.9,-2.0779,18.9
2021,10,24,3,0,0,16.1989949,100,18.9,-1.9365,18.9
2021,10,24,3,10,0,16.10366192,100,18.8,-2.3763,18.8
2021,10,24,3,20,0,16.10366192,100,18.8,-2.6596,18.8
2021,10,24,3,30,0,16.10366192,100,18.8,-2.3698,18.8
2021,10,24,19,30,0,17.20782984,99,20.1,-1.4961,19.93761251
2021,10,24,19,40,0,17.48348595,100,20.2,-1.7346,20.2
2021,10,24,19,50,0,17.17950465,100,19.9,-2.6873,19.9
2021,10,24,20,0,0,16.97939886,100,19.7,-2.5513,19.7
2021,10,24,20,10,0,17.07919834,100,19.8,-2.9215,19.8
2021,10,24,20,20,0,17.17950465,100,19.9,-2.2883,19.9
2021,10,24,20,30,0,17.28031993,100,20,-2.7695,20
2021,10,24,20,40,0,17.28031993,100,20,-3.2338,20
2021,10,24,20,50,0,17.28031993,100,20,-4.0001,20
2021,10,24,21,0,0,17.30865109,99,20.2,-3.0808,20.03748801
2021,10,24,21,10,0,17.585841,100,20.3,-2.8193,20.3
2021,10,24,21,20,0,17.585841,100,20.3,-3.0236,20.3
2021,10,24,21,30,0,17.585841,100,20.3,-2.6591,20.3
2021,10,24,21,40,0,17.585841,100,20.3,-2.1631,20.3
2021,10,24,21,50,0,17.48348595,100,20.2,-2.0936,20.2
2021,10,24,22,0,0,17.38164631,100,20.1,-2.2772,20.1
2021,10,24,22,10,0,17.17950465,100,19.9,-2.4588,19.9
2021,10,24,22,20,0,17.17950465,100,19.9,-2.9137,19.9
2021,10,24,22,30,0,17.07919834,100,19.8,-2.8165,19.8
2021,10,24,22,40,0,17.17950465,100,19.9,-2.6279,19.9
2021,10,24,22,50,0,17.17950465,100,19.9,-2.7959,19.9
2021,10,24,23,0,0,17.38164631,100,20.1,-2.4989,20.1
2021,10,24,23,10,0,17.38164631,100,20.1,-2.6916,20.1
2021,10,24,23,20,0,17.38164631,100,20.1,-2.7278,20.1
2021,10,24,23,30,0,17.38164631,100,20.1,-2.2688,20.1
2021,10,24,23,40,0,17.48348595,100,20.2,-2.4797,20.2
2021,10,24,23,50,0,17.48348595,100,20.2,-1.7366,20.2
2021,10,25,0,0,0,17.38164631,100,20.1,-0.9946,20.1
2021,10,25,0,10,0,17.17950465,100,19.9,-0.7366,19.9
2021,10,25,0,20,0,17.07919834,100,19.8,-0.9861,19.8
2021,10,25,0,30,0,17.17950465,100,19.9,-1.1015,19.9
2021,10,25,0,40,0,17.07919834,100,19.8,-1.3619,19.8
2021,10,25,0,50,0,17.17950465,100,19.9,-1.3721,19.9
2021,10,25,1,0,0,16.90840636,99,19.8,-1.384,19.63798574
2021,10,25,1,10,0,17.07919834,100,19.8,-1.1767,19.8
2021,10,25,1,20,0,16.97939886,100,19.7,-1.0331,19.7
2021,10,25,1,30,0,16.97939886,100,19.7,-1.0757,19.7
2021,10,25,1,40,0,17.07919834,100,19.8,-1.0077,19.8
2021,10,25,1,50,0,17.07919834,100,19.8,-1.0737,19.8
2021,10,25,2,0,0,17.07919834,100,19.8,-1.0509,19.8
2021,10,25,2,10,0,17.07919834,100,19.8,-1.4144,19.8
2021,10,25,2,20,0,17.07919834,100,19.8,-1.2531,19.8
2021,10,25,2,30,0,16.97939886,100,19.7,-1.2986,19.7
2021,10,25,2,40,0,17.07919834,100,19.8,-1.235,19.8
2021,10,25,2,50,0,17.07919834,100,19.8,-1.197,19.8
2021,10,25,3,0,0,17.07919834,100,19.8,-1.2355,19.8
2021,10,25,3,10,0,17.07919834,100,19.8,-0.9209,19.8
2021,10,25,3,20,0,17.07919834,100,19.8,-1.0487,19.8
2021,10,25,3,30,0,17.17950465,100,19.9,-1.1564,19.9
2021,10,25,23,20,0,14.99711022,80,21.4,-5.428,17.80623366
2021,10,25,23,30,0,14.41290862,76,21.6,-4.9806,17.18736204
2021,10,25,23,40,0,14.43471858,77,21.4,-4.6256,17.20053601
2021,10,25,23,50,0,14.43471858,77,21.4,-5.2928,17.20053601
2021,10,26,0,0,0,14.60255216,77,21.6,-3.9395,17.39417667
2021,10,26,0,10,0,14.30561601,75,21.7,-4.01,17.07465247
2021,10,26,0,20,0,14.49635756,76,21.7,-4.6049,17.28402548
2021,10,26,0,30,0,14.36107574,74,22,-6.5099,17.15185171
2021,10,26,0,40,0,14.16700714,73,22,-4.8388,16.93700625
2021,10,26,0,50,0,14.24877394,73,22.1,-4.6111,17.03318848
2021,10,26,1,0,0,14.47155392,75,21.9,-3.9727,17.26766188
2021,10,26,1,10,0,14.60255216,77,21.6,-4.0933,17.39417667
2021,10,26,1,20,0,14.77206848,77,21.8,-4.7282,17.58781259
2021,10,26,1,30,0,14.6870991,77,21.7,-5.9474,17.49099522
2021,10,26,1,40,0,14.87784065,78,21.7,-5.3531,17.69562022
2021,10,26,1,50,0,14.79219569,78,21.6,-6.1773,17.59864819
2021,10,26,2,0,0,14.87784065,78,21.7,-5.5994,17.69562022
2021,10,26,2,10,0,14.74921292,76,22,-5.8552,17.57400836
2021,10,26,2,20,0,14.74921292,76,22,-7.9162,17.57400836
2021,10,26,2,30,0,14.74921292,76,22,-6.1797,17.57400836
2021,10,26,2,40,0,14.74921292,76,22,-5.1691,17.57400836
2021,10,26,2,50,0,14.85746203,77,21.9,-4.3712,17.68462878
2021,10,26,3,0,0,14.94328151,77,22,-4.3622,17.78144379
2021,10,26,3,10,0,14.85746203,77,21.9,-4.3641,17.68462878
2021,10,26,3,20,0,14.74921292,76,22,-4.4237,17.57400836
2021,10,26,3,30,0,14.74921292,76,22,-5.7934,17.57400836
2021,10,26,19,30,0,14.96756898,72,23.2,-25.2075,17.8717047
2021,10,26,19,40,0,14.96756898,72,23.2,-25.5786,17.8717047
2021,10,26,19,50,0,15.08911335,73,23.1,-24.7091,17.99493323
2021,10,26,20,0,0,15.00319899,73,23,-25.4626,17.89876511
2021,10,26,20,10,0,15.1220592,74,22.9,-23.8476,18.01888756
2021,10,26,20,20,0,15.32641135,75,22.9,-24.8854,18.23263116
2021,10,26,20,30,0,15.23900942,75,22.8,-23.526,18.13614006
2021,10,26,23,10,0,15.2663685,76,22.6,-22.9349,18.15394065
2021,10,26,23,20,0,15.17910453,76,22.5,-22.9028,18.05728837
2021,10,26,23,30,0,15.17910453,76,22.5,-16.8408,18.05728837
2021,10,26,23,40,0,15.2663685,76,22.6,-16.2877,18.15394065
2021,10,26,23,50,0,15.2663685,76,22.6,-20.1999,18.15394065
2021,10,27,0,0,0,15.09227145,76,22.4,-21.101,17.96063485
2021,10,27,0,10,0,15.29085397,77,22.4,-20.105,18.16869197
2021,10,27,0,20,0,15.29085397,77,22.4,-14.6464,18.16869197
2021,10,27,0,30,0,15.20331313,77,22.3,-14.447,18.0718817
2021,10,27,0,40,0,15.40075876,78,22.3,-18.4405,18.27742875
2021,10,27,0,50,0,15.31251965,78,22.2,-14.2318,18.18046348
2021,10,27,1,0,0,15.31251965,78,22.2,-16.3016,18.18046348
2021,10,27,1,10,0,15.11620529,77,22.2,-15.8266,17.97507024
2021,10,27,1,20,0,14.89368893,75,22.4,-16.5438,17.75016272
2021,10,27,1,30,0,14.97937947,75,22.5,-18.7053,17.846659
2021,10,27,1,40,0,14.97937947,75,22.5,-15.0186,17.846659
2021,10,27,1,50,0,15.06549523,75,22.6,-21.3082,17.94315398
2021,10,27,2,0,0,15.17910453,76,22.5,-21.8937,18.05728837
2021,10,27,2,10,0,15.09227145,76,22.4,-20.1485,17.96063485
2021,10,27,2,20,0,15.09227145,76,22.4,-21.4352,17.96063485
2021,10,27,2,30,0,15.00586751,76,22.3,-21.8038,17.86398008
2021,10,27,2,40,0,14.80842188,75,22.3,-23.3859,17.65366514
2021,10,27,2,50,0,14.80842188,75,22.3,-24.797,17.65366514
2021,10,27,3,0,0,14.91989094,76,22.2,-24.6843,17.76732408
2021,10,27,3,10,0,15.02952867,77,22.1,-23.5069,17.87825761
2021,10,27,3,20,0,14.91989094,76,22.2,-23.6533,17.76732408
2021,10,27,3,30,0,14.91989094,76,22.2,-18.9205,17.76732408
2021,10,27,19,30,0,14.06112888,70,22.6,-17.3035,16.85071755
2021,10,27,19,40,0,13.98075417,70,22.5,-20.0283,16.75503575
2021,10,27,19,50,0,14.18047923,71,22.5,-22.0624,16.97871541
2021,10,27,20,0,0,14.21608501,72,22.3,-23.3178,17.00761783
2021,10,27,20,10,0,14.21608501,72,22.3,-24.8758,17.00761783
2021,10,27,20,20,0,14.13463352,72,22.2,-23.7639,16.91160083
2021,10,27,20,30,0,14.13463352,72,22.2,-24.5323,16.91160083
2021,10,27,20,40,0,14.05358525,72,22.1,-25.3815,16.81558236
2021,10,27,20,50,0,14.05358525,72,22.1,-25.5117,16.81558236
2021,10,27,21,0,0,14.05358525,72,22.1,-25.3886,16.81558236
2021,10,27,21,10,0,14.16700714,73,22,-24.6913,16.93700625
2021,10,27,21,20,0,13.97293855,72,22,-24.1929,16.71956243
2021,10,27,21,30,0,13.89269177,72,21.9,-24.4352,16.62354102
2021,10,27,21,40,0,13.97293855,72,22,-23.4367,16.71956243
2021,10,27,21,50,0,13.89269177,72,21.9,-23.6108,16.62354102
2021,10,27,22,0,0,13.89269177,72,21.9,-23.0736,16.62354102
2021,10,27,22,10,0,14.0046883,73,21.8,-23.1017,16.74463754
2021,10,27,22,20,0,14.0046883,73,21.8,-23.726,16.74463754
2021,10,27,22,30,0,13.89269177,72,21.9,-24.1565,16.62354102
2021,10,27,22,40,0,13.73339137,72,21.7,-22.4946,16.4314938
2021,10,27,22,50,0,13.81284325,72,21.8,-23.6619,16.52751815
2021,10,27,23,0,0,13.73339137,72,21.7,-23.9325,16.4314938
2021,10,27,23,10,0,13.62099821,71,21.8,-22.4552,16.3077356
2021,10,27,23,20,0,13.73339137,72,21.7,-13.7662,16.4314938
2021,10,27,23,30,0,13.50678366,70,21.9,-10.912,16.18091162
2021,10,27,23,40,0,13.50678366,70,21.9,-9.7036,16.18091162
2021,10,27,23,50,0,13.31382961,69,21.9,-11.8465,15.95541833
2021,10,28,0,0,0,13.12087556,68,21.9,-14.0374,15.72703724
2021,10,28,0,10,0,13.23730812,69,21.8,-21.206,15.8598933
2021,10,28,0,20,0,13.23730812,69,21.8,-22.6231,15.8598933
2021,10,28,0,30,0,13.23730812,69,21.8,-22.7353,15.8598933
2021,10,28,0,40,0,13.04546307,68,21.8,-23.1008,15.63168209
2021,10,28,0,50,0,13.16116673,69,21.7,-22.4687,15.76436662
2021,10,28,1,0,0,13.04546307,68,21.8,-22.3818,15.63168209
2021,10,28,1,10,0,13.16116673,69,21.7,-14.7202,15.76436662
2021,10,28,1,20,0,13.23730812,69,21.8,-8.5392,15.8598933
2021,10,28,1,30,0,13.12087556,68,21.9,-12.6234,15.72703724
2021,10,28,1,40,0,13.12087556,68,21.9,-22.6745,15.72703724
2021,10,28,1,50,0,12.97042518,68,21.7,-25.0139,15.53632523
2021,10,28,2,0,0,13.08540388,69,21.6,-18.0003,15.66883829
2021,10,28,2,10,0,12.97042518,68,21.7,-11.9384,15.53632523
2021,10,28,2,20,0,13.04546307,68,21.8,-21.4226,15.63168209
2021,10,28,2,30,0,12.89576035,68,21.6,-22.8284,15.44096667
2021,10,28,2,40,0,12.97042518,68,21.7,-22.3795,15.53632523
2021,10,28,2,50,0,12.97042518,68,21.7,-18.8577,15.53632523
2021,10,28,3,0,0,12.97042518,68,21.7,-13.852,15.53632523
2021,10,28,3,10,0,12.89576035,68,21.6,-13.9008,15.44096667
2021,10,28,3,20,0,12.89576035,68,21.6,-16.8123,15.44096667
2021,10,28,3,30,0,13.16116673,69,21.7,-11.9439,15.76436662
2021,10,28,19,30,0,11.8259759,62,21.7,-27.4147,14.10275011
2021,10,28,19,40,0,11.77019719,61,21.9,-28.4486,14.0402682
2021,10,29,0,0,0,12.16929382,68,20.6,-24.6627,14.48728711
2021,10,29,0,10,0,12.20521241,69,20.4,-22.403,14.52236994
2021,10,29,0,20,0,12.34096888,71,20.1,-24.7086,14.67790152
2021,10,29,0,30,0,12.23844016,70,20.2,-22.8015,14.55391629
2021,10,29,0,40,0,12.20521241,69,20.4,-24.3244,14.52236994
2021,10,29,0,50,0,12.3100887,70,20.3,-24.9326,14.6496346
2021,10,29,1,0,0,12.38209955,70,20.4,-23.3931,14.74535132
2021,10,29,1,10,0,12.45447422,70,20.5,-22.9332,14.84106645
2021,10,29,1,20,0,12.48594711,71,20.3,-24.3779,14.86966963
2021,10,29,1,30,0,12.51478534,72,20.1,-24.1668,14.89490448
2021,10,29,1,40,0,13.11261446,75,20.2,-23.9629,15.6269166
2021,10,29,1,50,0,13.89281439,79,20.3,-22.9397,16.5381244
2021,10,29,2,0,0,14.42038962,82,20.3,-20.7508,17.12570248
2021,10,29,2,10,0,14.77210644,84,20.3,-26.2197,17.5070276
2021,10,29,2,20,0,14.94796485,85,20.3,-18.1944,17.694712
2021,10,29,2,30,0,14.85851946,84,20.4,-19.5374,17.60489866
2021,10,29,2,40,0,14.68163232,83,20.4,-14.9372,17.41510009
2021,10,29,2,50,0,14.67473667,82,20.6,-9.4936,17.41844626
2021,10,29,3,0,0,14.76037618,82,20.7,-4.1571,17.5160257
2021,10,29,3,10,0,14.67473667,82,20.6,-3.7726,17.41844626
2021,10,29,3,20,0,14.49577647,81,20.6,-3.7575,17.22427393
2021,10,29,3,30,0,14.400367,80,20.7,-4.1098,17.12527123
2021,10,29,19,30,0,12.44436505,66,21.5,-15.6278,14.88123791
2021,10,29,19,40,0,12.56007981,67,21.4,-15.5317,15.01975394
2021,10,29,19,50,0,12.60080083,68,21.2,-20.5315,15.05951533
2021,10,29,20,0,0,12.60080083,68,21.2,-18.8719,15.05951533
2021,10,29,20,10,0,12.71221326,69,21.1,-17.1672,15.19117197
2021,10,29,20,20,0,12.82185844,70,21,-16.9144,15.31961829
2021,10,29,20,30,0,12.67379643,70,20.8,-15.8769,15.12820232
2021,10,29,20,40,0,12.67379643,70,20.8,-15.9035,15.12820232
2021,10,29,20,50,0,12.67379643,70,20.8,-15.0863,15.12820232
2021,10,29,21,0,0,12.74764169,70,20.9,-14.9098,15.2239111
2021,10,29,21,10,0,12.74764169,70,20.9,-16.0419,15.2239111
2021,10,29,21,20,0,12.85485067,71,20.8,-16.8532,15.34906316
2021,10,29,21,30,0,12.78032571,71,20.7,-18.2905,15.25318751
2021,10,29,21,40,0,13.0359049,72,20.8,-18.0965,15.5672086
2021,10,29,21,50,0,13.11186002,72,20.9,-19.632,15.66324616
2021,10,29,22,0,0,13.0359049,72,20.8,-20.1904,15.5672086
2021,10,29,22,10,0,13.11186002,72,20.9,-20.1147,15.66324616
2021,10,29,22,20,0,13.00502784,71,21,-18.4171,15.54080987
2021,10,29,22,30,0,13.11186002,72,20.9,-10.1156,15.66324616
2021,10,29,22,40,0,13.26491818,72,21.1,-7.6062,15.85531689
2021,10,29,22,50,0,13.26491818,72,21.1,-8.0142,15.85531689
2021,10,29,23,0,0,13.37136666,73,21,-19.1222,15.97510628
2021,10,29,23,10,0,13.11186002,72,20.9,-18.6516,15.66324616
2021,10,29,23,20,0,13.21695914,73,20.8,-12.3436,15.78270936
2021,10,29,23,30,0,13.21695914,73,20.8,-14.1045,15.78270936
2021,10,29,23,40,0,13.44915316,73,21.1,-12.7455,16.07130263
2021,10,29,23,50,0,13.44915316,73,21.1,-16.3504,16.07130263
2021,10,30,0,0,0,13.55453606,74,21,-20.8178,16.18834997
2021,10,30,0,10,0,13.5790676,75,20.8,-16.5294,16.20604595
2021,10,30,0,20,0,13.60097545,76,20.6,-12.278,16.22065946
2021,10,30,0,30,0,13.68034865,76,20.7,-10.7256,16.3173353
2021,10,30,0,40,0,13.69992164,77,20.5,-7.8091,16.32909445
2021,10,30,0,50,0,13.79719664,78,20.4,-7.075,16.4348958
2021,10,30,1,0,0,13.86035324,77,20.7,-12.904,16.52275642
2021,10,30,1,10,0,14.04035783,78,20.7,-9.1073,16.72584912
2021,10,30,1,20,0,13.95889586,78,20.6,-8.2649,16.62886581
2021,10,30,1,30,0,14.04035783,78,20.7,-11.3903,16.72584912
2021,10,30,1,40,0,14.04035783,78,20.7,-13.9567,16.72584912
2021,10,30,1,50,0,14.04035783,78,20.7,-11.4612,16.72584912
2021,10,30,2,0,0,14.22036241,79,20.7,-11.3954,16.92666941
2021,10,30,2,10,0,14.12223031,78,20.8,-11.1007,16.82283131
2021,10,30,2,20,0,14.22036241,79,20.7,-9.1292,16.92666941
2021,10,30,2,30,0,14.12223031,78,20.8,-14.9984,16.82283131
2021,10,30,2,40,0,14.12223031,78,20.8,-11.2362,16.82283131
2021,10,30,2,50,0,14.12223031,78,20.8,-8.6229,16.82283131
2021,10,30,3,0,0,14.02240586,77,20.9,-12.196,16.71641365
2021,10,30,3,10,0,14.20451502,78,20.9,-8.0412,16.91981237
2021,10,30,3,20,0,14.10404428,77,21,-7.6067,16.81324049
2021,10,30,3,30,0,14.10404428,77,21,-6.7911,16.81324049
2021,10,30,19,30,0,14.27859987,74,21.9,-5.1435,17.05550762
2021,10,30,19,40,0,14.27859987,74,21.9,-4.9598,17.05550762
2021,10,30,19,50,0,14.27859987,74,21.9,-6.1785,17.05550762
2021,10,30,20,0,0,14.08564582,73,21.9,-5.3758,16.8408226
2021,10,30,20,10,0,14.08564582,73,21.9,-6.062,16.8408226
2021,10,30,20,20,0,14.0046883,73,21.8,-9.6357,16.74463754
2021,10,30,20,30,0,13.73339137,72,21.7,-6.4379,16.4314938
2021,10,30,20,40,0,13.81284325,72,21.8,-5.5094,16.52751815
2021,10,30,20,50,0,13.62099821,71,21.8,-5.3582,16.3077356
2021,10,30,21,0,0,13.73339137,72,21.7,-6.2452,16.4314938
2021,10,30,21,10,0,13.73339137,72,21.7,-8.0484,16.4314938
2021,10,30,21,20,0,13.73339137,72,21.7,-7.174,16.4314938
2021,10,30,21,30,0,13.65433449,72,21.6,-9.1396,16.33546799
2021,10,30,21,40,0,13.27504742,70,21.6,-10.7263,15.89382812
2021,10,30,21,50,0,13.46469095,71,21.6,-23.9282,16.11601334
2021,10,30,22,0,0,13.60589974,73,21.3,-22.618,16.26369109
2021,10,30,22,10,0,13.7126362,74,21.2,-22.8781,16.38106114
2021,10,30,22,20,0,13.76012184,76,20.8,-23.5532,16.4140099
2021,10,30,22,30,0,13.47607835,74,20.9,-21.1942,16.09199235
2021,10,30,22,40,0,13.65818752,75,20.9,-11.48,16.30256298
2021,10,30,22,50,0,13.47607835,74,20.9,-15.6392,16.09199235
2021,10,30,23,0,0,13.44915316,73,21.1,-13.2061,16.07130263
2021,10,30,23,10,0,13.34202441,72,21.2,-16.3236,15.95135005
2021,10,30,23,20,0,13.34202441,72,21.2,-22.455,15.95135005
2021,10,30,23,30,0,13.26491818,72,21.1,-23.9844,15.85531689
2021,10,30,23,40,0,13.34202441,72,21.2,-25.3477,15.95135005
2021,10,30,23,50,0,13.26491818,72,21.1,-25.0056,15.85531689
2021,10,31,0,0,0,13.29396919,73,20.9,-23.1403,15.87890852
2021,10,31,0,10,0,13.32033948,74,20.7,-23.1456,15.89927305
2021,10,31,0,20,0,13.42201525,75,20.6,-23.218,16.01300802
2021,10,31,0,30,0,13.44342237,76,20.4,-22.2017,16.02730407
2021,10,31,0,40,0,13.63711904,78,20.2,-20.9039,16.24092128
2021,10,31,0,50,0,13.55768412,78,20.1,-20.5957,16.14393233
2021,10,31,1,0,0,13.74360372,80,19.9,-18.8997,16.3469674
2021,10,31,1,10,0,13.57180867,79,19.9,-17.2859,16.14956223
2021,10,31,1,20,0,13.55768412,78,20.1,-21.1823,16.14393233
2021,10,31,1,30,0,13.46228418,77,20.2,-22.7854,16.03859263
2021,10,31,1,40,0,13.46228418,77,20.2,-19.1764,16.03859263
2021,10,31,1,50,0,13.47864954,78,20,-17.8558,16.04694225
2021,10,31,2,0,0,13.46228418,77,20.2,-18.5361,16.03859263
2021,10,31,2,10,0,13.55768412,78,20.1,-19.3328,16.14393233
2021,10,31,2,20,0,13.65145274,79,20,-22.7637,16.24670439
2021,10,31,2,30,0,13.65145274,79,20,-20.3255,16.24670439
2021,10,31,2,40,0,13.82425594,80,20,-23.4918,16.44425894
2021,10,31,2,50,0,13.82425594,80,20,-22.7817,16.44425894
2021,10,31,3,0,0,13.82425594,80,20,-22.2274,16.44425894
2021,10,31,3,10,0,13.82425594,80,20,-22.1477,16.44425894
2021,10,31,3,20,0,13.99705914,81,20,-23.2216,16.63965768
2021,10,31,3,30,0,13.82425594,80,20,-22.0087,16.44425894
2021,10,31,19,30,0,15.96014665,79,22.7,-13.4492,18.86913706
2021,10,31,19,40,0,16.16217383,80,22.7,-15.2232,19.07074589
2021,10,31,19,50,0,15.86898831,79,22.6,-18.413,18.77202386
2021,10,31,20,0,0,16.06986158,80,22.6,-11.6997,18.97348183
2021,10,31,20,10,0,16.06986158,80,22.6,-15.1186,18.97348183
2021,10,31,20,20,0,16.06986158,80,22.6,-17.296,18.97348183
2021,10,31,20,30,0,15.97800477,80,22.5,-16.7557,18.87621674
2021,10,31,20,40,0,15.97800477,80,22.5,-13.5346,18.87621674
2021,10,31,20,50,0,15.77827971,79,22.5,-10.1898,18.6749096
2021,10,31,21,0,0,15.77827971,79,22.5,-12.3101,18.6749096
2021,10,31,21,10,0,15.57855465,78,22.5,-21.3939,18.47135591
2021,10,31,21,20,0,15.57855465,78,22.5,-23.7477,18.47135591
2021,10,31,21,30,0,15.57855465,78,22.5,-23.327,18.47135591
2021,10,31,21,40,0,15.48943649,78,22.4,-19.0726,18.37439289
2021,10,31,21,50,0,15.57855465,78,22.5,-12.301,18.47135591
2021,10,31,22,0,0,15.37882959,77,22.5,-14.2019,18.26550106
2021,10,31,22,10,0,15.17910453,76,22.5,-12.3026,18.05728837
2021,10,31,22,20,0,15.17910453,76,22.5,-12.0171,18.05728837
2021,10,31,22,30,0,15.17910453,76,22.5,-12.6843,18.05728837
2021,10,31,22,40,0,15.06549523,75,22.6,-13.0666,17.94315398
2021,10,31,22,50,0,14.86462196,74,22.6,-15.8879,17.72988778
2021,10,31,23,0,0,14.97937947,75,22.5,-16.8801,17.846659
2021,10,31,23,10,0,14.77965441,74,22.5,-14.663,17.63355182
2021,10,31,23,20,0,14.97937947,75,22.5,-12.7842,17.846659
2021,10,31,23,30,0,14.89368893,75,22.4,-12.2808,17.75016272
2021,10,31,23,40,0,14.89368893,75,22.4,-10.9147,17.75016272
2021,10,31,23,50,0,14.89368893,75,22.4,-10.9334,17.75016272
2021,11,1,0,0,0,14.89368893,75,22.4,-12.0729,17.75016272
2021,11,1,0,10,0,14.80842188,75,22.3,-11.9838,17.65366514
2021,11,1,0,20,0,14.91989094,76,22.2,-11.5318,17.76732408
2021,11,1,0,30,0,14.91989094,76,22.2,-13.3658,17.76732408
2021,11,1,0,40,0,14.91989094,76,22.2,-12.8646,17.76732408
2021,11,1,0,50,0,14.83433999,76,22.1,-12.7057,17.67066684
2021,11,1,1,0,0,14.72357658,75,22.2,-10.8619,17.55716627
2021,11,1,1,10,0,14.63915131,75,22.1,-16.8592,17.4606661
2021,11,1,1,20,0,14.55514433,75,22,-16.1654,17.36416464
2021,11,1,1,30,0,14.55514433,75,22,-14.1783,17.36416464
2021,11,1,1,40,0,14.55514433,75,22,-15.3475,17.36416464
2021,11,1,1,50,0,14.74921292,76,22,-18.0062,17.57400836
2021,11,1,2,0,0,14.74921292,76,22,-22.2103,17.57400836
2021,11,1,2,10,0,14.85746203,77,21.9,-22.599,17.68462878
2021,11,1,2,20,0,14.85746203,77,21.9,-14.0082,17.68462878
2021,11,1,2,30,0,14.74921292,76,22,-11.9655,17.57400836
2021,11,1,2,40,0,14.74921292,76,22,-11.2351,17.57400836
2021,11,1,2,50,0,14.74921292,76,22,-10.8528,17.57400836
2021,11,1,3,0,0,14.55514433,75,22,-10.3645,17.36416464
2021,11,1,3,10,0,14.55514433,75,22,-8.7424,17.36416464
2021,11,1,3,20,0,14.55514433,75,22,-9.1052,17.36416464
2021,11,1,3,30,0,14.55514433,75,22,-9.5746,17.36416464
2021,11,1,22,50,0,13.16116673,69,21.7,-21.5961,15.76436662
2021,11,1,23,0,0,13.27504742,70,21.6,-21.9477,15.89382812
2021,11,1,23,10,0,13.198569,70,21.5,-21.9194,15.79813045
2021,11,1,23,20,0,13.38711998,71,21.5,-24.3793,16.02014991
2021,11,1,23,30,0,13.30993532,71,21.4,-23.7722,15.92428496
2021,11,1,23,40,0,13.34202441,72,21.2,-23.7331,15.95135005
2021,11,1,23,50,0,13.34202441,72,21.2,-24.1494,15.95135005
2021,11,2,0,0,0,13.26491818,72,21.1,-24.5533,15.85531689
2021,11,2,0,10,0,13.15671852,71,21.2,-24.6906,15.73255047
2021,11,2,0,20,0,13.04675317,70,21.3,-24.5103,15.60673035
2021,11,2,0,30,0,12.97141262,70,21.2,-23.7317,15.51102792
2021,11,2,0,40,0,13.00502784,71,21,-23.8033,15.54080987
2021,11,2,0,50,0,13.00502784,71,21,-23.3053,15.54080987
2021,11,2,1,0,0,12.82185844,70,21,-23.9749,15.31961829
2021,11,2,1,10,0,12.82185844,70,21,-23.1971,15.31961829
2021,11,2,1,20,0,12.92975085,71,20.9,-24.2585,15.44493728
2021,11,2,1,30,0,12.82185844,70,21,-24.3873,15.31961829
2021,11,2,1,40,0,13.08068321,71,21.1,-23.3044,15.63668094
2021,11,2,1,50,0,13.00502784,71,21,-23.8029,15.54080987
2021,11,2,2,0,0,13.08068321,71,21.1,-23.3529,15.63668094
2021,11,2,2,10,0,13.18819725,72,21,-23.4336,15.75928226
2021,11,2,2,20,0,13.21695914,73,20.8,-22.3953,15.78270936
2021,11,2,2,30,0,13.37136666,73,21,-21.9552,15.97510628
2021,11,2,2,40,0,13.37136666,73,21,-21.21,15.97510628
2021,11,2,2,50,0,13.37136666,73,21,-12.5889,15.97510628
2021,11,2,3,0,0,13.55453606,74,21,-12.2246,16.18834997
2021,11,2,3,10,0,13.63338813,74,21.1,-11.1647,16.28470623
2021,11,2,3,20,0,13.63338813,74,21.1,-8.0531,16.28470623
2021,11,2,3,30,0,13.63338813,74,21.1,-7.431,16.28470623
2021,11,2,19,30,0,14.74921292,76,22,-11.3776,17.57400836
2021,11,2,19,40,0,14.74921292,76,22,-9.9323,17.57400836
2021,11,2,19,50,0,14.94328151,77,22,-10.0838,17.78144379
2021,11,2,20,0,0,14.63915131,75,22.1,-9.9147,17.4606661
2021,11,2,20,10,0,14.63915131,75,22.1,-9.756,17.4606661
2021,11,2,20,20,0,14.63915131,75,22.1,-9.6142,17.4606661
2021,11,2,20,30,0,14.63915131,75,22.1,-9.571,17.4606661
2021,11,2,20,40,0,14.63915131,75,22.1,-9.621,17.4606661
2021,11,2,20,50,0,14.63915131,75,22.1,-10.9104,17.4606661
2021,11,2,21,0,0,14.38020429,72,22.5,-14.9831,17.19964741
2021,11,2,21,10,0,14.29794138,72,22.4,-14.2898,17.10363336
2021,11,2,21,20,0,14.21608501,72,22.3,-12.6035,17.00761783
2021,11,2,21,30,0,14.01863938,71,22.3,-11.2294,16.78701453
2021,11,2,21,40,0,14.01863938,71,22.3,-10.7739,16.78701453
2021,11,2,21,50,0,14.21608501,72,22.3,-11.1027,17.00761783
2021,11,2,22,0,0,14.33094788,73,22.2,-9.8589,17.1293693
2021,11,2,22,10,0,14.44396262,74,22.1,-10.7961,17.24819444
2021,11,2,22,20,0,14.55514433,75,22,-11.2227,17.36416464
2021,11,2,22,30,0,14.74921292,76,22,-11.7562,17.57400836
2021,11,2,22,40,0,14.74921292,76,22,-9.8356,17.57400836
2021,11,2,22,50,0,14.74921292,76,22,-9.7321,17.57400836
2021,11,2,23,0,0,14.94328151,77,22,-9.8962,17.78144379
2021,11,2,23,10,0,15.02952867,77,22.1,-11.9738,17.87825761
2021,11,2,23,20,0,14.85746203,77,21.9,-16.7941,17.68462878
2021,11,2,23,30,0,14.85746203,77,21.9,-15.3971,17.68462878
2021,11,2,23,40,0,14.66450798,76,21.9,-11.4112,17.47734864
2021,11,2,23,50,0,14.55514433,75,22,-11.7539,17.36416464
2021,11,3,0,0,0,14.33094788,73,22.2,-9.7917,17.1293693
2021,11,3,0,10,0,14.33094788,73,22.2,-9.3222,17.1293693
2021,11,3,0,20,0,14.33094788,73,22.2,-9.6066,17.1293693
2021,11,3,0,30,0,14.33094788,73,22.2,-9.26,17.1293693
2021,11,3,0,40,0,14.52726223,74,22.2,-9.3571,17.34453581
2021,11,3,0,50,0,14.44396262,74,22.1,-9.0572,17.24819444
2021,11,3,1,0,0,14.63915131,75,22.1,-10.0349,17.4606661
2021,11,3,1,10,0,14.47155392,75,21.9,-11.2344,17.26766188
2021,11,3,1,20,0,14.66450798,76,21.9,-10.1405,17.47734864
2021,11,3,1,30,0,14.66450798,76,21.9,-11.7833,17.47734864
2021,11,3,1,40,0,14.66450798,76,21.9,-12.5637,17.47734864
2021,11,3,1,50,0,14.66450798,76,21.9,-11.3551,17.47734864
2021,11,3,2,0,0,14.66450798,76,21.9,-13.5968,17.47734864
2021,11,3,2,10,0,14.47155392,75,21.9,-16.2081,17.26766188
2021,11,3,2,20,0,14.66450798,76,21.9,-15.3243,17.47734864
2021,11,3,2,30,0,14.47155392,75,21.9,-15.6078,17.26766188
2021,11,3,2,40,0,14.63915131,75,22.1,-13.9649,17.4606661
2021,11,3,2,50,0,14.44396262,74,22.1,-13.7644,17.24819444
2021,11,3,3,0,0,14.44396262,74,22.1,-16.4931,17.24819444
2021,11,3,3,10,0,14.41353063,73,22.3,-19.4227,17.22554872
2021,11,3,3,20,0,14.52726223,74,22.2,-18.4137,17.34453581
2021,11,3,3,30,0,14.63915131,75,22.1,-16.7272,17.4606661
2021,11,3,19,30,0,14.66450798,76,21.9,-8.3073,17.47734864
2021,11,3,19,40,0,14.77206848,77,21.8,-8.4061,17.58781259
2021,11,3,19,50,0,14.77206848,77,21.8,-8.4815,17.58781259
2021,11,3,20,0,0,14.87784065,78,21.7,-8.8195,17.69562022
2021,11,3,20,10,0,14.96391352,78,21.8,-8.5043,17.79259113
2021,11,3,20,20,0,14.96391352,78,21.8,-8.4363,17.79259113
2021,11,3,20,30,0,14.96391352,78,21.8,-12.3146,17.79259113
2021,11,3,20,40,0,14.96391352,78,21.8,-9.3483,17.79259113
2021,11,3,20,50,0,14.94328151,77,22,-9.9746,17.78144379
2021,11,3,21,0,0,14.83433999,76,22.1,-10.804,17.67066684
2021,11,3,21,10,0,14.91989094,76,22.2,-10.1093,17.76732408
2021,11,3,21,20,0,14.83433999,76,22.1,-9.2836,17.67066684
2021,11,3,21,30,0,14.83433999,76,22.1,-12.2546,17.67066684
2021,11,3,21,40,0,14.83433999,76,22.1,-20.0193,17.67066684
2021,11,3,21,50,0,14.74921292,76,22,-23.0745,17.57400836
2021,11,3,22,0,0,14.94328151,77,22,-22.7,17.78144379
2021,11,3,22,10,0,14.85746203,77,21.9,-23.2423,17.68462878
2021,11,3,22,20,0,14.66450798,76,21.9,-22.9887,17.47734864
2021,11,3,22,30,0,14.66450798,76,21.9,-22.4044,17.47734864
2021,11,3,22,40,0,14.85746203,77,21.9,-17.6,17.68462878
2021,11,3,22,50,0,14.85746203,77,21.9,-14.7612,17.68462878
2021,11,3,23,0,0,14.74921292,76,22,-10.5157,17.57400836
2021,11,3,23,10,0,14.74921292,76,22,-11.4594,17.57400836
2021,11,3,23,20,0,14.74921292,76,22,-12.865,17.57400836
2021,11,3,23,30,0,14.74921292,76,22,-12.1927,17.57400836
2021,11,3,23,40,0,14.83433999,76,22.1,-13.5686,17.67066684
2021,11,3,23,50,0,14.72357658,75,22.2,-10.6879,17.55716627
2021,11,4,0,0,0,14.72357658,75,22.2,-8.7169,17.55716627
2021,11,4,0,10,0,14.72357658,75,22.2,-8.2914,17.55716627
2021,11,4,0,20,0,14.72357658,75,22.2,-7.7854,17.55716627
2021,11,4,0,30,0,14.80842188,75,22.3,-5.6899,17.65366514
2021,11,4,0,40,0,14.89368893,75,22.4,-5.1117,17.75016272
2021,11,4,0,50,0,14.89368893,75,22.4,-7.1903,17.75016272
2021,11,4,1,0,0,14.80842188,75,22.3,-4.6765,17.65366514
2021,11,4,1,10,0,14.80842188,75,22.3,-4.488,17.65366514
2021,11,4,1,20,0,14.80842188,75,22.3,-4.9362,17.65366514
2021,11,4,1,30,0,14.80842188,75,22.3,-5.2971,17.65366514
2021,11,4,1,40,0,14.80842188,75,22.3,-4.0267,17.65366514
2021,11,4,1,50,0,15.00586751,76,22.3,-4.946,17.86398008
2021,11,4,2,0,0,15.00586751,76,22.3,-3.1722,17.86398008
2021,11,4,2,10,0,15.09227145,76,22.4,-4.526,17.96063485
2021,11,4,2,20,0,15.00586751,76,22.3,-4.5194,17.86398008
2021,11,4,2,30,0,15.00586751,76,22.3,-4.5303,17.86398008
2021,11,4,2,40,0,15.09227145,76,22.4,-4.8611,17.96063485
2021,11,4,2,50,0,15.09227145,76,22.4,-4.4203,17.96063485
2021,11,4,3,0,0,15.00586751,76,22.3,-6.0977,17.86398008
2021,11,4,3,10,0,15.00586751,76,22.3,-6.8663,17.86398008
2021,11,4,3,20,0,15.20331313,77,22.3,-5.0347,18.0718817
2021,11,4,3,30,0,15.20331313,77,22.3,-6.0613,18.0718817
2021,11,4,23,10,0,16.68989883,86,22,-20.6929,19.54899917
2021,11,4,23,20,0,16.68989883,86,22,-20.565,19.54899917
2021,11,4,23,30,0,16.68989883,86,22,-20.4486,19.54899917
2021,11,4,23,40,0,16.68989883,86,22,-21.1255,19.54899917
2021,11,4,23,50,0,16.68989883,86,22,-20.5318,19.54899917
2021,11,5,0,0,0,16.68989883,86,22,-20.2493,19.54899917
2021,11,5,0,10,0,16.68989883,86,22,-20.8022,19.54899917
2021,11,5,0,20,0,16.78622683,86,22.1,-20.2614,19.64714171
2021,11,5,0,30,0,16.49583024,85,22,-20.496,19.36083785
2021,11,5,0,40,0,16.68989883,86,22,-19.8184,19.54899917
2021,11,5,0,50,0,16.5940485,86,21.9,-19.6197,19.45085594
2021,11,5,1,0,0,16.59451457,87,21.7,-20.697,19.44039983
2021,11,5,1,10,0,16.59451457,87,21.7,-20.3755,19.44039983
2021,11,5,1,20,0,16.69051893,87,21.8,-19.1136,19.53868484
2021,11,5,1,30,0,16.59451457,87,21.7,-18.432,19.44039983
2021,11,5,1,40,0,16.59451457,87,21.7,-19.0256,19.44039983
2021,11,5,1,50,0,16.68863104,88,21.6,-19.7229,19.52594505
2021,11,5,2,0,0,16.59248674,88,21.5,-18.7819,19.42751978
2021,11,5,2,10,0,16.68863104,88,21.6,-18.8977,19.52594505
2021,11,5,2,20,0,16.59248674,88,21.5,-18.2917,19.42751978
2021,11,5,2,30,0,16.68428512,89,21.4,-19.3354,19.51082792
2021,11,5,2,40,0,16.87174899,90,21.4,-18.78,19.69078125
2021,11,5,2,50,0,16.96958871,90,21.5,-18.8246,19.78948114
2021,11,5,3,0,0,16.77439694,90,21.3,-16.9541,19.59208087
2021,11,5,3,10,0,17.4187541,94,21.2,-16.9052,20.19504536
2021,11,5,3,20,0,17.76743241,97,21,-16.4638,20.50508455
2021,11,5,3,30,0,17.78936588,96,21.2,-17.8046,20.53611941
2021,11,5,19,30,0,18.39406614,86,23.7,-8.1225,21.21732747
2021,11,5,19,40,0,18.49882128,86,23.8,-13.5432,21.31545816
2021,11,5,19,50,0,18.60735961,89,23.3,-18.1922,21.38344178
2021,11,5,20,0,0,18.91734413,91,23.2,-13.313,21.64795447
2021,11,5,20,10,0,19.02550253,91,23.3,-14.6472,21.74678159
2021,11,5,20,20,0,19.134194,91,23.4,-13.8232,21.84560827
2021,11,5,20,30,0,18.60902222,88,23.5,-11.629,21.39591245
2021,11,5,20,40,0,18.71516776,88,23.6,-17.5066,21.49432585
2021,11,5,20,50,0,18.82183512,88,23.7,-19.4994,21.59273866
2021,11,5,21,0,0,18.71392385,87,23.8,-12.3183,21.50424956
2021,11,5,21,10,0,18.82183512,88,23.7,-13.7726,21.59273866
2021,11,5,21,20,0,19.03571961,89,23.7,-10.5832,21.77765135
2021,11,5,21,30,0,19.03195455,90,23.5,-8.3574,21.76337578
2021,11,5,21,40,0,19.14051249,90,23.6,-7.9589,21.86206536
2021,11,5,21,50,0,19.24342071,91,23.5,-4.1712,21.9444345
2021,11,5,22,0,0,19.99120193,94,23.6,-7.365,22.5765804
2021,11,5,22,10,0,20.08928536,95,23.5,-9.8417,22.65168762
2021,11,5,22,20,0,20.48900272,98,23.3,-7.8133,22.96573303
2021,11,5,22,30,0,20.69807418,99,23.3,-4.947,23.13360477
2021,11,5,22,40,0,20.37252445,98,23.2,-5.7145,22.86598603
2021,11,5,22,50,0,20.27993127,97,23.3,-4.8289,22.79635626
2021,11,5,23,0,0,20.27993127,97,23.3,-9.7902,22.79635626
2021,11,5,23,10,0,20.27993127,97,23.3,-14.6355,22.79635626
2021,11,5,23,20,0,20.37252445,98,23.2,-18.3362,22.86598603
2021,11,5,23,30,0,20.46331811,99,23.1,-14.9851,22.93385669
2021,11,5,23,40,0,20.55232738,100,23,-10.7445,23
2021,11,5,23,50,0,20.20271728,100,22.7,-13.7178,22.7
2021,11,6,0,0,0,20.20271728,100,22.7,-7.3995,22.7
2021,11,6,0,10,0,20.08732697,100,22.6,-12.2073,22.6
2021,11,6,0,20,0,19.97250596,100,22.5,-18.4365,22.5
2021,11,6,0,30,0,17.88052482,87,23,-17.8758,20.71805462
2021,11,6,0,40,0,17.87792962,86,23.2,-18.0566,20.72666358
2021,11,6,0,50,0,17.67004672,85,23.2,-17.8954,20.53679629
2021,11,6,1,0,0,17.67004672,85,23.2,-13.1473,20.53679629
2021,11,6,1,10,0,17.34022525,82,23.5,-15.6155,20.24788091
2021,11,6,1,20,0,17.24180118,82,23.4,-12.9455,20.15032693
2021,11,6,1,30,0,17.46216382,84,23.2,-13.1372,20.34496246
2021,11,6,1,40,0,17.56951555,85,23.1,-13.709,20.43880387
2021,11,6,1,50,0,17.56951555,85,23.1,-15.5529,20.43880387
2021,11,6,2,0,0,17.67725093,87,22.8,-12.7469,20.52149944
2021,11,6,2,10,0,18.07859428,90,22.6,-13.5195,20.8751475
2021,11,6,2,20,0,18.07859428,90,22.6,-14.0813,20.8751475
2021,11,6,2,30,0,18.17498042,91,22.5,-13.631,20.95615232
2021,11,6,2,40,0,18.46817428,93,22.4,-14.0928,21.21132505
2021,11,6,2,50,0,18.54292499,95,22.1,-14.3706,21.26063907
2021,11,6,3,0,0,18.52358902,96,21.9,-14.3064,21.23257074
2021,11,6,3,10,0,18.63058474,96,22,-9.3821,21.33206302
2021,11,6,3,20,0,18.82465333,97,22,-10.459,21.501299
2021,11,6,3,30,0,19.48470716,97,22.6,-8.0487,22.09902075
2021,11,6,19,30,0,20.31867922,100,22.8,-5.7611,22.8
2021,11,6,19,40,0,20.43521514,100,22.9,-14.9197,22.9
2021,11,6,19,50,0,20.43521514,100,22.9,-3.4675,22.9
2021,11,6,20,0,0,20.55232738,100,23,-8.8191,23
2021,11,6,20,10,0,20.43521514,100,22.9,-20.3971,22.9
2021,11,6,20,20,0,20.20271728,100,22.7,-7.2429,22.7
2021,11,6,20,30,0,20.20271728,100,22.7,-5.9,22.7
2021,11,6,20,40,0,19.50593206,96,22.8,-14.1095,22.1279943
2021,11,6,20,50,0,18.69318489,92,22.8,-5.224,21.43102371
2021,11,6,21,0,0,17.88043772,88,22.8,-6.1288,20.70700201
2021,11,6,21,10,0,17.57428502,86,22.9,-6.3216,20.43225689
2021,11,6,21,20,0,17.263955,84,23,-5.8301,20.14926447
2021,11,6,21,30,0,17.15611518,83,23.1,-10.5605,20.05341437
2021,11,6,21,40,0,17.15611518,83,23.1,-14.8461,20.05341437
2021,11,6,21,50,0,17.05843172,83,23,-17.689,19.95571015
2021,11,6,22,0,0,17.36281537,84,23.1,-13.7976,20.24711387
2021,11,6,22,10,0,17.36993287,85,22.9,-15.8286,20.24281679
2021,11,6,22,20,0,17.46947827,85,23,-3.1467,20.34081071
2021,11,6,22,30,0,17.67500154,86,23,-2.7395,20.53039315
2021,11,6,22,40,0,16.96122857,83,22.9,-2.4135,19.85800507
2021,11,6,22,50,0,15.93946781,78,22.9,-2.3474,18.85919669
2021,11,6,23,0,0,15.29581354,74,23.1,-2.5166,18.2115473
2021,11,6,23,10,0,15.38333479,74,23.2,-5.0169,18.30787515
2021,11,6,23,20,0,15.50251372,75,23.1,-14.0007,18.42560946
2021,11,6,23,30,0,15.82529208,77,23,-8.0703,18.74952875
2021,11,6,23,40,0,16.23633863,79,23,-7.4669,19.16047021
2021,11,6,23,50,0,16.32931445,79,23.1,-14.8364,19.25757912
2021,11,7,0,0,0,16.03081535,78,23,-22.6882,18.95615406
2021,11,7,0,10,0,15.73511566,77,22.9,-22.9901,18.65272558
2021,11,7,0,20,0,15.645383,77,22.8,-22.9057,18.55592122
2021,11,7,0,30,0,15.66811504,78,22.6,-21.8937,18.56831779
2021,11,7,0,40,0,15.77827971,79,22.5,-22.3728,18.6749096
2021,11,7,0,50,0,15.79565001,80,22.3,-21.7866,18.68168352
2021,11,7,1,0,0,15.99309563,81,22.3,-21.4398,18.88049836
2021,11,7,1,10,0,16.0054721,82,22.1,-22.418,18.88204239
2021,11,7,1,20,0,16.10769305,83,22,-21.2809,18.97862087
2021,11,7,1,30,0,16.2081404,84,21.9,-18.2347,19.0728682
2021,11,7,1,40,0,16.02228993,84,21.7,-18.9207,18.87714935
2021,11,7,1,50,0,16.21303148,85,21.7,-21.1036,19.06683138
2021,11,7,2,0,0,16.02683378,85,21.5,-23.0926,18.87082332
2021,11,7,2,10,0,16.11970043,85,21.6,-22.8393,18.96882772
2021,11,7,2,20,0,16.30934397,86,21.6,-23.9996,19.15642207
2021,11,7,2,30,0,16.21538477,86,21.5,-23.0997,19.05827605
2021,11,7,2,40,0,16.12189348,86,21.4,-20.9433,18.96012933
2021,11,7,2,50,0,16.02683378,85,21.5,-13.3408,18.87082332
2021,11,7,3,0,0,16.02683378,85,21.5,-21.6412,18.87082332
2021,11,7,3,10,0,16.12189348,86,21.4,-22.154,18.96012933
2021,11,7,3,20,0,16.02886818,86,21.3,-20.733,18.86198192
2021,11,7,3,30,0,16.12189348,86,21.4,-22.5625,18.96012933
2021,11,7,19,30,0,17.75241267,83,23.7,-16.2753,20.63962175
2021,11,7,19,40,0,17.40453578,80,24,-15.0853,20.33508619
2021,11,7,19,50,0,17.38275931,79,24.2,-13.9483,20.32570633
2021,11,7,20,0,0,17.35792191,78,24.4,-14.0341,20.31343896
2021,11,7,20,10,0,17.13538445,77,24.4,-12.7589,20.10464892
2021,11,7,20,20,0,17.13538445,77,24.4,-10.8969,20.10464892
2021,11,7,20,30,0,17.35792191,78,24.4,-10.3891,20.31343896
2021,11,7,20,40,0,17.52245735,81,23.9,-9.8359,20.43904359
2021,11,7,20,50,0,17.76315758,84,23.5,-10.6131,20.63850342
2021,11,7,21,0,0,17.98014525,86,23.3,-10.1564,20.82479775
2021,11,7,21,10,0,17.98291592,87,23.1,-9.7203,20.81633125
2021,11,7,21,20,0,18.1896161,88,23.1,-9.5581,21.0022529
2021,11,7,21,30,0,18.50157833,89,23.2,-10.1223,21.28488803
2021,11,7,21,40,0,18.60301646,90,23.1,-10.748,21.36861257
2021,11,7,21,50,0,18.80971665,91,23.1,-13.1935,21.54912691
2021,11,7,22,0,0,19.11366446,93,23,-13.7606,21.80591016
2021,11,7,22,10,0,19.93575756,97,23,-13.5585,22.49749905
2021,11,7,22,20,0,20.3468041,99,23,-13.1362,22.83398257
2021,11,7,22,30,0,20.31867922,100,22.8,-10.6297,22.8
2021,11,7,22,40,0,20.31867922,100,22.8,-12.8594,22.8
2021,11,7,22,50,0,20.31867922,100,22.8,-13.4149,22.8
2021,11,7,23,0,0,20.31867922,100,22.8,-10.3999,22.8
2021,11,7,23,10,0,20.43521514,100,22.9,-9.1403,22.9
2021,11,7,23,20,0,20.43521514,100,22.9,-8.8573,22.9
2021,11,7,23,30,0,20.43521514,100,22.9,-11.2171,22.9
2021,11,7,23,40,0,20.31867922,100,22.8,-11.0558,22.8
2021,11,7,23,50,0,20.31867922,100,22.8,-9.3242,22.8
2021,11,8,0,0,0,20.31867922,100,22.8,-5.8932,22.8
2021,11,8,0,10,0,20.43521514,100,22.9,-7.3865,22.9
2021,11,8,0,20,0,20.43521514,100,22.9,-5.5723,22.9
2021,11,8,0,30,0,20.55232738,100,23,-4.181,23
2021,11,8,0,40,0,20.55232738,100,23,-3.1715,23
2021,11,8,0,50,0,20.55232738,100,23,-3.8333,23
2021,11,8,1,0,0,20.67001829,100,23.1,-7.772,23.1
2021,11,8,1,10,0,20.55232738,100,23,-8.5284,23
2021,11,8,1,20,0,20.55232738,100,23,-6.8884,23
2021,11,8,1,30,0,20.55232738,100,23,-8.7169,23
2021,11,8,1,40,0,20.55232738,100,23,-8.3829,23
2021,11,8,1,50,0,20.55232738,100,23,-9.9725,23
2021,11,8,2,0,0,20.55232738,100,23,-9.0803,23
2021,11,8,2,10,0,20.31867922,100,22.8,-6.948,22.8
2021,11,8,2,20,0,20.31867922,100,22.8,-4.9706,22.8
2021,11,8,2,30,0,20.43521514,100,22.9,-5.4261,22.9
2021,11,8,2,40,0,20.55232738,100,23,-2.2452,23
2021,11,8,2,50,0,20.55232738,100,23,-6.0785,23
2021,11,8,3,0,0,20.67001829,100,23.1,-7.606,23.1
2021,11,8,3,10,0,20.55232738,100,23,-5.8898,23
2021,11,8,3,20,0,20.67001829,100,23.1,-7.8576,23.1
2021,11,8,3,30,0,20.55232738,100,23,-2.7172,23
2021,11,8,19,30,0,8.802650532,67,15.4,-5.1119,9.305099544
2021,11,8,19,40,0,8.934033375,68,15.4,-2.3654,9.52540003
2021,11,8,19,50,0,9.232372749,72,15,-4.391,9.994514229
2021,11,8,20,0,0,9.360600148,73,15,-4.982,10.20074166
2021,11,8,20,10,0,9.43121773,74,14.9,-5.6032,10.30805693
2021,11,8,20,20,0,9.546742378,74,15.1,-5.7134,10.50093336
2021,11,8,20,30,0,9.546742378,74,15.1,-5.5661,10.50093336
2021,11,8,20,40,0,9.475166764,73,15.2,-5.7893,10.39330241
2021,11,8,20,50,0,9.604963569,74,15.2,-5.7095,10.59736954
2021,11,8,21,0,0,9.475166764,73,15.2,-6.123,10.39330241
2021,11,8,21,10,0,9.402316998,72,15.3,-5.7412,10.28287838
2021,11,8,21,20,0,9.459564751,72,15.4,-5.2486,10.37899682
2021,11,8,21,30,0,9.459564751,72,15.4,-5.7837,10.37899682
2021,11,8,21,40,0,9.517114541,72,15.5,-5.3627,10.47511379
2021,11,8,21,50,0,9.384932395,71,15.5,-4.9979,10.26554702
2021,11,8,22,0,0,9.308996373,70,15.6,-4.8314,10.14915737
2021,11,8,22,10,0,9.365538734,70,15.7,-4.5224,10.24494875
2021,11,8,22,20,0,9.153167812,68,15.8,-4.3174,9.90724771
2021,11,8,22,30,0,8.93783066,66,15.9,-4.1064,9.557495827
2021,11,8,22,40,0,8.991987325,66,16,-3.9717,9.652613005
2021,11,8,22,50,0,9.018562403,67,15.8,-4.0119,9.686274715
2021,11,8,23,0,0,9.073252337,67,15.9,-4.644,9.781564082
2021,11,8,23,10,0,9.018562403,67,15.8,-4.125,9.686274715
2021,11,8,23,20,0,9.153167812,68,15.8,-4.3193,9.90724771
2021,11,8,23,30,0,8.93783066,66,15.9,-4.2376,9.557495827
2021,11,8,23,40,0,8.855745092,65,16,-3.6802,9.42536087
2021,11,8,23,50,0,8.855745092,65,16,-3.7573,9.42536087
2021,11,9,0,0,0,8.991987325,66,16,-4.1618,9.652613005
2021,11,9,0,10,0,8.991987325,66,16,-4.1145,9.652613005
2021,11,9,0,20,0,8.883956994,66,15.8,-4.2594,9.462376816
2021,11,9,0,30,0,8.964158502,67,15.7,-4.4771,9.590983579
2021,11,9,0,40,0,9.097951913,68,15.7,-4.5553,9.811788355
2021,11,9,0,50,0,9.097951913,68,15.7,-4.3375,9.811788355
2021,11,9,1,0,0,9.153167812,68,15.8,-5.0506,9.90724771
2021,11,9,1,10,0,9.287773221,69,15.8,-4.9764,10.12537653
2021,11,9,1,20,0,9.42237863,70,15.8,-5.994,10.34073854
2021,11,9,1,30,0,9.287773221,69,15.8,-6.1203,10.12537653
2021,11,9,1,40,0,9.287773221,69,15.8,-6.2806,10.12537653
2021,11,9,1,50,0,9.42237863,70,15.8,-6.3742,10.34073854
2021,11,9,2,0,0,9.287773221,69,15.8,-6.4037,10.12537653
2021,11,9,2,10,0,9.153167812,68,15.8,-6.5402,9.90724771
2021,11,9,2,20,0,8.883956994,66,15.8,-6.4071,9.462376816
2021,11,9,2,30,0,8.93783066,66,15.9,-6.409,9.557495827
2021,11,9,2,40,0,8.749351585,65,15.8,-6.3476,9.235469723
2021,11,9,2,50,0,8.749351585,65,15.8,-6.1496,9.235469723
2021,11,9,3,0,0,8.883956994,66,15.8,-6.3897,9.462376816
2021,11,9,3,10,0,8.830365092,66,15.7,-6.2024,9.367255974
2021,11,9,3,20,0,8.724021663,66,15.5,-6.3372,9.177008792
2021,11,9,3,30,0,8.644068061,65,15.6,-6.5409,9.045570998
2021,11,9,19,30,0,8.345535358,62,15.8,-15.3843,8.535792315
2021,11,9,19,40,0,8.396143953,62,15.9,-16.6852,8.630207943
2021,11,9,19,50,0,8.53156563,63,15.9,-12.9939,8.86686657
2021,11,9,20,0,0,8.480140767,63,15.8,-14.6571,8.772271676
2021,11,9,20,10,0,8.345535358,62,15.8,-11.9943,8.535792315
2021,11,9,20,20,0,8.396143953,62,15.9,-9.9978,8.630207943
2021,11,9,20,30,0,8.498159849,62,16.1,-13.1178,8.819032944
2021,11,9,20,40,0,8.361092755,61,16.1,-16.9025,8.578621879
2021,11,9,20,50,0,8.447018396,62,16,-23.2049,8.724621486
2021,11,9,21,0,0,8.310776164,61,16,-25.68,8.484392209
2021,11,9,21,10,0,8.260722277,61,15.9,-24.6825,8.390160391
2021,11,9,21,20,0,8.310776164,61,16,-23.2944,8.484392209
2021,11,9,21,30,0,8.361092755,61,16.1,-19.1096,8.578621879
2021,11,9,21,40,0,8.174533931,60,16,-17.2585,8.24066579
2021,11,9,21,50,0,8.22402566,60,16.1,-12.0277,8.334711203
2021,11,9,22,0,0,8.361092755,61,16.1,-15.1806,8.578621879
2021,11,9,22,10,0,8.361092755,61,16.1,-12.1793,8.578621879
2021,11,9,22,20,0,8.447018396,62,16,-13.9181,8.724621486
2021,11,9,22,30,0,8.361092755,61,16.1,-15.7684,8.578621879
2021,11,9,22,40,0,8.310776164,61,16,-16.107,8.484392209
2021,11,9,22,50,0,8.498159849,62,16.1,-12.4532,8.819032944
2021,11,9,23,0,0,8.583260628,63,16,-8.1667,8.961459444
2021,11,9,23,10,0,8.53156563,63,15.9,-9.4802,8.86686657
2021,11,9,23,20,0,8.53156563,63,15.9,-8.8252,8.86686657
2021,11,9,23,30,0,8.666987307,64,15.9,-8.7605,9.100237204
2021,11,9,23,40,0,8.666987307,64,15.9,-6.4413,9.100237204
2021,11,9,23,50,0,8.666987307,64,15.9,-7.22,9.100237204
2021,11,10,0,0,0,8.802408983,65,15.9,-8.2228,9.330416243
2021,11,10,0,10,0,8.802408983,65,15.9,-9.3238,9.330416243
2021,11,10,0,20,0,8.855745092,65,16,-7.258,9.42536087
2021,11,10,0,30,0,8.93783066,66,15.9,-8.5868,9.557495827
2021,11,10,0,40,0,8.991987325,66,16,-6.9017,9.652613005
2021,11,10,0,50,0,8.93783066,66,15.9,-7.3095,9.557495827
2021,11,10,1,0,0,8.93783066,66,15.9,-8.1391,9.557495827
2021,11,10,1,10,0,8.855745092,65,16,-8.2681,9.42536087
2021,11,10,1,20,0,8.93783066,66,15.9,-8.7437,9.557495827
2021,11,10,1,30,0,8.991987325,66,16,-8.5336,9.652613005
2021,11,10,1,40,0,9.018562403,67,15.8,-8.8434,9.686274715
2021,11,10,1,50,0,8.883956994,66,15.8,-9.1198,9.462376816
2021,11,10,2,0,0,8.93783066,66,15.9,-9.2183,9.557495827
2021,11,10,2,10,0,8.93783066,66,15.9,-9.3167,9.557495827
2021,11,10,2,20,0,8.93783066,66,15.9,-7.7013,9.557495827
2021,11,10,2,30,0,9.018562403,67,15.8,-9.0584,9.686274715
2021,11,10,2,40,0,9.097951913,68,15.7,-9.9479,9.811788355
2021,11,10,2,50,0,9.097951913,68,15.7,-12.5036,9.811788355
2021,11,10,3,0,0,9.231745323,69,15.7,-12.0482,10.02975097
2021,11,10,3,10,0,9.043025048,68,15.6,-12.4515,9.71632729
2021,11,10,3,20,0,8.964158502,67,15.7,-10.0101,9.590983579
2021,11,10,3,30,0,9.097951913,68,15.7,-9.2952,9.811788355
2021,11,10,20,50,0,,,,-35.6876,
2021,11,10,21,0,0,,,,-37.3016,
2021,11,10,21,10,0,,,,-35.6011,
2021,11,10,21,20,0,,,,-35.1805,
2021,11,10,21,30,0,,,,-36.7247,
2021,11,10,21,40,0,,,,-36.4079,
2021,11,10,21,50,0,,,,-35.248,
2021,11,10,22,0,0,,,,-37.5886,
2021,11,10,22,10,0,,,,-37.2693,
2021,11,10,22,20,0,,,,-36.1886,
2021,11,10,22,30,0,,,,-38.5404,
2021,11,10,22,40,0,,,,-37.0075,
2021,11,10,22,50,0,,,,-34.9444,
2021,11,10,23,0,0,,,,-38.6351,
2021,11,10,23,10,0,,,,-36.0952,
2021,11,10,23,20,0,,,,-37.1675,
2021,11,10,23,30,0,,,,-35.0354,
2021,11,10,23,40,0,,,,-37.4137,
2021,11,10,23,50,0,,,,-37.7419,
2021,11,11,0,0,0,8.591235753,67,15,-31.1062,8.92389604
2021,11,11,0,10,0,8.591235753,67,15,-31.2767,8.92389604
2021,11,11,0,20,0,8.687386972,69,14.7,-32.856,9.073404714
2021,11,11,0,30,0,8.740539178,69,14.8,-31.3224,9.169046763
2021,11,11,0,40,0,8.776844432,71,14.4,-28.9181,9.20993921
2021,11,11,0,50,0,8.792150781,72,14.2,-28.8021,9.225478407
2021,11,11,1,0,0,8.926234987,74,14,-28.3925,9.440045918
2021,11,11,1,10,0,8.926234987,74,14,-30.295,9.440045918
2021,11,11,1,20,0,8.991488747,75,13.9,-31.6526,9.543238889
2021,11,11,1,30,0,8.991488747,75,13.9,-29.3702,9.543238889
2021,11,11,1,40,0,9.167484582,76,14,-34.1779,9.837311601
2021,11,11,1,50,0,9.111375264,76,13.9,-29.0122,9.740552637
2021,11,11,2,0,0,9.23126178,77,13.9,-28.3536,9.935592335
2021,11,11,2,10,0,9.06778477,78,13.4,-32.1304,9.64310188
2021,11,11,2,20,0,9.236893785,78,13.7,-31.2401,9.934292212
2021,11,11,2,30,0,9.23126178,77,13.9,-33.3478,9.935592335
2021,11,11,2,40,0,9.102526562,75,14.1,-34.1765,9.73645068
2021,11,11,2,50,0,9.174716459,77,13.8,-34.5344,9.838681405
2021,11,11,3,0,0,9.174716459,77,13.8,-34.5863,9.838681405
2021,11,11,3,10,0,9.11847207,77,13.7,-33.4961,9.741769289
2021,11,11,3,20,0,9.11847207,77,13.7,-30.3388,9.741769289
2021,11,11,3,30,0,9.12385321,78,13.5,-32.3786,9.740166453
2021,11,11,22,50,0,9.808753299,62,18.5,-23.486,11.08428282
2021,11,11,23,0,0,9.849573501,63,18.3,-28.2362,11.13653805
2021,11,11,23,10,0,9.90811579,63,18.4,-31.1163,11.23108246
2021,11,11,23,20,0,9.90811579,63,18.4,-31.2577,11.23108246
2021,11,11,23,30,0,9.849573501,63,18.3,-30.1548,11.13653805
2021,11,11,23,40,0,9.849573501,63,18.3,-30.0989,11.13653805
2021,11,11,23,50,0,9.90811579,63,18.4,-30.8575,11.23108246
2021,11,12,0,0,0,9.946748799,64,18.2,-30.2412,11.27944943
2021,11,12,0,10,0,9.946748799,64,18.2,-29.335,11.27944943
2021,11,12,0,20,0,10.04238296,65,18.1,-28.3563,11.41876055
2021,11,12,0,30,0,10.00591594,64,18.3,-29.9521,11.37417431
2021,11,12,0,40,0,9.946748799,64,18.2,-24.0862,11.27944943
2021,11,12,0,50,0,10.00591594,64,18.3,-23.655,11.37417431
2021,11,12,1,0,0,10.06538747,64,18.4,-23.127,11.46889724
2021,11,12,1,10,0,10.1251647,64,18.5,-26.6892,11.56361821
2021,11,12,1,20,0,10.06538747,64,18.4,-14.6477,11.46889724
2021,11,12,1,30,0,10.02610441,63,18.6,-18.1448,11.42016521
2021,11,12,1,40,0,10.18524892,64,18.6,-22.9679,11.65833723
2021,11,12,1,50,0,10.08555331,63,18.7,-26.3686,11.51470355
2021,11,12,2,0,0,10.1251647,64,18.5,-24.0949,11.56361821
2021,11,12,2,10,0,10.1251647,64,18.5,-16.6084,11.56361821
2021,11,12,2,20,0,10.1251647,64,18.5,-13.7181,11.56361821
2021,11,12,2,30,0,10.1251647,64,18.5,-14.3411,11.56361821
2021,11,12,2,40,0,10.02610441,63,18.6,-17.7564,11.42016521
2021,11,12,2,50,0,10.08555331,63,18.7,-12.0509,11.51470355
2021,11,12,3,0,0,10.08555331,63,18.7,-11.8289,11.51470355
2021,11,12,3,10,0,9.984270388,62,18.8,-12.4118,11.36735469
2021,11,12,3,20,0,9.881386888,61,18.9,-10.2409,11.21618041
2021,11,12,3,30,0,9.939837637,61,19,-9.7243,11.31034779
2021,11,12,20,20,0,10.65423235,65,19.1,-9.6978,12.36770505
2021,11,12,20,30,0,10.61454514,64,19.3,-10.3162,12.32131561
2021,11,12,20,40,0,10.55227498,64,19.2,-10.667,12.22661028
2021,11,12,20,50,0,10.55227498,64,19.2,-9.1287,12.22661028
2021,11,12,21,0,0,10.65423235,65,19.1,-7.9425,12.36770505
2021,11,12,21,10,0,10.71715427,65,19.2,-7.7332,12.46258909
2021,11,12,21,20,0,10.65423235,65,19.1,-8.7202,12.36770505
2021,11,12,21,30,0,10.71715427,65,19.2,-8.6592,12.46258909
2021,11,12,21,40,0,10.98205488,67,19.1,-8.4417,12.82988922
2021,11,12,21,50,0,10.91752658,67,19,-7.2575,12.73465648
2021,11,12,22,0,0,11.08047474,68,19,-7.0371,12.96104466
2021,11,12,22,10,0,11.17730648,69,18.9,-7.5078,13.08895093
2021,11,12,22,20,0,11.17730648,69,18.9,-7.1578,13.08895093
2021,11,12,22,30,0,11.08047474,68,19,-7.1687,12.96104466
2021,11,12,22,40,0,11.14596615,68,19.1,-6.3844,13.05644762
2021,11,12,22,50,0,11.82590366,77,18,-7.3208,13.90792034
2021,11,12,23,0,0,11.98960572,79,17.8,-6.3916,14.10932922
2021,11,12,23,10,0,12.0692922,80,17.7,-5.844,14.20629594
2021,11,12,23,20,0,12.0692922,80,17.7,-5.6248,14.20629594
2021,11,12,23,30,0,12.14755214,81,17.6,-3.6682,14.30084581
2021,11,12,23,40,0,12.22658687,83,17.3,-3.3472,14.38515523
2021,11,12,23,50,0,12.37232415,85,17.1,-4.0327,14.55788742
2021,11,13,0,0,0,12.51262738,87,16.9,-3.2163,14.72196086
2021,11,13,0,10,0,12.86669743,90,16.8,-4.9429,15.15005553
2021,11,13,0,20,0,12.86669743,90,16.8,-5.1593,15.15005553
2021,11,13,0,30,0,12.51262738,87,16.9,-4.9757,14.72196086
2021,11,13,0,40,0,12.44314908,86,17,-4.9164,14.64098366
2021,11,13,0,50,0,12.44314908,86,17,-4.8361,14.64098366
2021,11,13,1,0,0,12.72373412,89,16.8,-4.2246,14.97632085
2021,11,13,1,10,0,12.72373412,89,16.8,-4.176,14.97632085
2021,11,13,1,20,0,12.99561325,92,16.6,-2.6779,15.29452238
2021,11,13,1,30,0,13.70189658,97,16.6,-2.6462,16.12156996
2021,11,13,1,40,0,13.90058869,99,16.5,-4.5808,16.34206286
2021,11,13,1,50,0,14.12566658,100,16.6,-3.7688,16.6
2021,11,13,2,0,0,14.04099868,100,16.5,-5.8457,16.5
2021,11,13,2,10,0,14.04099868,100,16.5,-4.0131,16.5
2021,11,13,2,20,0,14.04099868,100,16.5,-4.8482,16.5
2021,11,13,2,30,0,13.84315325,98,16.6,-3.6251,16.28247247
2021,11,13,2,40,0,13.07391441,92,16.7,-5.2768,15.39351011
2021,11,13,2,50,0,13.35812994,94,16.7,-5.6585,15.7292158
2021,11,13,3,0,0,13.70189658,97,16.6,-7.1208,16.12156996
2021,11,13,3,10,0,14.04099868,100,16.5,-3.59,16.5
2021,11,13,3,20,0,14.04099868,100,16.5,-8.7351,16.5
2021,11,13,3,30,0,13.95677092,100,16.4,-7.0083,16.4
2021,11,13,19,30,0,13.37934105,100,15.7,-2.7712,15.7
2021,11,13,19,40,0,13.4605409,100,15.8,-2.438,15.8
2021,11,13,19,50,0,13.4605409,100,15.8,-2.5854,15.8
2021,11,13,20,0,0,13.4605409,100,15.8,-2.2295,15.8
2021,11,13,20,10,0,13.4605409,100,15.8,-2.3265,15.8
2021,11,13,20,20,0,13.54216767,100,15.9,-2.3016,15.9
2021,11,13,20,30,0,13.54216767,100,15.9,-2.139,15.9
2021,11,13,20,40,0,13.54216767,100,15.9,-1.624,15.9
2021,11,13,20,50,0,13.54216767,100,15.9,-1.6118,15.9
2021,11,13,21,0,0,13.62422322,100,16,-1.4127,16
2021,11,13,21,10,0,13.70670943,100,16.1,-1.6293,16.1
2021,11,13,21,20,0,13.62422322,100,16,-1.7812,16
2021,11,13,21,30,0,13.62422322,100,16,-1.4952,16
2021,11,13,21,40,0,13.70670943,100,16.1,-1.3665,16.1
2021,11,13,21,50,0,13.70670943,100,16.1,-1.2711,16.1
2021,11,13,22,0,0,13.48798099,99,16,-1.7236,15.84267607
2021,11,13,22,10,0,13.43257525,98,16.1,-1.423,15.78370446
2021,11,13,22,20,0,13.23804307,96,16.2,-1.3365,15.56119267
2021,11,13,22,30,0,12.82435422,93,16.2,-1.2969,15.06656153
2021,11,13,22,40,0,12.76314288,92,16.3,-1.1792,14.99755685
2021,11,13,22,50,0,12.70066153,91,16.4,-1.1408,14.92667715
2021,11,13,23,0,0,13.05812877,93,16.5,-1.2548,15.36391892
2021,11,13,23,10,0,13.19853876,94,16.5,-1.1752,15.53072082
2021,11,13,23,20,0,13.27812658,94,16.6,-1.2313,15.62996845
2021,11,13,23,30,0,13.33894874,95,16.5,-1.257,15.69597157
2021,11,13,23,40,0,13.41938325,95,16.6,-1.2706,15.79534728
2021,11,13,23,50,0,13.41938325,95,16.6,-1.2946,15.79534728
2021,11,14,0,0,0,13.56063991,96,16.6,-1.4194,15.95920453
2021,11,14,0,10,0,13.64234548,96,16.7,-1.4308,16.05870701
2021,11,14,0,20,0,13.78445324,97,16.7,-1.2477,16.22119839
2021,11,14,0,30,0,13.70189658,97,16.6,-1.3056,16.12156996
2021,11,14,0,40,0,13.78445324,97,16.7,-1.48,16.22119839
2021,11,14,0,50,0,13.84315325,98,16.6,-1.6183,16.28247247
2021,11,14,1,0,0,14.04099868,100,16.5,-1.9714,16.5
2021,11,14,1,10,0,14.04099868,100,16.5,-1.9633,16.5
2021,11,14,1,20,0,13.90058869,99,16.5,-1.8623,16.34206286
2021,11,14,1,30,0,13.90058869,99,16.5,-1.832,16.34206286
2021,11,14,1,40,0,13.81720321,99,16.4,-1.8697,16.2421856
2021,11,14,1,50,0,13.81720321,99,16.4,-2.0494,16.2421856
2021,11,14,2,0,0,13.87298139,100,16.3,-2.3651,16.3
2021,11,14,2,10,0,13.87298139,100,16.3,-2.3499,16.3
2021,11,14,2,20,0,13.87298139,100,16.3,-2.4143,16.3
2021,11,14,2,30,0,13.87298139,100,16.3,-2.326,16.3
2021,11,14,2,40,0,13.59552176,98,16.3,-2.2394,15.98321195
2021,11,14,2,50,0,13.45679195,97,16.3,-1.9907,15.82268382
2021,11,14,3,0,0,13.53806779,97,16.4,-2.5755,15.92231268
2021,11,14,3,10,0,13.47935873,96,16.5,-2.3148,15.85970185
2021,11,14,3,20,0,13.47935873,96,16.5,-2.4477,15.85970185
2021,11,14,3,30,0,13.47935873,96,16.5,-2.1536,15.85970185
2021,11,14,19,30,0,11.54901598,73,18.5,-29.7339,13.56973886
2021,11,14,19,40,0,11.48083258,73,18.4,-29.6042,13.47350581
2021,11,14,19,50,0,11.5693403,74,18.3,-30.3088,13.58621903
2021,11,14,20,0,0,11.5693403,74,18.3,-29.8016,13.58621903
2021,11,14,20,10,0,11.65634625,75,18.2,-29.3249,13.69614824
2021,11,14,20,20,0,11.65634625,75,18.2,-30.5437,13.69614824
2021,11,14,20,30,0,11.72568274,75,18.3,-29.4861,13.79269898
2021,11,14,20,40,0,11.72568274,75,18.3,-29.8595,13.79269898
2021,11,14,20,50,0,11.72568274,75,18.3,-30.6604,13.79269898
2021,11,14,21,0,0,11.72568274,75,18.3,-29.9933,13.79269898
2021,11,14,21,10,0,11.65634625,75,18.2,-29.9795,13.69614824
2021,11,14,23,40,0,11.70722168,74,18.5,-28.3095,13.77900332
2021,11,14,23,50,0,11.63810426,74,18.4,-27.3898,13.68261185
2021,11,15,0,0,0,11.79537594,75,18.4,-28.1312,13.88924842
2021,11,15,0,10,0,11.72568274,75,18.3,-27.3421,13.79269898
2021,11,15,0,20,0,11.72568274,75,18.3,-26.978,13.79269898
2021,11,15,0,30,0,11.72568274,75,18.3,-27.5974,13.79269898
2021,11,15,0,40,0,11.65634625,75,18.2,-27.6365,13.69614824
2021,11,15,0,50,0,11.8117642,76,18.2,-26.7527,13.90006734
2021,11,15,1,0,0,11.74186315,76,18.1,-26.3541,13.80336049
2021,11,15,1,10,0,11.8117642,76,18.2,-26.5981,13.90006734
2021,11,15,1,20,0,11.72568274,75,18.3,-25.3469,13.79269898
2021,11,15,1,30,0,11.79537594,75,18.4,-26.4307,13.88924842
2021,11,15,1,40,0,11.72568274,75,18.3,-26.6458,13.79269898
2021,11,15,1,50,0,11.72568274,75,18.3,-25.9053,13.79269898
2021,11,15,2,0,0,11.72568274,75,18.3,-25.9791,13.79269898
2021,11,15,2,10,0,11.72568274,75,18.3,-26.2444,13.79269898
2021,11,15,2,20,0,11.72568274,75,18.3,-24.471,13.79269898
2021,11,15,2,30,0,11.58736495,75,18.1,-20.7838,13.5995962
2021,11,15,2,40,0,11.72568274,75,18.3,-25.4467,13.79269898
2021,11,15,2,50,0,11.5693403,74,18.3,-25.1441,13.58621903
2021,11,15,3,0,0,11.65634625,75,18.2,-24.1155,13.69614824
2021,11,15,3,10,0,11.63810426,74,18.4,-17.8161,13.68261185
2021,11,15,3,20,0,11.63810426,74,18.4,-16.64,13.68261185
2021,11,15,3,30,0,11.54901598,73,18.5,-10.4902,13.56973886
2021,11,15,22,20,0,12.97141262,70,21.2,-16.4741,15.51102792
2021,11,15,22,30,0,13.04675317,70,21.3,-17.5754,15.60673035
2021,11,15,22,40,0,13.04675317,70,21.3,-20.3885,15.60673035
2021,11,15,22,50,0,13.04675317,70,21.3,-20.408,15.60673035
2021,11,15,23,0,0,13.15671852,71,21.2,-20.8846,15.73255047
2021,11,15,23,10,0,13.23313536,71,21.3,-19.0919,15.82841848
2021,11,15,23,20,0,13.30993532,71,21.4,-17.6142,15.92428496
2021,11,15,23,30,0,13.23313536,71,21.3,-20.8422,15.82841848
2021,11,15,23,40,0,13.23313536,71,21.3,-24.2654,15.82841848
2021,11,15,23,50,0,13.4973992,72,21.4,-23.906,16.14341196
2021,11,16,0,0,0,13.34202441,72,21.2,-24.7541,15.95135005
2021,11,16,0,10,0,13.52733031,73,21.2,-24.4065,16.16749756
2021,11,16,0,20,0,13.52733031,73,21.2,-21.7712,16.16749756
2021,11,16,0,30,0,13.41951755,72,21.3,-23.6093,16.04738174
2021,11,16,0,40,0,13.60589974,73,21.3,-24.3713,16.26369109
2021,11,16,0,50,0,13.52733031,73,21.2,-23.7171,16.16749756
2021,11,16,1,0,0,13.41951755,72,21.3,-22.3659,16.04738174
2021,11,16,1,10,0,13.41951755,72,21.3,-25.6513,16.04738174
2021,11,16,1,20,0,13.46469095,71,21.6,-25.751,16.11601334
2021,11,16,1,30,0,13.38711998,71,21.5,-22.674,16.02014991
2021,11,16,1,40,0,13.46469095,71,21.6,-25.3645,16.11601334
2021,11,16,1,50,0,13.54264982,71,21.7,-24.0782,16.21187523
2021,11,16,2,0,0,13.46469095,71,21.6,-23.0511,16.11601334
2021,11,16,2,10,0,13.46469095,71,21.6,-25.3707,16.11601334
2021,11,16,2,20,0,13.46469095,71,21.6,-23.9475,16.11601334
2021,11,16,2,30,0,13.38711998,71,21.5,-22.8524,16.02014991
2021,11,16,2,40,0,13.46469095,71,21.6,-24.5047,16.11601334
2021,11,16,2,50,0,13.30993532,71,21.4,-25.5496,15.92428496
2021,11,16,3,0,0,13.46469095,71,21.6,-24.8225,16.11601334
2021,11,16,3,10,0,13.30993532,71,21.4,-22.3898,15.92428496
2021,11,16,3,20,0,13.30993532,71,21.4,-24.2391,15.92428496
2021,11,16,3,30,0,13.38711998,71,21.5,-24.1723,16.02014991
2021,11,16,19,30,0,13.78102911,69,22.5,-7.7908,16.52853394
2021,11,16,19,40,0,13.78102911,69,22.5,-8.9096,16.52853394
2021,11,16,19,50,0,13.98075417,70,22.5,-8.2081,16.75503575
2021,11,16,20,0,0,14.06112888,70,22.6,-9.2397,16.85071755
2021,11,16,20,10,0,14.1419021,70,22.7,-9.2439,16.94639777
2021,11,16,20,20,0,14.1419021,70,22.7,-8.3852,16.94639777
2021,11,16,20,30,0,14.34392927,71,22.7,-8.8956,17.17041017
2021,11,16,20,40,0,14.34392927,71,22.7,-7.7309,17.17041017
2021,11,16,20,50,0,14.26200215,71,22.6,-9.2194,17.07456355
2021,11,16,21,0,0,14.1419021,70,22.7,-10.0875,16.94639777
2021,11,16,21,10,0,14.1419021,70,22.7,-9.9915,16.94639777
2021,11,16,21,20,0,14.06112888,70,22.6,-10.6399,16.85071755
2021,11,16,21,30,0,13.93987493,69,22.7,-9.6429,16.71955931
2021,11,16,21,40,0,14.01988866,69,22.8,-9.1454,16.81506952
2021,11,16,21,50,0,14.1419021,70,22.7,-6.1665,16.94639777
2021,11,16,22,0,0,14.18047923,71,22.5,-8.3578,16.97871541
2021,11,16,22,10,0,13.98075417,70,22.5,-7.8164,16.75503575
2021,11,16,22,20,0,13.86025561,69,22.6,-7.619,16.62404745
2021,11,16,22,30,0,13.65938234,68,22.6,-8.0807,16.39447553
2021,11,16,22,40,0,13.65938234,68,22.6,-7.7195,16.39447553
2021,11,16,22,50,0,13.70219382,69,22.4,-7.2554,16.43301879
2021,11,16,23,0,0,13.74200481,70,22.2,-7.895,16.46798082
2021,11,16,23,10,0,13.74200481,70,22.2,-8.4143,16.46798082
2021,11,16,23,20,0,13.74200481,70,22.2,-8.0577,16.46798082
2021,11,16,23,30,0,13.66320789,70,22.1,-7.8987,16.37229268
2021,11,16,23,40,0,13.74200481,70,22.2,-9.646,16.46798082
2021,11,16,23,50,0,13.85839657,71,22.1,-11.4081,16.59530754
2021,11,17,0,0,0,13.93831917,71,22.2,-8.2298,16.6911618
2021,11,17,0,10,0,13.93831917,71,22.2,-7.5385,16.6911618
2021,11,17,0,20,0,13.93831917,71,22.2,-7.8493,16.6911618
2021,11,17,0,30,0,14.21608501,72,22.3,-8.505,17.00761783
2021,11,17,0,40,0,14.24877394,73,22.1,-9.6329,17.03318848
2021,11,17,0,50,0,14.05358525,72,22.1,-7.7728,16.81558236
2021,11,17,1,0,0,14.33094788,73,22.2,-8.1185,17.1293693
2021,11,17,1,10,0,14.13463352,72,22.2,-9.1014,16.91160083
2021,11,17,1,20,0,14.01863938,71,22.3,-8.3022,16.78701453
2021,11,17,1,30,0,14.01863938,71,22.3,-9.7413,16.78701453
2021,11,17,1,40,0,14.01863938,71,22.3,-11.1015,16.78701453
2021,11,17,1,50,0,13.93831917,71,22.2,-21.9436,16.6911618
2021,11,17,2,0,0,14.05358525,72,22.1,-23.6583,16.81558236
2021,11,17,2,10,0,13.89269177,72,21.9,-21.6738,16.62354102
2021,11,17,2,20,0,14.16700714,73,22,-17.0477,16.93700625
2021,11,17,2,30,0,14.16700714,73,22,-10.001,16.93700625
2021,11,17,2,40,0,13.97293855,72,22,-8.2396,16.71956243
2021,11,17,2,50,0,14.05358525,72,22.1,-8.0295,16.81558236
2021,11,17,3,0,0,14.05358525,72,22.1,-10.9419,16.81558236
2021,11,17,3,10,0,13.93831917,71,22.2,-10.8462,16.6911618
2021,11,17,3,20,0,14.05358525,72,22.1,-11.2471,16.81558236
2021,11,17,3,30,0,14.05358525,72,22.1,-9.4045,16.81558236
2021,11,17,19,30,0,18.63058474,96,22,-12.8753,21.33206302
2021,11,17,19,40,0,18.52358902,96,21.9,-8.8132,21.23257074
2021,11,17,19,50,0,18.99265947,99,21.8,-11.33,21.63548948
2021,11,17,20,0,0,19.07415468,100,21.7,-9.5935,21.7
2021,11,17,20,10,0,19.07415468,100,21.7,-14.8045,21.7
2021,11,17,20,20,0,18.85509857,100,21.5,-13.0216,21.5
2021,11,17,20,30,0,18.85509857,100,21.5,-12.5019,21.5
2021,11,17,20,40,0,18.63821882,100,21.3,-15.0621,21.3
2021,11,17,20,50,0,18.53058946,100,21.2,-17.0267,21.2
2021,11,17,21,0,0,18.42349747,100,21.1,-14.8423,21.1
2021,11,17,21,10,0,18.2109167,100,20.9,-17.4135,20.9
2021,11,17,21,20,0,18.2109167,100,20.9,-15.092,20.9
2021,11,17,21,30,0,18.10542347,100,20.8,-15.1516,20.8
2021,11,17,21,40,0,18.00045875,100,20.7,-13.3021,20.7
2021,11,17,21,50,0,17.89602033,100,20.6,-11.2361,20.6
2021,11,17,22,0,0,17.68871364,100,20.4,-10.8387,20.4
2021,11,17,22,10,0,17.79210602,100,20.5,-6.6896,20.5
2021,11,17,22,20,0,17.79210602,100,20.5,-7.4401,20.5
2021,11,17,22,30,0,17.79210602,100,20.5,-8.7245,20.5
2021,11,17,22,40,0,17.68871364,100,20.4,-12.4002,20.4
2021,11,17,22,50,0,17.68871364,100,20.4,-12.6272,20.4
2021,11,17,23,0,0,17.48348595,100,20.2,-11.7864,20.2
2021,11,17,23,10,0,17.68871364,100,20.4,-7.7147,20.4
2021,11,17,23,20,0,17.48348595,100,20.2,-8.4396,20.2
2021,11,17,23,30,0,17.585841,100,20.3,-8.2638,20.3
2021,11,17,23,40,0,17.68871364,100,20.4,-11.8577,20.4
2021,11,17,23,50,0,17.585841,100,20.3,-6.5847,20.3
2021,11,18,0,0,0,17.48348595,100,20.2,-6.6718,20.2
2021,11,18,0,10,0,17.48348595,100,20.2,-2.7846,20.2
2021,11,18,0,20,0,17.585841,100,20.3,-2.8136,20.3
2021,11,18,0,30,0,17.79210602,100,20.5,-4.0199,20.5
2021,11,18,0,40,0,17.79210602,100,20.5,-4.5444,20.5
2021,11,18,0,50,0,18.00045875,100,20.7,-4.6046,20.7
2021,11,18,1,0,0,17.89602033,100,20.6,-4.7215,20.6
2021,11,18,1,10,0,18.00045875,100,20.7,-5.5543,20.7
2021,11,18,1,20,0,18.10542347,100,20.8,-6.2937,20.8
2021,11,18,1,30,0,18.00045875,100,20.7,-5.7222,20.7
2021,11,18,1,40,0,18.10542347,100,20.8,-5.9381,20.8
2021,11,18,1,50,0,18.10542347,100,20.8,-5.94,20.8
2021,11,18,2,0,0,18.2109167,100,20.9,-5.0977,20.9
2021,11,18,2,10,0,18.2109167,100,20.9,-3.6183,20.9
2021,11,18,2,20,0,18.10542347,100,20.8,-4.6531,20.8
2021,11,18,2,30,0,18.2109167,100,20.9,-2.0254,20.9
2021,11,18,2,40,0,18.31694063,100,21,-1.8515,21
2021,11,18,2,50,0,18.31694063,100,21,-1.9112,21
2021,11,18,3,0,0,18.10542347,100,20.8,-1.6666,20.8
2021,11,18,3,10,0,18.00045875,100,20.7,-1.1639,20.7
2021,11,18,3,20,0,18.00045875,100,20.7,-0.8811,20.7
2021,11,18,3,30,0,17.17950465,100,19.9,-1.5986,19.9
2021,11,18,19,30,0,17.07919834,100,19.8,-3.1389,19.8
2021,11,18,19,40,0,17.07919834,100,19.8,-3.3692,19.8
2021,11,18,19,50,0,17.07919834,100,19.8,-3.563,19.8
2021,11,18,20,0,0,17.17950465,100,19.9,-3.7345,19.9
2021,11,18,20,10,0,16.97939886,100,19.7,-6.8656,19.7
2021,11,18,20,20,0,17.07919834,100,19.8,-7.969,19.8
2021,11,18,20,30,0,16.97939886,100,19.7,-7.9352,19.7
2021,11,18,20,40,0,16.97939886,100,19.7,-9.3341,19.7
2021,11,18,20,50,0,16.97939886,100,19.7,-6.8139,19.7
2021,11,18,21,0,0,16.97939886,100,19.7,-6.8799,19.7
2021,11,18,21,10,0,17.07919834,100,19.8,-7.3813,19.8
2021,11,18,21,20,0,16.97939886,100,19.7,-5.362,19.7
2021,11,18,21,30,0,17.17950465,100,19.9,-7.7869,19.9
2021,11,18,21,40,0,17.07919834,100,19.8,-8.1142,19.8
2021,11,18,21,50,0,17.07919834,100,19.8,-9.71,19.8
2021,11,18,22,0,0,17.17950465,100,19.9,-9.2628,19.9
2021,11,18,22,10,0,17.17950465,100,19.9,-12.981,19.9
2021,11,18,22,20,0,16.97939886,100,19.7,-17.8923,19.7
2021,11,18,22,30,0,16.78131189,100,19.5,-14.4575,19.5
2021,11,18,22,40,0,16.68302015,100,19.4,-5.0071,19.4
2021,11,18,22,50,0,16.68302015,100,19.4,-4.5388,19.4
2021,11,18,23,0,0,16.78131189,100,19.5,-1.4419,19.5
2021,11,18,23,10,0,16.88010409,100,19.6,-1.9007,19.6
2021,11,18,23,20,0,17.07919834,100,19.8,-1.5691,19.8
2021,11,18,23,30,0,17.17950465,100,19.9,-1.3997,19.9
2021,11,18,23,40,0,17.28031993,100,20,-1.1547,20
2021,11,18,23,50,0,17.28031993,100,20,-0.9064,20
2021,11,19,0,0,0,17.38164631,100,20.1,-0.7218,20.1
2021,11,19,0,10,0,17.38164631,100,20.1,-0.7142,20.1
2021,11,19,0,20,0,17.38164631,100,20.1,-0.6464,20.1
2021,11,19,0,30,0,17.48348595,100,20.2,-0.6788,20.2
2021,11,19,0,40,0,17.48348595,100,20.2,-0.6692,20.2
2021,11,19,0,50,0,17.48348595,100,20.2,-0.6526,20.2
2021,11,19,1,0,0,17.48348595,100,20.2,-0.7722,20.2
2021,11,19,1,10,0,17.585841,100,20.3,-0.7446,20.3
2021,11,19,1,20,0,17.48348595,100,20.2,-0.8104,20.2
2021,11,19,1,30,0,17.38164631,100,20.1,-0.6683,20.1
2021,11,19,1,40,0,17.17950465,100,19.9,-0.6434,19.9
2021,11,19,1,50,0,17.28031993,100,20,-1.3546,20
2021,11,19,2,0,0,17.07919834,100,19.8,-0.9152,19.8
2021,11,19,2,10,0,17.17950465,100,19.9,-1.1117,19.9
2021,11,19,2,20,0,17.17950465,100,19.9,-0.9629,19.9
2021,11,19,2,30,0,17.28031993,100,20,-0.9566,20
2021,11,19,2,40,0,17.17950465,100,19.9,-0.9174,19.9
2021,11,19,2,50,0,17.17950465,100,19.9,-0.7616,19.9
2021,11,19,3,0,0,17.38164631,100,20.1,-0.7258,20.1
2021,11,19,3,10,0,17.48348595,100,20.2,-0.8255,20.2
2021,11,19,3,20,0,17.38164631,100,20.1,-0.7582,20.1
2021,11,19,3,30,0,17.48348595,100,20.2,-0.6966,20.2
2021,11,19,19,30,0,15.38623013,84,21,-26.4134,18.19210813
2021,11,19,19,40,0,15.65997285,85,21.1,-24.1711,18.4787982
2021,11,19,19,50,0,15.65997285,85,21.1,-21.073,18.4787982
2021,11,19,20,0,0,15.84420783,86,21.1,-21.2035,18.665685
2021,11,19,20,10,0,15.84420783,86,21.1,-23.3326,18.665685
2021,11,19,20,20,0,15.75256894,86,21,-25.4287,18.5675355
2021,11,19,20,30,0,15.57066419,86,20.8,-26.5249,18.3712344
2021,11,19,20,40,0,15.57066419,86,20.8,-26.449,18.3712344
2021,11,19,20,50,0,15.48039453,86,20.7,-26.083,18.2730828
2021,11,19,21,0,0,15.57066419,86,20.8,-26.8316,18.3712344
2021,11,19,21,10,0,15.48039453,86,20.7,-26.0865,18.2730828
2021,11,19,21,20,0,15.30038994,85,20.7,-26.2702,18.0867611
2021,11,19,21,30,0,15.48039453,86,20.7,-26.9615,18.2730828
2021,11,19,21,40,0,15.39057748,86,20.6,-25.2963,18.17493051
2021,11,19,21,50,0,15.30121118,86,20.5,-26.0602,18.07677752
2021,11,19,22,0,0,15.12329012,85,20.5,-25.593,17.89073805
2021,11,19,22,10,0,15.30121118,86,20.5,-25.7338,18.07677752
2021,11,19,22,20,0,15.46972162,83,21.3,-26.5282,18.29460748
2021,11,19,22,30,0,15.64973181,83,21.5,-27.0262,18.49004415
2021,11,19,22,40,0,15.9300569,84,21.6,-17.2173,18.77928873
2021,11,19,22,50,0,15.83154839,83,21.7,-24.1087,18.6854774
2021,11,19,23,0,0,16.1149838,84,21.8,-5.4502,18.97500918
2021,11,19,23,10,0,16.1149838,84,21.8,-11.4474,18.97500918
2021,11,19,23,20,0,15.92313875,83,21.8,-26.9044,18.78319275
2021,11,19,23,30,0,15.9300569,84,21.6,-19.9658,18.77928873
2021,11,19,23,40,0,15.9300569,84,21.6,-26.2959,18.77928873
2021,11,19,23,50,0,16.02683378,85,21.5,-26.4018,18.87082332
2021,11,20,0,0,0,15.8382828,84,21.5,-26.6942,18.6814273
2021,11,20,0,10,0,15.8382828,84,21.5,-26.3548,18.6814273
2021,11,20,0,20,0,15.74041336,83,21.6,-26.6523,18.58776121
2021,11,20,0,30,0,15.93442961,85,21.4,-25.6744,18.77281816
2021,11,20,0,40,0,15.74696573,84,21.4,-27.2324,18.58356507
2021,11,20,0,50,0,15.74696573,84,21.4,-26.2333,18.58356507
2021,11,20,1,0,0,15.93442961,85,21.4,-26.6375,18.77281816
2021,11,20,1,10,0,15.8382828,84,21.5,-26.9398,18.6814273
2021,11,20,1,20,0,15.64973181,83,21.5,-26.7335,18.49004415
2021,11,20,1,30,0,15.55950185,83,21.4,-26.6238,18.39232624
2021,11,20,1,40,0,15.64080684,82,21.7,-26.2189,18.49177009
2021,11,20,1,50,0,15.55076983,82,21.6,-25.848,18.39419974
2021,11,20,2,0,0,15.64080684,82,21.7,-25.2912,18.49177009
2021,11,20,2,10,0,15.55076983,82,21.6,-24.6392,18.39419974
2021,11,20,2,20,0,15.64973181,83,21.5,-25.6395,18.49004415
2021,11,20,2,30,0,15.45006529,81,21.7,-25.4812,18.29598035
2021,11,20,2,40,0,15.55076983,82,21.6,-25.6234,18.39419974
2021,11,20,2,50,0,15.64080684,82,21.7,-24.4493,18.49177009
2021,11,20,3,0,0,15.64080684,82,21.7,-24.8778,18.49177009
2021,11,20,3,10,0,15.55076983,82,21.6,-24.2221,18.39419974
2021,11,20,3,20,0,15.64080684,82,21.7,-23.4568,18.49177009
2021,11,20,3,30,0,15.64080684,82,21.7,-18.1358,18.49177009
2021,11,20,19,30,0,16.08518405,81,22.4,-20.7632,18.97791466
2021,11,20,19,40,0,16.28376657,82,22.4,-20.6755,19.17473707
2021,11,20,19,50,0,16.28376657,82,22.4,-21.1801,19.17473707
2021,11,20,20,0,0,16.38798688,83,22.3,-22.3952,19.27175663
2021,11,20,20,10,0,16.49040577,84,22.2,-22.217,19.36644044
2021,11,20,20,20,0,16.30176165,84,22,-16.9466,19.17072641
2021,11,20,20,30,0,16.68989883,86,22,-11.4243,19.54899917
2021,11,20,20,40,0,16.58543251,84,22.3,-9.5988,19.46429625
2021,11,20,20,50,0,16.78287813,85,22.3,-9.2307,19.65483758
2021,11,20,21,0,0,16.78287813,85,22.3,-9.8092,19.65483758
2021,11,20,21,10,0,16.78287813,85,22.3,-11.0737,19.65483758
2021,11,20,21,20,0,16.78287813,85,22.3,-15.2536,19.65483758
2021,11,20,21,30,0,16.6809316,84,22.4,-15.4757,19.56215126
2021,11,20,21,40,0,16.6809316,84,22.4,-15.2569,19.56215126
2021,11,20,21,50,0,16.58543251,84,22.3,-13.0218,19.46429625
2021,11,20,22,0,0,16.6809316,84,22.4,-10.1132,19.56215126
2021,11,20,22,10,0,16.48234909,83,22.4,-9.9769,19.36946685
2021,11,20,22,20,0,16.08518405,81,22.4,-9.074,18.97791466
2021,11,20,22,30,0,15.97800477,80,22.5,-10.7464,18.87621674
2021,11,20,22,40,0,16.17772983,81,22.5,-10.6762,19.07533
2021,11,20,22,50,0,15.66811504,78,22.6,-10.8203,18.56831779
2021,11,20,23,0,0,15.46724177,77,22.6,-12.3071,18.36230896
2021,11,20,23,10,0,15.17910453,76,22.5,-15.3943,18.05728837
2021,11,20,23,20,0,14.97937947,75,22.5,-21.9523,17.846659
2021,11,20,23,30,0,15.09227145,76,22.4,-22.533,17.96063485
2021,11,20,23,40,0,14.91989094,76,22.2,-23.7163,17.76732408
2021,11,20,23,50,0,14.91989094,76,22.2,-22.7127,17.76732408
2021,11,21,0,0,0,14.52726223,74,22.2,-21.7848,17.34453581
2021,11,21,0,10,0,14.21608501,72,22.3,-24.0091,17.00761783
2021,11,21,0,20,0,13.58130405,68,22.5,-25.9801,16.29913232
2021,11,21,0,30,0,13.58130405,68,22.5,-24.8376,16.29913232
2021,11,21,0,40,0,13.5036113,68,22.4,-25.6646,16.20378741
2021,11,21,0,50,0,13.86025561,69,22.6,-25.9514,16.62404745
2021,11,21,1,0,0,13.70219382,69,22.4,-27.3541,16.43301879
2021,11,21,1,10,0,13.98075417,70,22.5,-25.0661,16.75503575
2021,11,21,1,20,0,13.82119376,70,22.3,-23.549,16.56366739
2021,11,21,1,30,0,13.93831917,71,22.2,-24.5948,16.6911618
2021,11,21,1,40,0,13.93831917,71,22.2,-20.6222,16.6911618
2021,11,21,1,50,0,13.85839657,71,22.1,-13.879,16.59530754
2021,11,21,2,0,0,13.89269177,72,21.9,-12.1719,16.62354102
2021,11,21,2,10,0,14.0046883,73,21.8,-12.127,16.74463754
2021,11,21,2,20,0,14.47038309,79,21,-16.2991,17.21806691
2021,11,21,2,30,0,14.49577647,81,20.6,-16.5186,17.22427393
2021,11,21,2,40,0,14.6005829,84,20.1,-12.5679,17.31128309
2021,11,21,2,50,0,14.68827194,85,20,-18.319,17.4006673
2021,11,21,3,0,0,14.68811057,86,19.8,-20.6477,17.38968707
2021,11,21,3,10,0,14.60228302,86,19.7,-23.0774,17.29152851
2021,11,21,3,20,0,14.60228302,86,19.7,-20.3114,17.29152851
2021,11,21,3,30,0,14.51688951,86,19.6,-19.4759,17.19336924
2021,11,21,19,30,0,19.74456251,100,22.3,-3.0856,22.3
2021,11,21,19,40,0,19.74456251,100,22.3,-2.5824,22.3
2021,11,21,19,50,0,19.65966939,99,22.4,-2.545,22.23473689
2021,11,21,20,0,0,19.65966939,99,22.4,-2.7353,22.23473689
2021,11,21,20,10,0,19.85825191,100,22.4,-2.6791,22.4
2021,11,21,20,20,0,19.85825191,100,22.4,-5.5672,22.4
2021,11,21,20,30,0,19.85825191,100,22.4,-6.7416,22.4
2021,11,21,20,40,0,19.85825191,100,22.4,-5.2725,22.4
2021,11,21,20,50,0,19.85825191,100,22.4,-7.0616,22.4
2021,11,21,21,0,0,19.85825191,100,22.4,-4.0714,22.4
2021,11,21,21,10,0,19.85825191,100,22.4,-3.0242,22.4
2021,11,21,21,20,0,19.85825191,100,22.4,-3.9157,22.4
2021,11,21,21,30,0,19.74456251,100,22.3,-3.9555,22.3
2021,11,21,21,40,0,19.63143545,100,22.2,-6.6783,22.2
2021,11,21,21,50,0,19.63143545,100,22.2,-14.7181,22.2
2021,11,21,22,0,0,19.63143545,100,22.2,-2.5544,22.2
2021,11,21,22,10,0,19.51886841,100,22.1,-2.8075,22.1
2021,11,21,22,20,0,19.51886841,100,22.1,-4.6242,22.1
2021,11,21,22,30,0,19.51886841,100,22.1,-8.5381,22.1
2021,11,21,22,40,0,19.51886841,100,22.1,-8.9779,22.1
2021,11,21,22,50,0,19.51886841,100,22.1,-7.6176,22.1
2021,11,21,23,0,0,19.51886841,100,22.1,-9.25,22.1
2021,11,21,23,10,0,19.51886841,100,22.1,-20.8097,22.1
2021,11,21,23,20,0,19.29540523,100,21.9,-18.0568,21.9
2021,11,21,23,30,0,19.29540523,100,21.9,-16.6662,21.9
2021,11,21,23,40,0,19.29540523,100,21.9,-18.4146,21.9
2021,11,21,23,50,0,19.18450452,100,21.8,-16.9704,21.8
2021,11,22,0,0,0,19.18450452,100,21.8,-16.5973,21.8
2021,11,22,0,10,0,18.96435345,100,21.6,-15.0007,21.6
2021,11,22,0,20,0,18.96435345,100,21.6,-10.9184,21.6
2021,11,22,0,30,0,18.74638777,100,21.4,-10.1432,21.4
2021,11,22,0,40,0,18.53058946,100,21.2,-11.8061,21.2
2021,11,22,0,50,0,18.53058946,100,21.2,-11.1876,21.2
2021,11,22,1,0,0,18.53058946,100,21.2,-12.1381,21.2
2021,11,22,1,10,0,18.2109167,100,20.9,-2.597,20.9
2021,11,22,1,20,0,18.31694063,100,21,-7.1943,21
2021,11,22,1,30,0,18.63821882,100,21.3,-8.9853,21.3
2021,11,22,1,40,0,18.74638777,100,21.4,-9.75,21.4
2021,11,22,1,50,0,18.31694063,100,21,-9.3916,21
2021,11,22,2,0,0,18.2109167,100,20.9,-8.267,20.9
2021,11,22,2,10,0,18.31694063,100,21,-7.4878,21
2021,11,22,2,20,0,18.10542347,100,20.8,-8.375,20.8
2021,11,22,2,30,0,18.00045875,100,20.7,-4.5331,20.7
2021,11,22,2,40,0,17.89602033,100,20.6,-1.1458,20.6
2021,11,22,2,50,0,18.2109167,100,20.9,-2.1167,20.9
2021,11,22,3,0,0,18.2109167,100,20.9,-2.7427,20.9
2021,11,22,3,10,0,18.31694063,100,21,-3.5108,21
2021,11,22,3,20,0,18.42349747,100,21.1,-3.1536,21.1
2021,11,22,3,30,0,18.42349747,100,21.1,-2.763,21.1
2021,11,22,19,30,0,11.91774671,97,14.3,-4.7888,13.83007641
2021,11,22,19,40,0,11.84498091,97,14.2,-5.2252,13.73044453
2021,11,22,19,50,0,11.84498091,97,14.2,-5.9822,13.73044453
2021,11,22,20,0,0,11.72286771,96,14.2,-5.3799,13.57108717
2021,11,22,20,10,0,11.35652809,93,14.2,-4.9803,13.08410066
2021,11,22,20,20,0,10.74596207,88,14.2,-4.6747,12.24087229
2021,11,22,20,30,0,10.50748981,85,14.4,-4.6181,11.91059445
2021,11,22,20,40,0,10.38387229,84,14.4,-4.5607,11.73121481
2021,11,22,20,50,0,10.57193451,85,14.5,-4.5924,12.00865209
2021,11,22,21,0,0,10.44755881,84,14.5,-4.8355,11.82913323
2021,11,22,21,10,0,10.32318311,83,14.5,-4.9318,11.64772383
2021,11,22,21,20,0,10.3864461,83,14.6,-4.9372,11.7455008
2021,11,22,21,30,0,10.3864461,83,14.6,-5.4953,11.7455008
2021,11,22,21,40,0,10.26130819,82,14.6,-5.266,11.56201558
2021,11,22,21,50,0,10.32414104,82,14.7,-5.025,11.65964959
2021,11,22,22,0,0,10.511584,84,14.6,-5.4658,11.92705084
2021,11,22,22,10,0,10.6367219,85,14.6,-5.1618,12.10670897
2021,11,22,22,20,0,10.94506161,88,14.5,-4.2737,12.53627629
2021,11,22,22,30,0,11.30342987,92,14.3,-4.1124,13.01769684
2021,11,22,22,40,0,11.651234,96,14.1,-4.0991,13.47157987
2021,11,22,22,50,0,11.94185492,99,14,-4.5188,13.84511702
2021,11,22,23,0,0,11.55775969,97,13.8,-3.8338,13.33191556
2021,11,22,23,10,0,11.48690637,97,13.7,-3.492,13.23228296
2021,11,22,23,20,0,11.41643046,97,13.6,-4.207,13.13265021
2021,11,22,23,30,0,10.94564982,93,13.6,-4.1896,12.48933584
2021,11,22,23,40,0,10.30268922,87,13.7,-4.4419,11.57550898
2021,11,22,23,50,0,10.24708592,86,13.8,-4.8063,11.49893885
2021,11,23,0,0,0,10.36623808,87,13.8,-4.9383,11.6738456
2021,11,23,0,10,0,10.06584579,85,13.7,-5.0478,11.22416998
2021,11,23,0,20,0,10.12793375,85,13.8,-5.3678,11.32223287
2021,11,23,0,30,0,10.12793375,85,13.8,-5.0564,11.32223287
2021,11,23,0,40,0,9.88962943,83,13.8,-5.0431,10.9632611
2021,11,23,0,50,0,9.710807847,81,13.9,-5.6662,10.69408994
2021,11,23,1,0,0,9.587994645,79,14.1,-4.9754,10.51348144
2021,11,23,1,10,0,9.46047935,77,14.3,-5.3504,10.32322421
2021,11,23,1,20,0,9.583342718,78,14.3,-5.4266,10.51664239
2021,11,23,1,30,0,9.583342718,78,14.3,-5.6765,10.51664239
2021,11,23,1,40,0,9.27131454,75,14.4,-5.5316,10.02625863
2021,11,23,1,50,0,9.328177509,75,14.5,-5.4245,10.12285868
2021,11,23,2,0,0,9.203801809,74,14.5,-5.5412,9.922287815
2021,11,23,2,10,0,9.009929143,72,14.6,-5.477,9.610008091
2021,11,23,2,20,0,9.065099449,72,14.7,-5.4629,9.706136833
2021,11,23,2,30,0,9.12056262,72,14.8,-5.5822,9.802264103
2021,11,23,2,40,0,9.191003608,73,14.7,-5.2043,9.911889939
2021,11,23,2,50,0,9.191003608,73,14.7,-5.4544,9.911889939
2021,11,23,3,0,0,9.260204952,74,14.6,-5.4176,10.01873213
2021,11,23,3,10,0,9.260204952,74,14.6,-5.5368,10.01873213
2021,11,23,3,20,0,9.385342857,75,14.6,-5.4388,10.21945744
2021,11,23,3,30,0,9.510480762,76,14.6,-5.4836,10.41783932
2021,11,23,19,30,0,10.4500452,83,14.7,-4.7712,11.8432769
2021,11,23,19,40,0,10.57594936,84,14.7,-5.2035,12.02496764
2021,11,23,19,50,0,10.511584,84,14.6,-5.0394,11.92705084
2021,11,23,20,0,0,10.511584,84,14.6,-5.8323,11.92705084
2021,11,23,20,10,0,10.511584,84,14.6,-5.4718,11.92705084
2021,11,23,20,20,0,10.6367219,85,14.6,-5.5368,12.10670897
2021,11,23,20,30,0,10.6367219,85,14.6,-5.969,12.10670897
2021,11,23,20,40,0,10.6367219,85,14.6,-6.4192,12.10670897
2021,11,23,20,50,0,10.511584,84,14.6,-6.455,11.92705084
2021,11,23,21,0,0,10.511584,84,14.6,-6.1344,11.92705084
2021,11,23,21,10,0,10.4500452,83,14.7,-6.1738,11.8432769
2021,11,23,21,20,0,10.4500452,83,14.7,-6.2488,11.8432769
2021,11,23,21,30,0,10.38730743,82,14.8,-6.3373,11.7572827
2021,11,23,21,40,0,10.38730743,82,14.8,-6.2634,11.7572827
2021,11,23,21,50,0,10.38730743,82,14.8,-6.19,11.7572827
2021,11,23,22,0,0,10.38730743,82,14.8,-6.1573,11.7572827
2021,11,23,22,10,0,10.38730743,82,14.8,-6.2796,11.7572827
2021,11,23,22,20,0,10.38730743,82,14.8,-6.2126,11.7572827
2021,11,23,22,30,0,10.45080884,82,14.9,-6.213,11.85491489
2021,11,23,22,40,0,10.26063295,81,14.8,-6.1189,11.5715304
2021,11,23,22,50,0,10.26063295,81,14.8,-5.9025,11.5715304
2021,11,23,23,0,0,10.26063295,81,14.8,-6.051,11.5715304
2021,11,23,23,10,0,10.12996454,79,15,-5.8629,11.38828237
2021,11,23,23,20,0,10.12996454,79,15,-5.9606,11.38828237
2021,11,23,23,30,0,10.06846217,79,14.9,-5.9252,11.29108656
2021,11,23,23,40,0,9.941013282,78,14.9,-5.9736,11.09895191
2021,11,23,23,50,0,10.00173714,78,15,-5.8508,11.19599955
2021,11,24,0,0,0,10.00173714,78,15,-5.67,11.19599955
2021,11,24,0,10,0,10.00173714,78,15,-5.8169,11.19599955
2021,11,24,0,20,0,9.873509745,77,15,-5.6077,11.00153436
2021,11,24,0,30,0,9.873509745,77,15,-5.7727,11.00153436
2021,11,24,0,40,0,9.873509745,77,15,-5.8234,11.00153436
2021,11,24,0,50,0,9.804762443,76,15.1,-5.8325,10.90157828
2021,11,24,1,0,0,9.804762443,76,15.1,-5.8683,10.90157828
2021,11,24,1,10,0,9.804762443,76,15.1,-5.8714,10.90157828
2021,11,24,1,20,0,9.734760374,75,15.2,-5.7524,10.79902271
2021,11,24,1,30,0,9.864557179,76,15.2,-5.6999,10.99832235
2021,11,24,1,40,0,9.864557179,76,15.2,-5.5756,10.99832235
2021,11,24,1,50,0,9.864557179,76,15.2,-5.5219,10.99832235
2021,11,24,2,0,0,9.864557179,76,15.2,-5.5127,10.99832235
2021,11,24,2,10,0,9.933772475,77,15.1,-5.4514,11.09843107
2021,11,24,2,20,0,9.804762443,76,15.1,-5.3959,10.90157828
2021,11,24,2,30,0,9.864557179,76,15.2,-5.3683,10.99832235
2021,11,24,2,40,0,9.864557179,76,15.2,-4.8652,10.99832235
2021,11,24,2,50,0,9.864557179,76,15.2,-4.9792,10.99832235
2021,11,24,3,0,0,9.864557179,76,15.2,-5.136,10.99832235
2021,11,24,3,10,0,9.864557179,76,15.2,-4.7677,10.99832235
2021,11,24,3,20,0,9.794080206,75,15.3,-4.8385,10.89561238
2021,11,24,3,30,0,9.794080206,75,15.3,-4.8917,10.89561238
2021,11,24,19,30,0,11.32992969,76,17.5,-5.0577,13.22309339
2021,11,24,19,40,0,11.26250543,76,17.4,-5.2813,13.12637786
2021,11,24,19,50,0,11.18085167,75,17.5,-4.8113,13.02025674
2021,11,24,20,0,0,11.18085167,75,17.5,-4.7787,13.02025674
2021,11,24,20,10,0,11.31496144,75,17.7,-5.0038,13.21337508
2021,11,24,20,20,0,11.31496144,75,17.7,-5.4531,13.21337508
2021,11,24,20,30,0,11.31496144,75,17.7,-4.5414,13.21337508
2021,11,24,20,40,0,11.38253707,75,17.8,-4.6898,13.30993231
2021,11,24,20,50,0,11.6031347,76,17.9,-4.6391,13.60994309
2021,11,24,21,0,0,11.6031347,76,17.9,-4.5807,13.60994309
2021,11,24,21,10,0,11.67232049,76,18,-4.863,13.70665241
2021,11,24,21,20,0,11.82590366,77,18,-5.9437,13.90792034
2021,11,24,21,30,0,11.82590366,77,18,-5.0423,13.90792034
2021,11,24,21,40,0,11.82590366,77,18,-4.3417,13.90792034
2021,11,24,21,50,0,11.89636135,77,18.1,-4.4492,14.00478151
2021,11,24,22,0,0,11.96718215,77,18.2,-4.4247,14.1016415
2021,11,24,22,10,0,11.96718215,77,18.2,-4.5884,14.1016415
2021,11,24,22,20,0,11.96718215,77,18.2,-4.2231,14.1016415
2021,11,24,22,30,0,12.1226001,78,18.2,-4.3403,14.30092788
2021,11,24,22,40,0,12.1226001,78,18.2,-3.8609,14.30092788
2021,11,24,22,50,0,12.20535775,79,18.1,-4.0066,14.40082005
2021,11,24,23,0,0,12.35985595,80,18.1,-4.0653,14.59554558
2021,11,24,23,10,0,12.28665315,80,18,-4.0807,14.4982347
2021,11,24,23,20,0,12.28665315,80,18,-4.4009,14.4982347
2021,11,24,23,30,0,12.35985595,80,18.1,-5.0039,14.59554558
2021,11,24,23,40,0,12.35105249,79,18.3,-8.4556,14.5951419
2021,11,24,23,50,0,12.35105249,79,18.3,-9.36,14.5951419
2021,11,25,0,0,0,12.35105249,79,18.3,-11.1861,14.5951419
2021,11,25,0,10,0,12.42446266,79,18.4,-13.6347,14.69230122
2021,11,25,0,20,0,12.42446266,79,18.4,-11.422,14.69230122
2021,11,25,0,30,0,12.42446266,79,18.4,-13.5418,14.69230122
2021,11,25,0,40,0,12.50739492,80,18.3,-10.4803,14.79016429
2021,11,25,0,50,0,12.58173434,80,18.4,-6.9865,14.88747212
2021,11,25,1,0,0,12.58173434,80,18.4,-11.4007,14.88747212
2021,11,25,1,10,0,12.58173434,80,18.4,-14.7463,14.88747212
2021,11,25,1,20,0,12.58173434,80,18.4,-8.4832,14.88747212
2021,11,25,1,30,0,12.65645587,80,18.5,-9.1691,14.98477893
2021,11,25,1,40,0,12.81466157,81,18.5,-13.8255,15.1779653
2021,11,25,1,50,0,12.81466157,81,18.5,-17.8021,15.1779653
2021,11,25,2,0,0,12.89627769,82,18.4,-16.0077,15.27146854
2021,11,25,2,10,0,12.89627769,82,18.4,-15.5126,15.27146854
2021,11,25,2,20,0,12.89968985,83,18.2,-13.5142,15.26490136
2021,11,25,2,30,0,12.89968985,83,18.2,-15.0632,15.26490136
2021,11,25,2,40,0,13.05197584,86,17.8,-14.3798,15.42638327
2021,11,25,2,50,0,12.89740104,86,17.6,-13.2334,15.23003755
2021,11,25,3,0,0,12.89740104,86,17.6,-12.4703,15.23003755
2021,11,25,3,10,0,12.97448912,86,17.7,-14.1956,15.32821076
2021,11,25,3,20,0,13.05197584,86,17.8,-13.8122,15.42638327
2021,11,25,3,30,0,13.20815214,86,18,-13.8516,15.6227262
2021,11,25,19,30,0,13.85059343,85,19,-12.085,16.4204696
2021,11,25,21,40,0,14.15445113,90,18.4,-2.8577,16.72955626
2021,11,25,21,50,0,14.15445113,90,18.4,-2.7482,16.72955626
2021,11,25,22,0,0,14.23851285,90,18.5,-2.7618,16.82827088
2021,11,25,22,10,0,14.23851285,90,18.5,-2.7835,16.82827088
2021,11,25,22,20,0,14.48215081,91,18.6,-2.8111,17.10143095
2021,11,25,22,30,0,14.55492425,92,18.5,-2.8335,17.17522253
2021,11,25,22,40,0,15.02954135,95,18.5,-2.5163,17.68343976
2021,11,25,22,50,0,15.41262456,98,18.4,-2.8469,18.07801749
2021,11,25,23,0,0,15.25535288,97,18.4,-2.6448,17.91485962
2021,11,25,23,10,0,15.41262456,98,18.4,-2.8035,18.07801749
2021,11,25,23,20,0,15.34595274,97,18.5,-2.8408,18.01448545
2021,11,25,23,30,0,15.4370179,97,18.6,-2.6759,18.11411114
2021,11,25,23,40,0,15.27787339,96,18.6,-2.7267,17.94921759
2021,11,25,23,50,0,15.36846219,96,18.7,-2.6033,18.04871622
2021,11,26,0,0,0,15.27787339,96,18.6,-2.8669,17.94921759
2021,11,26,0,10,0,15.27787339,96,18.6,-2.5045,17.94921759
2021,11,26,0,20,0,15.4370179,97,18.6,-2.1933,18.11411114
2021,11,26,0,30,0,15.50415844,98,18.5,-1.9722,18.17776908
2021,11,26,0,40,0,15.91445144,100,18.6,-1.8635,18.6
2021,11,26,0,50,0,15.82056984,100,18.5,-1.9363,18.5
2021,11,26,1,0,0,15.82056984,100,18.5,-1.8316,18.5
2021,11,26,1,10,0,15.82056984,100,18.5,-1.7065,18.5
2021,11,26,1,20,0,15.72716792,100,18.4,-1.4921,18.4
2021,11,26,1,30,0,15.72716792,100,18.4,-1.4831,18.4
2021,11,26,1,40,0,15.541795,100,18.2,-1.5088,18.2
2021,11,26,1,50,0,15.44981993,100,18.1,-1.456,18.1
2021,11,26,2,0,0,15.35831644,100,18,-1.4861,18
2021,11,26,2,10,0,15.35831644,100,18,-1.7603,18
2021,11,26,2,20,0,15.35831644,100,18,-1.7224,18
2021,11,26,2,30,0,15.35831644,100,18,-3.2164,18
2021,11,26,2,40,0,15.44981993,100,18.1,-1.6624,18.1
2021,11,26,2,50,0,15.44981993,100,18.1,-1.6429,18.1
2021,11,26,3,0,0,15.44981993,100,18.1,-2.6539,18.1
2021,11,26,3,10,0,15.38637705,99,18.2,-2.3471,18.03996901
2021,11,26,3,20,0,15.14082354,98,18.1,-1.7161,17.77876214
2021,11,26,3,30,0,15.07554115,97,18.2,-1.7317,17.71560751
2021,11,26,19,30,0,12.08121064,83,17.1,-8.0461,14.18964667
2021,11,26,19,40,0,11.93565389,82,17.1,-10.0417,14.00259298
2021,11,26,19,50,0,11.93565389,82,17.1,-11.9208,14.00259298
2021,11,26,20,0,0,11.79009713,81,17.1,-11.1798,13.81352348
2021,11,26,20,10,0,11.79009713,81,17.1,-8.9174,13.81352348
2021,11,26,20,20,0,11.64454038,80,17.1,-8.8458,13.62239093
2021,11,26,20,30,0,11.71441974,80,17.2,-10.7555,13.71971098
2021,11,26,20,40,0,11.71441974,80,17.2,-10.1075,13.71971098
2021,11,26,20,50,0,11.71441974,80,17.2,-9.2648,13.71971098
2021,11,26,21,0,0,11.71441974,80,17.2,-6.4452,13.71971098
2021,11,26,21,10,0,11.78466205,80,17.3,-8.0295,13.81703001
2021,11,26,21,20,0,11.63735377,79,17.3,-8.9661,13.62348971
2021,11,26,21,30,0,11.63735377,79,17.3,-8.8484,13.62348971
2021,11,26,21,40,0,11.49004549,78,17.3,-6.386,13.4277836
2021,11,26,21,50,0,11.64968756,81,16.9,-5.4243,13.6185878
2021,11,26,22,0,0,11.50586426,80,16.9,-4.1051,13.42774778
2021,11,26,22,10,0,11.50586426,80,16.9,-5.7177,13.42774778
2021,11,26,22,20,0,11.65283676,82,16.7,-6.104,13.61213881
2021,11,26,22,30,0,11.72430326,83,16.6,-6.4035,13.7008603
2021,11,26,22,40,0,11.72430326,83,16.6,-7.1847,13.7008603
2021,11,26,22,50,0,11.79443889,84,16.5,-6.7769,13.78733287
2021,11,26,23,0,0,11.72368757,84,16.4,-6.9915,13.68943051
2021,11,26,23,10,0,11.72368757,84,16.4,-7.3217,13.68943051
2021,11,26,23,20,0,11.6540289,83,16.5,-8.6104,13.60310046
2021,11,26,23,30,0,11.72430326,83,16.6,-7.7426,13.7008603
2021,11,26,23,40,0,11.72430326,83,16.6,-7.9928,13.7008603
2021,11,26,23,50,0,11.72430326,83,16.6,-7.2287,13.7008603
2021,11,27,0,0,0,11.79494453,83,16.7,-8.8735,13.79861929
2021,11,27,0,10,0,11.79494453,83,16.7,-7.0221,13.79861929
2021,11,27,0,20,0,11.58304659,82,16.6,-7.0358,13.51452299
2021,11,27,0,30,0,11.72430326,83,16.6,-7.1918,13.7008603
2021,11,27,0,40,0,11.65283676,82,16.7,-7.8095,13.61213881
2021,11,27,0,50,0,11.65283676,82,16.7,-6.7969,13.61213881
2021,11,27,1,0,0,11.72299099,82,16.8,-6.9433,13.70975372
2021,11,27,1,10,0,11.79494453,83,16.7,-5.975,13.79861929
2021,11,27,1,20,0,11.93705229,84,16.7,-6.3057,13.98313517
2021,11,27,1,30,0,11.86555993,84,16.6,-7.0457,13.88523442
2021,11,27,1,40,0,11.79494453,83,16.7,-6.872,13.79861929
2021,11,27,1,50,0,11.72299099,82,16.8,-6.4804,13.70975372
2021,11,27,2,0,0,11.86595429,83,16.8,-4.8597,13.89637742
2021,11,27,2,10,0,12.00681659,85,16.6,-4.0604,14.06768922
2021,11,27,2,20,0,12.07525886,86,16.5,-4.813,14.15008624
2021,11,27,2,30,0,12.21566885,87,16.5,-6.5502,14.32869051
2021,11,27,2,40,0,12.35607883,88,16.5,-5.2795,14.50549976
2021,11,27,2,50,0,12.56109382,90,16.4,-5.3982,14.7551607
2021,11,27,3,0,0,12.56109382,90,16.4,-6.6051,14.7551607
2021,11,27,3,10,0,12.7773088,91,16.5,-4.1772,15.02553422
2021,11,27,3,20,0,12.63689881,90,16.5,-3.6024,14.85388514
2021,11,27,3,30,0,12.7773088,91,16.5,-3.5529,15.02553422
2021,11,27,19,30,0,15.49865387,94,19.2,-24.8224,18.21030491
2021,11,27,19,40,0,15.64302317,96,19,-22.9062,18.34721096
2021,11,27,19,50,0,15.80597132,97,19,-25.21,18.51261247
2021,11,27,20,0,0,15.40765909,94,19.1,-23.5878,18.11106483
2021,11,27,20,10,0,15.07983655,92,19.1,-24.868,17.76909857
2021,11,27,20,20,0,14.58810275,89,19.1,-26.3559,17.24371777
2021,11,27,20,30,0,14.50937809,88,19.2,-26.2448,17.16357483
2021,11,27,20,40,0,14.3444988,87,19.2,-25.8747,16.983065
2021,11,27,20,50,0,14.1796195,86,19.2,-26.0732,16.80072522
2021,11,27,21,0,0,14.26329503,86,19.3,-25.8359,16.89888727
2021,11,27,21,10,0,14.58810275,89,19.1,-26.5117,17.24371777
2021,11,27,21,20,0,14.67425739,89,19.2,-26.2839,17.34229374
2021,11,27,21,30,0,14.91592529,91,19.1,-26.421,17.59566344
2021,11,27,21,40,0,15.2270552,94,18.9,-26.7147,17.91258381
2021,11,27,21,50,0,15.31712685,94,19,-27.6241,18.01182447
2021,11,27,22,0,0,15.15417869,93,19,-25.9874,17.84177802
2021,11,27,22,10,0,15.2270552,94,18.9,-26.6629,17.91258381
2021,11,27,22,20,0,15.1374422,94,18.8,-26.6028,17.81334286
2021,11,27,22,30,0,14.74108536,91,18.9,-26.3615,17.39797176
2021,11,27,22,40,0,14.17648974,87,19,-20.2281,16.7864608
2021,11,27,22,50,0,13.93245769,85,19.1,-18.8789,16.51849274
2021,11,27,23,0,0,13.59988596,82,19.3,-15.9355,16.1498308
2021,11,27,23,10,0,13.25723639,79,19.5,-14.2341,15.7609829
2021,11,27,23,20,0,12.73454915,75,19.7,-12.6324,15.14427315
2021,11,27,23,30,0,12.61463355,73,20,-11.1538,15.01306519
2021,11,27,23,40,0,12.51478534,72,20.1,-9.4491,14.89490448
2021,11,27,23,50,0,12.41327502,71,20.2,-10.8514,14.77378634
2021,11,28,0,0,0,12.41327502,71,20.2,-7.8109,14.77378634
2021,11,28,0,10,0,12.3100887,70,20.3,-6.8765,14.6496346
2021,11,28,0,20,0,12.45447422,70,20.5,-5.5761,14.84106645
2021,11,28,0,30,0,12.45447422,70,20.5,-6.1795,14.84106645
2021,11,28,0,40,0,12.55898668,71,20.4,-8.5375,14.96555139
2021,11,28,0,50,0,12.76294474,73,20.2,-8.7448,15.2054847
2021,11,28,1,0,0,12.76294474,73,20.2,-7.7076,15.2054847
2021,11,28,1,10,0,13.03623473,75,20.1,-8.2361,15.5303905
2021,11,28,1,20,0,13.05642353,76,19.9,-6.4314,15.54389388
2021,11,28,1,30,0,13.15098272,77,19.8,-6.5506,15.65124029
2021,11,28,1,40,0,13.22821858,77,19.9,-8.0567,15.74808015
2021,11,28,1,50,0,13.47864954,78,20,-7.9727,16.04694225
2021,11,28,2,0,0,13.47864954,78,20,-8.6312,16.04694225
2021,11,28,2,10,0,13.30584634,77,20,-10.2879,15.84491883
2021,11,28,2,20,0,13.55768412,78,20.1,-11.4277,16.14393233
2021,11,28,2,30,0,13.57180867,79,19.9,-16.1852,16.14956223
2021,11,28,2,40,0,13.83415066,81,19.8,-10.2885,16.44477788
2021,11,28,2,50,0,13.83415066,81,19.8,-9.3976,16.44477788
2021,11,28,3,0,0,13.92310707,82,19.7,-9.4443,16.54019039
2021,11,28,3,10,0,14.09290106,83,19.7,-8.1816,16.73099087
2021,11,28,3,20,0,14.09290106,83,19.7,-7.1586,16.73099087
2021,11,28,3,30,0,13.92310707,82,19.7,-7.7353,16.54019039
2021,11,28,19,30,0,14.79219569,78,21.6,-12.5165,17.59864819
2021,11,28,19,40,0,14.77206848,77,21.8,-11.4648,17.58781259
2021,11,28,19,50,0,14.85746203,77,21.9,-10.7878,17.68462878
2021,11,28,20,0,0,14.77206848,77,21.8,-11.0921,17.58781259
2021,11,28,20,10,0,14.96391352,78,21.8,-10.3746,17.79259113
2021,11,28,20,20,0,14.87784065,78,21.7,-10.3948,17.69562022
2021,11,28,20,30,0,14.87784065,78,21.7,-10.0353,17.69562022
2021,11,28,20,40,0,15.17148276,80,21.6,-10.907,18.0007852
2021,11,28,20,50,0,15.17148276,80,21.6,-8.572,18.0007852
2021,11,28,21,0,0,15.17148276,80,21.6,-9.6568,18.0007852
2021,11,28,21,10,0,15.28333943,82,21.3,-11.0798,18.10148324
2021,11,28,21,20,0,15.27262984,81,21.5,-13.1293,18.1011333
2021,11,28,21,30,0,15.18457409,81,21.4,-14.0091,18.00370834
2021,11,28,21,40,0,15.27262984,81,21.5,-14.9989,18.1011333
2021,11,28,21,50,0,15.18457409,81,21.4,-14.4299,18.00370834
2021,11,28,22,0,0,15.18457409,81,21.4,-18.1323,18.00370834
2021,11,28,22,10,0,15.09695724,81,21.3,-24.6614,17.90628241
2021,11,28,22,20,0,15.18457409,81,21.4,-21.7049,18.00370834
2021,11,28,22,30,0,14.99711022,80,21.4,-13.8954,17.80623366
2021,11,28,22,40,0,15.08407885,80,21.5,-15.7022,17.90350994
2021,11,28,22,50,0,14.79219569,78,21.6,-18.4084,17.59864819
2021,11,28,23,0,0,14.60255216,77,21.6,-23.0729,17.39417667
2021,11,28,23,10,0,14.60255216,77,21.6,-20.6577,17.39417667
2021,11,28,23,20,0,14.5184259,77,21.5,-16.5357,17.29735693
2021,11,28,23,30,0,14.60255216,77,21.6,-15.0912,17.39417667
2021,11,28,23,40,0,14.89552787,79,21.5,-14.085,17.70370795
2021,11,28,23,50,0,14.98183923,79,21.6,-11.203,17.80083294
2021,11,29,0,0,0,14.79219569,78,21.6,-10.0377,17.59864819
2021,11,29,0,10,0,14.98183923,79,21.6,-9.9428,17.80083294
2021,11,29,0,20,0,14.77206848,77,21.8,-9.8388,17.58781259
2021,11,29,0,30,0,14.85746203,77,21.9,-10.3981,17.68462878
2021,11,29,0,40,0,14.77206848,77,21.8,-9.0657,17.58781259
2021,11,29,0,50,0,14.66450798,76,21.9,-9.0962,17.47734864
2021,11,29,1,0,0,14.47155392,75,21.9,-9.7179,17.26766188
2021,11,29,1,10,0,14.44396262,74,22.1,-9.5902,17.24819444
2021,11,29,1,20,0,14.33094788,73,22.2,-9.4757,17.1293693
2021,11,29,1,30,0,14.33094788,73,22.2,-9.4404,17.1293693
2021,11,29,1,40,0,14.41353063,73,22.3,-10.4204,17.22554872
2021,11,29,1,50,0,14.44396262,74,22.1,-12.8736,17.24819444
2021,11,29,2,0,0,14.24877394,73,22.1,-14.1639,17.03318848
2021,11,29,2,10,0,14.09935886,71,22.4,-18.6609,16.88286573
2021,11,29,2,20,0,13.86025561,69,22.6,-22.4623,16.62404745
2021,11,29,2,30,0,13.61351508,67,22.8,-25.23,16.35225716
2021,11,29,2,40,0,13.82119376,70,22.3,-22.5449,16.56366739
2021,11,29,2,50,0,14.08564582,73,21.9,-24.4279,16.8408226
2021,11,29,3,0,0,14.43471858,77,21.4,-25.5486,17.20053601
2021,11,29,3,10,0,14.62218246,78,21.4,-25.0484,17.40470074
2021,11,29,3,20,0,14.43471858,77,21.4,-26.743,17.20053601
2021,11,29,3,30,0,14.53781068,78,21.3,-25.6286,17.30772532
2021,11,29,22,30,0,14.37032803,78,21.1,-21.1997,17.1137711
2021,11,29,22,40,0,14.47038309,79,21,-22.18,17.21806691
2021,11,29,22,50,0,14.38662419,79,20.9,-20.3299,17.12093548
2021,11,29,23,0,0,14.37032803,78,21.1,-18.2359,17.1137711
2021,11,29,23,10,0,14.38662419,79,20.9,-18.0308,17.12093548
2021,11,29,23,20,0,14.38662419,79,20.9,-17.6895,17.12093548
2021,11,29,23,30,0,14.37032803,78,21.1,-12.7758,17.1137711
2021,11,29,23,40,0,14.37032803,78,21.1,-7.5923,17.1137711
2021,11,29,23,50,0,14.43471858,77,21.4,-8.4288,17.20053601
2021,11,30,0,0,0,14.26855389,77,21.2,-13.0292,17.00689061
2021,11,30,0,10,0,14.26855389,77,21.2,-14.9129,17.00689061
2021,11,30,0,20,0,14.26855389,77,21.2,-14.7318,17.00689061
2021,11,30,0,30,0,14.45385978,78,21.2,-15.0353,17.21074877
2021,11,30,0,40,0,14.47038309,79,21,-17.2462,17.21806691
2021,11,30,0,50,0,14.28721369,78,21,-10.6251,17.0167923
2021,11,30,1,0,0,14.35142849,77,21.3,-10.5461,17.1037139
2021,11,30,1,10,0,14.43471858,77,21.4,-5.3488,17.20053601
2021,11,30,1,20,0,14.32987491,76,21.5,-2.8494,17.09069736
2021,11,30,1,30,0,14.32987491,76,21.5,-0.8621,17.09069736
2021,11,30,1,40,0,14.24725471,76,21.4,-3.6957,16.99403144
2021,11,30,1,50,0,14.43471858,77,21.4,-2.1895,17.20053601
2021,11,30,2,0,0,14.32987491,76,21.5,-1.1305,17.09069736
2021,11,30,2,10,0,14.5184259,77,21.5,-1.7282,17.29735693
2021,11,30,2,20,0,14.53781068,78,21.3,-2.4608,17.30772532
2021,11,30,2,30,0,14.6535525,80,21,-2.9097,17.41711838
2021,11,30,2,40,0,15.65610381,84,21.3,-7.3347,18.48570204
2021,11,30,2,50,0,16.59451457,87,21.7,-12.8635,19.44039983
2021,11,30,3,0,0,16.59248674,88,21.5,-14.1227,19.42751978
2021,11,30,3,10,0,16.49682124,88,21.4,-2.5677,19.32909392
2021,11,30,3,20,0,16.49682124,88,21.4,-0.6634,19.32909392
2021,11,30,3,30,0,16.59248674,88,21.5,-0.7518,19.42751978
2021,11,30,19,30,0,11.5693403,74,18.3,-4.6039,13.58621903
2021,11,30,19,40,0,11.5693403,74,18.3,-5.0432,13.58621903
2021,11,30,19,50,0,11.41299787,73,18.3,-5.4351,13.37727134
2021,11,30,20,0,0,11.1900924,72,18.2,-6.1978,13.06971594
2021,11,30,20,10,0,10.96937215,71,18.1,-5.0838,12.75988412
2021,11,30,20,20,0,10.81487395,70,18.1,-5.4317,12.54346507
2021,11,30,20,30,0,10.81487395,70,18.1,-5.0546,12.54346507
2021,11,30,20,40,0,10.68709775,70,17.9,-4.7894,12.35195699
2021,11,30,20,50,0,10.56063068,70,17.7,-5.2288,12.16044256
2021,11,30,21,0,0,10.19794501,68,17.6,-5.4812,11.62522381
2021,11,30,21,10,0,10.04797523,67,17.6,-5.8894,11.40121245
2021,11,30,21,20,0,10.34791479,69,17.6,-6.2039,11.84635454
2021,11,30,21,30,0,10.19794501,68,17.6,-5.529,11.62522381
2021,11,30,21,40,0,10.34791479,69,17.6,-5.5042,11.84635454
2021,11,30,21,50,0,9.928787678,67,17.4,-5.9907,11.21069214
2021,11,30,22,0,0,9.869654464,67,17.3,-5.6824,11.11542932
2021,11,30,22,10,0,9.810826531,67,17.2,-6.1639,11.02016474
2021,11,30,22,20,0,9.461189058,65,17.1,-5.982,10.46962676
2021,11,30,22,30,0,9.204691404,64,16.9,-6.7644,10.04784794
2021,11,30,22,40,0,9.060868101,63,16.9,-6.3598,9.812704399
2021,11,30,22,50,0,9.149651504,64,16.8,-6.6543,9.953095673
2021,11,30,23,0,0,8.952789218,63,16.7,-6.929,9.623552994
2021,11,30,23,10,0,8.757913278,62,16.6,-7.072,9.291058975
2021,11,30,23,20,0,8.653197968,62,16.4,-7.4483,9.102254815
2021,11,30,23,30,0,8.513630259,61,16.4,-7.24,8.861297993
2021,11,30,23,40,0,8.273776917,60,16.2,-7.642,8.428754402
2021,11,30,23,50,0,8.361092755,61,16.1,-7.5074,8.578621879
2021,12,1,0,0,0,8.038291699,59,16,-7.7899,7.993331264
2021,12,1,0,10,0,7.989878923,59,15.9,-8.2626,7.899470371
2021,12,1,0,20,0,7.807113722,58,15.8,-8.4745,7.554926762
2021,12,1,0,30,0,7.893811218,59,15.7,-8.316,7.711741743
2021,12,1,0,40,0,7.846154086,59,15.6,-8.2127,7.617874008
2021,12,1,0,50,0,7.846154086,59,15.6,-8.2283,7.617874008
2021,12,1,1,0,0,7.751587782,59,15.4,-8.3466,7.430131695
2021,12,1,1,10,0,7.574088693,58,15.3,-8.1655,7.086522127
2021,12,1,1,20,0,7.398417884,57,15.2,-8.2452,6.739462826
2021,12,1,1,30,0,7.482581864,58,15.1,-8.4285,6.899143839
2021,12,1,1,40,0,7.565416558,59,15,-8.7558,7.054619698
2021,12,1,1,50,0,7.392035518,58,14.9,-8.6247,6.71175616
2021,12,1,2,0,0,7.220445408,57,14.8,-8.7582,6.365453148
2021,12,1,2,10,0,7.093770927,56,14.8,-8.9506,6.108905559
2021,12,1,2,20,0,7.220445408,57,14.8,-9.2183,6.365453148
2021,12,1,2,30,0,7.302441223,58,14.7,-9.2061,6.524359087
2021,12,1,2,40,0,7.176537064,57,14.7,-9.1808,6.27194469
2021,12,1,2,50,0,7.007722667,56,14.6,-9.3139,5.922274229
2021,12,1,3,0,0,7.132860571,57,14.6,-9.0636,6.178433815
2021,12,1,3,10,0,6.965039207,56,14.5,-9.3745,5.828954838
2021,12,1,3,20,0,6.634621882,54,14.3,-9.7117,5.118826499
2021,12,1,3,30,0,6.634621882,54,14.3,-9.8801,5.118826499
2021,12,1,19,30,0,7.901831071,62,14.9,-9.0863,7.685957856
2021,12,1,19,40,0,7.853817812,62,14.8,-8.4968,7.591521381
2021,12,1,19,50,0,7.6801537,61,14.7,-13.5154,7.259210917
2021,12,1,20,0,0,7.554249541,60,14.7,-22.4404,7.017873886
2021,12,1,20,10,0,7.586917707,61,14.5,-34.8745,7.070689242
2021,12,1,20,20,0,7.740392196,63,14.3,-36.7755,7.353105772
2021,12,1,20,30,0,7.740392196,63,14.3,-34.4011,7.353105772
2021,12,1,20,40,0,7.767489332,64,14.1,-37.1081,7.394044666
2021,12,1,20,50,0,7.646122312,63,14.1,-35.1442,7.163849292
2021,12,1,21,0,0,7.599362219,63,14,-36.154,7.06921802
2021,12,1,21,10,0,7.524755291,62,14.1,-34.6384,6.930407662
2021,12,1,21,20,0,7.571018728,62,14.2,-23.7833,7.024858735
2021,12,1,21,30,0,7.54066916,61,14.4,-13.442,6.976425179
2021,12,1,21,40,0,7.60046885,60,14.8,-9.657,7.111948092
2021,12,1,21,50,0,7.60046885,60,14.8,-13.4281,7.111948092
2021,12,1,22,0,0,7.727143331,61,14.8,-16.8579,7.35346853
2021,12,1,22,10,0,7.727143331,61,14.8,-19.5473,7.35346853
2021,12,1,22,20,0,7.806057859,62,14.7,-19.6097,7.49708282
2021,12,1,22,30,0,7.883688,63,14.6,-13.1822,7.636975332
2021,12,1,22,40,0,7.931962018,63,14.7,-17.4495,7.731594476
2021,12,1,22,50,0,8.057866177,64,14.7,-15.35,7.962845987
2021,12,1,23,0,0,8.057866177,64,14.7,-14.1295,7.962845987
2021,12,1,23,10,0,8.183770336,65,14.7,-25.9261,8.190932957
2021,12,1,23,20,0,8.13396381,65,14.6,-34.1527,8.095963701
2021,12,1,23,30,0,8.158756796,66,14.4,-30.475,8.130518269
2021,12,1,23,40,0,8.158756796,66,14.4,-35.8938,8.130518269
2021,12,1,23,50,0,8.1089823,66,14.3,-35.7317,8.03537177
2021,12,2,0,0,0,8.1089823,66,14.3,-36.1334,8.03537177
2021,12,2,0,10,0,8.1089823,66,14.3,-36.2131,8.03537177
2021,12,2,0,20,0,8.1089823,66,14.3,-36.4094,8.03537177
2021,12,2,0,30,0,8.059471549,66,14.2,-35.7154,7.940223439
2021,12,2,0,40,0,8.181584754,67,14.2,-34.6118,8.161404022
2021,12,2,0,50,0,8.131590395,67,14.1,-34.2554,8.066084549
2021,12,2,1,0,0,8.181584754,67,14.2,-33.2706,8.161404022
2021,12,2,1,10,0,8.1089823,66,14.3,-13.2293,8.03537177
2021,12,2,1,20,0,8.084420508,65,14.5,-24.144,8.000992549
2021,12,2,1,30,0,8.084420508,65,14.5,-28.2384,8.000992549
2021,12,2,1,40,0,8.208796208,66,14.5,-32.9695,8.225662934
2021,12,2,1,50,0,8.208796208,66,14.5,-12.2872,8.225662934
2021,12,2,2,0,0,8.13396381,65,14.6,-32.7057,8.095963701
2021,12,2,2,10,0,8.084420508,65,14.5,-31.7444,8.000992549
2021,12,2,2,20,0,8.084420508,65,14.5,-32.1894,8.000992549
2021,12,2,2,30,0,8.1089823,66,14.3,-29.0757,8.03537177
2021,12,2,2,40,0,8.1089823,66,14.3,-31.9501,8.03537177
2021,12,2,2,50,0,8.1089823,66,14.3,-33.7848,8.03537177
2021,12,2,3,0,0,8.181584754,67,14.2,-34.8357,8.161404022
2021,12,2,3,10,0,8.181584754,67,14.2,-32.9481,8.161404022
2021,12,2,3,20,0,8.181584754,67,14.2,-34,8.161404022
2021,12,2,3,30,0,8.231845668,67,14.3,-33.5347,8.256721724
2021,12,2,19,30,0,,,,-31.8694,
2021,12,2,19,40,0,,,,-30.8271,
2021,12,2,19,50,0,,,,-31.3455,
2021,12,2,20,0,0,,,,-30.6309,
2021,12,2,20,10,0,,,,-32.5356,
2021,12,2,20,20,0,,,,-32.993,
2021,12,2,20,30,0,,,,-32.1215,
2021,12,2,20,40,0,,,,-33.0095,
2021,12,2,20,50,0,,,,-31.8323,
2021,12,2,21,0,0,,,,-30.8032,
2021,12,2,21,10,0,,,,-31.9964,
2021,12,2,21,20,0,,,,-30.6681,
2021,12,2,21,30,0,,,,-31.4168,
2021,12,2,21,40,0,,,,-31.0923,
2021,12,2,21,50,0,,,,-30.6039,
2021,12,2,22,0,0,,,,-31.5351,
2021,12,2,22,10,0,,,,-30.8555,
2021,12,2,22,20,0,,,,-30.9387,
2021,12,2,22,30,0,,,,-31.12,
2021,12,2,22,40,0,,,,-28.4266,
2021,12,2,22,50,0,,,,-27.205,
2021,12,2,23,0,0,,,,-30.4613,
2021,12,2,23,10,0,,,,-31.1946,
2021,12,2,23,20,0,,,,-26.4279,
2021,12,2,23,30,0,,,,-26.1827,
2021,12,2,23,40,0,,,,-24.0644,
2021,12,2,23,50,0,,,,-23.3872,
2021,12,3,0,0,0,,,,-24.1593,
2021,12,3,0,10,0,,,,-23.3998,
2021,12,3,0,20,0,,,,-24.6849,
2021,12,3,0,30,0,,,,-24.2263,
2021,12,3,0,40,0,,,,-24.1675,
2021,12,3,0,50,0,,,,-24.3129,
2021,12,3,1,0,0,,,,-26.3986,
2021,12,3,1,10,0,,,,-29.6394,
2021,12,3,1,20,0,,,,-27.8777,
2021,12,3,1,30,0,,,,-29.9057,
2021,12,3,1,40,0,,,,-28.2241,
2021,12,3,1,50,0,,,,-28.4138,
2021,12,3,2,0,0,,,,-25.9398,
2021,12,3,2,10,0,,,,-28.1145,
2021,12,3,2,20,0,,,,-26.9933,
2021,12,3,2,30,0,,,,-25.411,
2021,12,3,2,40,0,,,,-24.9464,
2021,12,3,2,50,0,,,,-25.0186,
2021,12,3,3,0,0,,,,-27.0679,
2021,12,3,3,10,0,,,,-26.2401,
2021,12,3,3,20,0,,,,-27.3812,
2021,12,3,3,30,0,,,,-28.3794,
2021,12,3,19,30,0,,,,-36.602,
2021,12,3,19,40,0,,,,-35.8109,
2021,12,3,19,50,0,,,,-37.2583,
2021,12,3,20,0,0,,,,-36.1961,
2021,12,3,20,10,0,,,,-36.0036,
2021,12,3,20,20,0,,,,-35.7564,
2021,12,3,20,30,0,,,,-35.4179,
2021,12,3,20,40,0,,,,-36.4636,
2021,12,3,20,50,0,,,,-38.7864,
2021,12,3,21,0,0,,,,-38.0934,
2021,12,3,21,10,0,,,,-37.6497,
2021,12,3,21,20,0,,,,-36.8259,
2021,12,3,21,30,0,,,,-36.815,
2021,12,3,21,40,0,,,,-36.8698,
2021,12,3,21,50,0,,,,-38.0299,
2021,12,3,22,0,0,,,,-38.0599,
2021,12,3,22,10,0,,,,-39.1546,
2021,12,3,22,20,0,,,,-36.3668,
2021,12,3,22,30,0,,,,-37.3555,
2021,12,3,22,40,0,,,,-36.7862,
2021,12,3,22,50,0,,,,-36.5326,
2021,12,3,23,0,0,,,,-38.0005,
2021,12,3,23,10,0,,,,-37.2566,
2021,12,3,23,20,0,,,,-37.2925,
2021,12,3,23,30,0,,,,-35.8217,
2021,12,3,23,40,0,,,,-37.8744,
2021,12,3,23,50,0,,,,-36.257,
2021,12,4,0,0,0,6.784403669,58,13.5,-36.9141,5.399779364
2021,12,4,0,10,0,6.826319244,58,13.6,-36.6218,5.493507261
2021,12,4,0,20,0,6.858965403,59,13.4,-36.8363,5.552206651
2021,12,4,0,30,0,6.858965403,59,13.4,-37.246,5.552206651
2021,12,4,0,40,0,6.944014404,59,13.6,-37.1501,5.740040231
2021,12,4,0,50,0,6.932319823,60,13.3,-36.8836,5.700602347
2021,12,4,1,0,0,6.961328399,61,13.1,-37.0728,5.750796663
2021,12,4,1,10,0,7.004477399,61,13.2,-34.5645,5.845088685
2021,12,4,1,20,0,7.004477399,61,13.2,-35.5421,5.845088685
2021,12,4,1,30,0,7.004477399,61,13.2,-34.8782,5.845088685
2021,12,4,1,40,0,7.119304898,62,13.2,-36.1342,6.080254136
2021,12,4,1,50,0,7.075448537,62,13.1,-35.2966,5.985782203
2021,12,4,2,0,0,7.189568674,63,13.1,-35.6325,6.217445585
2021,12,4,2,10,0,7.189568674,63,13.1,-36.1194,6.217445585
2021,12,4,2,20,0,7.213872793,64,12.9,-36.5388,6.256230534
2021,12,4,2,30,0,7.145243576,63,13,-36.9864,6.122794094
2021,12,4,2,40,0,7.189568674,63,13.1,-36.9384,6.217445585
2021,12,4,2,50,0,7.303688812,64,13.1,-36.0738,6.445885809
2021,12,4,3,0,0,7.303688812,64,13.1,-35.9312,6.445885809
2021,12,4,3,10,0,7.303688812,64,13.1,-36.5811,6.445885809
2021,12,4,3,20,0,7.394474478,64,13.3,-36.9986,6.635533248
2021,12,4,3,30,0,7.394474478,64,13.3,-35.5655,6.635533248
2021,12,4,19,30,0,8.629398191,60,16.9,-35.8333,9.086994796
2021,12,4,19,40,0,8.773221495,61,16.9,-35.1702,9.332381877
2021,12,4,19,50,0,8.773221495,61,16.9,-35.0699,9.332381877
2021,12,4,20,0,0,8.917044798,62,16.9,-34.8841,9.574249585
2021,12,4,20,10,0,8.952789218,63,16.7,-35.4244,9.623552994
2021,12,4,20,20,0,8.863724894,62,16.8,-34.4757,9.479854799
2021,12,4,20,30,0,9.060868101,63,16.9,-34.9836,9.812704399
2021,12,4,20,40,0,9.006688199,63,16.8,-34.8506,9.718129706
2021,12,4,20,50,0,8.952789218,63,16.7,-34.767,9.623552994
2021,12,4,21,0,0,9.006688199,63,16.8,-33.5197,9.718129706
2021,12,4,21,10,0,9.006688199,63,16.8,-33.4343,9.718129706
2021,12,4,21,20,0,8.917044798,62,16.9,-35.4871,9.574249585
2021,12,4,21,30,0,9.006688199,63,16.8,-34.2435,9.718129706
2021,12,4,21,40,0,9.149651504,64,16.8,-34.2933,9.953095673
2021,12,4,21,50,0,9.348514707,65,16.9,-35.238,10.27977728
2021,12,4,22,0,0,9.435578113,66,16.8,-34.2576,10.41348448
2021,12,4,22,10,0,9.435578113,66,16.8,-32.6908,10.41348448
2021,12,4,22,20,0,9.663328045,68,16.7,-34.8254,10.76630498
2021,12,4,22,30,0,9.721504723,68,16.8,-34.0133,10.86174724
2021,12,4,22,40,0,9.864468027,69,16.8,-33.0482,11.08154138
2021,12,4,22,50,0,10.00743133,70,16.8,-34.9323,11.298549
2021,12,4,23,0,0,10.21145453,71,16.9,-33.8121,11.6087801
2021,12,4,23,10,0,10.15039464,71,16.8,-34.5821,11.51284483
2021,12,4,23,20,0,10.21145453,71,16.9,-34.3885,11.6087801
2021,12,4,23,30,0,10.23175911,72,16.7,-33.1004,11.62840268
2021,12,4,23,40,0,10.29335794,72,16.8,-34.231,11.72450053
2021,12,4,23,50,0,10.23175911,72,16.7,-33.9731,11.62840268
2021,12,5,0,0,0,10.3117366,73,16.6,-32.6392,11.74106939
2021,12,5,0,10,0,10.23175911,72,16.7,-33.0508,11.62840268
2021,12,5,0,20,0,10.37386687,73,16.7,-32.7083,11.83732786
2021,12,5,0,30,0,10.3117366,73,16.6,-32.4879,11.74106939
2021,12,5,0,40,0,10.39033902,74,16.5,-32.5035,11.85091656
2021,12,5,0,50,0,10.32801048,74,16.4,-31.7249,11.754498
2021,12,5,1,0,0,10.24992903,73,16.5,-33.1768,11.6448095
2021,12,5,1,10,0,10.3117366,73,16.6,-33.9832,11.74106939
2021,12,5,1,20,0,10.23175911,72,16.7,-33.8145,11.62840268
2021,12,5,1,30,0,10.29335794,72,16.8,-34.0546,11.72450053
2021,12,5,1,40,0,10.1281446,70,17,-32.5376,11.49009203
2021,12,5,1,50,0,10.21145453,71,16.9,-32.482,11.6087801
2021,12,5,2,0,0,10.06763122,70,16.9,-33.0232,11.39432131
2021,12,5,2,10,0,10.15039464,71,16.8,-32.1401,11.51284483
2021,12,5,2,20,0,10.15039464,71,16.8,-32.1869,11.51284483
2021,12,5,2,30,0,10.08965134,71,16.7,-32.3133,11.41690802
2021,12,5,2,40,0,10.10951905,72,16.5,-32.0655,11.43620258
2021,12,5,2,50,0,10.10951905,72,16.5,-32.6937,11.43620258
2021,12,5,3,0,0,10.24992903,73,16.5,-31.749,11.6448095
2021,12,5,3,10,0,10.24992903,73,16.5,-31.3508,11.6448095
2021,12,5,3,20,0,10.3117366,73,16.6,-32.9666,11.74106939
2021,12,5,3,30,0,10.45299327,74,16.6,-31.927,11.94733377
2021,12,5,19,30,0,12.96978794,87,17.5,-4.8098,15.31184702
2021,12,5,19,40,0,13.33717748,90,17.4,-3.691,15.74238304
2021,12,5,19,50,0,14.3745135,97,17.4,-3.3674,16.91859334
2021,12,5,20,0,0,14.75872421,99,17.5,-6.4433,17.34083285
2021,12,5,20,10,0,14.81908609,100,17.4,-6.5071,17.4
2021,12,5,20,20,0,14.81908609,100,17.4,-7.5096,17.4
2021,12,5,20,30,0,14.81908609,100,17.4,-6.9403,17.4
2021,12,5,20,40,0,14.81908609,100,17.4,-4.8006,17.4
2021,12,5,20,50,0,14.46056816,97,17.5,-4.3047,17.01822062
2021,12,5,21,0,0,14.22632264,96,17.4,-8.7353,16.75521899
2021,12,5,21,10,0,14.22632264,96,17.4,-9.78,16.75521899
2021,12,5,21,20,0,14.52270437,98,17.4,-16.1235,17.0804963
2021,12,5,21,30,0,14.35016418,98,17.2,-24.5516,16.88099092
2021,12,5,21,40,0,14.11900521,97,17.1,-24.4513,16.61971066
2021,12,5,21,50,0,14.17940245,98,17,-22.491,16.68148515
2021,12,5,22,0,0,13.95086041,97,16.9,-25.9426,16.42045481
2021,12,5,22,10,0,14.01040386,98,16.8,-25.3975,16.481979
2021,12,5,22,20,0,14.01040386,98,16.8,-18.3664,16.481979
2021,12,5,22,30,0,14.01040386,98,16.8,-13.7785,16.481979
2021,12,5,22,40,0,14.32409023,99,17,-15.4113,16.84144845
2021,12,5,22,50,0,14.46877801,100,17,-7.8928,17
2021,12,5,23,0,0,14.46877801,100,17,-5.2243,17
2021,12,5,23,10,0,14.55567547,100,17.1,-4.1546,17.1
2021,12,5,23,20,0,14.55567547,100,17.1,-2.2442,17.1
2021,12,5,23,30,0,14.58351928,99,17.3,-5.0049,17.14107923
2021,12,5,23,40,0,14.81908609,100,17.4,-6.3046,17.4
2021,12,5,23,50,0,14.73082756,100,17.3,-5.2334,17.3
2021,12,6,0,0,0,14.73082756,100,17.3,-2.7752,17.3
2021,12,6,0,10,0,14.73082756,100,17.3,-3.0983,17.3
2021,12,6,0,20,0,14.64302467,100,17.2,-5.0401,17.2
2021,12,6,0,30,0,14.73082756,100,17.3,-2.3553,17.3
2021,12,6,0,40,0,14.73082756,100,17.3,-4.0778,17.3
2021,12,6,0,50,0,14.73082756,100,17.3,-8.6122,17.3
2021,12,6,1,0,0,14.64302467,100,17.2,-6.223,17.2
2021,12,6,1,10,0,14.64302467,100,17.2,-17.865,17.2
2021,12,6,1,20,0,14.55567547,100,17.1,-3.8476,17.1
2021,12,6,1,30,0,14.55567547,100,17.1,-1.6203,17.1
2021,12,6,1,40,0,14.46877801,100,17,-3.279,17
2021,12,6,1,50,0,14.46877801,100,17,-3.7755,17
2021,12,6,2,0,0,14.38233032,100,16.9,-3.5359,16.9
2021,12,6,2,10,0,14.38233032,100,16.9,-2.3927,16.9
2021,12,6,2,20,0,14.29633047,100,16.8,-3.1881,16.8
2021,12,6,2,30,0,14.29633047,100,16.8,-2.7256,16.8
2021,12,6,2,40,0,14.38233032,100,16.9,-2.3259,16.9
2021,12,6,2,50,0,14.38233032,100,16.9,-1.7463,16.9
2021,12,6,3,0,0,14.55567547,100,17.1,-1.7997,17.1
2021,12,6,3,10,0,14.38233032,100,16.9,-1.6943,16.9
2021,12,6,3,20,0,14.29633047,100,16.8,-1.6211,16.8
2021,12,6,3,30,0,14.29633047,100,16.8,-1.5092,16.8
2021,12,6,19,30,0,13.1988008,81,19,-19.269,15.66522018
2021,12,6,19,40,0,13.04396615,81,18.8,-23.0693,15.47032112
2021,12,6,19,50,0,13.12722812,82,18.7,-11.7575,15.56426414
2021,12,6,20,0,0,13.36603939,83,18.8,-12.9033,15.85136027
2021,12,6,20,10,0,13.44740442,84,18.7,-19.5424,15.9409816
2021,12,6,20,20,0,13.68642824,86,18.6,-24.5909,16.21173826
2021,12,6,20,30,0,13.75813441,88,18.3,-23.2228,16.27759788
2021,12,6,20,40,0,13.6767796,88,18.2,-26.4156,16.17915303
2021,12,6,20,50,0,13.83219755,89,18.2,-27.4591,16.35650965
2021,12,6,21,0,0,14.05933614,91,18.1,-20.9886,16.60718744
2021,12,6,21,10,0,14.67732894,95,18.1,-3.7902,17.28595385
2021,12,6,21,20,0,14.98632534,97,18.1,-17.8887,17.61598125
2021,12,6,21,30,0,15.14082354,98,18.1,-11.6636,17.77876214
2021,12,6,21,40,0,15.38637705,99,18.2,-3.2254,18.03996901
2021,12,6,21,50,0,15.44981993,100,18.1,-8.5283,18.1
2021,12,6,22,0,0,15.35831644,100,18,-3.8397,18
2021,12,6,22,10,0,15.35831644,100,18,-5.8476,18
2021,12,6,22,20,0,15.26728249,100,17.9,-10.8842,17.9
2021,12,6,22,30,0,15.1767161,100,17.8,-3.974,17.8
2021,12,6,22,40,0,15.1767161,100,17.8,-5.073,17.8
2021,12,6,22,50,0,15.1767161,100,17.8,-4.0029,17.8
2021,12,6,23,0,0,15.08661525,100,17.7,-4.0259,17.7
2021,12,6,23,10,0,15.08661525,100,17.7,-3.7744,17.7
2021,12,6,23,20,0,15.08661525,100,17.7,-2.177,17.7
2021,12,6,23,30,0,15.08661525,100,17.7,-1.1556,17.7
2021,12,6,23,40,0,15.08661525,100,17.7,-0.9252,17.7
2021,12,6,23,50,0,14.99697796,100,17.6,-1.2769,17.6
2021,12,7,0,0,0,14.90780223,100,17.5,-1.0694,17.5
2021,12,7,0,10,0,14.81908609,100,17.4,-1.1589,17.4
2021,12,7,0,20,0,14.81908609,100,17.4,-1.2511,17.4
2021,12,7,0,30,0,14.81908609,100,17.4,-1.2683,17.4
2021,12,7,0,40,0,14.81908609,100,17.4,-1.8442,17.4
2021,12,7,0,50,0,14.73082756,100,17.3,-1.1665,17.3
2021,12,7,1,0,0,14.73082756,100,17.3,-1.206,17.3
2021,12,7,1,10,0,14.81908609,100,17.4,-0.7199,17.4
2021,12,7,1,20,0,14.73082756,100,17.3,-0.797,17.3
2021,12,7,1,30,0,14.64302467,100,17.2,-0.8922,17.2
2021,12,7,1,40,0,14.55567547,100,17.1,-0.8812,17.1
2021,12,7,1,50,0,14.55567547,100,17.1,-0.9969,17.1
2021,12,7,2,0,0,14.55567547,100,17.1,-0.942,17.1
2021,12,7,2,10,0,14.46877801,100,17,-0.9376,17
2021,12,7,2,20,0,14.38233032,100,16.9,-1.0728,16.9
2021,12,7,2,30,0,14.38233032,100,16.9,-4.4486,16.9
2021,12,7,2,40,0,14.38233032,100,16.9,-6.4268,16.9
2021,12,7,2,50,0,14.38233032,100,16.9,-5.0163,16.9
2021,12,7,3,0,0,14.11900521,97,17.1,-4.3235,16.61971066
2021,12,7,3,10,0,13.78175006,93,17.4,-6.2284,16.2559727
2021,12,7,3,20,0,13.6335592,92,17.4,-6.2416,16.0864133
2021,12,7,3,30,0,13.48536834,91,17.4,-3.6106,15.91522804
2021,12,7,19,30,0,9.605453273,68,16.6,-30.6823,10.67086101
2021,12,7,19,40,0,9.605453273,68,16.6,-32.5032,10.67086101
2021,12,7,19,50,0,9.407469113,67,16.5,-31.6456,10.3532631
2021,12,7,20,0,0,9.605453273,68,16.6,-32.2457,10.67086101
2021,12,7,20,10,0,9.636161314,67,16.9,-33.0914,10.73436037
2021,12,7,20,20,0,9.578541418,67,16.8,-33.104,10.63908871
2021,12,7,20,30,0,9.492338011,66,16.9,-32.9209,10.50858517
2021,12,7,20,40,0,9.549393484,66,17,-33.8099,10.60368403
2021,12,7,20,50,0,9.404705703,65,17,-33.463,10.37470296
2021,12,7,21,0,0,9.260017923,64,17,-32.326,10.14259825
2021,12,7,21,10,0,9.260017923,64,17,-32.096,10.14259825
2021,12,7,21,20,0,9.115330143,63,17,-32.9358,9.907277072
2021,12,7,21,30,0,9.115330143,63,17,-33.3337,9.907277072
2021,12,7,21,40,0,8.970642363,62,17,-32.6811,9.668642288
2021,12,7,21,50,0,9.115330143,63,17,-32.9204,9.907277072
2021,12,7,22,0,0,9.115330143,63,17,-31.8034,9.907277072
2021,12,7,22,10,0,9.204691404,64,16.9,-33.5125,10.04784794
2021,12,7,22,20,0,9.348514707,65,16.9,-33.0874,10.27977728
2021,12,7,22,30,0,9.292614808,65,16.8,-32.6128,10.1848497
2021,12,7,22,40,0,9.060868101,63,16.9,-33.7458,9.812704399
2021,12,7,22,50,0,9.204691404,64,16.9,-32.627,10.04784794
2021,12,7,23,0,0,9.094896983,64,16.7,-32.7447,9.858341448
2021,12,7,23,10,0,9.094896983,64,16.7,-32.1496,9.858341448
2021,12,7,23,20,0,8.952789218,63,16.7,-33.0905,9.623552994
2021,12,7,23,30,0,8.952789218,63,16.7,-32.7823,9.623552994
2021,12,7,23,40,0,9.094896983,64,16.7,-31.9084,9.858341448
2021,12,7,23,50,0,9.181683275,65,16.6,-32.7157,9.994988853
2021,12,8,0,0,0,9.181683275,65,16.6,-32.6675,9.994988853
2021,12,8,0,10,0,9.237004749,65,16.7,-33.1479,10.08992022
2021,12,8,0,20,0,9.149651504,64,16.8,-33.2149,9.953095673
2021,12,8,0,30,0,8.952789218,63,16.7,-32.2245,9.623552994
2021,12,8,0,40,0,8.863724894,62,16.8,-33.1187,9.479854799
2021,12,8,0,50,0,8.917044798,62,16.9,-32.4495,9.574249585
2021,12,8,1,0,0,9.006688199,63,16.8,-32.2216,9.718129706
2021,12,8,1,10,0,8.932333386,64,16.4,-30.3034,9.574067032
2021,12,8,1,20,0,8.963258326,65,16.2,-30.0099,9.61524444
2021,12,8,1,30,0,9.046428226,66,16.1,-31.1896,9.747728351
2021,12,8,1,40,0,9.183495321,67,16.1,-31.3215,9.972137502
2021,12,8,1,50,0,9.183495321,67,16.1,-30.6259,9.972137502
2021,12,8,2,0,0,9.264471789,68,16,-31.3904,10.09816129
2021,12,8,2,10,0,9.264471789,68,16,-30.6457,10.09816129
2021,12,8,2,20,0,9.400714021,69,16,-31.308,10.31662269
2021,12,8,2,30,0,9.320562415,68,16.1,-32.3889,10.19361552
2021,12,8,2,40,0,9.351036514,67,16.4,-32.4643,10.25798436
2021,12,8,2,50,0,9.379112514,66,16.7,-32.9396,10.31838196
2021,12,8,3,0,0,9.435578113,66,16.8,-31.8537,10.41348448
2021,12,8,3,10,0,9.322939941,66,16.6,-32.668,10.2232776
2021,12,8,3,20,0,9.407469113,67,16.5,-32.0934,10.3532631
2021,12,8,3,30,0,9.376947172,68,16.2,-30.3311,10.28906804
2021,12,8,19,30,0,11.01531653,68,18.9,-31.7629,12.86563999
2021,12,8,19,40,0,11.01531653,68,18.9,-31.9407,12.86563999
2021,12,8,19,50,0,11.17730648,69,18.9,-31.2127,13.08895093
2021,12,8,20,0,0,11.17730648,69,18.9,-30.0737,13.08895093
2021,12,8,20,10,0,11.17730648,69,18.9,-32.3176,13.08895093
2021,12,8,20,20,0,11.33929643,70,18.9,-29.9258,13.30943383
2021,12,8,20,30,0,11.27256334,70,18.8,-30.4509,13.21369329
2021,12,8,20,40,0,11.3662585,71,18.7,-31.1921,13.33535355
2021,12,8,20,50,0,11.29926052,71,18.6,-31.653,13.2394458
2021,12,8,21,0,0,11.52634665,72,18.7,-31.5982,13.55008017
2021,12,8,21,10,0,11.3662585,71,18.7,-31.36,13.33535355
2021,12,8,21,20,0,11.3662585,71,18.7,-31.5376,13.33535355
2021,12,8,21,30,0,11.29926052,71,18.6,-31.0527,13.2394458
2021,12,8,21,40,0,11.52634665,72,18.7,-30.9818,13.55008017
2021,12,8,21,50,0,11.52634665,72,18.7,-31.2305,13.55008017
2021,12,8,22,0,0,11.45840504,72,18.6,-31.0763,13.45401026
2021,12,8,22,10,0,11.61754955,73,18.6,-31.5174,13.6659705
2021,12,8,22,20,0,11.61754955,73,18.6,-30.1415,13.6659705
2021,12,8,22,30,0,11.68643479,73,18.7,-30.8306,13.76220072
2021,12,8,22,40,0,11.61754955,73,18.6,-30.9607,13.6659705
2021,12,8,22,50,0,11.52634665,72,18.7,-30.2276,13.55008017
2021,12,8,23,0,0,11.52634665,72,18.7,-30.9323,13.55008017
2021,12,8,23,10,0,11.59463658,72,18.8,-30.6678,13.6461486
2021,12,8,23,20,0,11.66327633,72,18.9,-30.3246,13.74221557
2021,12,8,23,30,0,11.66327633,72,18.9,-30.2162,13.74221557
2021,12,8,23,40,0,11.59463658,72,18.8,-31.074,13.6461486
2021,12,8,23,50,0,11.7556732,73,18.8,-31.4617,13.85842954
2021,12,9,0,0,0,11.7556732,73,18.8,-30.1817,13.85842954
2021,12,9,0,10,0,11.66327633,72,18.9,-29.807,13.74221557
2021,12,9,0,20,0,11.59463658,72,18.8,-29.9493,13.6461486
2021,12,9,0,30,0,11.66327633,72,18.9,-30.4778,13.74221557
2021,12,9,0,40,0,11.7556732,73,18.8,-28.9521,13.85842954
2021,12,9,0,50,0,11.66327633,72,18.9,-29.2607,13.74221557
2021,12,9,1,0,0,11.7556732,73,18.8,-29.9997,13.85842954
2021,12,9,1,10,0,11.82526628,73,18.9,-30.1692,13.95465694
2021,12,9,1,20,0,11.82526628,73,18.9,-29.6995,13.95465694
2021,12,9,1,30,0,11.7556732,73,18.8,-29.5339,13.85842954
2021,12,9,1,40,0,11.77669407,74,18.6,-28.4162,13.87539344
2021,12,9,1,50,0,11.93583858,75,18.6,-27.8476,14.08234342
2021,12,9,2,0,0,11.86542738,75,18.5,-27.911,13.98579657
2021,12,9,2,10,0,11.93583858,75,18.6,-29.6167,14.08234342
2021,12,9,2,20,0,12.00661109,75,18.7,-27.7658,14.17888897
2021,12,9,2,30,0,11.93583858,75,18.6,-29.2735,14.08234342
2021,12,9,2,40,0,11.93583858,75,18.6,-29.2118,14.08234342
2021,12,9,2,50,0,11.93583858,75,18.6,-28.4359,14.08234342
2021,12,9,3,0,0,12.02363308,76,18.5,-28.5338,14.19018042
2021,12,9,3,10,0,12.02363308,76,18.5,-26.9903,14.19018042
2021,12,9,3,20,0,12.0949831,76,18.6,-29.1044,14.2868823
2021,12,9,3,30,0,12.0949831,76,18.6,-26.8755,14.2868823
2021,12,9,22,20,0,12.54103839,73,19.9,-30.2288,14.91685332
2021,12,9,22,30,0,12.36924335,72,19.9,-28.4822,14.70280436
2021,12,9,22,40,0,12.44183035,72,20,-28.8405,14.79885515
2021,12,9,22,50,0,12.44183035,72,20,-28.2748,14.79885515
2021,12,9,23,0,0,12.34096888,71,20.1,-27.7913,14.67790152
2021,12,9,23,10,0,12.3100887,70,20.3,-29.2732,14.6496346
2021,12,9,23,20,0,12.3100887,70,20.3,-29.88,14.6496346
2021,12,9,23,30,0,12.27655315,69,20.5,-29.3119,14.61791803
2021,12,9,23,40,0,12.27655315,69,20.5,-29.5656,14.61791803
2021,12,9,23,50,0,12.20521241,69,20.4,-30.0362,14.52236994
2021,12,10,0,0,0,12.20521241,69,20.4,-29.2127,14.52236994
2021,12,10,0,10,0,12.20521241,69,20.4,-30.4947,14.52236994
2021,12,10,0,20,0,12.13423029,69,20.3,-29.3269,14.42682021
2021,12,10,0,30,0,12.13423029,69,20.3,-29.9828,14.42682021
2021,12,10,0,40,0,12.20521241,69,20.4,-30.0953,14.52236994
2021,12,10,0,50,0,12.13423029,69,20.3,-29.5239,14.42682021
2021,12,10,1,0,0,12.23844016,70,20.2,-29.0259,14.55391629
2021,12,10,1,10,0,12.16715242,70,20.1,-29.119,14.4581964
2021,12,10,1,20,0,12.09622395,70,20,-25.9372,14.36247492
2021,12,10,1,30,0,11.92342075,69,20,-19.5492,14.14016112
2021,12,10,1,40,0,11.81951949,68,20.1,-18.1385,14.01038331
2021,12,10,1,50,0,11.88877045,68,20.2,-23.9712,14.10576748
2021,12,10,2,0,0,11.95837188,68,20.3,-16.7192,14.20114995
2021,12,10,2,10,0,12.02832527,68,20.4,-24.3076,14.29653071
2021,12,10,2,20,0,11.81951949,68,20.1,-19.8091,14.01038331
2021,12,10,2,30,0,11.88877045,68,20.2,-24.0171,14.10576748
2021,12,10,2,40,0,12.02832527,68,20.4,-14.3831,14.29653071
2021,12,10,2,50,0,12.02832527,68,20.4,-11.5798,14.29653071
2021,12,10,3,0,0,12.06030736,67,20.7,-8.7813,14.3533724
2021,12,10,3,10,0,11.99033362,67,20.6,-6.0111,14.25816796
2021,12,10,3,20,0,11.81137342,66,20.6,-7.3376,14.02602361
2021,12,10,3,30,0,11.88030278,66,20.7,-9.096,14.12105474
2021,12,10,21,10,0,13.69992164,77,20.5,-30.6364,16.32909445
2021,12,10,21,20,0,13.8119539,79,20.2,-30.0875,16.44098547
2021,12,10,21,30,0,13.8119539,79,20.2,-29.4134,16.44098547
2021,12,10,21,40,0,13.63711904,78,20.2,-31.1067,16.24092128
2021,12,10,21,50,0,13.52200058,76,20.5,-30.9129,16.12398238
2021,12,10,22,0,0,13.54109757,77,20.3,-29.4514,16.13542775
2021,12,10,22,10,0,13.26653523,75,20.4,-30.5513,15.8199649
2021,12,10,22,20,0,13.54109757,77,20.3,-29.1894,16.13542775
2021,12,10,22,30,0,13.54109757,77,20.3,-29.312,16.13542775
2021,12,10,22,40,0,13.6203095,77,20.4,-29.8539,16.23226169
2021,12,10,22,50,0,13.8119539,79,20.2,-28.5417,16.44098547
2021,12,10,23,0,0,13.90531705,80,20.1,-28.7428,16.54154946
2021,12,10,23,10,0,13.82425594,80,20,-29.2014,16.44425894
2021,12,10,23,20,0,13.83415066,81,19.8,-27.3133,16.44477788
2021,12,10,23,30,0,14.01373693,84,19.4,-26.8713,16.626152
2021,12,10,23,40,0,14.09636895,86,19.1,-27.7184,16.70256247
2021,12,10,23,50,0,14.42419149,88,19.1,-27.7124,17.06513532
2021,12,11,0,0,0,14.99123053,92,19,-28.9327,17.6701202
2021,12,11,0,10,0,15.5510351,96,18.9,-27.9921,18.2477129
2021,12,11,0,20,0,15.45951544,96,18.8,-26.9397,18.14821466
2021,12,11,0,30,0,14.81536896,92,18.8,-26.9832,17.4721623
2021,12,11,0,40,0,14.17648974,87,19,-27.3105,16.7864608
2021,12,11,0,50,0,14.09312556,87,18.9,-26.9232,16.68815773
2021,12,11,1,0,0,14.25511551,88,18.9,-25.0658,16.86825452
2021,12,11,1,10,0,14.24784516,89,18.7,-27.0026,16.84940847
2021,12,11,1,20,0,14.49329573,90,18.8,-28.486,17.1244118
2021,12,11,1,30,0,14.7281096,92,18.7,-26.4863,17.37318277
2021,12,11,1,40,0,15.41262456,98,18.4,-25.6317,18.07801749
2021,12,11,1,50,0,15.72716792,100,18.4,-20.1196,18.4
2021,12,11,2,0,0,15.63424365,100,18.3,-17.7411,18.3
2021,12,11,2,10,0,15.63424365,100,18.3,-20.4384,18.3
2021,12,11,2,20,0,15.63424365,100,18.3,-23.2308,18.3
2021,12,11,2,30,0,15.63424365,100,18.3,-19.4528,18.3
2021,12,11,2,40,0,15.35831644,100,18,-17.5744,18
2021,12,11,2,50,0,15.08661525,100,17.7,-15.6616,17.7
2021,12,11,3,0,0,15.26728249,100,17.9,-16.7581,17.9
2021,12,11,3,10,0,15.26728249,100,17.9,-16.0746,17.9
2021,12,11,3,20,0,15.26728249,100,17.9,-13.4774,17.9
2021,12,11,3,30,0,15.26728249,100,17.9,-16.5587,17.9
2021,12,11,19,30,0,16.58522678,100,19.3,-11.2046,19.3
2021,12,11,19,40,0,16.58522678,100,19.3,-10.7655,19.3
2021,12,11,19,50,0,16.58522678,100,19.3,-10.6549,19.3
2021,12,11,20,0,0,16.58522678,100,19.3,-11.0257,19.3
2021,12,11,20,10,0,16.58522678,100,19.3,-9.1189,19.3
2021,12,11,20,20,0,16.58522678,100,19.3,-12.4182,19.3
2021,12,11,20,30,0,16.68302015,100,19.4,-3.9792,19.4
2021,12,11,20,40,0,16.68302015,100,19.4,-4.5857,19.4
2021,12,11,20,50,0,16.68302015,100,19.4,-5.5395,19.4
2021,12,11,21,0,0,16.58522678,100,19.3,-2.683,19.3
2021,12,11,21,10,0,16.58522678,100,19.3,-4.1274,19.3
2021,12,11,21,20,0,16.58522678,100,19.3,-2.0123,19.3
2021,12,11,21,30,0,16.58522678,100,19.3,-3.051,19.3
2021,12,11,21,40,0,16.58522678,100,19.3,-2.7263,19.3
2021,12,11,21,50,0,16.48792965,100,19.2,-3.7576,19.2
2021,12,11,22,0,0,16.58522678,100,19.3,-3.6003,19.3
2021,12,11,22,10,0,16.68302015,100,19.4,-2.1578,19.4
2021,12,11,22,20,0,16.68302015,100,19.4,-2.2357,19.4
2021,12,11,22,30,0,16.68302015,100,19.4,-2.7849,19.4
2021,12,11,22,40,0,16.68302015,100,19.4,-3.2025,19.4
2021,12,11,22,50,0,16.68302015,100,19.4,-3.5225,19.4
2021,12,11,23,0,0,16.68302015,100,19.4,-2.19,19.4
2021,12,11,23,10,0,16.68302015,100,19.4,-2.3562,19.4
2021,12,11,23,20,0,16.68302015,100,19.4,-2.4553,19.4
2021,12,11,23,30,0,16.68302015,100,19.4,-3.6557,19.4
2021,12,11,23,40,0,16.68302015,100,19.4,-2.224,19.4
2021,12,11,23,50,0,16.58522678,100,19.3,-2.8845,19.3
2021,12,12,0,0,0,16.58522678,100,19.3,-2.004,19.3
2021,12,12,0,10,0,16.58522678,100,19.3,-2.0449,19.3
2021,12,12,0,20,0,16.39112669,100,19.1,-1.9949,19.1
2021,12,12,0,30,0,16.2948158,100,19,-1.9305,19
2021,12,12,0,40,0,16.1989949,100,18.9,-2.0076,18.9
2021,12,12,0,50,0,16.10366192,100,18.8,-2.1037,18.8
2021,12,12,1,0,0,16.00881479,100,18.7,-2.2369,18.7
2021,12,12,1,10,0,16.00881479,100,18.7,-2.2486,18.7
2021,12,12,1,20,0,16.00881479,100,18.7,-2.2001,18.7
2021,12,12,1,30,0,16.00881479,100,18.7,-2.1899,18.7
2021,12,12,1,40,0,15.91445144,100,18.6,-2.3749,18.6
2021,12,12,1,50,0,15.91445144,100,18.6,-2.3462,18.6
2021,12,12,2,0,0,15.75530693,99,18.6,-2.5203,18.43947433
2021,12,12,2,10,0,15.66236414,99,18.5,-2.232,18.33959807
2021,12,12,2,20,0,15.82056984,100,18.5,-2.2007,18.5
2021,12,12,2,30,0,15.91445144,100,18.6,-2.1218,18.6
2021,12,12,2,40,0,16.00881479,100,18.7,-2.279,18.7
2021,12,12,2,50,0,16.00881479,100,18.7,-2.1335,18.7
2021,12,12,3,0,0,15.91445144,100,18.6,-2.0804,18.6
2021,12,12,3,10,0,15.91445144,100,18.6,-2.0606,18.6
2021,12,12,3,20,0,16.00881479,100,18.7,-1.9886,18.7
2021,12,12,3,30,0,16.10366192,100,18.8,-2.1782,18.8
2021,12,12,19,30,0,12.74441403,86,17.4,-5.185,15.03368904
2021,12,12,19,40,0,12.52255387,84,17.5,-4.5579,14.76631227
2021,12,12,19,50,0,12.74743126,85,17.6,-5.1422,15.04806687
2021,12,12,20,0,0,12.74743126,85,17.6,-4.5455,15.04806687
2021,12,12,20,10,0,12.82070992,86,17.5,-4.0802,15.13186365
2021,12,12,20,20,0,12.96978794,87,17.5,-5.2046,15.31184702
2021,12,12,20,30,0,12.96978794,87,17.5,-5.4747,15.31184702
2021,12,12,20,40,0,12.89740104,86,17.6,-5.6866,15.23003755
2021,12,12,20,50,0,12.82362296,85,17.7,-5.7924,15.14610051
2021,12,12,21,0,0,12.67275681,84,17.7,-4.8035,14.96209851
2021,12,12,21,10,0,12.82362296,85,17.7,-4.1985,15.14610051
2021,12,12,21,20,0,13.04737082,87,17.6,-5.2278,15.41015912
2021,12,12,21,30,0,12.82070992,86,17.5,-4.3193,15.13186365
2021,12,12,21,40,0,12.29984145,83,17.4,-4.517,14.48290822
2021,12,12,21,50,0,12.6685117,86,17.3,-2.823,14.93551374
2021,12,12,22,0,0,13.23174389,92,16.9,-3.1859,15.5914844
2021,12,12,22,10,0,12.94409729,90,16.9,-3.2674,15.24877801
2021,12,12,22,20,0,12.95455117,89,17.1,-3.6504,15.27208454
2021,12,12,22,30,0,12.80899442,88,17.1,-4.2603,15.0962205
2021,12,12,22,40,0,13.24566468,91,17.1,-2.9159,15.6186674
2021,12,12,22,50,0,14.55567547,100,17.1,-3.3187,17.1
2021,12,12,23,0,0,14.55567547,100,17.1,-2.9161,17.1
2021,12,12,23,10,0,14.64302467,100,17.2,-2.5492,17.2
2021,12,12,23,20,0,14.73082756,100,17.3,-2.7942,17.3
2021,12,12,23,30,0,14.73082756,100,17.3,-1.5581,17.3
2021,12,12,23,40,0,14.73082756,100,17.3,-1.4464,17.3
2021,12,12,23,50,0,14.46877801,100,17,-1.7033,17
2021,12,13,0,0,0,14.21077654,100,16.7,-1.8619,16.7
2021,12,13,0,10,0,14.04099868,100,16.5,-1.455,16.5
2021,12,13,0,20,0,13.87298139,100,16.3,-1.6004,16.3
2021,12,13,0,30,0,13.70670943,100,16.1,-2.185,16.1
2021,12,13,0,40,0,13.70670943,100,16.1,-1.8004,16.1
2021,12,13,0,50,0,13.70670943,100,16.1,-2.0284,16.1
2021,12,13,1,0,0,13.62422322,100,16,-1.7608,16
2021,12,13,1,10,0,13.78962819,100,16.2,-1.9065,16.2
2021,12,13,1,20,0,13.70670943,100,16.1,-1.6271,16.1
2021,12,13,1,30,0,13.78962819,100,16.2,-1.8975,16.2
2021,12,13,1,40,0,13.70670943,100,16.1,-2.0235,16.1
2021,12,13,1,50,0,13.78962819,100,16.2,-1.8497,16.2
2021,12,13,2,0,0,13.78962819,100,16.2,-2.0698,16.2
2021,12,13,2,10,0,13.87298139,100,16.3,-2.0356,16.3
2021,12,13,2,20,0,13.53806779,97,16.4,-1.9675,15.92231268
2021,12,13,2,30,0,13.25893237,95,16.4,-1.7573,15.59659563
2021,12,13,2,40,0,12.97979695,93,16.4,-2.4166,15.26480013
2021,12,13,2,50,0,12.91771878,92,16.5,-2.3908,15.19553426
2021,12,13,3,0,0,12.7773088,91,16.5,-2.1636,15.02553422
2021,12,13,3,10,0,12.91771878,92,16.5,-1.962,15.19553426
2021,12,13,3,20,0,12.85435659,91,16.6,-3.0586,15.12439085
2021,12,13,3,30,0,12.71309992,90,16.6,-2.8897,14.9526091
2021,12,13,21,30,0,11.93565389,82,17.1,-23.1828,14.00259298
2021,12,13,21,40,0,11.93565389,82,17.1,-12.6499,14.00259298
2021,12,13,21,50,0,11.93565389,82,17.1,-24.6622,14.00259298
2021,12,13,22,0,0,12.08121064,83,17.1,-22.7014,14.18964667
2021,12,13,22,10,0,12.08121064,83,17.1,-17.3086,14.18964667
2021,12,13,22,20,0,11.93565389,82,17.1,-19.1098,14.00259298
2021,12,13,22,30,0,11.93565389,82,17.1,-24.1688,14.00259298
2021,12,13,22,40,0,11.93565389,82,17.1,-29.0077,14.00259298
2021,12,13,22,50,0,11.93565389,82,17.1,-30.5628,14.00259298
2021,12,13,23,0,0,11.93565389,82,17.1,-29.9107,14.00259298
2021,12,13,23,10,0,11.86439796,82,17,-27.8082,13.9049808
2021,12,13,23,20,0,11.86439796,82,17,-29.8485,13.9049808
2021,12,13,23,30,0,11.79009713,81,17.1,-29.9759,13.81352348
2021,12,13,23,40,0,11.86439796,82,17,-30.2581,13.9049808
2021,12,13,23,50,0,11.71971018,81,17,-30.2285,13.71605612
2021,12,14,0,0,0,11.71971018,81,17,-30.0593,13.71605612
2021,12,14,0,10,0,11.71971018,81,17,-30.1544,13.71605612
2021,12,14,0,20,0,11.71971018,81,17,-30.0123,13.71605612
2021,12,14,0,30,0,11.64454038,80,17.1,-29.4357,13.62239093
2021,12,14,0,40,0,11.64454038,80,17.1,-26.8594,13.62239093
2021,12,14,0,50,0,11.71441974,80,17.2,-22.7157,13.71971098
2021,12,14,1,0,0,11.71441974,80,17.2,-17.5269,13.71971098
2021,12,14,1,10,0,11.78466205,80,17.3,-20.1311,13.81703001
2021,12,14,1,20,0,11.78466205,80,17.3,-20.7465,13.81703001
2021,12,14,1,30,0,11.70707801,79,17.4,-20.013,13.72065976
2021,12,14,1,40,0,11.70707801,79,17.4,-17.0611,13.72065976
2021,12,14,1,50,0,11.77716376,79,17.5,-20.8843,13.81782874
2021,12,14,2,0,0,11.70707801,79,17.4,-22.1555,13.72065976
2021,12,14,2,10,0,11.85526887,80,17.4,-20.2443,13.91434802
2021,12,14,2,20,0,11.77716376,79,17.5,-17.4624,13.81782874
2021,12,14,2,30,0,11.92624178,80,17.5,-20.5902,14.01166501
2021,12,14,2,40,0,11.77716376,79,17.5,-24.2224,13.81782874
2021,12,14,2,50,0,11.92624178,80,17.5,-25.0331,14.01166501
2021,12,14,3,0,0,11.99758236,80,17.6,-24.2987,14.10898098
2021,12,14,3,10,0,11.92624178,80,17.5,-25.0662,14.01166501
2021,12,14,3,20,0,11.91842605,79,17.7,-26.0441,14.01216347
2021,12,14,3,30,0,11.91842605,79,17.7,-26.1706,14.01216347
2021,12,14,19,30,0,13.26653523,75,20.4,-29.7319,15.8199649
2021,12,14,19,40,0,13.36523916,76,20.3,-29.692,15.93062451
2021,12,14,19,50,0,13.26653523,75,20.4,-30.2477,15.8199649
2021,12,14,20,0,0,13.18938075,75,20.3,-27.4512,15.7234414
2021,12,14,20,10,0,13.18938075,75,20.3,-28.3523,15.7234414
2021,12,14,20,20,0,13.26653523,75,20.4,-28.1166,15.8199649
2021,12,14,20,30,0,13.11261446,75,20.2,-28.7411,15.6269166
2021,12,14,20,40,0,13.11261446,75,20.2,-25.8169,15.6269166
2021,12,14,20,50,0,13.28744932,76,20.2,-24.038,15.83394371
2021,12,14,21,0,0,13.18938075,75,20.3,-22.1543,15.7234414
2021,12,14,21,10,0,13.28744932,76,20.2,-19.1091,15.83394371
2021,12,14,21,50,0,13.08942327,78,19.5,-23.8368,15.56197492
2021,12,14,22,0,0,13.12722812,82,18.7,-21.0076,15.56426414
2021,12,14,22,10,0,12.97642223,83,18.3,-19.5895,15.36264665
2021,12,14,22,20,0,13.05456897,85,18,-23.7217,15.44019693
2021,12,14,22,30,0,13.12986294,86,17.9,-21.0772,15.52455509
2021,12,14,22,40,0,13.05197584,86,17.8,-19.615,15.42638327
2021,12,14,22,50,0,13.20374301,87,17.8,-20.0444,15.60678139
2021,12,14,23,0,0,12.8926049,87,17.4,-23.8174,15.21353427
2021,12,14,23,10,0,12.88586171,88,17.2,-22.0734,15.19467188
2021,12,14,23,20,0,12.95455117,89,17.1,-16.8595,15.27208454
2021,12,14,23,30,0,12.87721242,89,17,-17.9489,15.17349719
2021,12,14,23,40,0,12.95455117,89,17.1,-18.7037,15.27208454
2021,12,14,23,50,0,13.03229196,89,17.2,-20.0435,15.37067135
2021,12,15,0,0,0,13.1973406,88,17.6,-19.512,15.58847146
2021,12,15,0,10,0,13.35551017,88,17.8,-16.7843,15.78536769
2021,12,15,0,20,0,13.27622142,88,17.7,-14.5042,15.68691987
2021,12,15,0,30,0,13.12986294,86,17.9,-18.1677,15.52455509
2021,12,15,0,40,0,13.04737082,87,17.6,-19.0764,15.41015912
2021,12,15,0,50,0,12.87721242,89,17,-24.826,15.17349719
2021,12,15,1,0,0,12.94409729,90,16.9,-19.4867,15.24877801
2021,12,15,1,10,0,13.0219002,90,17,-19.131,15.3475
2021,12,15,1,20,0,12.86669743,90,16.8,-20.1983,15.15005553
2021,12,15,1,30,0,13.0219002,90,17,-14.1221,15.3475
2021,12,15,1,40,0,13.33717748,90,17.4,-14.641,15.74238304
2021,12,15,1,50,0,13.34731038,89,17.6,-11.1437,15.76501318
2021,12,15,2,0,0,13.27622142,88,17.7,-11.3811,15.68691987
2021,12,15,2,10,0,13.13234694,85,18.1,-11.0297,15.53822757
2021,12,15,2,20,0,13.21082105,84,18.4,-11.3922,15.6473251
2021,12,15,2,30,0,13.12722812,82,18.7,-11.2396,15.56426414
2021,12,15,2,40,0,12.97286727,82,18.5,-13.0962,15.36906798
2021,12,15,2,50,0,12.89627769,82,18.4,-11.6668,15.27146854
2021,12,15,3,0,0,12.97642223,83,18.3,-10.9063,15.36264665
2021,12,15,3,10,0,12.90098581,84,18,-9.6988,15.25577187
2021,12,15,3,20,0,12.82007979,82,18.3,-9.0406,15.17386818
2021,12,15,3,30,0,12.73900602,81,18.4,-9.1217,15.08051143
2021,12,15,19,30,0,14.774374,86,19.9,-18.7166,17.48784494
2021,12,15,19,40,0,14.774374,86,19.9,-18.2587,17.48784494
2021,12,15,19,50,0,14.68811057,86,19.8,-17.5193,17.38968707
2021,12,15,20,0,0,14.60228302,86,19.7,-19.8251,17.29152851
2021,12,15,20,10,0,14.59974134,87,19.5,-19.6498,17.27796647
2021,12,15,20,20,0,14.51422753,87,19.4,-20.0531,17.17966662
2021,12,15,20,30,0,14.59974134,87,19.5,-18.51,17.27796647
2021,12,15,20,40,0,14.43192822,86,19.5,-21.5207,17.09520928
2021,12,15,20,50,0,14.17648974,87,19,-21.8405,16.7864608
2021,12,15,21,0,0,14.25511551,88,18.9,-21.0595,16.86825452
2021,12,15,21,10,0,14.3394379,88,19,-20.6501,16.96669522
2021,12,15,21,20,0,14.42419149,88,19.1,-18.7729,17.06513532
2021,12,15,21,30,0,14.42914729,87,19.3,-17.983,17.08136614
2021,12,15,21,40,0,14.51422753,87,19.4,-20.5656,17.17966662
2021,12,15,21,50,0,14.09312556,87,18.9,-19.7873,16.68815773
2021,12,15,22,0,0,14.24784516,89,18.7,-19.2348,16.84940847
2021,12,15,22,10,0,14.24784516,89,18.7,-17.5765,16.84940847
2021,12,15,22,20,0,14.3230063,90,18.6,-15.4933,16.92698501
2021,12,15,22,30,0,14.23851285,90,18.5,-13.5025,16.82827088
2021,12,15,22,40,0,14.15445113,90,18.4,-15.4211,16.72955626
2021,12,15,22,50,0,14.14303345,91,18.2,-11.8619,16.70603702
2021,12,15,23,0,0,14.31172281,91,18.4,-9.508,16.90373487
2021,12,15,23,10,0,14.56802145,91,18.7,-12.8352,17.20027832
2021,12,15,23,20,0,14.90307531,92,18.9,-13.4245,17.57114145
2021,12,15,23,30,0,15.07983655,92,19.1,-8.4205,17.76909857
2021,12,15,23,40,0,15.07983655,92,19.1,-2.9229,17.76909857
2021,12,15,23,50,0,15.07983655,92,19.1,-2.7015,17.76909857
2021,12,16,0,0,0,15.25840863,92,19.3,-3.904,17.96705412
2021,12,16,0,10,0,15.07983655,92,19.1,-4.1012,17.76909857
2021,12,16,0,20,0,15.33377458,93,19.2,-3.0335,18.03999756
2021,12,16,0,30,0,15.24374782,93,19.1,-2.1968,17.94088796
2021,12,16,0,40,0,15.31712685,94,19,-2.8607,18.01182447
2021,12,16,0,50,0,15.40765909,94,19.1,-2.232,18.11106483
2021,12,16,1,0,0,15.24374782,93,19.1,-2.2965,17.94088796
2021,12,16,1,10,0,15.24374782,93,19.1,-2.4706,17.94088796
2021,12,16,1,20,0,15.4242609,93,19.3,-1.9771,18.13910682
2021,12,16,1,30,0,15.51520874,93,19.4,-2.0205,18.23821574
2021,12,16,1,40,0,15.34837854,92,19.4,-2.055,18.06603132
2021,12,16,1,50,0,15.51520874,93,19.4,-1.8447,18.23821574
2021,12,16,2,0,0,15.4242609,93,19.3,-1.8644,18.13910682
2021,12,16,2,10,0,15.33377458,93,19.2,-1.9856,18.03999756
2021,12,16,2,20,0,15.33377458,93,19.2,-2.0229,18.03999756
2021,12,16,2,30,0,15.4242609,93,19.3,-2.1555,18.13910682
2021,12,16,2,40,0,15.33377458,93,19.2,-2.043,18.03999756
2021,12,16,2,50,0,15.25840863,92,19.3,-1.994,17.96705412
2021,12,16,3,0,0,15.25840863,92,19.3,-1.8829,17.96705412
2021,12,16,3,10,0,15.34837854,92,19.4,-1.8632,18.06603132
2021,12,16,3,20,0,15.34837854,92,19.4,-1.6188,18.06603132
2021,12,16,3,30,0,15.43880694,92,19.5,-1.6504,18.16500812
2021,12,16,19,30,0,15.00401598,91,19.2,-23.9737,17.69450861
2021,12,16,19,40,0,15.00401598,91,19.2,-26.407,17.69450861
2021,12,16,19,50,0,14.82828238,91,19,-23.2849,17.49681782
2021,12,16,20,0,0,14.81536896,92,18.8,-25.3321,17.4721623
2021,12,16,20,10,0,14.81536896,92,18.8,-25.1865,17.4721623
2021,12,16,20,20,0,15.06506526,93,18.9,-24.9273,17.74266774
2021,12,16,20,30,0,15.06506526,93,18.9,-25.348,17.74266774
2021,12,16,20,40,0,15.15417869,93,19,-26.6992,17.84177802
2021,12,16,20,50,0,15.33377458,93,19.2,-27.4903,18.03999756
2021,12,16,21,0,0,15.33377458,93,19.2,-18.2757,18.03999756
2021,12,16,21,10,0,15.33377458,93,19.2,-27.7373,18.03999756
2021,12,16,21,20,0,15.25840863,92,19.3,-27.6076,17.96705412
2021,12,16,21,30,0,15.34837854,92,19.4,-27.2044,18.06603132
2021,12,16,21,40,0,15.25840863,92,19.3,-25.2227,17.96705412
2021,12,16,21,50,0,15.43880694,92,19.5,-26.9263,18.16500812
2021,12,16,22,0,0,15.34837854,92,19.4,-19.1798,18.06603132
2021,12,16,22,10,0,15.43880694,92,19.5,-24.3547,18.16500812
2021,12,16,22,20,0,15.43880694,92,19.5,-9.3585,18.16500812
2021,12,16,22,30,0,15.52969576,92,19.6,-7.881,18.26398453
2021,12,16,22,40,0,15.62104695,92,19.7,-7.6399,18.36296056
2021,12,16,22,50,0,15.62104695,92,19.7,-4.1442,18.36296056
2021,12,16,23,0,0,15.62104695,92,19.7,-5.1718,18.36296056
2021,12,16,23,10,0,15.71286247,92,19.8,-6.6646,18.46193619
2021,12,16,23,20,0,15.71286247,92,19.8,-11.5991,18.46193619
2021,12,16,23,30,0,15.80514428,92,19.9,-10.9666,18.56091143
2021,12,16,23,40,0,15.63334923,91,19.9,-4.7324,18.38641251
2021,12,16,23,50,0,15.63334923,91,19.9,-3.5256,18.38641251
2021,12,17,0,0,0,15.63334923,91,19.9,-2.9734,18.38641251
2021,12,17,0,10,0,15.55228793,90,20,-9.1082,18.30893126
2021,12,17,0,20,0,15.55228793,90,20,-11.203,18.30893126
2021,12,17,0,30,0,15.55228793,90,20,-4.5841,18.30893126
2021,12,17,0,40,0,15.64348168,90,20.1,-8.1775,18.40763802
2021,12,17,0,50,0,15.81729814,91,20.1,-1.5996,18.58409538
2021,12,17,1,0,0,16.00311531,91,20.3,-2.0051,18.78177648
2021,12,17,1,10,0,16.00311531,91,20.3,-1.7962,18.78177648
2021,12,17,1,20,0,15.81729814,91,20.1,-1.7311,18.58409538
2021,12,17,1,30,0,15.55228793,90,20,-1.176,18.30893126
2021,12,17,1,40,0,15.46155419,90,19.9,-1.4788,18.21022401
2021,12,17,1,50,0,15.37127851,90,19.8,-1.6008,18.11151626
2021,12,17,2,0,0,15.37127851,90,19.8,-1.6647,18.11151626
2021,12,17,2,10,0,15.20048652,89,19.8,-10.5902,17.93373817
2021,12,17,2,20,0,15.02329264,89,19.6,-2.9074,17.73659219
2021,12,17,2,30,0,15.02329264,89,19.6,-1.7886,17.73659219
2021,12,17,2,40,0,15.02969454,88,19.8,-1.9193,17.75419943
2021,12,17,2,50,0,14.941871,88,19.7,-18.9818,17.65576348
2021,12,17,3,0,0,14.8544916,88,19.6,-14.8146,17.55732694
2021,12,17,3,10,0,14.8544916,88,19.6,-1.5606,17.55732694
2021,12,17,3,20,0,14.941871,88,19.7,-2.7913,17.65576348
2021,12,17,3,30,0,14.8544916,88,19.6,-3.3332,17.55732694
2021,12,17,19,30,0,8.245111074,62,15.6,-7.8014,8.346954807
2021,12,17,19,40,0,8.327475224,63,15.5,-7.6415,8.488474871
2021,12,17,19,50,0,8.408502,64,15.4,-8.1943,8.626358451
2021,12,17,20,0,0,8.436792324,65,15.2,-7.6264,8.665750816
2021,12,17,20,10,0,8.385652089,65,15.1,-7.4378,8.570791033
2021,12,17,20,20,0,8.206553555,64,15,-7.8314,8.247220217
2021,12,17,20,30,0,8.206553555,64,15,-7.4666,8.247220217
2021,12,17,20,40,0,7.950098756,62,15,-7.8432,7.780392247
2021,12,17,20,50,0,8.047401909,62,15.2,-7.6523,7.969254773
2021,12,17,21,0,0,7.917605104,61,15.2,-7.818,7.730477482
2021,12,17,21,10,0,7.917605104,61,15.2,-7.9076,7.730477482
2021,12,17,21,20,0,7.917605104,61,15.2,-7.833,7.730477482
2021,12,17,21,30,0,7.86961196,61,15.1,-7.7573,7.636228469
2021,12,17,21,40,0,7.740601928,60,15.1,-8.0417,7.394157418
2021,12,17,21,50,0,7.86961196,61,15.1,-8.0133,7.636228469
2021,12,17,22,0,0,7.740601928,60,15.1,-7.8677,7.394157418
2021,12,17,22,10,0,7.740601928,60,15.1,-7.7935,7.394157418
2021,12,17,22,20,0,7.611591896,59,15.1,-7.9459,7.148501119
2021,12,17,22,30,0,7.611591896,59,15.1,-7.9391,7.148501119
2021,12,17,22,40,0,7.565416558,59,15,-7.9894,7.054619698
2021,12,17,22,50,0,7.565416558,59,15,-7.954,7.054619698
2021,12,17,23,0,0,7.519484406,59,14.9,-8.0025,6.960735996
2021,12,17,23,10,0,7.347119889,58,14.8,-7.9889,6.618058797
2021,12,17,23,20,0,7.428345382,59,14.7,-8.1721,6.772961747
2021,12,17,23,30,0,7.257998476,58,14.6,-8.0425,6.430657028
2021,12,17,23,40,0,7.383136381,59,14.6,-8.0379,6.6790712
2021,12,17,23,50,0,7.462542007,60,14.5,-8.408,6.829718827
2021,12,18,0,0,0,7.462542007,60,14.5,-8.5852,6.829718827
2021,12,18,0,10,0,7.617528827,62,14.3,-9.0765,7.119307723
2021,12,18,0,20,0,7.248938723,59,14.3,-9.0768,6.39738587
2021,12,18,0,30,0,7.617528827,62,14.3,-9.2882,7.119307723
2021,12,18,0,40,0,7.571018728,62,14.2,-9.091,7.024858735
2021,12,18,0,50,0,7.448905523,61,14.2,-9.2796,6.787890602
2021,12,18,1,0,0,7.248938723,59,14.3,-9.5292,6.39738587
2021,12,18,1,10,0,7.003211987,57,14.3,-9.2744,5.897886694
2021,12,18,1,20,0,6.880348618,56,14.3,-9.437,5.642308603
2021,12,18,1,30,0,6.922581524,56,14.4,-9.5373,5.735632963
2021,12,18,1,40,0,6.798963996,55,14.4,-9.5629,5.475796522
2021,12,18,1,50,0,6.798963996,55,14.4,-9.7055,5.475796522
2021,12,18,2,0,0,6.922581524,56,14.4,-10.4593,5.735632963
2021,12,18,2,10,0,6.922581524,56,14.4,-11.6264,5.735632963
2021,12,18,2,20,0,6.922581524,56,14.4,-10.0907,5.735632963
2021,12,18,2,30,0,6.880348618,56,14.3,-9.4497,5.642308603
2021,12,18,2,40,0,7.046199051,57,14.4,-8.5534,5.991404817
2021,12,18,2,50,0,7.204679112,59,14.2,-8.3501,6.303486197
2021,12,18,3,0,0,7.40338827,61,14.1,-8.0042,6.693620088
2021,12,18,3,10,0,7.358112625,61,14,-8.0249,6.599347424
2021,12,18,3,20,0,7.432964031,62,13.9,-8.1156,6.741499257
2021,12,18,3,30,0,7.387434032,62,13.8,-8.7557,6.647041927
2021,12,18,19,30,0,8.900461959,72,14.4,-8.5919,9.417746192
2021,12,18,19,40,0,8.900461959,72,14.4,-7.4474,9.417746192
2021,12,18,19,50,0,9.079426109,73,14.5,-9.5285,9.719315058
2021,12,18,20,0,0,9.328177509,75,14.5,-9.9569,10.12285868
2021,12,18,20,10,0,9.452553209,76,14.5,-27.5835,10.3210878
2021,12,18,20,20,0,8.900461959,72,14.4,-22.7813,9.417746192
2021,12,18,20,30,0,8.846162509,72,14.3,-29.0144,9.321613035
2021,12,18,20,40,0,8.846162509,72,14.3,-28.7166,9.321613035
2021,12,18,20,50,0,8.846162509,72,14.3,-29.5178,9.321613035
2021,12,18,21,0,0,8.723299141,71,14.3,-29.4364,9.113965682
2021,12,18,21,10,0,8.776844432,71,14.4,-26.2049,9.20993921
2021,12,18,21,20,0,8.706299009,70,14.5,-18.3083,9.095347321
2021,12,18,21,30,0,8.653226904,70,14.4,-18.9745,8.999536869
2021,12,18,21,40,0,8.706299009,70,14.5,-15.3937,9.095347321
2021,12,18,21,50,0,8.634515429,69,14.6,-8.2596,8.977761015
2021,12,18,22,0,0,8.634515429,69,14.6,-22.7536,8.977761015
2021,12,18,22,10,0,8.457547608,68,14.5,-17.4882,8.666142722
2021,12,18,22,20,0,8.561482813,68,14.7,-8.8185,8.857100761
2021,12,18,22,30,0,8.509377524,68,14.6,-17.8214,8.761622596
2021,12,18,22,40,0,8.561482813,68,14.7,-11.8495,8.857100761
2021,12,18,22,50,0,8.487190216,67,14.8,-7.8162,8.733283663
2021,12,18,23,0,0,8.487190216,67,14.8,-7.2936,8.733283663
2021,12,18,23,10,0,8.360515735,66,14.8,-7.3763,8.511085934
2021,12,18,23,20,0,8.411626624,66,14.9,-7.9619,8.606223268
2021,12,18,23,30,0,8.233841254,65,14.8,-9.1624,8.285900318
2021,12,18,23,40,0,8.284177735,65,14.9,-8.1121,8.380865785
2021,12,18,23,50,0,8.156728847,64,14.9,-7.9634,8.152430764
2021,12,19,0,0,0,8.156728847,64,14.9,-8.0396,8.152430764
2021,12,19,0,10,0,8.029279959,63,14.9,-8.0906,7.920826701
2021,12,19,0,20,0,7.901831071,62,14.9,-8.5806,7.685957856
2021,12,19,0,30,0,7.901831071,62,14.9,-10.1592,7.685957856
2021,12,19,0,40,0,7.901831071,62,14.9,-8.9721,7.685957856
2021,12,19,0,50,0,7.774382182,61,14.9,-8.6642,7.447723993
2021,12,19,1,0,0,7.774382182,61,14.9,-8.2458,7.447723993
2021,12,19,1,10,0,7.774382182,61,14.9,-8.5659,7.447723993
2021,12,19,1,20,0,7.774382182,61,14.9,-7.855,7.447723993
2021,12,19,1,30,0,7.646933294,60,14.9,-9.8746,7.206020083
2021,12,19,1,40,0,7.519484406,59,14.9,-7.5881,6.960735996
2021,12,19,1,50,0,7.565416558,59,15,-7.2639,7.054619698
2021,12,19,2,0,0,7.519484406,59,14.9,-8.0087,6.960735996
2021,12,19,2,10,0,7.519484406,59,14.9,-10.4832,6.960735996
2021,12,19,2,20,0,7.473794369,59,14.8,-12.8694,6.866850012
2021,12,19,2,30,0,7.519484406,59,14.9,-15.3264,6.960735996
2021,12,19,2,40,0,7.519484406,59,14.9,-10.4755,6.960735996
2021,12,19,2,50,0,7.473794369,59,14.8,-14.6815,6.866850012
2021,12,19,3,0,0,7.60046885,60,14.8,-12.7048,7.111948092
2021,12,19,3,10,0,7.60046885,60,14.8,-16.7913,7.111948092
2021,12,19,3,20,0,7.508274286,60,14.6,-14.1952,6.923797464
2021,12,19,3,30,0,7.508274286,60,14.6,-11.7938,6.923797464
2021,12,19,19,30,0,8.739978276,63,16.3,-22.9012,9.245225943
2021,12,19,19,40,0,8.739978276,63,16.3,-22.8221,9.245225943
2021,12,19,19,50,0,8.792765677,63,16.4,-17.2866,9.339810736
2021,12,19,20,0,0,8.792765677,63,16.4,-15.6254,9.339810736
2021,12,19,20,10,0,8.845829166,63,16.5,-17.7134,9.434393508
2021,12,19,20,20,0,8.899169944,63,16.6,-21.9501,9.528974261
2021,12,19,20,30,0,8.899169944,63,16.6,-20.0494,9.528974261
2021,12,19,20,40,0,8.845829166,63,16.5,-27.3412,9.434393508
2021,12,19,20,50,0,8.845829166,63,16.5,-29.5839,9.434393508
2021,12,19,21,0,0,8.986239153,64,16.5,-29.1603,9.668827127
2021,12,19,21,10,0,8.986239153,64,16.5,-28.1319,9.668827127
2021,12,19,21,20,0,8.986239153,64,16.5,-29.2932,9.668827127
2021,12,19,21,30,0,8.986239153,64,16.5,-28.8353,9.668827127
2021,12,19,21,40,0,8.986239153,64,16.5,-28.8109,9.668827127
2021,12,19,21,50,0,9.126649139,65,16.5,-29.4774,9.90005559
2021,12,19,22,0,0,9.126649139,65,16.5,-30.0111,9.90005559
2021,12,19,22,10,0,9.126649139,65,16.5,-29.6576,9.90005559
2021,12,19,22,20,0,9.126649139,65,16.5,-29.0888,9.90005559
2021,12,19,22,30,0,9.181683275,65,16.6,-28.5062,9.994988853
2021,12,19,22,40,0,9.126649139,65,16.5,-29.3643,9.90005559
2021,12,19,22,50,0,9.126649139,65,16.5,-29.2258,9.90005559
2021,12,19,23,0,0,9.267059126,66,16.5,-28.5201,10.12817142
2021,12,19,23,10,0,9.267059126,66,16.5,-28.1876,10.12817142
2021,12,19,23,20,0,9.211468805,66,16.4,-28.2384,10.0330634
2021,12,19,23,30,0,9.211468805,66,16.4,-28.4049,10.0330634
2021,12,19,23,40,0,9.294897531,67,16.3,-27.4376,10.16270384
2021,12,19,23,50,0,9.294897531,67,16.3,-25.7999,10.16270384
2021,12,20,0,0,0,9.376947172,68,16.2,-24.3911,10.28906804
2021,12,20,0,10,0,9.376947172,68,16.2,-24.8668,10.28906804
2021,12,20,0,20,0,9.320562415,68,16.1,-23.8191,10.19361552
2021,12,20,0,30,0,9.433627345,68,16.3,-25.0709,10.38451884
2021,12,20,0,40,0,9.433627345,68,16.3,-25.6756,10.38451884
2021,12,20,0,50,0,9.572357159,69,16.3,-24.2009,10.60347956
2021,12,20,1,0,0,9.433627345,68,16.3,-23.4191,10.38451884
2021,12,20,1,10,0,9.514843454,69,16.2,-23.926,10.50786226
2021,12,20,1,20,0,9.594696604,70,16.1,-23.1175,10.62809836
2021,12,20,1,30,0,9.594696604,70,16.1,-21.8695,10.62809836
2021,12,20,1,40,0,9.673198486,71,16,-22.4512,10.74530754
2021,12,20,1,50,0,9.594696604,70,16.1,-22.984,10.62809836
2021,12,20,2,0,0,9.731763698,71,16.1,-22.16,10.84125506
2021,12,20,2,10,0,9.790636018,71,16.2,-23.6373,10.93720104
2021,12,20,2,20,0,9.731763698,71,16.1,-21.7544,10.84125506
2021,12,20,2,30,0,9.731763698,71,16.1,-20.7084,10.84125506
2021,12,20,2,40,0,9.809440718,72,16,-20.7235,10.95567657
2021,12,20,2,50,0,9.731763698,71,16.1,-21.0759,10.84125506
2021,12,20,3,0,0,9.809440718,72,16,-20.9022,10.95567657
2021,12,20,3,10,0,9.868830793,72,16.1,-20.0014,11.05178472
2021,12,20,3,20,0,9.868830793,72,16.1,-15.0363,11.05178472
2021,12,20,3,30,0,9.94568295,73,16,-11.4253,11.16348888
2021,12,20,19,30,0,12.28665315,80,18,-4.607,14.4982347
2021,12,20,19,40,0,12.44023631,81,18,-4.7265,14.69068633
2021,12,20,19,50,0,12.66885235,82,18.1,-4.4049,14.97866474
2021,12,20,20,0,0,12.67184447,83,17.9,-4.202,14.97166035
2021,12,20,20,10,0,12.90098581,84,18,-3.9579,15.25577187
2021,12,20,20,20,0,12.82362296,85,17.7,-4.2993,15.14610051
2021,12,20,20,30,0,12.97448912,86,17.7,-4.3287,15.32821076
2021,12,20,20,40,0,13.04737082,87,17.6,-4.0761,15.41015912
2021,12,20,20,50,0,12.59622317,85,17.4,-4.2489,14.85199734
2021,12,20,21,0,0,12.15165059,82,17.4,-4.1729,14.29542406
2021,12,20,21,10,0,12.29752192,82,17.6,-4.4092,14.49064023
2021,12,20,21,20,0,12.29752192,82,17.6,-4.8529,14.49064023
2021,12,20,21,30,0,12.29752192,82,17.6,-4.8535,14.49064023
2021,12,20,21,40,0,12.29752192,82,17.6,-6.1019,14.49064023
2021,12,20,21,50,0,12.22439783,82,17.5,-6.9731,14.3930326
2021,12,20,22,0,0,12.14755214,81,17.6,-4.4044,14.30084581
2021,12,20,22,10,0,12.37347585,83,17.5,-3.9652,14.58066036
2021,12,20,22,20,0,12.52255387,84,17.5,-3.9386,14.76631227
2021,12,20,22,30,0,12.29752192,82,17.6,-3.3692,14.49064023
2021,12,20,22,40,0,12.22439783,82,17.5,-2.864,14.3930326
2021,12,20,22,50,0,12.14755214,81,17.6,-2.5388,14.30084581
2021,12,20,23,0,0,11.91842605,79,17.7,-2.0517,14.01216347
2021,12,20,23,10,0,11.91842605,79,17.7,-2.1821,14.01216347
2021,12,20,23,20,0,11.98960572,79,17.8,-2.8694,14.10932922
2021,12,20,23,30,0,12.14137288,80,17.8,-4.2232,14.30360988
2021,12,20,23,40,0,12.0692922,80,17.7,-3.8168,14.20629594
2021,12,20,23,50,0,12.0692922,80,17.7,-3.2374,14.20629594
2021,12,21,0,0,0,11.99758236,80,17.6,-2.3591,14.10898098
2021,12,21,0,10,0,12.22015835,81,17.7,-2.1193,14.39830739
2021,12,21,0,20,0,12.29752192,82,17.6,-2.3767,14.49064023
2021,12,21,0,30,0,12.29752192,82,17.6,-2.5131,14.49064023
2021,12,21,0,40,0,12.37102451,82,17.7,-2.4949,14.58824695
2021,12,21,0,50,0,12.37102451,82,17.7,-2.3062,14.58824695
2021,12,21,1,0,0,12.22015835,81,17.7,-2.6168,14.39830739
2021,12,21,1,10,0,12.22015835,81,17.7,-2.6144,14.39830739
2021,12,21,1,20,0,12.29314004,81,17.8,-2.8228,14.495768
2021,12,21,1,30,0,12.4449072,82,17.8,-2.7838,14.68585277
2021,12,21,1,40,0,12.52189066,83,17.7,-2.1247,14.77616207
2021,12,21,1,50,0,12.4474917,83,17.6,-2.456,14.67841164
2021,12,21,2,0,0,12.4449072,82,17.8,-2.3808,14.68585277
2021,12,21,2,10,0,12.4449072,82,17.8,-2.6279,14.68585277
2021,12,21,2,20,0,12.51917164,82,17.9,-2.7462,14.78345767
2021,12,21,2,30,0,12.59667436,83,17.8,-2.2958,14.87391164
2021,12,21,2,40,0,12.52189066,83,17.7,-2.6327,14.77616207
2021,12,21,2,50,0,12.29314004,81,17.8,-2.0747,14.495768
2021,12,21,3,0,0,12.29314004,81,17.8,-2.1376,14.495768
2021,12,21,3,10,0,12.36649882,81,17.9,-1.9556,14.59322765
2021,12,21,3,20,0,12.67275681,84,17.7,-2.0913,14.96209851
2021,12,21,3,30,0,12.59667436,83,17.8,-2.3617,14.87391164
2021,12,21,19,30,0,13.58151395,95,16.8,-1.4289,15.99409796
2021,12,21,19,40,0,13.50023771,95,16.7,-0.9896,15.89472274
2021,12,21,19,50,0,13.50023771,95,16.7,-1.0118,15.89472274
2021,12,21,20,0,0,13.50023771,95,16.7,-1.2103,15.89472274
2021,12,21,20,10,0,13.50023771,95,16.7,-1.0384,15.89472274
2021,12,21,20,20,0,13.50023771,95,16.7,-1.0384,15.89472274
2021,12,21,20,30,0,13.58151395,95,16.8,-1.0596,15.99409796
2021,12,21,20,40,0,13.58151395,95,16.8,-0.9964,15.99409796
2021,12,21,20,50,0,13.6632138,95,16.9,-1.0756,16.09347294
2021,12,21,21,0,0,13.6632138,95,16.9,-0.4671,16.09347294
2021,12,21,21,10,0,13.58151395,95,16.8,-1.2327,15.99409796
2021,12,21,21,20,0,13.58151395,95,16.8,-0.5308,15.99409796
2021,12,21,21,30,0,13.50023771,95,16.7,-1.2835,15.89472274
2021,12,21,21,40,0,13.50023771,95,16.7,-1.4461,15.89472274
2021,12,21,21,50,0,13.41938325,95,16.6,-0.5563,15.79534728
2021,12,21,22,0,0,13.41938325,95,16.6,-0.6379,15.79534728
2021,12,21,22,10,0,13.50023771,95,16.7,-0.719,15.89472274
2021,12,21,22,20,0,13.50023771,95,16.7,-1.3007,15.89472274
2021,12,21,22,30,0,13.41938325,95,16.6,-0.5052,15.79534728
2021,12,21,22,40,0,13.41938325,95,16.6,-1.1064,15.79534728
2021,12,21,22,50,0,13.41938325,95,16.6,-0.5373,15.79534728
2021,12,21,23,0,0,13.25893237,95,16.4,-0.5522,15.59659563
2021,12,21,23,10,0,13.25893237,95,16.4,-0.6159,15.59659563
2021,12,21,23,20,0,13.25893237,95,16.4,-0.8148,15.59659563
2021,12,21,23,30,0,13.25893237,95,16.4,-0.6249,15.59659563
2021,12,21,23,40,0,13.33894874,95,16.5,-1.1414,15.69597157
2021,12,21,23,50,0,13.41938325,95,16.6,-0.7647,15.79534728
2021,12,22,0,0,0,13.41938325,95,16.6,-1.1764,15.79534728
2021,12,22,0,10,0,13.50023771,95,16.7,-0.5085,15.89472274
2021,12,22,0,20,0,13.41938325,95,16.6,-0.5025,15.79534728
2021,12,22,0,30,0,13.41938325,95,16.6,-0.8307,15.79534728
2021,12,22,0,40,0,13.33894874,95,16.5,-0.56,15.69597157
2021,12,22,0,50,0,13.41938325,95,16.6,-1.1993,15.79534728
2021,12,22,1,0,0,13.41938325,95,16.6,-0.91,15.79534728
2021,12,22,1,10,0,13.41938325,95,16.6,-0.5934,15.79534728
2021,12,22,1,20,0,13.41938325,95,16.6,-0.5409,15.79534728
2021,12,22,1,30,0,13.50023771,95,16.7,-0.5252,15.89472274
2021,12,22,1,40,0,13.58151395,95,16.8,-1.144,15.99409796
2021,12,22,1,50,0,13.58151395,95,16.8,-1.2744,15.99409796
2021,12,22,2,0,0,13.58151395,95,16.8,-1.0869,15.99409796
2021,12,22,2,10,0,13.58151395,95,16.8,-0.7887,15.99409796
2021,12,22,2,20,0,13.58151395,95,16.8,-0.65,15.99409796
2021,12,22,2,30,0,13.6632138,95,16.9,-0.6165,16.09347294
2021,12,22,2,40,0,13.6632138,95,16.9,-0.6954,16.09347294
2021,12,22,2,50,0,13.6632138,95,16.9,-0.8946,16.09347294
2021,12,22,3,0,0,13.50023771,95,16.7,-0.7093,15.89472274
2021,12,22,3,10,0,13.41938325,95,16.6,-0.4996,15.79534728
2021,12,22,3,20,0,13.41938325,95,16.6,-0.4741,15.79534728
2021,12,22,3,30,0,13.33894874,95,16.5,-1.2198,15.69597157
2021,12,22,19,30,0,11.30053326,80,16.6,-1.937,13.13577542
2021,12,22,19,40,0,11.22651346,79,16.7,-1.9811,13.04044689
2021,12,22,19,50,0,11.29410107,79,16.8,-2.0397,13.13762337
2021,12,22,20,0,0,11.50586426,80,16.9,-2.3761,13.42774778
2021,12,22,20,10,0,12.0089176,84,16.8,-3.19,14.08103511
2021,12,22,20,20,0,12.14807326,86,16.6,-3.1986,14.24826711
2021,12,22,20,30,0,12.07525886,86,16.5,-3.0361,14.15008624
2021,12,22,20,40,0,12.1423907,87,16.4,-3.0946,14.23037131
2021,12,22,20,50,0,12.1423907,87,16.4,-3.1512,14.23037131
2021,12,22,21,0,0,12.1423907,87,16.4,-3.1162,14.23037131
2021,12,22,21,10,0,12.1423907,87,16.4,-2.9846,14.23037131
2021,12,22,21,20,0,12.07525886,86,16.5,-2.9243,14.15008624
2021,12,22,21,30,0,12.07525886,86,16.5,-2.8887,14.15008624
2021,12,22,21,40,0,11.93484887,85,16.5,-2.7609,13.96964734
2021,12,22,21,50,0,12.07525886,86,16.5,-3.0993,14.15008624
2021,12,22,22,0,0,12.1423907,87,16.4,-3.2924,14.23037131
2021,12,22,22,10,0,12.1423907,87,16.4,-3.1713,14.23037131
2021,12,22,22,20,0,12.20822362,88,16.3,-3.2401,14.3085881
2021,12,22,22,30,0,12.27276909,89,16.2,-4.2202,14.38477883
2021,12,22,22,40,0,12.41066538,90,16.2,-7.6882,14.55771034
2021,12,22,22,50,0,12.33603849,90,16.1,-6.1213,14.45898442
2021,12,22,23,0,0,12.33603849,90,16.1,-5.9628,14.45898442
2021,12,22,23,10,0,12.41066538,90,16.2,-4.15,14.55771034
2021,12,22,23,20,0,12.33603849,90,16.1,-4.4404,14.45898442
2021,12,22,23,30,0,12.41066538,90,16.2,-4.1248,14.55771034
2021,12,22,23,40,0,12.48568325,90,16.3,-3.7587,14.65643576
2021,12,22,23,50,0,12.48568325,90,16.3,-3.7865,14.65643576
2021,12,23,0,0,0,12.42152612,89,16.4,-3.5177,14.58196168
2021,12,23,0,10,0,12.42152612,89,16.4,-3.7878,14.58196168
2021,12,23,0,20,0,12.49648882,89,16.5,-4.8822,14.68055228
2021,12,23,0,30,0,12.49648882,89,16.5,-3.2766,14.68055228
2021,12,23,0,40,0,12.49648882,89,16.5,-2.451,14.68055228
2021,12,23,0,50,0,12.57184325,89,16.6,-3.2388,14.77914235
2021,12,23,1,0,0,12.50548335,88,16.7,-3.4753,14.70240905
2021,12,23,1,10,0,12.50548335,88,16.7,-4.3837,14.70240905
2021,12,23,1,20,0,12.58077082,88,16.8,-3.4738,14.8008628
2021,12,23,1,30,0,12.58077082,88,16.8,-1.9223,14.8008628
2021,12,23,1,40,0,12.58077082,88,16.8,-3.8749,14.8008628
2021,12,23,1,50,0,12.58077082,88,16.8,-3.1166,14.8008628
2021,12,23,2,0,0,12.65645068,88,16.9,-3.1972,14.89931596
2021,12,23,2,10,0,12.65645068,88,16.9,-2.6814,14.89931596
2021,12,23,2,20,0,12.58783686,87,17,-2.6008,14.82027683
2021,12,23,2,30,0,12.51788091,86,17.1,-2.3453,14.73916105
2021,12,23,2,40,0,12.66343766,87,17.1,-2.2221,14.91859216
2021,12,23,2,50,0,12.58783686,87,17,-2.2808,14.82027683
2021,12,23,3,0,0,12.66343766,87,17.1,-2.2306,14.91859216
2021,12,23,3,10,0,12.66343766,87,17.1,-2.1184,14.91859216
2021,12,23,3,20,0,12.58783686,87,17,-2.2156,14.82027683
2021,12,23,3,30,0,12.66343766,87,17.1,-1.9191,14.91859216
2021,12,23,21,40,0,15.82841247,96,19.2,-0.8479,18.54620649
2021,12,23,21,50,0,15.9218177,96,19.3,-0.8548,18.64570396
2021,12,23,22,0,0,15.82841247,96,19.2,-0.8308,18.54620649
2021,12,23,22,10,0,15.82841247,96,19.2,-0.836,18.54620649
2021,12,23,22,20,0,15.82841247,96,19.2,-0.8273,18.54620649
2021,12,23,22,30,0,15.82841247,96,19.2,-0.9045,18.54620649
2021,12,23,22,40,0,15.73548162,96,19.1,-0.9348,18.44670882
2021,12,23,22,50,0,15.73548162,96,19.1,-0.819,18.44670882
2021,12,23,23,0,0,15.73548162,96,19.1,-0.7341,18.44670882
2021,12,23,23,10,0,15.45951544,96,18.8,-0.733,18.14821466
2021,12,23,23,20,0,15.27787339,96,18.6,-0.8943,17.94921759
2021,12,23,23,30,0,15.36846219,96,18.7,-0.9481,18.04871622
2021,12,23,23,40,0,15.27787339,96,18.6,-0.9841,17.94921759
2021,12,23,23,50,0,15.36846219,96,18.7,-1.031,18.04871622
2021,12,24,0,0,0,15.36846219,96,18.7,-1.0948,18.04871622
2021,12,24,0,10,0,15.36846219,96,18.7,-1.1635,18.04871622
2021,12,24,0,20,0,15.36846219,96,18.7,-1.1322,18.04871622
2021,12,24,0,30,0,15.45951544,96,18.8,-1.0551,18.14821466
2021,12,24,0,40,0,15.45951544,96,18.8,-0.9057,18.14821466
2021,12,24,0,50,0,15.45951544,96,18.8,-1.0215,18.14821466
2021,12,24,1,0,0,15.5510351,96,18.9,-0.9082,18.2477129
2021,12,24,1,10,0,15.5510351,96,18.9,-0.9865,18.2477129
2021,12,24,1,20,0,15.45951544,96,18.8,-0.9551,18.14821466
2021,12,24,1,30,0,15.36846219,96,18.7,-0.9013,18.04871622
2021,12,24,1,40,0,15.45951544,96,18.8,-0.8101,18.14821466
2021,12,24,1,50,0,15.5510351,96,18.9,-0.7423,18.2477129
2021,12,24,2,0,0,15.45951544,96,18.8,-0.7157,18.14821466
2021,12,24,2,10,0,15.36846219,96,18.7,-0.5887,18.04871622
2021,12,24,2,20,0,15.27787339,96,18.6,-0.7404,17.94921759
2021,12,24,2,30,0,15.27787339,96,18.6,-0.6958,17.94921759
2021,12,24,2,40,0,15.18774704,96,18.5,-0.8315,17.84971877
2021,12,24,2,50,0,15.18774704,96,18.5,-0.824,17.84971877
2021,12,24,3,0,0,15.0980812,96,18.4,-0.9483,17.75021975
2021,12,24,3,10,0,15.0980812,96,18.4,-0.9849,17.75021975
2021,12,24,3,20,0,15.18774704,96,18.5,-1.0314,17.84971877
2021,12,24,3,30,0,15.18774704,96,18.5,-0.9909,17.84971877
2021,12,24,19,30,0,13.82248479,90,18,-5.8018,16.33469287
2021,12,24,19,40,0,13.75033974,89,18.1,-2.8146,16.25792826
2021,12,24,19,50,0,13.83219755,89,18.2,-2.9231,16.35650965
2021,12,24,20,0,0,13.9876155,90,18.2,-4.9299,16.53212555
2021,12,24,20,10,0,13.9876155,90,18.2,-3.9158,16.53212555
2021,12,24,20,20,0,14.07081929,90,18.3,-2.8221,16.63084115
2021,12,24,20,30,0,14.07081929,90,18.3,-1.7674,16.63084115
2021,12,24,20,40,0,14.07081929,90,18.3,-2.6256,16.63084115
2021,12,24,20,50,0,13.99717945,89,18.4,-2.5642,16.55367081
2021,12,24,21,0,0,13.75813441,88,18.3,-3.4137,16.27759788
2021,12,24,21,10,0,13.36809273,85,18.4,-3.8545,15.83231499
2021,12,24,21,20,0,13.05354937,83,18.4,-4.3228,15.46039109
2021,12,24,21,30,0,12.73900602,81,18.4,-4.4772,15.08051143
2021,12,24,21,40,0,12.73900602,81,18.4,-4.3445,15.08051143
2021,12,24,21,50,0,12.73900602,81,18.4,-4.5875,15.08051143
2021,12,24,22,0,0,12.82007979,82,18.3,-3.0973,15.17386818
2021,12,24,22,10,0,12.73900602,81,18.4,-3.0656,15.08051143
2021,12,24,22,20,0,12.18183877,77,18.5,-2.0477,14.39221436
2021,12,24,22,30,0,12.18183877,77,18.5,-2.1915,14.39221436
2021,12,24,22,40,0,11.48083258,73,18.4,-1.5327,13.47350581
2021,12,24,22,50,0,11.25665543,72,18.3,-1.3365,13.16579173
2021,12,24,23,0,0,10.41300265,67,18.2,-0.7949,11.97273093
2021,12,24,23,10,0,10.35137936,67,18.1,-0.9236,11.87748227
2021,12,24,23,20,0,10.19688116,66,18.1,-0.448,11.64965063
2021,12,24,23,30,0,9.982905684,65,18,-0.5359,11.32385569
2021,12,24,23,40,0,10.07640645,66,17.9,-1.0999,11.45949136
2021,12,24,23,50,0,10.01663262,66,17.8,-1.8687,11.36440898
2021,12,25,0,0,0,10.01663262,66,17.8,-2.2391,11.36440898
2021,12,25,0,10,0,10.25889837,68,17.7,-2.3922,11.72065069
2021,12,25,0,20,0,10.19794501,68,17.6,-2.2899,11.62522381
2021,12,25,0,30,0,10.04797523,67,17.6,-2.5046,11.40121245
2021,12,25,0,40,0,10.34791479,69,17.6,-2.6943,11.84635454
2021,12,25,0,50,0,10.34791479,69,17.6,-2.7707,11.84635454
2021,12,25,1,0,0,10.43546156,70,17.5,-2.9782,11.96892178
2021,12,25,1,10,0,10.13730552,68,17.5,-2.9195,11.52979522
2021,12,25,1,20,0,10.13730552,68,17.5,-2.81,11.52979522
2021,12,25,1,30,0,10.37336026,70,17.4,-3.0072,11.87315901
2021,12,25,1,40,0,10.37336026,70,17.4,-2.7886,11.87315901
2021,12,25,1,50,0,10.52155112,71,17.4,-3.0847,12.08843354
2021,12,25,2,0,0,10.60619584,72,17.3,-3.2033,12.20496769
2021,12,25,2,10,0,10.60619584,72,17.3,-3.0445,12.20496769
2021,12,25,2,20,0,10.60619584,72,17.3,-2.8384,12.20496769
2021,12,25,2,30,0,10.60619584,72,17.3,-2.8721,12.20496769
2021,12,25,2,40,0,10.75350412,73,17.3,-3.0702,12.41484904
2021,12,25,2,50,0,10.83583826,74,17.2,-2.9276,12.52580857
2021,12,25,3,0,0,11.06231336,76,17.1,-2.2141,12.83622384
2021,12,25,3,10,0,11.21821765,78,16.9,-1.9558,13.03969014
2021,12,25,3,20,0,11.44455215,82,16.4,-2.2479,13.31928863
2021,12,25,3,30,0,11.72118397,85,16.2,-2.7709,13.67551717
2021,12,25,19,30,0,10.23947887,87,13.6,-2.994,11.47717171
2021,12,25,19,40,0,10.35717403,88,13.6,-2.9315,11.65004825
2021,12,25,19,50,0,10.29357798,88,13.5,-2.4855,11.5515755
2021,12,25,20,0,0,10.29357798,88,13.5,-5.3285,11.5515755
2021,12,25,20,10,0,10.11406763,87,13.4,-4.4646,11.28049523
2021,12,25,20,20,0,10.1766055,87,13.5,-5.2863,11.37883379
2021,12,25,20,30,0,10.12178371,86,13.6,-4.382,11.30253734
2021,12,25,20,40,0,10.23947887,87,13.6,-4.1325,11.47717171
2021,12,25,20,50,0,10.29357798,88,13.5,-3.4895,11.5515755
2021,12,25,21,0,0,10.23032128,88,13.4,-3.8737,11.45310216
2021,12,25,21,10,0,10.05186374,87,13.3,-3.1994,11.18215602
2021,12,25,21,20,0,10.10481985,88,13.2,-3.5328,11.25615369
2021,12,25,21,30,0,9.989992356,87,13.2,-2.7683,11.08381617
2021,12,25,21,40,0,10.09407426,89,13,-2.6807,11.22955837
2021,12,25,21,50,0,10.04257212,88,13.1,-3.9766,11.15767857
2021,12,25,22,0,0,9.814331841,86,13.1,-4.2124,10.81152134
2021,12,25,22,10,0,9.919075091,88,12.9,-3.7087,10.96072653
2021,12,25,22,20,0,9.85782282,88,12.8,-3.1106,10.86224963
2021,12,25,22,30,0,9.919075091,88,12.9,-4.0886,10.96072653
2021,12,25,22,40,0,9.806358328,87,12.9,-3.7495,10.78879274
2021,12,25,22,50,0,9.814331841,86,13.1,-3.8171,10.81152134
2021,12,25,23,0,0,9.867241129,87,13,-4.3002,10.88713453
2021,12,25,23,10,0,9.753824564,86,13,-3.332,10.71331604
2021,12,25,23,20,0,9.867241129,87,13,-3.4769,10.88713453
2021,12,25,23,30,0,9.980657693,88,13,-2.1608,11.05920285
2021,12,25,23,40,0,10.03179185,89,12.9,-2.7714,11.13094879
2021,12,25,23,50,0,9.969843534,89,12.8,-4.0562,11.03233866
2021,12,26,0,0,0,9.85782282,88,12.8,-3.1632,10.86224963
2021,12,26,0,10,0,9.806358328,87,12.9,-2.8677,10.78879274
2021,12,26,0,20,0,9.919075091,88,12.9,-3.7248,10.96072653
2021,12,26,0,30,0,9.806358328,87,12.9,-3.369,10.78879274
2021,12,26,0,40,0,9.85782282,88,12.8,-3.0416,10.86224963
2021,12,26,0,50,0,9.908227799,89,12.7,-3.0032,10.93372798
2021,12,26,1,0,0,9.85782282,88,12.8,-2.4445,10.86224963
2021,12,26,1,10,0,9.969843534,89,12.8,-2.9649,11.03233866
2021,12,26,1,20,0,9.969843534,89,12.8,-2.6911,11.03233866
2021,12,26,1,30,0,9.969843534,89,12.8,-2.6679,11.03233866
2021,12,26,1,40,0,9.745802106,87,12.8,-2.1521,10.6904503
2021,12,26,1,50,0,9.745802106,87,12.8,-3.6379,10.6904503
2021,12,26,2,0,0,9.806358328,87,12.9,-3.3358,10.78879274
2021,12,26,2,10,0,9.796899396,88,12.7,-3.7913,10.76377213
2021,12,26,2,20,0,9.745802106,87,12.8,-4.6255,10.6904503
2021,12,26,2,30,0,9.633781392,86,12.8,-4.0085,10.51690337
2021,12,26,2,40,0,9.693641566,86,12.9,-4.7815,10.61511005
2021,12,26,2,50,0,9.574242592,86,12.7,-6.0439,10.41869598
2021,12,26,3,0,0,9.693641566,86,12.9,-7.9678,10.61511005
2021,12,26,3,10,0,9.640407999,85,13,-4.2249,10.53770876
2021,12,26,3,20,0,9.640407999,85,13,-3.4239,10.53770876
2021,12,26,3,30,0,9.806358328,87,12.9,-3.2056,10.78879274
2021,12,26,19,30,0,9.013483739,83,12.3,-3.8044,9.49641394
2021,12,26,19,40,0,9.013483739,83,12.3,-3.4332,9.49641394
2021,12,26,19,50,0,9.069718848,83,12.4,-2.9831,9.594209746
2021,12,26,20,0,0,9.016303649,82,12.5,-3.084,9.511491051
2021,12,26,20,10,0,8.906348726,81,12.5,-3.1313,9.329027323
2021,12,26,20,20,0,8.961824667,81,12.6,-2.9358,9.426538064
2021,12,26,20,30,0,8.961824667,81,12.6,-3.1677,9.426538064
2021,12,26,20,40,0,8.961824667,81,12.6,-3.3611,9.426538064
2021,12,26,20,50,0,9.017600581,81,12.7,-3.4954,9.52404784
2021,12,26,21,0,0,9.072464478,82,12.6,-3.3562,9.609144178
2021,12,26,21,10,0,9.072464478,82,12.6,-4.3018,9.609144178
2021,12,26,21,20,0,9.072464478,82,12.6,-3.6144,9.609144178
2021,12,26,21,30,0,9.183104289,83,12.6,-3.3326,9.789798788
2021,12,26,21,40,0,9.126258571,83,12.5,-4.191,9.692004695
2021,12,26,21,50,0,9.072464478,82,12.6,-3.8085,9.609144178
2021,12,26,22,0,0,9.072464478,82,12.6,-3.7144,9.609144178
2021,12,26,22,10,0,9.016303649,82,12.5,-3.2621,9.511491051
2021,12,26,22,20,0,9.126258571,83,12.5,-3.4402,9.692004695
2021,12,26,22,30,0,9.178992569,84,12.4,-3.4728,9.77267793
2021,12,26,22,40,0,9.013483739,83,12.3,-3.3187,9.49641394
2021,12,26,22,50,0,9.173396492,85,12.2,-4.014,9.75313664
2021,12,26,23,0,0,9.06547418,84,12.2,-3.4832,9.576806573
2021,12,26,23,10,0,9.116426009,85,12.1,-3.3764,9.655061749
2021,12,26,23,20,0,8.901921868,83,12.1,-3.5358,9.30081976
2021,12,26,23,30,0,8.849629557,82,12.2,-3.5072,9.21852621
2021,12,26,23,40,0,8.901921868,83,12.1,-3.3545,9.30081976
2021,12,26,23,50,0,8.897484451,84,11.9,-3.294,9.282993514
2021,12,27,0,0,0,8.947355462,85,11.8,-3.0576,9.360832574
2021,12,27,0,10,0,8.996214768,86,11.7,-3.4679,9.436583749
2021,12,27,0,20,0,8.996214768,86,11.7,-3.2252,9.436583749
2021,12,27,0,30,0,8.996214768,86,11.7,-3.085,9.436583749
2021,12,27,0,40,0,8.987629332,87,11.5,-2.3337,9.41193991
2021,12,27,0,50,0,9.090935416,88,11.5,-2.2645,9.581995809
2021,12,27,1,0,0,8.987629332,87,11.5,-2.2893,9.41193991
2021,12,27,1,10,0,8.931493498,87,11.4,-3.277,9.313588437
2021,12,27,1,20,0,8.828832654,86,11.4,-3.6562,9.141936474
2021,12,27,1,30,0,8.828832654,86,11.4,-3.5847,9.141936474
2021,12,27,1,40,0,8.931493498,87,11.4,-3.2157,9.313588437
2021,12,27,1,50,0,8.875662774,87,11.3,-2.9958,9.215236319
2021,12,27,2,0,0,8.931493498,87,11.4,-3.1581,9.313588437
2021,12,27,2,10,0,8.726171809,85,11.4,-3.2181,8.968516503
2021,12,27,2,20,0,8.726171809,85,11.4,-3.2615,8.968516503
2021,12,27,2,30,0,8.726171809,85,11.4,-3.5509,8.968516503
2021,12,27,2,40,0,8.677711079,84,11.5,-3.3128,8.891231523
2021,12,27,2,50,0,8.628252284,83,11.6,-3.0693,8.811819318
2021,12,27,3,0,0,8.628252284,83,11.6,-3.1853,8.811819318
2021,12,27,3,10,0,8.524297437,82,11.6,-2.8765,8.63257195
2021,12,27,3,20,0,8.628252284,83,11.6,-2.591,8.811819318
2021,12,27,3,30,0,8.628252284,83,11.6,-2.8556,8.811819318
2021,12,27,22,10,0,9.814331841,86,13.1,-6.7993,10.81152134
2021,12,27,22,20,0,9.814331841,86,13.1,-18.9184,10.81152134
2021,12,27,22,30,0,9.76033736,85,13.2,-18.6968,10.73384429
2021,12,27,22,40,0,9.820786416,85,13.3,-17.7332,10.83191093
2021,12,27,22,50,0,9.820786416,85,13.3,-22.9103,10.83191093
2021,12,27,23,0,0,9.76033736,85,13.2,-15.8448,10.73384429
2021,12,27,23,10,0,9.820786416,85,13.3,-15.1447,10.83191093
2021,12,27,23,20,0,9.881560326,85,13.4,-2.1355,10.92997682
2021,12,27,23,30,0,9.997813977,86,13.4,-8.724,11.10613303
2021,12,27,23,40,0,10.05186374,87,13.3,-4.3464,11.18215602
2021,12,27,23,50,0,10.05186374,87,13.3,-7.9316,11.18215602
2021,12,28,0,0,0,9.997813977,86,13.4,-3.7609,11.10613303
2021,12,28,0,10,0,9.997813977,86,13.4,-2.8101,11.10613303
2021,12,28,0,20,0,10.05963303,86,13.5,-4.0415,11.20433553
2021,12,28,0,30,0,10.11406763,87,13.4,-12.3843,11.28049523
2021,12,28,0,40,0,10.05186374,87,13.3,-2.3625,11.18215602
2021,12,28,0,50,0,10.1766055,87,13.5,-2.1602,11.37883379
2021,12,28,1,0,0,10.12178371,86,13.6,-2.3043,11.30253734
2021,12,28,1,10,0,10.12178371,86,13.6,-2.6193,11.30253734
2021,12,28,1,20,0,10.12178371,86,13.6,-2.9033,11.30253734
2021,12,28,1,30,0,10.12178371,86,13.6,-3.9896,11.30253734
2021,12,28,1,40,0,10.18426751,86,13.7,-5.2402,11.40073844
2021,12,28,1,50,0,10.18426751,86,13.7,-4.1336,11.40073844
2021,12,28,2,0,0,10.18426751,86,13.7,-4.8334,11.40073844
2021,12,28,2,10,0,10.18426751,86,13.7,-3.0894,11.40073844
2021,12,28,2,20,0,10.18426751,86,13.7,-2.9846,11.40073844
2021,12,28,2,30,0,10.18426751,86,13.7,-2.7349,11.40073844
2021,12,28,2,40,0,10.18426751,86,13.7,-2.3266,11.40073844
2021,12,28,2,50,0,10.18426751,86,13.7,-2.9313,11.40073844
2021,12,28,3,0,0,10.12178371,86,13.6,-2.2663,11.30253734
2021,12,28,3,10,0,10.18426751,86,13.7,-2.1811,11.40073844
2021,12,28,3,20,0,10.18426751,86,13.7,-2.7802,11.40073844
2021,12,28,3,30,0,10.18426751,86,13.7,-4.2866,11.40073844
2021,12,28,19,30,0,12.56109382,90,16.4,-3.1438,14.7551607
2021,12,28,19,40,0,12.56109382,90,16.4,-3.5029,14.7551607
2021,12,28,19,50,0,12.63689881,90,16.5,-3.3016,14.85388514
2021,12,28,20,0,0,12.63689881,90,16.5,-3.1643,14.85388514
2021,12,28,20,10,0,12.56109382,90,16.4,-2.859,14.7551607
2021,12,28,20,20,0,12.7773088,91,16.5,-4.4902,15.02553422
2021,12,28,20,30,0,12.63689881,90,16.5,-5.3938,14.85388514
2021,12,28,20,40,0,12.63689881,90,16.5,-10.5752,14.85388514
2021,12,28,20,50,0,12.63689881,90,16.5,-7.8383,14.85388514
2021,12,28,21,0,0,12.63689881,90,16.5,-6.3556,14.85388514
2021,12,28,21,10,0,12.56109382,90,16.4,-8.2828,14.7551607
2021,12,28,21,20,0,12.56109382,90,16.4,-5.2384,14.7551607
2021,12,28,21,30,0,12.63689881,90,16.5,-6.1481,14.85388514
2021,12,28,21,40,0,12.63689881,90,16.5,-12.6748,14.85388514
2021,12,28,21,50,0,12.56109382,90,16.4,-18.6022,14.7551607
2021,12,28,22,0,0,12.41066538,90,16.2,-18.5531,14.55771034
2021,12,28,22,10,0,12.54856166,91,16.2,-18.863,14.72896168
2021,12,28,22,20,0,12.47310558,91,16.1,-22.7339,14.63010329
2021,12,28,22,30,0,12.17520035,91,15.7,-20.4912,14.23466531
2021,12,28,22,40,0,12.16075747,92,15.5,-19.981,14.20563158
2021,12,28,22,50,0,12.21860447,93,15.4,-21.3371,14.27359352
2021,12,28,23,0,0,12.14465946,93,15.3,-19.4272,14.17447099
2021,12,28,23,10,0,12.07110286,93,15.2,-12.3871,14.07534811
2021,12,28,23,20,0,12.20089967,94,15.2,-4.4454,14.2404751
2021,12,28,23,30,0,12.42512176,94,15.5,-16.9169,14.53822847
2021,12,28,23,40,0,12.42512176,94,15.5,-9.9456,14.53822847
2021,12,28,23,50,0,12.50065227,94,15.6,-13.2204,14.63747901
2021,12,29,0,0,0,12.20089967,94,15.2,-13.2941,14.2404751
2021,12,29,0,10,0,12.05337553,94,15,-9.0407,14.04197139
2021,12,29,0,20,0,12.12694302,94,15.1,-8.7828,14.14122339
2021,12,29,0,30,0,12.34998731,94,15.4,-3.6613,14.43897764
2021,12,29,0,40,0,12.57658059,94,15.7,-3.7455,14.73672927
2021,12,29,0,50,0,12.57658059,94,15.7,-1.9351,14.73672927
2021,12,29,1,0,0,12.72963761,94,15.9,-2.011,14.9352289
2021,12,29,1,10,0,12.72963761,94,15.9,-2.026,14.9352289
2021,12,29,1,20,0,12.74723977,93,16.1,-1.7031,14.96744172
2021,12,29,1,30,0,12.67052759,93,16,-1.8992,14.86832157
2021,12,29,1,40,0,12.74723977,93,16.1,-2.1996,14.96744172
2021,12,29,1,50,0,12.74723977,93,16.1,-2.6068,14.96744172
2021,12,29,2,0,0,12.82435422,93,16.2,-3.0276,15.06656153
2021,12,29,2,10,0,12.82435422,93,16.2,-2.47,15.06656153
2021,12,29,2,20,0,12.82435422,93,16.2,-2.6473,15.06656153
2021,12,29,2,30,0,12.76314288,92,16.3,-3.2145,14.99755685
2021,12,29,2,40,0,12.68645794,92,16.2,-2.9155,14.89856755
2021,12,29,2,50,0,12.54856166,91,16.2,-3.0001,14.72896168
2021,12,29,3,0,0,12.62441306,91,16.3,-2.8504,14.82781964
2021,12,29,3,10,0,12.48568325,90,16.3,-2.9031,14.65643576
2021,12,29,3,20,0,12.48568325,90,16.3,-4.4705,14.65643576
2021,12,29,3,30,0,12.34695344,89,16.3,-2.721,14.48337053
2021,12,29,19,30,0,11.79443889,84,16.5,-6.2794,13.78733287
2021,12,29,19,40,0,11.6540289,83,16.5,-5.8015,13.60310046
2021,12,29,19,50,0,11.6540289,83,16.5,-5.1457,13.60310046
2021,12,29,20,0,0,11.6540289,83,16.5,-5.9519,13.60310046
2021,12,29,20,10,0,11.58304659,82,16.6,-4.9066,13.51452299
2021,12,29,20,20,0,11.58304659,82,16.6,-4.3759,13.51452299
2021,12,29,20,30,0,11.79494453,83,16.7,-4.9734,13.79861929
2021,12,29,20,40,0,11.58304659,82,16.6,-5.142,13.51452299
2021,12,29,20,50,0,11.58304659,82,16.6,-5.2052,13.51452299
2021,12,29,21,0,0,11.58304659,82,16.6,-6.0044,13.51452299
2021,12,29,21,10,0,11.58304659,82,16.6,-5.8257,13.51452299
2021,12,29,21,20,0,11.58304659,82,16.6,-5.7813,13.51452299
2021,12,29,21,30,0,11.58304659,82,16.6,-6.1301,13.51452299
2021,12,29,21,40,0,11.58304659,82,16.6,-8.1654,13.51452299
2021,12,29,21,50,0,11.58304659,82,16.6,-7.307,13.51452299
2021,12,29,22,0,0,11.58304659,82,16.6,-11.341,13.51452299
2021,12,29,22,10,0,11.44178993,81,16.6,-13.2271,13.32617705
2021,12,29,22,20,0,11.44178993,81,16.6,-5.8531,13.32617705
2021,12,29,22,30,0,11.44178993,81,16.6,-4.2892,13.32617705
2021,12,29,22,40,0,11.65330437,84,16.3,-4.2414,13.59152735
2021,12,29,22,50,0,11.78777011,86,16.1,-3.2187,13.75735574
2021,12,29,23,0,0,12.12555867,89,16,-3.1057,14.18759382
2021,12,29,23,10,0,12.11448681,90,15.8,-3.4091,14.16280371
2021,12,29,23,20,0,11.83572396,89,15.6,-3.5963,13.7932173
2021,12,29,23,30,0,11.76421103,89,15.5,-3.8165,13.69462181
2021,12,29,23,40,0,11.63202888,88,15.5,-4.034,13.52091771
2021,12,29,23,50,0,11.63202888,88,15.5,-3.8846,13.52091771
2021,12,30,0,0,0,11.49984674,87,15.5,-4.0207,13.34546948
2021,12,30,0,10,0,11.43676697,86,15.6,-3.9923,13.26642694
2021,12,30,0,20,0,11.30378131,85,15.6,-4.1435,13.0872366
2021,12,30,0,30,0,11.23864648,84,15.7,-4.2137,13.00409155
2021,12,30,0,40,0,11.30685436,84,15.8,-4.1634,13.10199952
2021,12,30,0,50,0,11.17224895,83,15.8,-4.0663,12.91875759
2021,12,30,1,0,0,11.30685436,84,15.8,-3.8747,13.10199952
2021,12,30,1,10,0,11.10485307,83,15.7,-4.1161,12.8209909
2021,12,30,1,20,0,10.90482432,82,15.6,-4.2075,12.53831478
2021,12,30,1,30,0,10.77183866,81,15.6,-4.0589,12.35141191
2021,12,30,1,40,0,10.77183866,81,15.6,-4.1549,12.35141191
2021,12,30,1,50,0,10.638853,80,15.6,-4.1613,12.16246803
2021,12,30,2,0,0,10.57457171,80,15.5,-3.922,12.06513169
2021,12,30,2,10,0,10.5106275,80,15.4,-3.915,11.96779433
2021,12,30,2,20,0,10.5135412,81,15.2,-3.7184,11.96147887
2021,12,30,2,30,0,10.70783267,83,15.1,-3.8411,12.23437278
2021,12,30,2,40,0,10.70570661,84,14.9,-3.9933,12.22079885
2021,12,30,2,50,0,10.51398191,83,14.8,-3.7861,11.94105216
2021,12,30,3,0,0,10.38641934,81,15,-4.0672,11.76650656
2021,12,30,3,10,0,10.12996454,79,15,-3.7368,11.38828237
2021,12,30,3,20,0,10.06278251,78,15.1,-3.7506,11.29304606
2021,12,30,3,30,0,9.933772475,77,15.1,-3.893,11.09843107
2021,12,30,19,30,0,8.202486205,68,14,-16.0767,8.188717695
2021,12,30,19,40,0,8.252957416,68,14.1,-18.0562,8.284206121
2021,12,30,19,50,0,8.252957416,68,14.1,-19.5528,8.284206121
2021,12,30,20,0,0,8.30369796,68,14.2,-18.0045,8.379692837
2021,12,30,20,10,0,8.30369796,68,14.2,-19.9549,8.379692837
2021,12,30,20,20,0,8.252957416,68,14.1,-15.9579,8.284206121
2021,12,30,20,30,0,8.30369796,68,14.2,-16.952,8.379692837
2021,12,30,20,40,0,8.181584754,67,14.2,-19.5684,8.161404022
2021,12,30,20,50,0,8.231845668,67,14.3,-24.5384,8.256721724
2021,12,30,21,0,0,8.1089823,66,14.3,-22.148,8.03537177
2021,12,30,21,10,0,8.1089823,66,14.3,-23.3492,8.03537177
2021,12,30,21,20,0,8.1089823,66,14.3,-24.3174,8.03537177
2021,12,30,21,30,0,8.035139268,65,14.4,-24.5809,7.906019503
2021,12,30,21,40,0,8.1089823,66,14.3,-25.2967,8.03537177
2021,12,30,21,50,0,8.059471549,66,14.2,-27.557,7.940223439
2021,12,30,22,0,0,8.1089823,66,14.3,-27.7133,8.03537177
2021,12,30,22,10,0,8.059471549,66,14.2,-27.9967,7.940223439
2021,12,30,22,20,0,8.131590395,67,14.1,-26.2837,8.066084549
2021,12,30,22,30,0,8.059471549,66,14.2,-22.8266,7.940223439
2021,12,30,22,40,0,8.059471549,66,14.2,-20.6868,7.940223439
2021,12,30,22,50,0,8.059471549,66,14.2,-20.6158,7.940223439
2021,12,30,23,0,0,8.1089823,66,14.3,-14.9927,8.03537177
2021,12,30,23,10,0,8.158756796,66,14.4,-15.0987,8.130518269
2021,12,30,23,20,0,8.181584754,67,14.2,-12.446,8.161404022
2021,12,30,23,30,0,8.181584754,67,14.2,-19.9422,8.161404022
2021,12,30,23,40,0,8.30369796,68,14.2,-20.2236,8.379692837
2021,12,30,23,50,0,8.181584754,67,14.2,-22.9385,8.161404022
2021,12,31,0,0,0,8.30369796,68,14.2,-23.2635,8.379692837
2021,12,31,0,10,0,8.30369796,68,14.2,-21.859,8.379692837
2021,12,31,0,20,0,8.323111002,69,14,-22.9187,8.403864179
2021,12,31,0,30,0,8.392056164,70,13.9,-25.6728,8.520460759
2021,12,31,0,40,0,8.443735799,70,14,-23.2554,8.616279161
2021,12,31,0,50,0,8.392056164,70,13.9,-20.0902,8.520460759
2021,12,31,1,0,0,8.392056164,70,13.9,-19.9632,8.520460759
2021,12,31,1,10,0,8.443735799,70,14,-21.1879,8.616279161
2021,12,31,1,20,0,8.495691457,70,14.1,-23.2943,8.712095973
2021,12,31,1,30,0,8.443735799,70,14,-22.7858,8.616279161
2021,12,31,1,40,0,8.495691457,70,14.1,-21.4865,8.712095973
2021,12,31,1,50,0,8.425811165,69,14.2,-20.2457,8.595169724
2021,12,31,2,0,0,8.54792437,70,14.2,-20.9434,8.807911195
2021,12,31,2,10,0,8.374324437,69,14.1,-22.877,8.499517776
2021,12,31,2,20,0,8.374324437,69,14.1,-25.9459,8.499517776
2021,12,31,2,30,0,8.323111002,69,14,-26.0899,8.403864179
2021,12,31,2,40,0,8.374324437,69,14.1,-24.094,8.499517776
2021,12,31,2,50,0,8.374324437,69,14.1,-27.6158,8.499517776
2021,12,31,3,0,0,8.425811165,69,14.2,-26.0128,8.595169724
2021,12,31,3,10,0,8.425811165,69,14.2,-23.6604,8.595169724
2021,12,31,3,20,0,8.425811165,69,14.2,-18.5097,8.595169724
2021,12,31,3,30,0,8.259101714,66,14.6,-16.435,8.320805767
2021,12,31,19,30,0,9.328177509,75,14.5,-25.1518,10.12285868
2021,12,31,19,40,0,9.394932068,76,14.4,-22.8685,10.22433504
2021,12,31,19,50,0,9.394932068,76,14.4,-22.2121,10.22433504
2021,12,31,20,0,0,9.518549595,77,14.4,-22.5515,10.42012921
2021,12,31,20,10,0,9.70130461,78,14.5,-25.2525,10.71075008
2021,12,31,20,20,0,9.642167122,78,14.4,-19.857,10.6136968
2021,12,31,20,30,0,9.70130461,78,14.5,-16.7889,10.71075008
2021,12,31,20,40,0,9.95005601,80,14.5,-9.5359,11.09171226
2021,12,31,20,50,0,10.01103238,80,14.6,-7.386,11.18905878
2021,12,31,21,0,0,10.01103238,80,14.6,-6.8017,11.18905878
2021,12,31,21,10,0,10.13617029,81,14.6,-6.1021,11.37655038
2021,12,31,21,20,0,10.13617029,81,14.6,-6.166,11.37655038
2021,12,31,21,30,0,10.07233272,80,14.7,-6.7843,11.28640429
2021,12,31,21,40,0,10.13395847,80,14.8,-6.5946,11.38374878
2021,12,31,21,50,0,10.13395847,80,14.8,-6.7708,11.38374878
2021,12,31,22,0,0,10.13395847,80,14.8,-6.9762,11.38374878
2021,12,31,22,10,0,10.13395847,80,14.8,-6.9833,11.38374878
2021,12,31,22,20,0,10.19591106,80,14.9,-7.1727,11.48109225
2021,12,31,22,30,0,10.19591106,80,14.9,-6.6255,11.48109225
2021,12,31,22,40,0,10.13395847,80,14.8,-5.6439,11.38374878
2021,12,31,22,50,0,10.32335995,81,14.9,-6.9584,11.66901896
2021,12,31,23,0,0,10.38730743,82,14.8,-5.6781,11.7572827
2021,12,31,23,10,0,10.26063295,81,14.8,-6.1272,11.5715304
2021,12,31,23,20,0,10.38730743,82,14.8,-4.8245,11.7572827
2021,12,31,23,30,0,10.4500452,83,14.7,-5.7292,11.8432769
2021,12,31,23,40,0,10.4500452,83,14.7,-5.0192,11.8432769
2021,12,31,23,50,0,10.4500452,83,14.7,-5.6722,11.8432769
2022,1,4,0,0,0,11.71441974,80,17.2,-27.9058,13.71971098
2022,1,4,0,10,0,11.71441974,80,17.2,-26.4288,13.71971098
2022,1,4,0,20,0,11.79009713,81,17.1,-27.8676,13.81352348
2022,1,4,0,30,0,11.78466205,80,17.3,-28.1852,13.81703001
2022,1,4,0,40,0,11.79009713,81,17.1,-26.2164,13.81352348
2022,1,4,0,50,0,11.86084999,81,17.2,-28.5418,13.91098987
2022,1,4,1,0,0,12.00728023,82,17.2,-26.9975,14.10020425
2022,1,4,1,10,0,11.93565389,82,17.1,-27.3957,14.00259298
2022,1,4,1,20,0,11.93565389,82,17.1,-27.4989,14.00259298
2022,1,4,1,30,0,11.79009713,81,17.1,-29.005,13.81352348
2022,1,4,1,40,0,11.79009713,81,17.1,-27.8518,13.81352348
2022,1,4,1,50,0,11.71971018,81,17,-28.5809,13.71605612
2022,1,4,2,0,0,11.71971018,81,17,-26.4792,13.71605612
2022,1,4,2,10,0,11.79351086,82,16.9,-27.9219,13.80736771
2022,1,4,2,20,0,11.79351086,82,16.9,-20.7144,13.80736771
2022,1,4,2,30,0,11.79351086,82,16.9,-25.1215,13.80736771
2022,1,4,2,40,0,11.86595429,83,16.8,-28.1872,13.89637742
2022,1,4,2,50,0,11.79351086,82,16.9,-26.5273,13.80736771
2022,1,4,3,0,0,11.79351086,82,16.9,-22.0208,13.80736771
2022,1,4,3,10,0,11.86595429,83,16.8,-24.4897,13.89637742
2022,1,4,3,20,0,11.86595429,83,16.8,-13.118,13.89637742
2022,1,4,3,30,0,12.0089176,84,16.8,-9.6693,14.08103511
2022,1,4,19,30,0,12.59667436,83,17.8,-25.8787,14.87391164
2022,1,4,19,40,0,12.4449072,82,17.8,-25.3787,14.68585277
2022,1,4,19,50,0,12.52189066,83,17.7,-21.6972,14.77616207
2022,1,4,20,0,0,12.67275681,84,17.7,-20.2285,14.96209851
2022,1,4,20,10,0,12.67275681,84,17.7,-15.0332,14.96209851
2022,1,4,20,20,0,12.67275681,84,17.7,-26.0896,14.96209851
2022,1,4,20,30,0,12.67163189,85,17.5,-24.7284,14.95003248
2022,1,4,20,40,0,12.74743126,85,17.6,-23.7575,15.04806687
2022,1,4,20,50,0,12.59746148,84,17.6,-23.6156,14.86420579
2022,1,4,21,0,0,12.59746148,84,17.6,-18.542,14.86420579
2022,1,4,21,10,0,12.67275681,84,17.7,-16.4006,14.96209851
2022,1,4,21,20,0,12.67184447,83,17.9,-6.4407,14.97166035
2022,1,4,21,30,0,12.74740264,83,18,-19.3048,15.06940821
2022,1,4,21,40,0,12.74740264,83,18,-22.5756,15.06940821
2022,1,4,21,50,0,12.74740264,83,18,-26.8733,15.06940821
2022,1,4,22,0,0,12.82335055,83,18.1,-11.7903,15.16715522
2022,1,4,22,10,0,12.74740264,83,18,-17.8494,15.06940821
2022,1,4,22,20,0,12.97784874,84,18.1,-17.4579,15.35366138
2022,1,4,22,30,0,12.97784874,84,18.1,-8.8568,15.35366138
2022,1,4,22,40,0,13.05456897,85,18,-2.5191,15.44019693
2022,1,4,22,50,0,13.05456897,85,18,-2.7288,15.44019693
2022,1,4,23,0,0,12.97719012,85,17.9,-3.052,15.34216554
2022,1,4,23,10,0,13.05197584,86,17.8,-2.3349,15.42638327
2022,1,4,23,20,0,13.12535527,87,17.7,-2.4369,15.50847058
2022,1,4,23,30,0,13.20374301,87,17.8,-2.4091,15.60678139
2022,1,4,23,40,0,13.12535527,87,17.7,-2.614,15.50847058
2022,1,4,23,50,0,13.28253577,87,17.9,-1.6432,15.70509155
2022,1,5,0,0,0,13.20374301,87,17.8,-1.5347,15.60678139
2022,1,5,0,10,0,13.12535527,87,17.7,-1.577,15.50847058
2022,1,5,0,20,0,13.1973406,88,17.6,-1.4158,15.58847146
2022,1,5,0,30,0,13.1973406,88,17.6,-1.5457,15.58847146
2022,1,5,0,40,0,13.27622142,88,17.7,-1.5385,15.68691987
2022,1,5,0,50,0,13.42708757,89,17.7,-1.566,15.86359728
2022,1,5,1,0,0,13.35551017,88,17.8,-1.3599,15.78536769
2022,1,5,1,10,0,13.66890163,89,18,-1.5699,16.15934633
2022,1,5,1,20,0,13.6767796,88,18.2,-1.703,16.17915303
2022,1,5,1,30,0,13.6767796,88,18.2,-1.7684,16.17915303
2022,1,5,1,40,0,13.66890163,89,18,-1.9563,16.15934633
2022,1,5,1,50,0,13.50727733,89,17.8,-1.4395,15.96218084
2022,1,5,2,0,0,13.42708757,89,17.7,-1.3971,15.86359728
2022,1,5,2,10,0,13.42708757,89,17.7,-1.468,15.86359728
2022,1,5,2,20,0,13.57795373,90,17.7,-1.4745,16.03854016
2022,1,5,2,30,0,13.49728016,90,17.6,-1.5142,15.93982161
2022,1,5,2,40,0,13.57795373,90,17.7,-1.7119,16.03854016
2022,1,5,2,50,0,13.72881988,91,17.7,-1.6865,16.21178471
2022,1,5,3,0,0,13.64724994,91,17.6,-1.684,16.11293293
2022,1,5,3,10,0,13.72881988,91,17.7,-1.7734,16.21178471
2022,1,5,3,20,0,13.72881988,91,17.7,-1.9642,16.21178471
2022,1,5,3,30,0,13.87968603,92,17.7,-2.0343,16.38336595
2022,1,5,19,30,0,13.2891071,85,18.3,-10.0558,15.7342866
2022,1,5,19,40,0,13.21052575,85,18.2,-17.2444,15.63625746
2022,1,5,19,50,0,13.13276467,84,18.3,-16.0713,15.54943799
2022,1,5,20,0,0,13.21052575,85,18.2,-12.552,15.63625746
2022,1,5,20,10,0,13.13276467,84,18.3,-7.9036,15.54943799
2022,1,5,20,20,0,13.21082105,84,18.4,-5.5301,15.6473251
2022,1,5,20,30,0,13.05354937,83,18.4,-5.5821,15.46039109
2022,1,5,20,40,0,13.04985018,82,18.6,-5.021,15.46666652
2022,1,5,20,50,0,12.79720597,79,18.9,-4.1426,15.17808171
2022,1,5,21,0,0,12.69570583,77,19.2,-4.0171,15.07017626
2022,1,5,21,10,0,12.88292953,80,18.8,-3.2504,15.27669326
2022,1,5,21,20,0,12.53082654,76,19.2,-3.2677,14.86706754
2022,1,5,21,30,0,12.70995632,78,19,-2.6975,15.07697939
2022,1,5,21,40,0,12.63521602,78,18.9,-2.4423,14.9799769
2022,1,5,21,50,0,12.5608563,78,18.8,-2.3105,14.88297328
2022,1,5,22,0,0,12.80705183,80,18.7,-2.6187,15.1793895
2022,1,5,22,10,0,13.04985018,82,18.6,-3.2103,15.46666652
2022,1,5,22,20,0,13.3659437,86,18.2,-1.8136,15.81906635
2022,1,5,22,30,0,13.51531846,88,18,-2.7428,15.98226155
2022,1,5,22,40,0,13.82248479,90,18,-2.1507,16.33469287
2022,1,5,22,50,0,13.89322707,91,17.9,-1.9449,16.40948696
2022,1,5,23,0,0,13.96257881,92,17.8,-1.6837,16.48234939
2022,1,5,23,10,0,13.96257881,92,17.8,-2.1126,16.48234939
2022,1,5,23,20,0,14.11434597,93,17.8,-2.1161,16.6524322
2022,1,5,23,30,0,14.11434597,93,17.8,-2.0772,16.6524322
2022,1,5,23,40,0,14.03055218,93,17.7,-2.1538,16.55331784
2022,1,5,23,50,0,14.03055218,93,17.7,-2.1761,16.55331784
2022,1,6,0,0,0,14.03055218,93,17.7,-2.0407,16.55331784
2022,1,6,0,10,0,14.03055218,93,17.7,-1.8012,16.55331784
2022,1,6,0,20,0,14.03055218,93,17.7,-1.3085,16.55331784
2022,1,6,0,30,0,13.9471895,93,17.6,-1.142,16.45420313
2022,1,6,0,40,0,13.9471895,93,17.6,-1.0959,16.45420313
2022,1,6,0,50,0,13.9471895,93,17.6,-1.0203,16.45420313
2022,1,6,1,0,0,14.01333409,94,17.5,-1.0245,16.52318409
2022,1,6,1,10,0,13.92994092,94,17.4,-0.9909,16.42393907
2022,1,6,1,20,0,13.92994092,94,17.4,-1.1736,16.42393907
2022,1,6,1,30,0,13.69966963,93,17.3,-1.5788,16.15685698
2022,1,6,1,40,0,13.61801295,93,17.2,-2.0366,16.05774091
2022,1,6,1,50,0,13.69966963,93,17.3,-1.6226,16.15685698
2022,1,6,2,0,0,13.4715827,92,17.2,-1.5147,15.88844291
2022,1,6,2,10,0,13.40505308,91,17.3,-1.2187,15.81637493
2022,1,6,2,20,0,13.40505308,91,17.3,-2.3389,15.81637493
2022,1,6,2,30,0,13.55236135,92,17.3,-3.0994,15.9874283
2022,1,6,2,40,0,13.24566468,91,17.1,-2.5188,15.6186674
2022,1,6,2,50,0,13.24566468,91,17.1,-3.1254,15.6186674
2022,1,6,3,0,0,13.10010793,90,17.1,-3.1209,15.4462215
2022,1,6,3,10,0,12.95455117,89,17.1,-3.2954,15.27208454
2022,1,6,3,20,0,13.03229196,89,17.2,-2.8408,15.37067135
2022,1,6,3,30,0,12.95455117,89,17.1,-1.7642,15.27208454
2022,1,6,19,30,0,11.16576592,92,14.1,-3.8587,12.81970225
2022,1,6,19,40,0,11.23441489,92,14.2,-3.179,12.91869974
2022,1,6,19,50,0,11.16576592,92,14.1,-3.1437,12.81970225
2022,1,6,20,0,0,11.04439889,91,14.1,-2.7728,12.6528429
2022,1,6,20,10,0,11.11230168,91,14.2,-2.3169,12.7517101
2022,1,6,20,20,0,11.04439889,91,14.1,-3.2935,12.6528429
2022,1,6,20,30,0,10.97685654,91,14,-3.4651,12.55397525
2022,1,6,20,40,0,10.85623174,90,14,-3.3126,12.38562665
2022,1,6,20,50,0,10.85623174,90,14,-3.248,12.38562665
2022,1,6,21,0,0,10.97685654,91,14,-3.029,12.55397525
2022,1,6,21,10,0,10.97685654,91,14,-3.0872,12.55397525
2022,1,6,21,20,0,10.97685654,91,14,-3.2775,12.55397525
2022,1,6,21,30,0,10.97685654,91,14,-3.7123,12.55397525
2022,1,6,21,40,0,10.97685654,91,14,-4.1444,12.55397525
2022,1,6,21,50,0,10.97685654,91,14,-3.6254,12.55397525
2022,1,6,22,0,0,10.92303187,90,14.1,-4.0506,12.48436288
2022,1,6,22,10,0,11.04439889,91,14.1,-3.1063,12.6528429
2022,1,6,22,20,0,10.97685654,91,14,-3.5799,12.55397525
2022,1,6,22,30,0,10.97685654,91,14,-3.4458,12.55397525
2022,1,6,22,40,0,11.09748134,92,14,-3.2111,12.72070437
2022,1,6,22,50,0,11.02955953,92,13.9,-3.0808,12.6217061
2022,1,6,23,0,0,11.09748134,92,14,-2.9808,12.72070437
2022,1,6,23,10,0,11.02955953,92,13.9,-3.573,12.6217061
2022,1,6,23,20,0,11.02955953,92,13.9,-4.7053,12.6217061
2022,1,6,23,30,0,10.90967301,91,13.9,-9.2559,12.45510716
2022,1,6,23,40,0,10.90967301,91,13.9,-4.5666,12.45510716
2022,1,6,23,50,0,10.84284672,91,13.8,-3.9678,12.35623863
2022,1,7,0,0,0,10.84284672,91,13.8,-4.3662,12.35623863
2022,1,7,0,10,0,10.84284672,91,13.8,-4.646,12.35623863
2022,1,7,0,20,0,10.77637608,91,13.7,-4.1526,12.25736967
2022,1,7,0,30,0,10.65795437,90,13.7,-6.3179,12.08941499
2022,1,7,0,40,0,10.65795437,90,13.7,-5.1691,12.08941499
2022,1,7,0,50,0,10.72369456,90,13.8,-5.1598,12.1881527
2022,1,7,1,0,0,10.6045424,89,13.8,-4.9087,12.01841555
2022,1,7,1,10,0,10.55001346,88,13.9,-3.6174,11.94546294
2022,1,7,1,20,0,10.53953265,89,13.7,-3.825,11.9198103
2022,1,7,1,30,0,10.65795437,90,13.7,-3.6662,12.08941499
2022,1,7,1,40,0,10.59256434,90,13.6,-3.2139,11.99067679
2022,1,7,1,50,0,10.59256434,90,13.6,-3.0511,11.99067679
2022,1,7,2,0,0,10.72369456,90,13.8,-3.2988,12.1881527
2022,1,7,2,10,0,10.65795437,90,13.7,-3.0238,12.08941499
2022,1,7,2,20,0,10.7102595,91,13.6,-3.1379,12.15850026
2022,1,7,2,30,0,10.64449541,91,13.5,-3.0854,12.05963041
2022,1,7,2,40,0,10.64449541,91,13.5,-3.3511,12.05963041
2022,1,7,2,50,0,10.64449541,91,13.5,-3.5504,12.05963041
2022,1,7,3,0,0,10.59256434,90,13.6,-3.4082,11.99067679
2022,1,7,3,10,0,10.47486919,89,13.6,-3.4312,11.82120451
2022,1,7,3,20,0,10.53953265,89,13.7,-3.4493,11.9198103
2022,1,7,3,30,0,10.42111094,88,13.7,-3.437,11.74852041
2022,1,7,19,30,0,9.532904734,73,15.3,-20.1454,10.48958066
2022,1,7,19,40,0,9.475166764,73,15.2,-18.7668,10.39330241
2022,1,7,19,50,0,9.532904734,73,15.3,-20.2916,10.48958066
2022,1,7,20,0,0,9.532904734,73,15.3,-21.9666,10.48958066
2022,1,7,20,10,0,9.532904734,73,15.3,-22.22,10.48958066
2022,1,7,20,20,0,9.532904734,73,15.3,-18.3426,10.48958066
2022,1,7,20,30,0,9.532904734,73,15.3,-19.5733,10.48958066
2022,1,7,20,40,0,9.590947594,73,15.4,-17.0401,10.5858575
2022,1,7,20,50,0,9.590947594,73,15.4,-10.7934,10.5858575
2022,1,7,21,0,0,9.517114541,72,15.5,-7.229,10.47511379
2022,1,7,21,10,0,9.441982036,71,15.6,-7.6139,10.36150218
2022,1,7,21,20,0,9.441982036,71,15.6,-7.3578,10.36150218
2022,1,7,21,30,0,9.441982036,71,15.6,-6.6529,10.36150218
2022,1,7,21,40,0,9.308996373,70,15.6,-7.6219,10.14915737
2022,1,7,21,50,0,9.308996373,70,15.6,-12.1754,10.14915737
2022,1,7,22,0,0,9.441982036,71,15.6,-8.7829,10.36150218
2022,1,7,22,10,0,9.384932395,71,15.5,-7.5675,10.26554702
2022,1,7,22,20,0,9.517114541,72,15.5,-5.5953,10.47511379
2022,1,7,22,30,0,9.517114541,72,15.5,-9.3614,10.47511379
2022,1,7,22,40,0,9.459564751,72,15.4,-18.6799,10.37899682
2022,1,7,22,50,0,9.475166764,73,15.2,-18.9735,10.39330241
2022,1,7,23,0,0,9.546742378,74,15.1,-27.3583,10.50093336
2022,1,7,23,10,0,9.475166764,73,15.2,-28.959,10.39330241
2022,1,7,23,20,0,9.532904734,73,15.3,-22.0888,10.48958066
2022,1,7,23,30,0,9.475166764,73,15.2,-8.5151,10.39330241
2022,1,7,23,40,0,9.604963569,74,15.2,-4.721,10.59736954
2022,1,7,23,50,0,9.604963569,74,15.2,-4.9904,10.59736954
2022,1,8,0,0,0,9.546742378,74,15.1,-10.1977,10.50093336
2022,1,8,0,10,0,9.604963569,74,15.2,-9.7455,10.59736954
2022,1,8,0,20,0,9.604963569,74,15.2,-5.6416,10.59736954
2022,1,8,0,30,0,9.67575241,75,15.1,-5.6748,10.70243174
2022,1,8,0,40,0,9.67575241,75,15.1,-5.348,10.70243174
2022,1,8,0,50,0,9.873509745,77,15,-6.6804,11.00153436
2022,1,8,1,0,0,9.880609505,78,14.8,-10.0515,11.00190315
2022,1,8,1,10,0,9.813564394,77,14.9,-10.8234,10.90463646
2022,1,8,1,20,0,9.880609505,78,14.8,-12.5673,11.00190315
2022,1,8,1,30,0,9.880609505,78,14.8,-8.9675,11.00190315
2022,1,8,1,40,0,9.753935024,77,14.8,-9.8295,10.80773738
2022,1,8,1,50,0,9.686115506,76,14.9,-10.556,10.70808642
2022,1,8,2,0,0,9.813564394,77,14.9,-14.286,10.90463646
2022,1,8,2,10,0,9.753935024,77,14.8,-7.4332,10.80773738
2022,1,8,2,20,0,9.686115506,76,14.9,-6.4919,10.70808642
2022,1,8,2,30,0,9.745282346,76,15,-6.7928,10.80483297
2022,1,8,2,40,0,9.745282346,76,15,-7.2157,10.80483297
2022,1,8,2,50,0,9.617054947,75,15,-7.322,10.60583948
2022,1,8,3,0,0,9.558666618,75,14.9,-6.9069,10.50924592
2022,1,8,3,10,0,9.627260544,76,14.8,-6.1528,10.61133863
2022,1,8,3,20,0,9.885894476,79,14.6,-5.3951,10.99949269
2022,1,8,3,30,0,9.889402176,80,14.4,-6.6917,10.99436471
2022,1,8,19,30,0,9.745282346,76,15,-27.1018,10.80483297
2022,1,8,19,40,0,9.873509745,77,15,-28.1106,11.00153436
2022,1,8,19,50,0,9.873509745,77,15,-30.2211,11.00153436
2022,1,8,20,0,0,9.873509745,77,15,-29.2247,11.00153436
2022,1,8,20,10,0,10.06278251,78,15.1,-29.8883,11.29304606
2022,1,8,20,20,0,10.00173714,78,15,-30.166,11.19599955
2022,1,8,20,30,0,10.12996454,79,15,-30.421,11.38828237
2022,1,8,20,40,0,10.06846217,79,14.9,-30.0326,11.29108656
2022,1,8,20,50,0,10.06846217,79,14.9,-30.7786,11.29108656
2022,1,8,21,0,0,10.12996454,79,15,-30.142,11.38828237
2022,1,8,21,10,0,10.12996454,79,15,-29.4922,11.38828237
2022,1,8,21,20,0,10.12996454,79,15,-29.4227,11.38828237
2022,1,8,21,30,0,10.13395847,80,14.8,-29.5562,11.38374878
2022,1,8,21,40,0,10.07233272,80,14.7,-29.054,11.28640429
2022,1,8,21,50,0,10.07233272,80,14.7,-28.7014,11.28640429
2022,1,8,22,0,0,10.07233272,80,14.7,-27.991,11.28640429
2022,1,8,22,10,0,10.07233272,80,14.7,-29.1891,11.28640429
2022,1,8,22,20,0,10.13395847,80,14.8,-28.6346,11.38374878
2022,1,8,22,30,0,10.13395847,80,14.8,-28.2305,11.38374878
2022,1,8,22,40,0,10.13395847,80,14.8,-28.4502,11.38374878
2022,1,8,22,50,0,10.19591106,80,14.9,-26.7458,11.48109225
2022,1,8,23,0,0,10.19591106,80,14.9,-28.3388,11.48109225
2022,1,8,23,10,0,10.25819194,80,15,-25.7511,11.57843471
2022,1,8,23,20,0,10.32080257,80,15.1,-24.5915,11.67577614
2022,1,8,23,30,0,10.25394759,79,15.2,-25.7784,11.58267077
2022,1,8,23,40,0,10.25394759,79,15.2,-24.9977,11.58267077
2022,1,8,23,50,0,10.37924466,79,15.4,-25.1652,11.77705487
2022,1,9,0,0,0,10.37288167,78,15.6,-24.1823,11.77826165
2022,1,9,0,10,0,10.37288167,78,15.6,-11.9489,11.77826165
2022,1,9,0,20,0,10.43588602,78,15.7,-8.1852,11.87530139
2022,1,9,0,30,0,10.43588602,78,15.7,-9.955,11.87530139
2022,1,9,0,40,0,10.43588602,78,15.7,-10.9577,11.87530139
2022,1,9,0,50,0,10.43588602,78,15.7,-11.1156,11.87530139
2022,1,9,1,0,0,10.43588602,78,15.7,-12.8704,11.87530139
2022,1,9,1,10,0,10.37288167,78,15.6,-13.5223,11.77826165
2022,1,9,1,20,0,10.37288167,78,15.6,-7.1257,11.77826165
2022,1,9,1,30,0,10.37288167,78,15.6,-10.2867,11.77826165
2022,1,9,1,40,0,10.37288167,78,15.6,-10.4963,11.77826165
2022,1,9,1,50,0,10.30209261,77,15.7,-5.0655,11.67978645
2022,1,9,2,0,0,10.37288167,78,15.6,-3.8438,11.77826165
2022,1,9,2,10,0,10.31020742,78,15.5,-3.4786,11.68122079
2022,1,9,2,20,0,10.24786181,78,15.4,-3.7581,11.5841788
2022,1,9,2,30,0,10.31020742,78,15.5,-3.5781,11.68122079
2022,1,9,2,40,0,10.24786181,78,15.4,-5.2382,11.5841788
2022,1,9,2,50,0,10.24786181,78,15.4,-6.1115,11.5841788
2022,1,9,3,0,0,10.31020742,78,15.5,-4.5907,11.68122079
2022,1,9,3,10,0,10.24786181,78,15.4,-2.9306,11.5841788
2022,1,9,3,20,0,10.24786181,78,15.4,-2.9736,11.5841788
2022,1,9,3,30,0,10.31020742,78,15.5,-3.0289,11.68122079
2022,1,9,19,30,0,11.23950174,82,16.1,-2.3559,13.02643026
2022,1,9,19,40,0,11.23950174,82,16.1,-2.6721,13.02643026
2022,1,9,19,50,0,11.23950174,82,16.1,-2.5023,13.02643026
2022,1,9,20,0,0,11.16959884,81,16.2,-2.3514,12.93628256
2022,1,9,20,10,0,11.10243464,81,16.1,-2.228,12.83880653
2022,1,9,20,20,0,11.03170256,80,16.2,-2.7109,12.74646469
2022,1,9,20,30,0,11.03170256,80,16.2,-2.6138,12.74646469
2022,1,9,20,40,0,11.03170256,80,16.2,-2.5708,12.74646469
2022,1,9,20,50,0,11.03170256,80,16.2,-2.943,12.74646469
2022,1,9,21,0,0,11.16959884,81,16.2,-3.2606,12.93628256
2022,1,9,21,10,0,11.16959884,81,16.2,-3.2913,12.93628256
2022,1,9,21,20,0,11.16959884,81,16.2,-3.4858,12.93628256
2022,1,9,21,30,0,11.16959884,81,16.2,-3.829,12.93628256
2022,1,9,21,40,0,11.10243464,81,16.1,-3.8899,12.83880653
2022,1,9,21,50,0,11.16959884,81,16.2,-3.8131,12.93628256
2022,1,9,22,0,0,11.03170256,80,16.2,-3.7826,12.74646469
2022,1,9,22,10,0,11.03170256,80,16.2,-3.8049,12.74646469
2022,1,9,22,20,0,11.10243464,81,16.1,-3.7751,12.83880653
2022,1,9,22,30,0,11.10243464,81,16.1,-3.7917,12.83880653
2022,1,9,22,40,0,11.10243464,81,16.1,-3.9184,12.83880653
2022,1,9,22,50,0,11.10243464,81,16.1,-3.7759,12.83880653
2022,1,9,23,0,0,11.10243464,81,16.1,-3.5385,12.83880653
2022,1,9,23,10,0,10.96536755,80,16.1,-3.5196,12.64913446
2022,1,9,23,20,0,10.96536755,80,16.1,-3.4621,12.64913446
2022,1,9,23,30,0,11.10243464,81,16.1,-3.6001,12.83880653
2022,1,9,23,40,0,11.37656883,83,16.1,-3.7553,13.21205253
2022,1,9,23,50,0,11.58058974,85,16,-3.8393,13.47942665
2022,1,10,0,0,0,11.51084252,85,15.9,-3.3499,13.38138026
2022,1,10,0,10,0,11.64626419,86,15.9,-3.3569,13.56098631
2022,1,10,0,20,0,11.64626419,86,15.9,-3.2964,13.56098631
2022,1,10,0,30,0,11.44145976,85,15.8,-3.3627,13.28333312
2022,1,10,0,40,0,11.44145976,85,15.8,-3.4626,13.28333312
2022,1,10,0,50,0,11.44145976,85,15.8,-3.472,13.28333312
2022,1,10,1,0,0,11.44145976,85,15.8,-3.5698,13.28333312
2022,1,10,1,10,0,11.44145976,85,15.8,-3.3456,13.28333312
2022,1,10,1,20,0,11.37542084,84,15.9,-3.3663,13.19990669
2022,1,10,1,30,0,11.37542084,84,15.9,-3.1123,13.19990669
2022,1,10,1,40,0,11.30685436,84,15.8,-3.0113,13.10199952
2022,1,10,1,50,0,11.44145976,85,15.8,-2.889,13.28333312
2022,1,10,2,0,0,11.43676697,86,15.6,-2.7135,13.26642694
2022,1,10,2,10,0,11.56975264,87,15.6,-2.8835,13.44379448
2022,1,10,2,20,0,11.63202888,88,15.5,-2.7556,13.52091771
2022,1,10,2,30,0,11.63202888,88,15.5,-2.7421,13.52091771
2022,1,10,2,40,0,11.56169025,88,15.4,-2.7375,13.42245623
2022,1,10,2,50,0,11.43030741,87,15.4,-2.6275,13.24714382
2022,1,10,3,0,0,11.36113304,87,15.3,-2.6603,13.14881752
2022,1,10,3,10,0,11.56169025,88,15.4,-2.6875,13.42245623
2022,1,10,3,20,0,11.56169025,88,15.4,-2.8241,13.42245623
2022,1,10,3,30,0,11.49172077,88,15.3,-2.5898,13.32399417
2022,1,10,19,30,0,12.42152612,89,16.4,-4.282,14.58196168
2022,1,10,19,40,0,12.49648882,89,16.5,-4.1117,14.68055228
2022,1,10,19,50,0,12.49648882,89,16.5,-4.0104,14.68055228
2022,1,10,20,0,0,12.42152612,89,16.4,-4.0173,14.58196168
2022,1,10,20,10,0,12.28195841,88,16.4,-3.5005,14.40704423
2022,1,10,20,20,0,12.43058659,88,16.6,-3.0182,14.6039547
2022,1,10,20,30,0,12.35607883,88,16.5,-1.927,14.50549976
2022,1,10,20,40,0,12.48568325,90,16.3,-1.8505,14.65643576
2022,1,10,20,50,0,12.32337258,91,15.9,-1.4281,14.43238518
2022,1,10,21,0,0,12.30899376,92,15.7,-1.5438,14.40361524
2022,1,10,21,10,0,12.36766661,93,15.6,-1.5365,14.47183757
2022,1,10,21,20,0,12.29293962,93,15.5,-1.6437,14.37271571
2022,1,10,21,30,0,12.36766661,93,15.6,-1.8614,14.47183757
2022,1,10,21,40,0,12.29293962,93,15.5,-1.7443,14.37271571
2022,1,10,21,50,0,12.21860447,93,15.4,-1.8341,14.27359352
2022,1,10,22,0,0,12.21860447,93,15.4,-1.8901,14.27359352
2022,1,10,22,10,0,12.21860447,93,15.4,-1.873,14.27359352
2022,1,10,22,20,0,12.21860447,93,15.4,-1.9102,14.27359352
2022,1,10,22,30,0,12.21860447,93,15.4,-1.982,14.27359352
2022,1,10,22,40,0,12.21860447,93,15.4,-1.9857,14.27359352
2022,1,10,22,50,0,12.21860447,93,15.4,-1.7038,14.27359352
2022,1,10,23,0,0,12.14465946,93,15.3,-1.7371,14.17447099
2022,1,10,23,10,0,12.14465946,93,15.3,-1.7136,14.17447099
2022,1,10,23,20,0,12.14465946,93,15.3,-1.6117,14.17447099
2022,1,10,23,30,0,12.01407172,92,15.3,-1.8099,14.00764636
2022,1,10,23,40,0,12.01407172,92,15.3,-2.0218,14.00764636
2022,1,10,23,50,0,12.08722163,92,15.4,-1.8354,14.10663916
2022,1,11,0,0,0,12.08722163,92,15.4,-1.7137,14.10663916
2022,1,11,0,10,0,12.08722163,92,15.4,-1.7381,14.10663916
2022,1,11,0,20,0,12.21860447,93,15.4,-1.7234,14.27359352
2022,1,11,0,30,0,12.14465946,93,15.3,-1.4748,14.17447099
2022,1,11,0,40,0,11.99793299,93,15.1,-2.7685,13.9762249
2022,1,11,0,50,0,12.07110286,93,15.2,-2.3871,14.07534811
2022,1,11,1,0,0,11.92514813,93,15,-2.0945,13.87710135
2022,1,11,1,10,0,11.92514813,93,15,-2.4925,13.87710135
2022,1,11,1,20,0,11.92514813,93,15,-2.2808,13.87710135
2022,1,11,1,30,0,11.85274661,93,14.9,-2.3295,13.77797745
2022,1,11,1,40,0,11.78072672,93,14.8,-2.3694,13.67885322
2022,1,11,1,50,0,11.85274661,93,14.9,-2.5878,13.77797745
2022,1,11,2,0,0,11.85274661,93,14.9,-2.5216,13.77797745
2022,1,11,2,10,0,11.79692073,92,15,-2.4774,13.7106656
2022,1,11,2,20,0,11.66869334,91,15,-2.4117,13.54263189
2022,1,11,2,30,0,11.73991292,91,15.1,-2.4005,13.64149513
2022,1,11,2,40,0,11.73991292,91,15.1,-1.519,13.64149513
2022,1,11,2,50,0,11.72529772,92,14.9,-1.3661,13.61167123
2022,1,11,3,0,0,11.65405224,92,14.8,-1.4137,13.51267648
2022,1,11,3,10,0,11.70908679,93,14.7,-1.8,13.57972864
2022,1,11,3,20,0,11.56694011,93,14.5,-2.0464,13.38147847
2022,1,11,3,30,0,11.56694011,93,14.5,-2.4399,13.38147847
2022,1,11,19,30,0,6.421043332,61,11.8,-6.1211,4.524804598
2022,1,11,19,40,0,6.421043332,61,11.8,-6.0823,4.524804598
2022,1,11,19,50,0,6.381036056,61,11.7,-6.3217,4.430482453
2022,1,11,20,0,0,6.381036056,61,11.7,-6.4225,4.430482453
2022,1,11,20,10,0,6.526306337,62,11.8,-6.61,4.757457183
2022,1,11,20,20,0,6.485643205,62,11.7,-6.6964,4.662956034
2022,1,11,20,30,0,6.653110195,64,11.6,-6.7026,5.023280243
2022,1,11,20,40,0,6.757065042,65,11.6,-6.9413,5.246004581
2022,1,11,20,50,0,6.818201562,66,11.5,-6.9238,5.370525439
2022,1,11,21,0,0,6.861019888,66,11.6,-7.1143,5.46572328
2022,1,11,21,10,0,6.818201562,66,11.5,-7.1893,5.370525439
2022,1,11,21,20,0,6.861019888,66,11.6,-7.5189,5.46572328
2022,1,11,21,30,0,6.694857501,64,11.7,-8.4935,5.11813433
2022,1,11,21,40,0,6.288541565,59,12,-13.7837,4.237115898
2022,1,11,21,50,0,6.181956115,58,12,-20.9203,3.993578936
2022,1,11,22,0,0,6.288541565,59,12,-11.0941,4.237115898
2022,1,11,22,10,0,6.288541565,59,12,-7.9818,4.237115898
2022,1,11,22,20,0,6.461268471,61,11.9,-6.582,4.619124591
2022,1,11,22,30,0,6.608297916,62,12,-6.1153,4.946453219
2022,1,11,22,40,0,6.567190905,62,11.9,-7.4659,4.851956245
2022,1,11,22,50,0,6.567190905,62,11.9,-13.2873,4.851956245
2022,1,11,23,0,0,6.315780326,60,11.8,-11.7565,4.288757885
2022,1,11,23,10,0,6.355346037,60,11.9,-5.7568,4.38289637
2022,1,11,23,20,0,6.143501169,58,11.9,-4.4789,3.899813438
2022,1,11,23,30,0,6.143501169,58,11.9,-4.5385,3.899813438
2022,1,11,23,40,0,6.037578735,57,11.9,-4.2844,3.652726638
2022,1,11,23,50,0,6.143501169,58,11.9,-4.3942,3.899813438
2022,1,12,0,0,0,6.037578735,57,11.9,-4.5936,3.652726638
2022,1,12,0,10,0,6.105254315,58,11.8,-4.4048,3.806045589
2022,1,12,0,20,0,5.99999131,57,11.8,-4.1566,3.55914808
2022,1,12,0,30,0,6.105254315,58,11.8,-3.9746,3.806045589
2022,1,12,0,40,0,6.067214611,58,11.7,-4.0963,3.71227539
2022,1,12,0,50,0,6.105254315,58,11.8,-4.1688,3.806045589
2022,1,12,1,0,0,6.105254315,58,11.8,-3.8809,3.806045589
2022,1,12,1,10,0,6.210517321,59,11.8,-3.7142,4.049209255
2022,1,12,1,20,0,6.276428908,60,11.7,-4.1754,4.194617183
2022,1,12,1,30,0,6.276428908,60,11.7,-4.0818,4.194617183
2022,1,12,1,40,0,6.341245654,61,11.6,-3.9869,4.336158156
2022,1,12,1,50,0,6.341245654,61,11.6,-3.9562,4.336158156
2022,1,12,2,0,0,6.341245654,61,11.6,-4.2184,4.336158156
2022,1,12,2,10,0,6.341245654,61,11.6,-4.7394,4.336158156
2022,1,12,2,20,0,6.445200501,62,11.6,-3.6342,4.568452798
2022,1,12,2,30,0,6.549155348,63,11.6,-4.1804,4.797460838
2022,1,12,2,40,0,6.549155348,63,11.6,-4.7372,4.797460838
2022,1,12,2,50,0,6.653110195,64,11.6,-5.0436,5.023280243
2022,1,12,3,0,0,6.775615757,66,11.4,-2.217,5.275325763
2022,1,12,3,10,0,6.951481214,69,11.1,-2.7827,5.629191943
2022,1,12,3,20,0,6.807806223,68,11,-3.4515,5.323269351
2022,1,12,3,30,0,6.907921021,69,11,-2.42,5.533488827
2022,1,12,19,30,0,9.130057754,81,12.9,-8.7393,9.7190645
2022,1,12,19,40,0,9.073677823,81,12.8,-15.756,9.621556652
2022,1,12,19,50,0,9.073677823,81,12.8,-8.7164,9.621556652
2022,1,12,20,0,0,9.073677823,81,12.8,-7.5234,9.621556652
2022,1,12,20,10,0,9.130057754,81,12.9,-9.156,9.7190645
2022,1,12,20,20,0,9.073677823,81,12.8,-10.5864,9.621556652
2022,1,12,20,30,0,9.242774516,82,12.9,-10.0384,9.902098096
2022,1,12,20,40,0,9.186741741,81,13,-11.677,9.816571384
2022,1,12,20,50,0,9.185698537,82,12.8,-14.4684,9.8044477
2022,1,12,21,0,0,9.185698537,82,12.8,-13.3589,9.8044477
2022,1,12,21,10,0,9.185698537,82,12.8,-8.3267,9.8044477
2022,1,12,21,20,0,9.242774516,82,12.9,-8.3382,9.902098096
2022,1,12,21,30,0,9.242774516,82,12.9,-7.9216,9.902098096
2022,1,12,21,40,0,9.242774516,82,12.9,-8.2561,9.902098096
2022,1,12,21,50,0,9.355491279,83,12.9,-10.0415,10.08317593
2022,1,12,22,0,0,9.46291419,85,12.7,-9.0869,10.24349984
2022,1,12,22,10,0,9.40438391,85,12.6,-9.8919,10.1454287
2022,1,12,22,20,0,9.40438391,85,12.6,-8.3469,10.1454287
2022,1,12,22,30,0,9.566078261,87,12.5,-7.8607,10.39541913
2022,1,12,22,40,0,9.506813732,87,12.4,-9.1125,10.29707411
2022,1,12,22,50,0,9.506813732,87,12.4,-12.5119,10.29707411
2022,1,12,23,0,0,9.616087453,88,12.4,-9.5244,10.46833606
2022,1,12,23,10,0,9.616087453,88,12.4,-10.2144,10.46833606
2022,1,12,23,20,0,9.676033184,88,12.5,-7.4234,10.56681535
2022,1,12,23,30,0,9.676033184,88,12.5,-8.0682,10.56681535
2022,1,12,23,40,0,9.676033184,88,12.5,-10.3453,10.56681535
2022,1,12,23,50,0,9.625663532,87,12.6,-7.7509,10.4937635
2022,1,13,0,0,0,9.574242592,86,12.7,-11.2422,10.41869598
2022,1,13,0,10,0,9.521760678,85,12.8,-12.5944,10.34157023
2022,1,13,0,20,0,9.468208041,84,12.9,-10.4801,10.26234227
2022,1,13,0,30,0,9.521760678,85,12.8,-8.4099,10.34157023
2022,1,13,0,40,0,9.580924804,85,12.9,-8.8216,10.43963987
2022,1,13,0,50,0,9.580924804,85,12.9,-6.6548,10.43963987
2022,1,13,1,0,0,9.580924804,85,12.9,-5.4693,10.43963987
2022,1,13,1,10,0,9.468208041,84,12.9,-5.046,10.26234227
2022,1,13,1,20,0,9.526991435,84,13,-4.7937,10.36027272
2022,1,13,1,30,0,9.526991435,84,13,-4.766,10.36027272
2022,1,13,1,40,0,9.526991435,84,13,-4.7468,10.36027272
2022,1,13,1,50,0,9.640407999,85,13,-4.8323,10.53770876
2022,1,13,2,0,0,9.580924804,85,12.9,-4.7103,10.43963987
2022,1,13,2,10,0,9.580924804,85,12.9,-4.8791,10.43963987
2022,1,13,2,20,0,9.640407999,85,13,-4.4625,10.53770876
2022,1,13,2,30,0,9.580924804,85,12.9,-5.3134,10.43963987
2022,1,13,2,40,0,9.640407999,85,13,-7.3798,10.53770876
2022,1,13,2,50,0,9.640407999,85,13,-6.8189,10.53770876
2022,1,13,3,0,0,9.640407999,85,13,-7.2801,10.53770876
2022,1,13,3,10,0,9.640407999,85,13,-7.0509,10.53770876
2022,1,13,3,20,0,9.640407999,85,13,-6.7747,10.53770876
2022,1,13,3,30,0,9.640407999,85,13,-6.5251,10.53770876
2022,1,13,19,30,0,6.817205198,62,12.5,-7.2186,5.418906786
2022,1,13,19,40,0,6.817205198,62,12.5,-7.3408,5.418906786
2022,1,13,22,50,0,6.884958206,65,11.9,-16.4351,5.531077284
2022,1,13,23,0,0,6.842095354,65,11.8,-17.5504,5.436054946
2022,1,13,23,10,0,6.884958206,65,11.9,-7.3921,5.531077284
2022,1,13,23,20,0,6.779035772,64,11.9,-9.876,5.307836623
2022,1,13,23,30,0,6.736832348,64,11.8,-9.2475,5.212986456
2022,1,13,23,40,0,6.631569343,63,11.8,-9.434,4.986818435
2022,1,13,23,50,0,6.631569343,63,11.8,-11.8454,4.986818435
2022,1,14,0,0,0,6.590250353,63,11.7,-15.9692,4.892140648
2022,1,14,0,10,0,6.381036056,61,11.7,-9.5588,4.430482453
2022,1,14,0,20,0,6.276428908,60,11.7,-9.7685,4.194617183
2022,1,14,0,30,0,6.276428908,60,11.7,-9.7146,4.194617183
2022,1,14,0,40,0,6.276428908,60,11.7,-9.3719,4.194617183
2022,1,14,0,50,0,6.171821759,59,11.7,-7.7286,3.955252508
2022,1,14,1,0,0,6.171821759,59,11.7,-8.3991,3.955252508
2022,1,14,1,10,0,6.171821759,59,11.7,-7.0149,3.955252508
2022,1,14,1,20,0,6.171821759,59,11.7,-7.7242,3.955252508
2022,1,14,1,30,0,6.276428908,60,11.7,-7.213,4.194617183
2022,1,14,1,40,0,6.171821759,59,11.7,-10.3422,3.955252508
2022,1,14,1,50,0,6.210517321,59,11.8,-8.4665,4.049209255
2022,1,14,2,0,0,6.171821759,59,11.7,-8.6374,3.955252508
2022,1,14,2,10,0,6.171821759,59,11.7,-8.4624,3.955252508
2022,1,14,2,20,0,6.171821759,59,11.7,-9.0013,3.955252508
2022,1,14,2,30,0,6.171821759,59,11.7,-11.0139,3.955252508
2022,1,14,2,40,0,6.237290808,60,11.6,-10.7676,4.100474262
2022,1,14,2,50,0,6.341245654,61,11.6,-10.9097,4.336158156
2022,1,14,3,0,0,6.237290808,60,11.6,-11.4468,4.100474262
2022,1,14,3,10,0,6.237290808,60,11.6,-17.0065,4.100474262
2022,1,14,3,20,0,6.198365057,60,11.5,-15.3046,4.006329124
2022,1,14,3,30,0,6.301671141,61,11.5,-15.7559,4.241831707
2022,1,14,19,30,0,8.673130464,76,13.1,-15.4641,8.966436224
2022,1,14,19,40,0,8.787250602,77,13.1,-15.3642,9.160271703
2022,1,14,19,50,0,8.846492046,78,13,-12.8067,9.254832292
2022,1,14,20,0,0,8.90137074,78,13.1,-10.5223,9.351901383
2022,1,14,20,10,0,9.07137237,79,13.2,-10.7796,9.638593527
2022,1,14,20,20,0,9.015490877,79,13.1,-11.1713,9.54137839
2022,1,14,20,30,0,9.015490877,79,13.1,-11.5771,9.54137839
2022,1,14,20,40,0,9.01201577,78,13.3,-17.9135,9.546036177
2022,1,14,20,50,0,9.07137237,79,13.2,-13.114,9.638593527
2022,1,14,21,0,0,9.186199868,80,13.2,-12.6663,9.826114703
2022,1,14,21,10,0,9.301027366,81,13.2,-15.9857,10.01158226
2022,1,14,21,20,0,9.129611015,80,13.1,-7.7155,9.728753913
2022,1,14,21,30,0,9.243731153,81,13.1,-9.0538,9.914077303
2022,1,14,21,40,0,9.301027366,81,13.2,-8.8537,10.01158226
2022,1,14,21,50,0,9.416545723,81,13.4,-8.614,10.20658927
2022,1,14,22,0,0,9.415612751,80,13.6,-10.5603,10.21554767
2022,1,14,22,10,0,9.3553155,79,13.7,-7.7724,10.1246531
2022,1,14,22,20,0,9.53330791,81,13.6,-7.415,10.40159243
2022,1,14,22,30,0,9.591743118,82,13.5,-8.6572,10.48798136
2022,1,14,22,40,0,9.532172944,80,13.8,-7.1558,10.41025805
2022,1,14,22,50,0,9.471034814,79,13.9,-6.6094,10.31906942
2022,1,14,23,0,0,9.59092133,80,13.9,-5.8041,10.5076117
2022,1,14,23,10,0,9.466627624,78,14.1,-6.1457,10.32253018
2022,1,14,23,20,0,9.46047935,77,14.3,-8.213,10.32322421
2022,1,14,23,30,0,9.524830013,78,14.2,-8.721,10.41958685
2022,1,14,23,40,0,9.46047935,77,14.3,-8.225,10.32322421
2022,1,14,23,50,0,9.587994645,79,14.1,-6.7614,10.51348144
2022,1,15,0,0,0,9.59092133,80,13.9,-4.9442,10.5076117
2022,1,15,0,10,0,9.710807847,81,13.9,-4.158,10.69408994
2022,1,15,0,20,0,9.64998377,80,14,-3.4055,10.60496434
2022,1,15,0,30,0,9.709361666,80,14.1,-5.2461,10.70231596
2022,1,15,0,40,0,9.646943218,79,14.2,-4.1263,10.61068584
2022,1,15,0,50,0,9.583342718,78,14.3,-2.7338,10.51664239
2022,1,15,1,0,0,9.765784649,79,14.4,-3.0352,10.80509141
2022,1,15,1,10,0,9.829069455,80,14.3,-2.9492,10.89701615
2022,1,15,1,20,0,9.765784649,79,14.4,-2.679,10.80509141
2022,1,15,1,30,0,9.765784649,79,14.4,-2.4886,10.80509141
2022,1,15,1,40,0,9.642167122,78,14.4,-3.1983,10.6136968
2022,1,15,1,50,0,9.765784649,79,14.4,-6.4265,10.80509141
2022,1,15,2,0,0,9.889402176,80,14.4,-5.7229,10.99436471
2022,1,15,2,10,0,10.0130197,81,14.4,-3.067,11.1815665
2022,1,15,2,20,0,10.13663723,82,14.4,-3.1696,11.36674482
2022,1,15,2,30,0,10.26025476,83,14.4,-3.3949,11.54994601
2022,1,15,2,40,0,10.44755881,84,14.5,-3.2923,11.82913323
2022,1,15,2,50,0,10.6367219,85,14.6,-3.5271,12.10670897
2022,1,15,3,0,0,10.82775768,86,14.7,-3.4867,12.38271114
2022,1,15,3,10,0,10.82775768,86,14.7,-3.3424,12.38271114
2022,1,15,3,20,0,10.88699771,87,14.6,-2.4438,12.46051536
2022,1,15,3,30,0,11.01213562,88,14.6,-2.5362,12.6347431
2022,1,15,19,30,0,10.83878209,83,15.3,-25.6539,12.42991558
2022,1,15,19,40,0,10.83878209,83,15.3,-25.5928,12.42991558
2022,1,15,19,50,0,10.96936983,84,15.3,-26.6793,12.61245162
2022,1,15,20,0,0,10.90477603,83,15.4,-27.1172,12.52768569
2022,1,15,20,10,0,10.96936983,84,15.3,-26.111,12.61245162
2022,1,15,20,20,0,10.90293162,84,15.2,-24.7348,12.51453963
2022,1,15,20,30,0,11.03272842,85,15.2,-19.1509,12.69503455
2022,1,15,20,40,0,10.96936983,84,15.3,-19.223,12.61245162
2022,1,15,20,50,0,10.83878209,83,15.3,-21.2946,12.42991558
2022,1,15,21,0,0,10.83878209,83,15.3,-19.3991,12.42991558
2022,1,15,21,10,0,10.83878209,83,15.3,-26.4264,12.42991558
2022,1,15,21,20,0,10.77313481,83,15.2,-26.7051,12.33214461
2022,1,15,21,30,0,10.77313481,83,15.2,-25.3848,12.33214461
2022,1,15,21,40,0,10.70783267,83,15.1,-23.7475,12.23437278
2022,1,15,21,50,0,10.77110154,84,15,-24.8441,12.31871324
2022,1,15,22,0,0,10.70783267,83,15.1,-25.0973,12.23437278
2022,1,15,22,10,0,10.64333801,82,15.2,-25.7524,12.14780602
2022,1,15,22,20,0,10.70819436,82,15.3,-27.4388,12.24543457
2022,1,15,22,30,0,10.70819436,82,15.3,-26.9731,12.24543457
2022,1,15,22,40,0,10.70819436,82,15.3,-27.4883,12.24543457
2022,1,15,22,50,0,10.64201034,81,15.4,-27.0055,12.15644732
2022,1,15,23,0,0,10.70675386,81,15.5,-27.2133,12.2539301
2022,1,15,23,10,0,10.64201034,81,15.4,-26.3338,12.15644732
2022,1,15,23,20,0,10.64201034,81,15.4,-26.4487,12.15644732
2022,1,15,23,30,0,10.70675386,81,15.5,-27.4341,12.2539301
2022,1,15,23,40,0,10.70675386,81,15.5,-27.33,12.2539301
2022,1,15,23,50,0,10.70675386,81,15.5,-27.9563,12.2539301
2022,1,16,0,0,0,10.70675386,81,15.5,-26.9368,12.2539301
2022,1,16,0,10,0,10.70675386,81,15.5,-26.9141,12.2539301
2022,1,16,0,20,0,10.64201034,81,15.4,-26.4168,12.15644732
2022,1,16,0,30,0,10.77339319,82,15.4,-26.8784,12.34306222
2022,1,16,0,40,0,10.70819436,82,15.3,-25.0177,12.24543457
2022,1,16,0,50,0,10.70570661,84,14.9,-25.9842,12.22079885
2022,1,16,1,0,0,10.57193451,85,14.5,-23.0249,12.00865209
2022,1,16,1,10,0,10.56624966,86,14.3,-20.0162,11.98993043
2022,1,16,1,20,0,10.62384886,87,14.2,-19.3068,12.06718565
2022,1,16,1,30,0,10.68029783,88,14.1,-15.5091,12.1424031
2022,1,16,1,40,0,10.48539024,88,13.8,-19.1328,11.84699197
2022,1,16,1,50,0,10.53953265,89,13.7,-16.4446,11.9198103
2022,1,16,2,0,0,10.7897865,90,13.9,-11.1085,12.28688992
2022,1,16,2,10,0,10.85623174,90,14,-5.0186,12.38562665
2022,1,16,2,20,0,10.85623174,90,14,-5.5474,12.38562665
2022,1,16,2,30,0,10.92303187,90,14.1,-6.3916,12.48436288
2022,1,16,2,40,0,11.12557745,90,14.4,-7.5674,12.78056864
2022,1,16,2,50,0,10.99018848,90,14.2,-6.3804,12.58309863
2022,1,16,3,0,0,11.05770314,90,14.3,-9.0246,12.68183388
2022,1,16,3,10,0,11.12557745,90,14.4,-7.6885,12.78056864
2022,1,16,3,20,0,11.13727352,89,14.6,-9.7283,12.80723802
2022,1,16,3,30,0,11.14735431,88,14.8,-9.2002,12.83167495
2022,1,16,19,30,0,12.07916006,85,16.7,-3.3234,14.16573036
2022,1,16,19,40,0,12.00681659,85,16.6,-3.2887,14.06768922
2022,1,16,19,50,0,11.93484887,85,16.5,-3.406,13.96964734
2022,1,16,20,0,0,11.93484887,85,16.5,-3.3622,13.96964734
2022,1,16,20,10,0,11.86325528,85,16.4,-3.3088,13.8716047
2022,1,16,20,20,0,11.72368757,84,16.4,-3.3413,13.68943051
2022,1,16,20,30,0,11.79443889,84,16.5,-3.2243,13.78733287
2022,1,16,20,40,0,11.72368757,84,16.4,-3.126,13.68943051
2022,1,16,20,50,0,11.58411986,83,16.4,-3.1258,13.50533976
2022,1,16,21,0,0,11.72368757,84,16.4,-3.1688,13.68943051
2022,1,16,21,10,0,11.72368757,84,16.4,-3.1638,13.68943051
2022,1,16,21,20,0,11.79203418,85,16.3,-3.2535,13.77356131
2022,1,16,21,30,0,11.79203418,85,16.3,-3.1724,13.77356131
2022,1,16,21,40,0,11.65330437,84,16.3,-3.2385,13.59152735
2022,1,16,21,50,0,11.72118397,85,16.2,-3.1562,13.67551717
2022,1,16,22,0,0,11.72118397,85,16.2,-3.2381,13.67551717
2022,1,16,22,10,0,11.85908025,86,16.2,-3.1634,13.85553941
2022,1,16,22,20,0,11.92483721,87,16.1,-3.2064,13.93540984
2022,1,16,22,30,0,11.8530742,87,16,-3.253,13.83708806
2022,1,16,22,40,0,11.78168587,87,15.9,-3.2458,13.73876563
2022,1,16,22,50,0,11.78168587,87,15.9,-3.1757,13.73876563
2022,1,16,23,0,0,11.78168587,87,15.9,-3.4332,13.73876563
2022,1,16,23,10,0,11.78168587,87,15.9,-3.0613,13.73876563
2022,1,16,23,20,0,11.91710755,88,15.9,-2.8341,13.91475765
2022,1,16,23,30,0,11.84527599,88,15.8,-2.8764,13.81629855
2022,1,16,23,40,0,11.90761353,89,15.7,-2.7756,13.89181224
2022,1,16,23,50,0,11.83572396,89,15.6,-2.7908,13.7932173
2022,1,17,0,0,0,11.7027383,88,15.6,-2.777,13.61937858
2022,1,17,0,10,0,11.83572396,89,15.6,-2.8526,13.7932173
2022,1,17,0,20,0,11.83572396,89,15.6,-2.9701,13.7932173
2022,1,17,0,30,0,11.83572396,89,15.6,-3.1966,13.7932173
2022,1,17,0,40,0,11.83572396,89,15.6,-3.2774,13.7932173
2022,1,17,0,50,0,11.7027383,88,15.6,-3.147,13.61937858
2022,1,17,1,0,0,11.77382012,88,15.7,-3.2572,13.71783887
2022,1,17,1,10,0,11.77382012,88,15.7,-3.1733,13.71783887
2022,1,17,1,20,0,11.77382012,88,15.7,-3.6082,13.71783887
2022,1,17,1,30,0,11.90761353,89,15.7,-3.3812,13.89181224
2022,1,17,1,40,0,11.90761353,89,15.7,-4.6554,13.89181224
2022,1,17,1,50,0,11.90761353,89,15.7,-3.2572,13.89181224
2022,1,17,2,0,0,12.04140694,90,15.7,-3.5582,14.06407583
2022,1,17,2,10,0,12.04140694,90,15.7,-3.3661,14.06407583
2022,1,17,2,20,0,12.04140694,90,15.7,-2.9225,14.06407583
2022,1,17,2,30,0,12.11448681,90,15.8,-3.4226,14.16280371
2022,1,17,2,40,0,12.11448681,90,15.8,-3.3472,14.16280371
2022,1,17,2,50,0,12.11448681,90,15.8,-2.9303,14.16280371
2022,1,17,3,0,0,12.11448681,90,15.8,-2.4589,14.16280371
2022,1,17,3,10,0,12.10169529,91,15.6,-2.357,14.13580472
2022,1,17,3,20,0,12.23468095,92,15.6,-2.3412,14.3046236
2022,1,17,3,30,0,12.23468095,92,15.6,-2.1521,14.3046236
2022,1,17,19,30,0,11.65405224,92,14.8,-2.1514,13.51267648
2022,1,17,19,40,0,11.65405224,92,14.8,-2.2002,13.51267648
2022,1,17,19,50,0,11.65405224,92,14.8,-3.3706,13.51267648
2022,1,17,20,0,0,11.52737776,91,14.8,-2.9559,13.34490408
2022,1,17,20,10,0,11.52737776,91,14.8,-2.4646,13.34490408
2022,1,17,20,20,0,11.52737776,91,14.8,-2.7299,13.34490408
2022,1,17,20,30,0,11.33137431,90,14.7,-2.6476,13.07676998
2022,1,17,20,40,0,11.33137431,90,14.7,-2.7851,13.07676998
2022,1,17,20,50,0,11.33137431,90,14.7,-2.4157,13.07676998
2022,1,17,21,0,0,11.33137431,90,14.7,-2.4419,13.07676998
2022,1,17,21,10,0,11.33137431,90,14.7,-2.5454,13.07676998
2022,1,17,21,20,0,11.40070328,90,14.8,-2.1879,13.17550277
2022,1,17,21,30,0,11.40070328,90,14.8,-2.0733,13.17550277
2022,1,17,21,40,0,11.40070328,90,14.8,-2.3759,13.17550277
2022,1,17,21,50,0,11.40070328,90,14.8,-1.8606,13.17550277
2022,1,17,22,0,0,11.40070328,90,14.8,-2.0823,13.17550277
2022,1,17,22,10,0,11.40070328,90,14.8,-1.7558,13.17550277
2022,1,17,22,20,0,11.52737776,91,14.8,-1.8076,13.34490408
2022,1,17,22,30,0,11.45727847,91,14.7,-1.8901,13.24603952
2022,1,17,22,40,0,11.45727847,91,14.7,-2.0384,13.24603952
2022,1,17,22,50,0,11.33137431,90,14.7,-1.8074,13.07676998
2022,1,17,23,0,0,11.38754933,91,14.6,-1.839,13.14717452
2022,1,17,23,10,0,11.38754933,91,14.6,-1.8977,13.14717452
2022,1,17,23,20,0,11.51268724,92,14.6,-1.7684,13.31468579
2022,1,17,23,30,0,11.44256441,92,14.5,-1.8042,13.21568986
2022,1,17,23,40,0,11.44256441,92,14.5,-1.8152,13.21568986
2022,1,17,23,50,0,11.44256441,92,14.5,-1.5713,13.21568986
2022,1,18,0,0,0,11.44256441,92,14.5,-1.9235,13.21568986
2022,1,18,0,10,0,11.51268724,92,14.6,-1.7575,13.31468579
2022,1,18,0,20,0,11.51268724,92,14.6,-1.6029,13.31468579
2022,1,18,0,30,0,11.51268724,92,14.6,-1.6622,13.31468579
2022,1,18,0,40,0,11.58318263,92,14.7,-1.7763,13.41368133
2022,1,18,0,50,0,11.58318263,92,14.7,-1.9972,13.41368133
2022,1,18,1,0,0,11.58318263,92,14.7,-1.8501,13.41368133
2022,1,18,1,10,0,11.65405224,92,14.8,-1.9791,13.51267648
2022,1,18,1,20,0,11.58318263,92,14.7,-1.8815,13.41368133
2022,1,18,1,30,0,11.65405224,92,14.8,-2.7729,13.51267648
2022,1,18,1,40,0,11.66869334,91,15,-5.1239,13.54263189
2022,1,18,1,50,0,11.62230851,89,15.3,-2.5022,13.49742921
2022,1,18,2,0,0,11.61090289,90,15.1,-2.1301,13.47169821
2022,1,18,2,10,0,11.54046594,90,15,-2.0508,13.37296689
2022,1,18,2,20,0,11.59784883,91,14.9,-1.8126,13.4437682
2022,1,18,2,30,0,11.52737776,91,14.8,-2.0921,13.34490408
2022,1,18,2,40,0,11.52737776,91,14.8,-2.0458,13.34490408
2022,1,18,2,50,0,11.59784883,91,14.9,-4.8007,13.4437682
2022,1,18,3,0,0,11.59784883,91,14.9,-2.5142,13.4437682
2022,1,18,3,10,0,11.54046594,90,15,-2.1047,13.37296689
2022,1,18,3,20,0,11.54046594,90,15,-2.0572,13.37296689
2022,1,18,3,30,0,11.54046594,90,15,-3.9647,13.37296689
2022,1,18,19,30,0,10.63382731,79,15.8,-8.4387,12.1658102
2022,1,18,19,40,0,10.63382731,79,15.8,-9.0572,12.1658102
2022,1,18,19,50,0,10.63382731,79,15.8,-5.9374,12.1658102
2022,1,18,20,0,0,10.56289078,78,15.9,-6.5135,12.06937747
2022,1,18,20,10,0,10.56289078,78,15.9,-4.6012,12.06937747
2022,1,18,20,20,0,10.56289078,78,15.9,-4.3876,12.06937747
2022,1,18,20,30,0,10.69831246,79,15.9,-4.3506,12.26299635
2022,1,18,20,40,0,10.76843272,80,15.8,-4.6849,12.35713766
2022,1,18,20,50,0,10.63382731,79,15.8,-4.3301,12.1658102
2022,1,18,21,0,0,10.76843272,80,15.8,-4.2248,12.35713766
2022,1,18,21,10,0,10.63382731,79,15.8,-4.3337,12.1658102
2022,1,18,21,20,0,10.63382731,79,15.8,-4.5295,12.1658102
2022,1,18,21,30,0,10.56289078,78,15.9,-4.2045,12.06937747
2022,1,18,21,40,0,10.63382731,79,15.8,-4.795,12.1658102
2022,1,18,21,50,0,10.56967943,79,15.7,-6.7382,12.06862298
2022,1,18,22,0,0,10.63382731,79,15.8,-6.7654,12.1658102
2022,1,18,22,10,0,10.63382731,79,15.8,-11.4215,12.1658102
2022,1,18,22,20,0,10.56967943,79,15.7,-7.4749,12.06862298
2022,1,18,22,30,0,10.63382731,79,15.8,-7.2346,12.1658102
2022,1,18,22,40,0,10.63382731,79,15.8,-11.5257,12.1658102
2022,1,18,22,50,0,10.56289078,78,15.9,-11.6258,12.06937747
2022,1,18,23,0,0,10.56289078,78,15.9,-18.5524,12.06937747
2022,1,18,23,10,0,10.56289078,78,15.9,-12.2347,12.06937747
2022,1,18,23,20,0,10.56289078,78,15.9,-15.5224,12.06937747
2022,1,18,23,30,0,10.56289078,78,15.9,-10.4553,12.06937747
2022,1,18,23,40,0,10.56289078,78,15.9,-21.9272,12.06937747
2022,1,18,23,50,0,10.63382731,79,15.8,-18.1382,12.1658102
2022,1,19,0,0,0,10.63382731,79,15.8,-14.0171,12.1658102
2022,1,19,0,10,0,10.63382731,79,15.8,-7.0555,12.1658102
2022,1,19,0,20,0,10.69831246,79,15.9,-6.5774,12.26299635
2022,1,19,0,30,0,10.69831246,79,15.9,-5.6381,12.26299635
2022,1,19,0,40,0,10.76313634,79,16,-5.5801,12.36018142
2022,1,19,0,50,0,10.82830045,79,16.1,-5.0849,12.45736542
2022,1,19,1,0,0,10.76313634,79,16,-4.6598,12.36018142
2022,1,19,1,10,0,10.82830045,79,16.1,-6.1298,12.45736542
2022,1,19,1,20,0,10.82830045,79,16.1,-5.9514,12.45736542
2022,1,19,1,30,0,10.96536755,80,16.1,-7.6656,12.64913446
2022,1,19,1,40,0,11.03562081,81,16,-7.1961,12.74132954
2022,1,19,1,50,0,11.17186304,82,16,-6.8463,12.92880898
2022,1,19,2,0,0,11.10457749,82,15.9,-6.8142,12.83118679
2022,1,19,2,10,0,11.30810527,83,16,-6.5932,13.11428841
2022,1,19,2,20,0,11.23999916,83,15.9,-9.5565,13.01652343
2022,1,19,2,30,0,11.30810527,83,16,-7.9123,13.11428841
2022,1,19,2,40,0,11.30810527,83,16,-10.2386,13.11428841
2022,1,19,2,50,0,11.37656883,83,16.1,-6.3582,13.21205253
2022,1,19,3,0,0,11.4453914,83,16.2,-5.9416,13.3098158
2022,1,19,3,10,0,11.4453914,83,16.2,-5.1212,13.3098158
2022,1,19,3,20,0,11.30749512,82,16.2,-3.1883,13.12405062
2022,1,19,3,30,0,11.4453914,83,16.2,-3.706,13.3098158
2022,1,19,19,30,0,10.96915581,81,15.9,-28.8043,12.64385158
2022,1,19,19,40,0,10.90303813,81,15.8,-28.0014,12.54637265
2022,1,19,19,50,0,10.97105966,82,15.7,-28.7798,12.63593969
2022,1,19,20,0,0,10.90482432,82,15.6,-28.299,12.53831478
2022,1,19,20,10,0,10.77183866,81,15.6,-30.6552,12.35141191
2022,1,19,20,20,0,10.90482432,82,15.6,-27.9776,12.53831478
2022,1,19,20,30,0,10.83893601,82,15.5,-28.7684,12.44068895
2022,1,19,20,40,0,10.83893601,82,15.5,-26.3668,12.44068895
2022,1,19,20,50,0,10.77183866,81,15.6,-26.1629,12.35141191
2022,1,19,21,0,0,10.83726625,81,15.7,-26.9085,12.44889277
2022,1,19,21,10,0,10.77183866,81,15.6,-29.1887,12.35141191
2022,1,19,21,20,0,10.77183866,81,15.6,-28.6075,12.35141191
2022,1,19,21,30,0,10.83726625,81,15.7,-25.0795,12.44889277
2022,1,19,21,40,0,10.90303813,81,15.8,-26.8119,12.54637265
2022,1,19,21,50,0,10.83726625,81,15.7,-29.0043,12.44889277
2022,1,19,22,0,0,10.77183866,81,15.6,-29.8247,12.35141191
2022,1,19,22,10,0,10.77183866,81,15.6,-30.2201,12.35141191
2022,1,19,22,20,0,10.90482432,82,15.6,-29.7501,12.53831478
2022,1,19,22,30,0,10.83893601,82,15.5,-29.1442,12.44068895
2022,1,19,22,40,0,10.83893601,82,15.5,-26.2461,12.44068895
2022,1,19,22,50,0,10.83893601,82,15.5,-26.8157,12.44068895
2022,1,19,23,0,0,10.83893601,82,15.5,-28.128,12.44068895
2022,1,19,23,10,0,10.90482432,82,15.6,-26.6533,12.53831478
2022,1,19,23,20,0,10.77183866,81,15.6,-26.0719,12.35141191
2022,1,19,23,30,0,10.77183866,81,15.6,-27.1451,12.35141191
2022,1,19,23,40,0,10.77183866,81,15.6,-23.4991,12.35141191
2022,1,19,23,50,0,10.638853,80,15.6,-25.0205,12.16246803
2022,1,20,0,0,0,10.76843272,80,15.8,-23.4403,12.35713766
2022,1,20,0,10,0,10.76843272,80,15.8,-26.9016,12.35713766
2022,1,20,0,20,0,10.76843272,80,15.8,-28.3499,12.35713766
2022,1,20,0,30,0,10.76843272,80,15.8,-27.41,12.35713766
2022,1,20,0,40,0,10.76843272,80,15.8,-25.2314,12.35713766
2022,1,20,0,50,0,10.76843272,80,15.8,-20.7511,12.35713766
2022,1,20,1,0,0,10.83373413,80,15.9,-12.4302,12.45447094
2022,1,20,1,10,0,10.89937858,80,16,-7.2054,12.55180321
2022,1,20,1,20,0,10.89380627,79,16.2,-4.482,12.55454835
2022,1,20,1,30,0,10.82092548,78,16.3,-3.9357,12.45751608
2022,1,20,1,40,0,10.88628131,78,16.4,-4.1597,12.55454791
2022,1,20,1,50,0,10.95197897,78,16.5,-6.8228,12.65157861
2022,1,20,2,0,0,10.95197897,78,16.5,-5.8765,12.65157861
2022,1,20,2,10,0,10.95197897,78,16.5,-15.404,12.65157861
2022,1,20,2,20,0,11.09238895,79,16.5,-10.9241,12.84609069
2022,1,20,2,30,0,10.95197897,78,16.5,-17.811,12.65157861
2022,1,20,2,40,0,11.09238895,79,16.5,-13.1724,12.84609069
2022,1,20,2,50,0,11.01801993,78,16.6,-7.0993,12.74860819
2022,1,20,3,0,0,11.0844057,78,16.7,-9.197,12.84563663
2022,1,20,3,10,0,11.1592766,79,16.6,-16.0531,12.94326933
2022,1,20,3,20,0,11.22651346,79,16.7,-15.4589,13.04044689
2022,1,20,3,30,0,11.22651346,79,16.7,-4.3971,13.04044689
2022,1,20,19,30,0,10.72224786,75,16.8,-9.7477,12.34430166
2022,1,20,19,40,0,10.57928455,74,16.8,-9.5299,12.14016412
2022,1,20,19,50,0,10.57928455,74,16.8,-9.8937,12.14016412
2022,1,20,20,0,0,10.64292444,74,16.9,-9.5749,12.23657726
2022,1,20,20,10,0,10.57928455,74,16.8,-9.6801,12.14016412
2022,1,20,20,20,0,10.72224786,75,16.8,-9.5624,12.34430166
2022,1,20,20,30,0,10.6580824,75,16.7,-12.6765,12.24773146
2022,1,20,20,40,0,10.81156898,77,16.5,-6.746,12.45486061
2022,1,20,20,50,0,10.88628131,78,16.4,-8.1199,12.55454791
2022,1,20,21,0,0,10.88628131,78,16.4,-7.4818,12.55454791
2022,1,20,21,10,0,10.88628131,78,16.4,-7.1149,12.55454791
2022,1,20,21,20,0,10.9596553,79,16.3,-6.7883,12.6517302
2022,1,20,21,30,0,10.9596553,79,16.3,-7.6164,12.6517302
2022,1,20,21,40,0,10.89380627,79,16.2,-6.9517,12.55454835
2022,1,20,21,50,0,10.89380627,79,16.2,-8.7856,12.55454835
2022,1,20,22,0,0,10.89380627,79,16.2,-7.3784,12.55454835
2022,1,20,22,10,0,11.03562081,81,16,-7.1167,12.74132954
2022,1,20,22,20,0,11.03562081,81,16,-6.8292,12.74132954
2022,1,20,22,30,0,10.89937858,80,16,-7.1313,12.55180321
2022,1,20,22,40,0,11.10457749,82,15.9,-6.658,12.83118679
2022,1,20,22,50,0,11.03562081,81,16,-7.7882,12.74132954
2022,1,20,23,0,0,10.96536755,80,16.1,-6.2675,12.64913446
2022,1,20,23,10,0,10.96536755,80,16.1,-5.8884,12.64913446
2022,1,20,23,20,0,10.96536755,80,16.1,-5.8628,12.64913446
2022,1,20,23,30,0,10.96536755,80,16.1,-8.1948,12.64913446
2022,1,20,23,40,0,11.03562081,81,16,-6.291,12.74132954
2022,1,20,23,50,0,10.96915581,81,15.9,-5.5187,12.64385158
2022,1,21,0,0,0,11.03562081,81,16,-3.6062,12.74132954
2022,1,21,0,10,0,11.23999916,83,15.9,-5.7828,13.01652343
2022,1,21,0,20,0,11.23864648,84,15.7,-6.8841,13.00409155
2022,1,21,0,30,0,11.23864648,84,15.7,-6.3594,13.00409155
2022,1,21,0,40,0,11.23864648,84,15.7,-6.2954,13.00409155
2022,1,21,0,50,0,11.23864648,84,15.7,-6.4875,13.00409155
2022,1,21,1,0,0,11.17079565,84,15.6,-8.1909,12.90618277
2022,1,21,1,10,0,11.23864648,84,15.7,-8.5865,13.00409155
2022,1,21,1,20,0,11.23864648,84,15.7,-6.5032,13.00409155
2022,1,21,1,30,0,11.23999916,83,15.9,-4.9472,13.01652343
2022,1,21,1,40,0,11.23999916,83,15.9,-3.3241,13.01652343
2022,1,21,1,50,0,11.30378131,85,15.6,-4.8866,13.0872366
2022,1,21,2,0,0,11.43030741,87,15.4,-6.507,13.24714382
2022,1,21,2,10,0,11.43030741,87,15.4,-8.2105,13.24714382
2022,1,21,2,20,0,11.36766459,86,15.5,-10.6358,13.16823908
2022,1,21,2,30,0,11.36766459,86,15.5,-10.4065,13.16823908
2022,1,21,2,40,0,11.43676697,86,15.6,-7.2789,13.26642694
2022,1,21,2,50,0,11.30378131,85,15.6,-6.0557,13.0872366
2022,1,21,3,0,0,11.37243989,85,15.7,-4.3072,13.18528523
2022,1,21,3,10,0,11.43676697,86,15.6,-3.8227,13.26642694
2022,1,21,3,20,0,11.49984674,87,15.5,-3.5016,13.34546948
2022,1,21,3,30,0,11.56169025,88,15.4,-4.5014,13.42245623
2022,1,21,19,30,0,12.87721242,89,17,-2.693,15.17349719
2022,1,21,19,40,0,12.88586171,88,17.2,-2.4439,15.19467188
2022,1,21,19,50,0,12.96312825,88,17.3,-2.4208,15.29312267
2022,1,21,20,0,0,12.8926049,87,17.4,-2.006,15.21353427
2022,1,21,20,10,0,12.74441403,86,17.4,-1.5979,15.03368904
2022,1,21,20,20,0,12.8926049,87,17.4,-2.3287,15.21353427
2022,1,21,20,30,0,12.82362296,85,17.7,-1.5963,15.14610051
2022,1,21,20,40,0,12.82362296,85,17.7,-1.213,15.14610051
2022,1,21,20,50,0,12.82362296,85,17.7,-1.6846,15.14610051
2022,1,21,21,0,0,12.82362296,85,17.7,-0.9837,15.14610051
2022,1,21,21,10,0,12.96978794,87,17.5,-1.1868,15.31184702
2022,1,21,21,20,0,12.88586171,88,17.2,-1.6337,15.19467188
2022,1,21,21,30,0,12.96312825,88,17.3,-1.2503,15.29312267
2022,1,21,21,40,0,12.8926049,87,17.4,-0.8844,15.21353427
2022,1,21,21,50,0,12.81581998,87,17.3,-0.1697,15.11522088
2022,1,21,22,0,0,12.88586171,88,17.2,-0.4726,15.19467188
2022,1,21,22,10,0,12.95455117,89,17.1,-1.0064,15.27208454
2022,1,21,22,20,0,12.94409729,90,16.9,-1.7539,15.24877801
2022,1,21,22,30,0,13.0219002,90,17,-1.9289,15.3475
2022,1,21,22,40,0,13.03229196,89,17.2,-2.0068,15.37067135
2022,1,21,22,50,0,12.96312825,88,17.3,-1.7266,15.29312267
2022,1,21,23,0,0,12.81581998,87,17.3,-1.5127,15.11522088
2022,1,21,23,10,0,12.81581998,87,17.3,-1.3509,15.11522088
2022,1,21,23,20,0,12.80899442,88,17.1,-0.8912,15.0962205
2022,1,21,23,30,0,12.80899442,88,17.1,-0.8623,15.0962205
2022,1,21,23,40,0,12.87721242,89,17,-1.6356,15.17349719
2022,1,21,23,50,0,12.94409729,90,16.9,-2.0881,15.24877801
2022,1,22,0,0,0,12.95455117,89,17.1,-1.9301,15.27208454
2022,1,22,0,10,0,12.81581998,87,17.3,-1.5737,15.11522088
2022,1,22,0,20,0,12.81581998,87,17.3,-1.6541,15.11522088
2022,1,22,0,30,0,12.8926049,87,17.4,-1.4139,15.21353427
2022,1,22,0,40,0,12.89740104,86,17.6,-1.4998,15.23003755
2022,1,22,0,50,0,13.05197584,86,17.8,-1.1953,15.42638327
2022,1,22,1,0,0,12.90020868,85,17.8,-1.8746,15.2441334
2022,1,22,1,10,0,12.97448912,86,17.7,-0.698,15.32821076
2022,1,22,1,20,0,13.04737082,87,17.6,-1.9295,15.41015912
2022,1,22,1,30,0,13.1973406,88,17.6,-2.1429,15.58847146
2022,1,22,1,40,0,13.12535527,87,17.7,-1.5719,15.50847058
2022,1,22,1,50,0,13.05197584,86,17.8,-3.2089,15.42638327
2022,1,22,2,0,0,13.12535527,87,17.7,-2.948,15.50847058
2022,1,22,2,10,0,13.18898662,89,17.4,-1.8754,15.56784335
2022,1,22,2,20,0,13.2577448,90,17.3,-2.3269,15.64366302
2022,1,22,2,30,0,13.2577448,90,17.3,-2.1785,15.64366302
2022,1,22,2,40,0,13.41702201,90,17.5,-5.1206,15.84110257
2022,1,22,2,50,0,13.41702201,90,17.5,-4.3963,15.84110257
2022,1,22,3,0,0,13.41702201,90,17.5,-3.4398,15.84110257
2022,1,22,3,10,0,13.34731038,89,17.6,-3.2018,15.76501318
2022,1,22,3,20,0,13.41702201,90,17.5,-3.1971,15.84110257
2022,1,22,3,30,0,13.26794398,89,17.5,-5.8449,15.66642854
2022,1,22,19,30,0,14.52283074,94,18.1,-1.9597,17.11864809
2022,1,22,19,40,0,14.52283074,94,18.1,-1.8277,17.11864809
2022,1,22,19,50,0,14.52283074,94,18.1,-0.8172,17.11864809
2022,1,22,20,0,0,14.43681745,94,18,-0.7063,17.01940482
2022,1,22,20,10,0,14.59040061,95,18,-0.7125,17.18658177
2022,1,22,20,20,0,14.59040061,95,18,-0.7198,17.18658177
2022,1,22,20,30,0,14.50391837,95,17.9,-0.7549,17.08720945
2022,1,22,20,40,0,14.50391837,95,17.9,-0.9241,17.08720945
2022,1,22,20,50,0,14.50391837,95,17.9,-0.972,17.08720945
2022,1,22,21,0,0,14.41788029,95,17.8,-1.3843,16.98783688
2022,1,22,21,10,0,14.50391837,95,17.9,-1.2605,17.08720945
2022,1,22,21,20,0,14.50391837,95,17.9,-1.2003,17.08720945
2022,1,22,21,30,0,14.50391837,95,17.9,-0.6155,17.08720945
2022,1,22,21,40,0,14.50391837,95,17.9,-1.5535,17.08720945
2022,1,22,21,50,0,14.50391837,95,17.9,-0.6693,17.08720945
2022,1,22,22,0,0,14.41788029,95,17.8,-0.6929,16.98783688
2022,1,22,22,10,0,14.50391837,95,17.9,-0.7575,17.08720945
2022,1,22,22,20,0,14.50391837,95,17.9,-0.0969,17.08720945
2022,1,22,22,30,0,14.50391837,95,17.9,-0.6243,17.08720945
2022,1,22,22,40,0,14.50391837,95,17.9,-0.5842,17.08720945
2022,1,22,22,50,0,14.59040061,95,18,-0.5707,17.18658177
2022,1,22,23,0,0,14.67732894,95,18.1,-0.5868,17.28595385
2022,1,22,23,10,0,14.59040061,95,18,-0.7627,17.18658177
2022,1,22,23,20,0,14.59040061,95,18,-0.4412,17.18658177
2022,1,22,23,30,0,14.59040061,95,18,-0.4189,17.18658177
2022,1,22,23,40,0,14.67732894,95,18.1,-0.6702,17.28595385
2022,1,22,23,50,0,14.76470525,95,18.2,-0.2594,17.38532569
2022,1,23,0,0,0,14.76470525,95,18.2,-0.6244,17.38532569
2022,1,23,0,10,0,14.76470525,95,18.2,-1.424,17.38532569
2022,1,23,0,20,0,14.67732894,95,18.1,-1.2261,17.28595385
2022,1,23,0,30,0,14.59040061,95,18,-1.0643,17.18658177
2022,1,23,0,40,0,14.59040061,95,18,-0.6296,17.18658177
2022,1,23,0,50,0,14.50391837,95,17.9,-0.2847,17.08720945
2022,1,23,1,0,0,14.41788029,95,17.8,0.4019,16.98783688
2022,1,23,1,10,0,14.33228449,95,17.7,-1.4298,16.88846408
2022,1,23,1,20,0,14.33228449,95,17.7,-0.7678,16.88846408
2022,1,23,1,30,0,13.92994092,94,17.4,0.2639,16.42393907
2022,1,23,1,40,0,13.76444319,94,17.2,-1.1018,16.22544816
2022,1,23,1,50,0,13.68233495,94,17.1,0.5096,16.12620227
2022,1,23,2,0,0,13.68233495,94,17.1,-0.8977,16.12620227
2022,1,23,2,10,0,13.8278917,95,17.1,-0.9204,16.29222217
2022,1,23,2,20,0,13.74533911,95,17,-1.5953,16.19284768
2022,1,23,2,30,0,13.8278917,95,17.1,-1.0452,16.29222217
2022,1,23,2,40,0,13.91087344,95,17.2,-1.0362,16.39159643
2022,1,23,2,50,0,13.8278917,95,17.1,0.0364,16.29222217
2022,1,23,3,0,0,13.8278917,95,17.1,0.4561,16.29222217
2022,1,23,3,10,0,13.74533911,95,17,-0.6894,16.19284768
2022,1,23,3,20,0,13.74533911,95,17,-0.5495,16.19284768
2022,1,23,3,30,0,13.91087344,95,17.2,-0.5767,16.39159643
2022,1,23,19,30,0,13.89002689,96,17,-1.6629,16.3572133
2022,1,23,19,40,0,13.89002689,96,17,-1.6274,16.3572133
2022,1,23,19,50,0,13.97344846,96,17.1,-1.6204,16.45671501
2022,1,23,20,0,0,13.89002689,96,17,-1.4691,16.3572133
2022,1,23,20,10,0,13.97344846,96,17.1,-1.5909,16.45671501
2022,1,23,20,20,0,13.97344846,96,17.1,-1.4311,16.45671501
2022,1,23,20,30,0,13.97344846,96,17.1,-1.1919,16.45671501
2022,1,23,20,40,0,13.97344846,96,17.1,-1.3423,16.45671501
2022,1,23,20,50,0,13.97344846,96,17.1,-1.1446,16.45671501
2022,1,23,21,0,0,13.89002689,96,17,-1.1776,16.3572133
2022,1,23,21,10,0,13.89002689,96,17,-1.4063,16.3572133
2022,1,23,21,20,0,13.89002689,96,17,-1.4397,16.3572133
2022,1,23,21,30,0,13.89002689,96,17,-1.2904,16.3572133
2022,1,23,21,40,0,13.89002689,96,17,-1.2297,16.3572133
2022,1,23,21,50,0,13.80703711,96,16.9,-1.1555,16.2577114
2022,1,23,22,0,0,13.89002689,96,17,-1.247,16.3572133
2022,1,23,22,10,0,13.89002689,96,17,-1.1535,16.3572133
2022,1,23,22,20,0,13.89002689,96,17,-1.1526,16.3572133
2022,1,23,22,30,0,13.89002689,96,17,-1.2373,16.3572133
2022,1,23,22,40,0,13.80703711,96,16.9,-1.3368,16.2577114
2022,1,23,22,50,0,13.89002689,96,17,-1.2451,16.3572133
2022,1,23,23,0,0,13.89002689,96,17,-1.3306,16.3572133
2022,1,23,23,10,0,13.89002689,96,17,-1.4645,16.3572133
2022,1,23,23,20,0,13.89002689,96,17,-1.3315,16.3572133
2022,1,23,23,30,0,13.89002689,96,17,-1.1757,16.3572133
2022,1,23,23,40,0,13.97344846,96,17.1,-1.1759,16.45671501
2022,1,23,23,50,0,13.97344846,96,17.1,-1.1021,16.45671501
2022,1,24,0,0,0,13.89002689,96,17,-1.329,16.3572133
2022,1,24,0,10,0,13.89002689,96,17,-1.1894,16.3572133
2022,1,24,0,20,0,13.89002689,96,17,-1.1276,16.3572133
2022,1,24,0,30,0,13.97344846,96,17.1,-1.7999,16.45671501
2022,1,24,0,40,0,13.89002689,96,17,-1.8198,16.3572133
2022,1,24,0,50,0,13.97344846,96,17.1,-1.6309,16.45671501
2022,1,24,1,0,0,13.97344846,96,17.1,-1.6369,16.45671501
2022,1,24,1,10,0,13.89002689,96,17,-1.7107,16.3572133
2022,1,24,1,20,0,13.89002689,96,17,-1.6667,16.3572133
2022,1,24,1,30,0,13.89002689,96,17,-1.5305,16.3572133
2022,1,24,1,40,0,13.89002689,96,17,-1.4605,16.3572133
2022,1,24,1,50,0,13.89002689,96,17,-1.5496,16.3572133
2022,1,24,2,0,0,13.89002689,96,17,-1.5164,16.3572133
2022,1,24,2,10,0,13.89002689,96,17,-1.452,16.3572133
2022,1,24,2,20,0,13.80703711,96,16.9,-1.517,16.2577114
2022,1,24,2,30,0,13.80703711,96,16.9,-1.5578,16.2577114
2022,1,24,2,40,0,13.80703711,96,16.9,-1.5315,16.2577114
2022,1,24,2,50,0,13.80703711,96,16.9,-1.3016,16.2577114
2022,1,24,3,0,0,13.64234548,96,16.7,-1.3184,16.05870701
2022,1,24,3,10,0,13.56063991,96,16.6,-1.2894,15.95920453
2022,1,24,3,20,0,13.47935873,96,16.5,-1.3017,15.85970185
2022,1,24,3,30,0,13.39850008,96,16.4,-1.3769,15.76019898
2022,1,24,19,30,0,12.00282299,86,16.4,-2.5582,14.05190466
2022,1,24,19,40,0,11.93484887,85,16.5,-2.4963,13.96964734
2022,1,24,19,50,0,12.07525886,86,16.5,-1.9344,14.15008624
2022,1,24,20,0,0,11.93484887,85,16.5,-2.4364,13.96964734
2022,1,24,20,10,0,12.00282299,86,16.4,-2.1517,14.05190466
2022,1,24,20,20,0,11.93484887,85,16.5,-2.0699,13.96964734
2022,1,24,20,30,0,11.93484887,85,16.5,-2.0283,13.96964734
2022,1,24,20,40,0,11.79443889,84,16.5,-1.8917,13.78733287
2022,1,24,20,50,0,11.6540289,83,16.5,-1.7692,13.60310046
2022,1,24,21,0,0,11.72430326,83,16.6,-1.7552,13.7008603
2022,1,24,21,10,0,11.72430326,83,16.6,-1.8274,13.7008603
2022,1,24,21,20,0,11.86555993,84,16.6,-1.94,13.88523442
2022,1,24,21,30,0,11.72430326,83,16.6,-1.8774,13.7008603
2022,1,24,21,40,0,11.72430326,83,16.6,-1.9839,13.7008603
2022,1,24,21,50,0,11.72430326,83,16.6,-1.9832,13.7008603
2022,1,24,22,0,0,11.79443889,84,16.5,-2.0059,13.78733287
2022,1,24,22,10,0,11.93484887,85,16.5,-2.0051,13.96964734
2022,1,24,22,20,0,11.86325528,85,16.4,-1.9575,13.8716047
2022,1,24,22,30,0,11.93484887,85,16.5,-1.9125,13.96964734
2022,1,24,22,40,0,11.86325528,85,16.4,-1.838,13.8716047
2022,1,24,22,50,0,11.86325528,85,16.4,-2.017,13.8716047
2022,1,24,23,0,0,11.79203418,85,16.3,-1.732,13.77356131
2022,1,24,23,10,0,11.79203418,85,16.3,-2.542,13.77356131
2022,1,24,23,20,0,12.00282299,86,16.4,-2.2797,14.05190466
2022,1,24,23,30,0,12.00282299,86,16.4,-2.9526,14.05190466
2022,1,24,23,40,0,12.1423907,87,16.4,-3.3778,14.23037131
2022,1,24,23,50,0,12.06949381,87,16.3,-3.989,14.13205147
2022,1,25,0,0,0,12.00282299,86,16.4,-4.8032,14.05190466
2022,1,25,0,10,0,11.930764,86,16.3,-6.4267,13.95372238
2022,1,25,0,20,0,11.99697653,87,16.2,-5.5489,14.03373098
2022,1,25,0,30,0,12.06949381,87,16.3,-9.4208,14.13205147
2022,1,25,0,40,0,12.06949381,87,16.3,-8.1388,14.13205147
2022,1,25,0,50,0,12.06949381,87,16.3,-6.2512,14.13205147
2022,1,25,1,0,0,12.06949381,87,16.3,-3.3359,14.13205147
2022,1,25,1,10,0,12.06949381,87,16.3,-5.7082,14.13205147
2022,1,25,1,20,0,12.00282299,86,16.4,-14.9472,14.05190466
2022,1,25,1,30,0,12.07525886,86,16.5,-8.8925,14.15008624
2022,1,25,1,40,0,12.07525886,86,16.5,-12.0353,14.15008624
2022,1,25,1,50,0,11.93484887,85,16.5,-12.718,13.96964734
2022,1,25,2,0,0,12.07525886,86,16.5,-12.1357,14.15008624
2022,1,25,2,10,0,12.00282299,86,16.4,-9.0429,14.05190466
2022,1,25,2,20,0,12.1423907,87,16.4,-6.039,14.23037131
2022,1,25,2,30,0,12.06949381,87,16.3,-4.1179,14.13205147
2022,1,25,2,40,0,12.00282299,86,16.4,-4.7281,14.05190466
2022,1,25,2,50,0,12.1423907,87,16.4,-4.2216,14.23037131
2022,1,25,3,0,0,12.06949381,87,16.3,-7.5754,14.13205147
2022,1,25,3,10,0,12.1423907,87,16.4,-6.0909,14.23037131
2022,1,25,3,20,0,12.06949381,87,16.3,-7.2107,14.13205147
2022,1,25,3,30,0,12.1423907,87,16.4,-5.2247,14.23037131
2022,1,25,19,30,0,12.73156115,80,18.6,-21.0709,15.08208473
2022,1,25,19,40,0,12.81466157,81,18.5,-11.6665,15.1779653
2022,1,25,19,50,0,12.89070567,81,18.6,-8.107,15.2754182
2022,1,25,20,0,0,12.73156115,80,18.6,-6.6135,15.08208473
2022,1,25,20,10,0,12.73156115,80,18.6,-6.9957,15.08208473
2022,1,25,20,20,0,12.80705183,80,18.7,-6.4037,15.1793895
2022,1,25,20,30,0,12.88292953,80,18.8,-6.179,15.27669326
2022,1,25,20,40,0,12.80705183,80,18.7,-5.9043,15.1793895
2022,1,25,20,50,0,13.04396615,81,18.8,-6.1923,15.47032112
2022,1,25,21,0,0,13.04396615,81,18.8,-8.2765,15.47032112
2022,1,25,21,10,0,13.12722812,82,18.7,-11.315,15.56426414
2022,1,25,21,20,0,13.04985018,82,18.6,-18.048,15.46666652
2022,1,25,21,30,0,12.97286727,82,18.5,-21.4312,15.36906798
2022,1,25,21,40,0,13.13107297,83,18.5,-20.0862,15.55813467
2022,1,25,21,50,0,13.05354937,83,18.4,-19.2163,15.46039109
2022,1,25,22,0,0,13.13107297,83,18.5,-20.9623,15.55813467
2022,1,25,22,10,0,13.13107297,83,18.5,-15.8713,15.55813467
2022,1,25,22,20,0,13.05354937,83,18.4,-18.2272,15.46039109
2022,1,25,22,30,0,12.97286727,82,18.5,-17.2112,15.36906798
2022,1,25,22,40,0,12.97286727,82,18.5,-19.1835,15.36906798
2022,1,25,22,50,0,12.89070567,81,18.6,-15.0849,15.2754182
2022,1,25,23,0,0,13.04985018,82,18.6,-18.218,15.46666652
2022,1,25,23,10,0,13.04985018,82,18.6,-22.5114,15.46666652
2022,1,25,23,20,0,13.13107297,83,18.5,-22.0878,15.55813467
2022,1,25,23,30,0,13.13107297,83,18.5,-22.9929,15.55813467
2022,1,25,23,40,0,13.21082105,84,18.4,-23.2043,15.6473251
2022,1,25,23,50,0,13.13107297,83,18.5,-20.712,15.55813467
2022,1,26,0,0,0,13.05354937,83,18.4,-21.4605,15.46039109
2022,1,26,0,10,0,13.21082105,84,18.4,-20.2465,15.6473251
2022,1,26,0,20,0,13.21082105,84,18.4,-8.8666,15.6473251
2022,1,26,0,30,0,13.36809273,85,18.4,-7.9503,15.83231499
2022,1,26,0,40,0,13.21082105,84,18.4,-6.5244,15.6473251
2022,1,26,0,50,0,13.21082105,84,18.4,-2.4669,15.6473251
2022,1,26,1,0,0,13.13276467,84,18.3,-1.6778,15.54943799
2022,1,26,1,10,0,13.28927866,84,18.5,-1.2839,15.7452114
2022,1,26,1,20,0,13.21082105,84,18.4,-1.47,15.6473251
2022,1,26,1,30,0,13.2891071,85,18.3,-7.7464,15.7342866
2022,1,26,1,40,0,13.3659437,86,18.2,-8.2262,15.81906635
2022,1,26,1,50,0,13.44134334,87,18.1,-5.6876,15.90170995
2022,1,26,2,0,0,13.6767796,88,18.2,-4.2405,16.17915303
2022,1,26,2,10,0,13.51531846,88,18,-4.8608,15.98226155
2022,1,26,2,20,0,13.66890163,89,18,-4.173,16.15934633
2022,1,26,2,30,0,13.82248479,90,18,-3.6787,16.33469287
2022,1,26,2,40,0,13.74055424,90,17.9,-5.8122,16.23597579
2022,1,26,2,50,0,13.81081165,91,17.8,-8.2688,16.31063605
2022,1,26,3,0,0,13.81081165,91,17.8,-8.8675,16.31063605
2022,1,26,3,10,0,13.81081165,91,17.8,-2.9068,16.31063605
2022,1,26,3,20,0,13.96257881,92,17.8,-4.7774,16.48234939
2022,1,26,3,30,0,13.96257881,92,17.8,-5.3659,16.48234939
2022,1,26,23,0,0,14.76470525,95,18.2,-1.6118,17.38532569
2022,1,26,23,10,0,14.76470525,95,18.2,-1.2909,17.38532569
2022,1,26,23,20,0,14.76470525,95,18.2,-1.41,17.38532569
2022,1,26,23,30,0,14.76470525,95,18.2,-1.3582,17.38532569
2022,1,26,23,40,0,14.85253147,95,18.3,-1.3395,17.48469729
2022,1,26,23,50,0,14.9201232,96,18.2,-1.4802,17.55122114
2022,1,27,0,0,0,14.9201232,96,18.2,-1.5375,17.55122114
2022,1,27,0,10,0,15.00887391,96,18.3,-1.5505,17.65072054
2022,1,27,0,20,0,15.00887391,96,18.3,-1.5372,17.65072054
2022,1,27,0,30,0,15.00887391,96,18.3,-1.4935,17.65072054
2022,1,27,0,40,0,15.00887391,96,18.3,-1.5705,17.65072054
2022,1,27,0,50,0,15.00887391,96,18.3,-1.4668,17.65072054
2022,1,27,1,0,0,15.00887391,96,18.3,-1.3627,17.65072054
2022,1,27,1,10,0,14.9201232,96,18.2,-0.9992,17.55122114
2022,1,27,1,20,0,14.83182714,96,18.1,-1.1725,17.45172154
2022,1,27,1,30,0,14.83182714,96,18.1,-1.0822,17.45172154
2022,1,27,1,40,0,14.74398378,96,18,-0.9338,17.35222176
2022,1,27,1,50,0,14.65659119,96,17.9,-0.9466,17.25272178
2022,1,27,2,0,0,14.65659119,96,17.9,-0.9955,17.25272178
2022,1,27,2,10,0,14.56964745,96,17.8,-0.9049,17.15322161
2022,1,27,2,20,0,14.48315064,96,17.7,-0.8518,17.05372124
2022,1,27,2,30,0,14.48315064,96,17.7,-0.9428,17.05372124
2022,1,27,2,40,0,14.48315064,96,17.7,-0.9237,17.05372124
2022,1,27,2,50,0,14.39709884,96,17.6,-0.9942,16.95422069
2022,1,27,3,0,0,14.39709884,96,17.6,-0.9953,16.95422069
2022,1,27,3,10,0,14.39709884,96,17.6,-1.0939,16.95422069
2022,1,27,3,20,0,14.31149014,96,17.5,-1.0968,16.85471994
2022,1,27,3,30,0,14.31149014,96,17.5,-1.124,16.85471994
2022,1,27,19,30,0,13.96257881,92,17.8,-2.5518,16.48234939
2022,1,27,19,40,0,14.04589989,92,17.9,-2.3426,16.58133244
2022,1,27,19,50,0,14.12965112,92,18,-2.5534,16.6803151
2022,1,27,20,0,0,14.12965112,92,18,-2.4313,16.6803151
2022,1,27,20,10,0,14.05933614,91,18.1,-2.3427,16.60718744
2022,1,27,20,20,0,14.05933614,91,18.1,-7.4009,16.60718744
2022,1,27,20,30,0,14.14303345,91,18.2,-2.1661,16.70603702
2022,1,27,20,40,0,14.05933614,91,18.1,-2.0961,16.60718744
2022,1,27,20,50,0,14.05933614,91,18.1,-2.1163,16.60718744
2022,1,27,21,0,0,14.05933614,91,18.1,-2.2411,16.60718744
2022,1,27,21,10,0,14.05933614,91,18.1,-2.3477,16.60718744
2022,1,27,21,20,0,14.05933614,91,18.1,-1.9419,16.60718744
2022,1,27,21,30,0,14.05933614,91,18.1,-2.3924,16.60718744
2022,1,27,21,40,0,14.05933614,91,18.1,-2.7329,16.60718744
2022,1,27,21,50,0,14.14303345,91,18.2,-2.2214,16.70603702
2022,1,27,22,0,0,14.05933614,91,18.1,-2.3548,16.60718744
2022,1,27,22,10,0,14.12965112,92,18,-4.4614,16.6803151
2022,1,27,22,20,0,14.04589989,92,17.9,-4.0237,16.58133244
2022,1,27,22,30,0,14.12965112,92,18,-2.9779,16.6803151
2022,1,27,22,40,0,14.12965112,92,18,-2.037,16.6803151
2022,1,27,22,50,0,14.21383434,92,18.1,-2.1839,16.77929736
2022,1,27,23,0,0,14.14303345,91,18.2,-2.1705,16.70603702
2022,1,27,23,10,0,14.14303345,91,18.2,-2.1849,16.70603702
2022,1,27,23,20,0,13.9876155,90,18.2,-1.9691,16.53212555
2022,1,27,23,30,0,14.07081929,90,18.3,-2.0105,16.63084115
2022,1,27,23,40,0,14.07081929,90,18.3,-1.857,16.63084115
2022,1,27,23,50,0,13.91447685,89,18.3,-1.9402,16.4550905
2022,1,28,0,0,0,13.83219755,89,18.2,-1.7628,16.35650965
2022,1,28,0,10,0,13.66890163,89,18,-1.6301,16.15934633
2022,1,28,0,20,0,13.64724994,91,17.6,-1.6426,16.11293293
2022,1,28,0,30,0,13.6335592,92,17.4,-1.8367,16.0864133
2022,1,28,0,40,0,13.6335592,92,17.4,-1.7337,16.0864133
2022,1,28,0,50,0,13.6335592,92,17.4,-1.8022,16.0864133
2022,1,28,1,0,0,13.6335592,92,17.4,-1.8328,16.0864133
2022,1,28,1,10,0,13.55236135,92,17.3,-1.7621,15.9874283
2022,1,28,1,20,0,13.55236135,92,17.3,-1.6759,15.9874283
2022,1,28,1,30,0,13.55236135,92,17.3,-1.6859,15.9874283
2022,1,28,1,40,0,13.55236135,92,17.3,-1.7005,15.9874283
2022,1,28,1,50,0,13.61801295,93,17.2,-1.5789,16.05774091
2022,1,28,2,0,0,13.53677819,93,17.1,-1.4369,15.9586245
2022,1,28,2,10,0,13.53677819,93,17.1,-1.266,15.9586245
2022,1,28,2,20,0,13.53677819,93,17.1,-1.1691,15.9586245
2022,1,28,2,30,0,13.45596354,93,17,-1.1622,15.85950776
2022,1,28,2,40,0,13.60065133,94,17,-1.0242,16.02695609
2022,1,28,2,50,0,13.60065133,94,17,-0.9981,16.02695609
2022,1,28,3,0,0,13.60065133,94,17,-1.0775,16.02695609
2022,1,28,3,10,0,13.68233495,94,17.1,-1.0745,16.12620227
2022,1,28,3,20,0,13.68233495,94,17.1,-1.1588,16.12620227
2022,1,28,3,30,0,13.68233495,94,17.1,-1.0989,16.12620227
2022,1,28,19,30,0,12.65645068,88,16.9,-9.9994,14.89931596
2022,1,28,19,40,0,12.72373412,89,16.8,-4.9352,14.97632085
2022,1,28,19,50,0,12.72373412,89,16.8,-11.1286,14.97632085
2022,1,28,20,0,0,12.86669743,90,16.8,-8.4852,15.15005553
2022,1,28,20,10,0,12.86669743,90,16.8,-9.0205,15.15005553
2022,1,28,20,20,0,12.72373412,89,16.8,-9.1122,14.97632085
2022,1,28,20,30,0,12.64759112,89,16.7,-8.2302,14.87773187
2022,1,28,20,40,0,12.78969888,90,16.7,-9.4084,15.05133256
2022,1,28,20,50,0,12.71309992,90,16.6,-3.2261,14.9526091
2022,1,28,21,0,0,12.71309992,90,16.6,-5.6785,14.9526091
2022,1,28,21,10,0,12.71309992,90,16.6,-9.5127,14.9526091
2022,1,28,21,20,0,12.63689881,90,16.5,-10.2335,14.85388514
2022,1,28,21,30,0,12.63689881,90,16.5,-5.7783,14.85388514
2022,1,28,21,40,0,12.63689881,90,16.5,-5.3264,14.85388514
2022,1,28,21,50,0,12.7773088,91,16.5,-3.4469,15.02553422
2022,1,28,22,0,0,12.70066153,91,16.4,-2.2639,14.92667715
2022,1,28,22,10,0,12.62441306,91,16.3,-2.2463,14.82781964
2022,1,28,22,20,0,12.48568325,90,16.3,-2.239,14.65643576
2022,1,28,22,30,0,12.62441306,91,16.3,-4.0656,14.82781964
2022,1,28,22,40,0,12.62441306,91,16.3,-5.6822,14.82781964
2022,1,28,22,50,0,12.62441306,91,16.3,-2.5913,14.82781964
2022,1,28,23,0,0,12.70066153,91,16.4,-2.9398,14.92667715
2022,1,28,23,10,0,12.62441306,91,16.3,-2.0589,14.82781964
2022,1,28,23,20,0,12.68645794,92,16.2,-2.5644,14.89856755
2022,1,28,23,30,0,12.54856166,91,16.2,-2.1241,14.72896168
2022,1,28,23,40,0,12.62441306,91,16.3,-1.7042,14.82781964
2022,1,28,23,50,0,12.68645794,92,16.2,-4.1477,14.89856755
2022,1,29,0,0,0,12.68645794,92,16.2,-4.1618,14.89856755
2022,1,29,0,10,0,12.68645794,92,16.2,-2.72,14.89856755
2022,1,29,0,20,0,12.68645794,92,16.2,-3.0691,14.89856755
2022,1,29,0,30,0,12.68645794,92,16.2,-4.5311,14.89856755
2022,1,29,0,40,0,12.68645794,92,16.2,-2.4489,14.89856755
2022,1,29,0,50,0,12.76314288,92,16.3,-1.4841,14.99755685
2022,1,29,1,0,0,12.61017268,92,16.1,-1.2955,14.79957787
2022,1,29,1,10,0,12.53428536,92,16,-1.4711,14.7005878
2022,1,29,1,20,0,12.61017268,92,16.1,-1.432,14.79957787
2022,1,29,1,30,0,12.61017268,92,16.1,-1.491,14.79957787
2022,1,29,1,40,0,12.67052759,93,16,-1.4399,14.86832157
2022,1,29,1,50,0,12.61017268,92,16.1,-1.2998,14.79957787
2022,1,29,2,0,0,12.61017268,92,16.1,-1.1824,14.79957787
2022,1,29,2,10,0,12.61017268,92,16.1,-2.1384,14.79957787
2022,1,29,2,20,0,12.53428536,92,16,-2.6859,14.7005878
2022,1,29,2,30,0,12.67052759,93,16,-2.5222,14.86832157
2022,1,29,2,40,0,12.59421593,93,15.9,-2.4355,14.76920108
2022,1,29,2,50,0,12.51830304,93,15.8,-2.2929,14.67008025
2022,1,29,3,0,0,12.44278717,93,15.7,-2.2038,14.57095908
2022,1,29,3,10,0,12.44278717,93,15.7,-1.9609,14.57095908
2022,1,29,3,20,0,12.51830304,93,15.8,-1.6776,14.67008025
2022,1,29,3,30,0,12.51830304,93,15.8,-2.0499,14.67008025
2022,1,29,19,30,0,11.20547015,89,14.7,-2.5747,12.90583839
2022,1,29,19,40,0,11.33137431,90,14.7,-3.1977,13.07676998
2022,1,29,19,50,0,11.20547015,89,14.7,-2.7871,12.90583839
2022,1,29,20,0,0,11.20547015,89,14.7,-3.128,12.90583839
2022,1,29,20,10,0,11.27402879,89,14.8,-2.7687,13.00443821
2022,1,29,20,20,0,11.27402879,89,14.8,-3.0191,13.00443821
2022,1,29,20,30,0,11.27402879,89,14.8,-2.6468,13.00443821
2022,1,29,20,40,0,11.34295105,89,14.9,-2.6831,13.1030375
2022,1,29,20,50,0,11.34295105,89,14.9,-2.4334,13.1030375
2022,1,29,21,0,0,11.47039994,90,14.9,-2.3597,13.27423508
2022,1,29,21,10,0,11.40070328,90,14.8,-2.2786,13.17550277
2022,1,29,21,20,0,11.52737776,91,14.8,-2.5302,13.34490408
2022,1,29,21,30,0,11.40070328,90,14.8,-2.5215,13.17550277
2022,1,29,21,40,0,11.40070328,90,14.8,-2.1377,13.17550277
2022,1,29,21,50,0,11.52737776,91,14.8,-2.3035,13.34490408
2022,1,29,22,0,0,11.52737776,91,14.8,-2.1313,13.34490408
2022,1,29,22,10,0,11.45727847,91,14.7,-2.3681,13.24603952
2022,1,29,22,20,0,11.33137431,90,14.7,-1.9863,13.07676998
2022,1,29,22,30,0,11.40070328,90,14.8,-2.2729,13.17550277
2022,1,29,22,40,0,11.33137431,90,14.7,-2.5932,13.07676998
2022,1,29,22,50,0,11.33137431,90,14.7,-2.6402,13.07676998
2022,1,29,23,0,0,11.40070328,90,14.8,-2.4574,13.17550277
2022,1,29,23,10,0,11.33137431,90,14.7,-2.2444,13.07676998
2022,1,29,23,20,0,11.33137431,90,14.7,-2.5843,13.07676998
2022,1,29,23,30,0,11.33137431,90,14.7,-2.4483,13.07676998
2022,1,29,23,40,0,11.33137431,90,14.7,-2.4588,13.07676998
2022,1,29,23,50,0,11.33137431,90,14.7,-2.3173,13.07676998
2022,1,30,0,0,0,11.26241143,90,14.6,-2.4513,12.97803669
2022,1,30,0,10,0,11.19381301,90,14.5,-2.8381,12.87930291
2022,1,30,0,20,0,11.38754933,91,14.6,-2.4008,13.14717452
2022,1,30,0,30,0,11.19381301,90,14.5,-2.5478,12.87930291
2022,1,30,0,40,0,11.19381301,90,14.5,-2.3434,12.87930291
2022,1,30,0,50,0,11.31818871,91,14.5,-2.6174,13.04830908
2022,1,30,1,0,0,11.24919498,91,14.4,-2.4347,12.94944319
2022,1,30,1,10,0,11.1805665,91,14.3,-2.4874,12.85057687
2022,1,30,1,20,0,11.24919498,91,14.4,-2.1987,12.94944319
2022,1,30,1,30,0,11.1805665,91,14.3,-2.0927,12.85057687
2022,1,30,1,40,0,11.1805665,91,14.3,-2.0304,12.85057687
2022,1,30,1,50,0,11.30342987,92,14.3,-1.9674,13.01769684
2022,1,30,2,0,0,11.16576592,92,14.1,-1.9865,12.81970225
2022,1,30,2,10,0,11.16576592,92,14.1,-1.8268,12.81970225
2022,1,30,2,20,0,11.21810613,93,14,-1.4784,12.88584708
2022,1,30,2,30,0,11.21810613,93,14,-1.5762,12.88584708
2022,1,30,2,40,0,11.21810613,93,14,-1.6286,12.88584708
2022,1,30,2,50,0,11.14944605,93,13.9,-1.7169,12.78671978
2022,1,30,3,0,0,11.14944605,93,13.9,-1.7038,12.78671978
2022,1,30,3,10,0,11.08115105,93,13.8,-1.7615,12.68759214
2022,1,30,3,20,0,11.08115105,93,13.8,-1.9753,12.68759214
2022,1,30,3,30,0,10.96199889,92,13.8,-1.8696,12.52270744
2022,2,11,20,50,0,14.16241212,95,17.5,0.7283,16.68971774
2022,2,11,21,0,0,14.24712906,95,17.6,1.2857,16.78909103
2022,2,11,21,10,0,14.24712906,95,17.6,1.693,16.78909103
2022,2,11,21,20,0,14.16241212,95,17.5,1.5251,16.68971774
2022,2,11,21,30,0,13.92994092,94,17.4,1.8635,16.42393907
2022,2,11,21,40,0,13.92994092,94,17.4,1.7913,16.42393907
2022,2,11,21,50,0,13.92994092,94,17.4,1.136,16.42393907
2022,2,11,22,0,0,13.92994092,94,17.4,0.5857,16.42393907
2022,2,11,22,10,0,13.92994092,94,17.4,1.5556,16.42393907
2022,2,11,22,20,0,13.92994092,94,17.4,1.7453,16.42393907
2022,2,11,22,30,0,14.01333409,94,17.5,1.7803,16.52318409
2022,2,11,22,40,0,13.92994092,94,17.4,1.4781,16.42393907
2022,2,11,22,50,0,13.92994092,94,17.4,1.3939,16.42393907
2022,2,11,23,0,0,13.92994092,94,17.4,1.3693,16.42393907
2022,2,11,23,10,0,13.92994092,94,17.4,1.512,16.42393907
2022,2,11,23,20,0,13.92994092,94,17.4,1.6996,16.42393907
2022,2,11,23,30,0,13.92994092,94,17.4,1.7028,16.42393907
2022,2,11,23,40,0,13.92994092,94,17.4,1.6823,16.42393907
2022,2,11,23,50,0,13.8469779,94,17.3,1.8483,16.32469376
2022,2,12,0,0,0,13.8469779,94,17.3,1.8373,16.32469376
2022,2,12,0,10,0,13.8469779,94,17.3,2.0197,16.32469376
2022,2,12,0,20,0,13.8469779,94,17.3,1.8875,16.32469376
2022,2,12,0,30,0,13.8469779,94,17.3,1.8324,16.32469376
2022,2,12,0,40,0,13.69966963,93,17.3,1.6823,16.15685698
2022,2,12,0,50,0,13.78175006,93,17.4,1.7153,16.2559727
2022,2,12,1,0,0,13.69966963,93,17.3,1.7562,16.15685698
2022,2,12,1,10,0,13.69966963,93,17.3,1.8099,16.15685698
2022,2,12,1,20,0,13.69966963,93,17.3,1.5719,16.15685698
2022,2,12,1,30,0,13.69966963,93,17.3,1.504,16.15685698
2022,2,12,1,40,0,13.69966963,93,17.3,1.4293,16.15685698
2022,2,12,1,50,0,13.69966963,93,17.3,1.3272,16.15685698
2022,2,12,2,0,0,13.8469779,94,17.3,1.2786,16.32469376
2022,2,12,2,10,0,13.8469779,94,17.3,1.156,16.32469376
2022,2,12,2,20,0,13.8469779,94,17.3,1.2413,16.32469376
2022,2,12,2,30,0,13.8469779,94,17.3,1.1629,16.32469376
2022,2,12,2,40,0,13.92994092,94,17.4,1.6975,16.42393907
2022,2,12,2,50,0,13.8469779,94,17.3,2.0263,16.32469376
2022,2,12,3,0,0,13.8469779,94,17.3,2.4137,16.32469376
2022,2,12,3,10,0,13.68233495,94,17.1,2.3619,16.12620227
2022,2,12,3,20,0,13.8278917,95,17.1,2.2677,16.29222217
2022,2,12,3,30,0,13.8278917,95,17.1,2.3296,16.29222217
2022,2,12,19,30,0,12.65645068,88,16.9,0.8465,14.89931596
2022,2,12,19,40,0,12.51262738,87,16.9,1.5055,14.72196086
2022,2,12,19,50,0,12.58783686,87,17,1.2118,14.82027683
2022,2,12,20,0,0,12.44314908,86,17,-0.1204,14.64098366
2022,2,12,20,10,0,12.2984613,85,17,0.4501,14.45984928
2022,2,12,20,20,0,12.2984613,85,17,-0.4704,14.45984928
2022,2,12,20,30,0,12.2984613,85,17,-1.0417,14.45984928
2022,2,12,20,40,0,12.2984613,85,17,-2.261,14.45984928
2022,2,12,20,50,0,12.2984613,85,17,-3.9454,14.45984928
2022,2,12,21,0,0,12.44314908,86,17,-3.6655,14.64098366
2022,2,12,21,10,0,12.2984613,85,17,-6.3854,14.45984928
2022,2,12,21,20,0,12.2984613,85,17,-1.3633,14.45984928
2022,2,12,21,30,0,12.2984613,85,17,-0.1569,14.45984928
2022,2,12,21,40,0,12.2984613,85,17,-0.7711,14.45984928
2022,2,12,21,50,0,12.37232415,85,17.1,-9.307,14.55788742
2022,2,12,22,0,0,12.2984613,85,17,-8.6689,14.45984928
2022,2,12,22,10,0,12.2984613,85,17,-10.2235,14.45984928
2022,2,12,22,20,0,12.22498077,85,16.9,-11.7553,14.36181039
2022,2,12,22,30,0,12.36880407,86,16.9,-8.6857,14.54280557
2022,2,12,22,40,0,12.36880407,86,16.9,-5.9402,14.54280557
2022,2,12,22,50,0,12.36880407,86,16.9,-5.774,14.54280557
2022,2,12,23,0,0,12.29484421,86,16.8,-5.785,14.44462678
2022,2,12,23,10,0,12.29484421,86,16.8,-7.0502,14.44462678
2022,2,12,23,20,0,12.22498077,85,16.9,-15.8436,14.36181039
2022,2,12,23,30,0,12.29484421,86,16.8,-17.2213,14.44462678
2022,2,12,23,40,0,12.22126782,86,16.7,-17.6437,14.3464473
2022,2,12,23,50,0,12.22126782,86,16.7,-16.7805,14.3464473
2022,2,13,0,0,0,12.22126782,86,16.7,-17.7165,14.3464473
2022,2,13,0,10,0,12.22126782,86,16.7,-17.2341,14.3464473
2022,2,13,0,20,0,12.22126782,86,16.7,-16.0141,14.3464473
2022,2,13,0,30,0,12.14807326,86,16.6,-12.3105,14.24826711
2022,2,13,0,40,0,12.28932992,87,16.6,-8.8556,14.42700907
2022,2,13,0,50,0,12.14807326,86,16.6,-13.6027,14.24826711
2022,2,13,1,0,0,12.22126782,86,16.7,-11.1109,14.3464473
2022,2,13,1,10,0,12.22126782,86,16.7,-10.8912,14.3464473
2022,2,13,1,20,0,12.22126782,86,16.7,-12.1529,14.3464473
2022,2,13,1,30,0,12.00681659,85,16.6,-5.3243,14.06768922
2022,2,13,1,40,0,12.07916006,85,16.7,-8.997,14.16573036
2022,2,13,1,50,0,12.1518809,85,16.8,-13.8681,14.26377075
2022,2,13,2,0,0,12.1518809,85,16.8,-17.4365,14.26377075
2022,2,13,2,10,0,12.07916006,85,16.7,-16.4471,14.16573036
2022,2,13,2,20,0,12.22126782,86,16.7,-18.9229,14.3464473
2022,2,13,2,30,0,12.22126782,86,16.7,-13.3285,14.3464473
2022,2,13,2,40,0,12.14807326,86,16.6,-10.7426,14.24826711
2022,2,13,2,50,0,12.14807326,86,16.6,-9.3113,14.24826711
2022,2,13,3,0,0,12.14807326,86,16.6,-9.8937,14.24826711
2022,2,13,3,10,0,12.28932992,87,16.6,-7.4938,14.42700907
2022,2,13,3,20,0,12.21566885,87,16.5,-14.1729,14.32869051
2022,2,13,3,30,0,12.14807326,86,16.6,-15.0839,14.24826711
2022,2,13,19,30,0,12.20089967,94,15.2,1.3726,14.2404751
2022,2,13,19,40,0,12.12694302,94,15.1,1.1869,14.14122339
2022,2,13,19,50,0,12.12694302,94,15.1,1.3722,14.14122339
2022,2,13,20,0,0,12.05337553,94,15,1.0348,14.04197139
2022,2,13,20,10,0,12.05337553,94,15,1.1716,14.04197139
2022,2,13,20,20,0,11.92514813,93,15,0.8676,13.87710135
2022,2,13,20,30,0,11.92514813,93,15,1.2275,13.87710135
2022,2,13,20,40,0,11.85274661,93,14.9,1.6791,13.77797745
2022,2,13,20,50,0,11.85274661,93,14.9,0.856,13.77797745
2022,2,13,21,0,0,11.85274661,93,14.9,0.7121,13.77797745
2022,2,13,21,10,0,11.78072672,93,14.8,1.0526,13.67885322
2022,2,13,21,20,0,11.78072672,93,14.8,0.6561,13.67885322
2022,2,13,21,30,0,11.78072672,93,14.8,0.8669,13.67885322
2022,2,13,21,40,0,11.78072672,93,14.8,1.5061,13.67885322
2022,2,13,21,50,0,11.78072672,93,14.8,1.6684,13.67885322
2022,2,13,22,0,0,11.70908679,93,14.7,1.1679,13.57972864
2022,2,13,22,10,0,11.63782514,93,14.6,0.4011,13.48060372
2022,2,13,22,20,0,11.63782514,93,14.6,1.1025,13.48060372
2022,2,13,22,30,0,11.56694011,93,14.5,1.1079,13.38147847
2022,2,13,22,40,0,11.62004756,94,14.4,1.3692,13.4464533
2022,2,13,22,50,0,11.54915661,94,14.3,0.7677,13.34719927
2022,2,13,23,0,0,11.54915661,94,14.3,1.0817,13.34719927
2022,2,13,23,10,0,11.62004756,94,14.4,1.5422,13.4464533
2022,2,13,23,20,0,11.4786413,94,14.2,1.4687,13.24794495
2022,2,13,23,30,0,11.4786413,94,14.2,1.3613,13.24794495
2022,2,13,23,40,0,11.33873093,94,14,1.0418,13.04943543
2022,2,13,23,50,0,11.26933256,94,13.9,1.0929,12.95018023
2022,2,14,0,0,0,11.13164123,94,13.7,1.0877,12.75166897
2022,2,14,0,10,0,11.06334498,94,13.6,0.6513,12.6524129
2022,2,14,0,20,0,11.06334498,94,13.6,0.7046,12.6524129
2022,2,14,0,30,0,11.06334498,94,13.6,0.6901,12.6524129
2022,2,14,0,40,0,10.99541284,94,13.5,0.5459,12.55315654
2022,2,14,0,50,0,10.99541284,94,13.5,0.1514,12.55315654
2022,2,14,1,0,0,10.99541284,94,13.5,0.6029,12.55315654
2022,2,14,1,10,0,10.92784318,94,13.4,0.6882,12.45389989
2022,2,14,1,20,0,10.99541284,94,13.5,0.8121,12.55315654
2022,2,14,1,30,0,10.99541284,94,13.5,1.1964,12.55315654
2022,2,14,1,40,0,10.99541284,94,13.5,0.8099,12.55315654
2022,2,14,1,50,0,10.92784318,94,13.4,0.9775,12.45389989
2022,2,14,2,0,0,10.92784318,94,13.4,0.9202,12.45389989
2022,2,14,2,10,0,10.92784318,94,13.4,0.9162,12.45389989
2022,2,14,2,20,0,10.92784318,94,13.4,1.2016,12.45389989
2022,2,14,2,30,0,10.92784318,94,13.4,0.9833,12.45389989
2022,2,14,2,40,0,10.92784318,94,13.4,0.8733,12.45389989
2022,2,14,2,50,0,10.92784318,94,13.4,0.9272,12.45389989
2022,2,14,3,0,0,10.92784318,94,13.4,0.9779,12.45389989
2022,2,14,3,10,0,10.92784318,94,13.4,0.9815,12.45389989
2022,2,14,3,20,0,10.92784318,94,13.4,1.1638,12.45389989
2022,2,14,3,30,0,10.92784318,94,13.4,0.9828,12.45389989
2022,2,14,22,10,0,8.969025877,73,14.3,-32.5157,9.526734525
2022,2,14,22,20,0,8.884791238,71,14.6,-31.6691,9.401881676
2022,2,14,22,30,0,8.900461959,72,14.4,-30.8108,9.417746192
2022,2,14,22,40,0,8.914263986,73,14.2,-30.4936,9.430442138
2022,2,14,22,50,0,8.846162509,72,14.3,-31.12,9.321613035
2022,2,14,23,0,0,8.900461959,72,14.4,-30.0261,9.417746192
2022,2,14,23,10,0,8.830674709,71,14.5,-30.2762,9.305911208
2022,2,14,23,20,0,8.687386972,69,14.7,-29.3481,9.073404714
2022,2,14,23,30,0,8.561482813,68,14.7,-29.2523,8.857100761
2022,2,14,23,40,0,8.539075512,67,14.9,-30.0704,8.828590737
2022,2,14,23,50,0,8.591235753,67,15,-29.3088,8.92389604
2022,2,15,0,0,0,8.643672153,67,15.1,-29.4941,9.019199573
2022,2,15,0,10,0,8.591235753,67,15,-29.1999,8.92389604
2022,2,15,0,20,0,8.539075512,67,14.9,-29.0635,8.828590737
2022,2,15,0,30,0,8.613864697,68,14.8,-28.9447,8.952577215
2022,2,15,0,40,0,8.561482813,68,14.7,-29.088,8.857100761
2022,2,15,0,50,0,8.435578654,67,14.7,-29.4705,8.637974817
2022,2,15,1,0,0,8.233841254,65,14.8,-28.9909,8.285900318
2022,2,15,1,10,0,8.206553555,64,15,-29.0973,8.247220217
2022,2,15,1,20,0,8.029279959,63,14.9,-28.5291,7.920826701
2022,2,15,1,30,0,8.156728847,64,14.9,-28.6209,8.152430764
2022,2,15,1,40,0,8.156728847,64,14.9,-28.7205,8.152430764
2022,2,15,1,50,0,8.107166774,64,14.8,-26.676,8.057639354
2022,2,15,2,0,0,8.233841254,65,14.8,-24.2004,8.285900318
2022,2,15,2,10,0,8.360515735,66,14.8,-26.2299,8.511085934
2022,2,15,2,20,0,8.435578654,67,14.7,-25.4275,8.637974817
2022,2,15,2,30,0,8.435578654,67,14.7,-24.0859,8.637974817
2022,2,15,2,40,0,8.509377524,68,14.6,-20.9469,8.761622596
2022,2,15,2,50,0,8.634515429,69,14.6,-16.8925,8.977761015
2022,2,15,3,0,0,8.509377524,68,14.6,-7.4262,8.761622596
2022,2,15,3,10,0,8.509377524,68,14.6,-4.0281,8.761622596
2022,2,15,3,20,0,8.687386972,69,14.7,-3.2846,9.073404714
2022,2,15,3,30,0,8.687386972,69,14.7,1.703,9.073404714
2022,2,15,19,30,0,10.77313481,83,15.2,-1.4694,12.33214461
2022,2,15,19,40,0,10.70783267,83,15.1,-1.1337,12.23437278
2022,2,15,19,50,0,10.77313481,83,15.2,-1.4016,12.33214461
2022,2,15,20,0,0,10.77313481,83,15.2,-2.0409,12.33214461
2022,2,15,20,10,0,10.64333801,82,15.2,-1.6363,12.14780602
2022,2,15,20,20,0,10.64333801,82,15.2,-2.7061,12.14780602
2022,2,15,20,30,0,10.77313481,83,15.2,-4.6098,12.33214461
2022,2,15,20,40,0,10.77313481,83,15.2,-11.6122,12.33214461
2022,2,15,20,50,0,10.70783267,83,15.1,-4.521,12.23437278
2022,2,15,21,0,0,10.77313481,83,15.2,-3.4303,12.33214461
2022,2,15,21,10,0,10.83878209,83,15.3,-1.987,12.42991558
2022,2,15,21,20,0,10.77339319,82,15.4,-1.5398,12.34306222
2022,2,15,21,30,0,10.77339319,82,15.4,-0.7844,12.34306222
2022,2,15,21,40,0,10.83893601,82,15.5,-0.7601,12.44068895
2022,2,15,21,50,0,10.77339319,82,15.4,-4.0957,12.34306222
2022,2,15,22,0,0,10.83893601,82,15.5,-2.1556,12.44068895
2022,2,15,22,10,0,10.97111815,83,15.5,-1.4213,12.62545495
2022,2,15,22,20,0,10.90477603,83,15.4,-7.1133,12.52768569
2022,2,15,22,30,0,10.97111815,83,15.5,-0.242,12.62545495
2022,2,15,22,40,0,10.97111815,83,15.5,0.0107,12.62545495
2022,2,15,22,50,0,11.1033003,84,15.5,-0.4111,12.80827319
2022,2,15,23,0,0,11.1033003,84,15.5,-5.8766,12.80827319
2022,2,15,23,10,0,11.16754172,85,15.4,0.1179,12.89113707
2022,2,15,23,20,0,11.09995757,85,15.3,0.3366,12.79308618
2022,2,15,23,30,0,11.16754172,85,15.4,-0.3242,12.89113707
2022,2,15,23,40,0,11.29892456,86,15.4,0.0567,13.07005053
2022,2,15,23,50,0,11.29892456,86,15.4,0.3124,13.07005053
2022,2,16,0,0,0,11.2305453,86,15.3,0.5976,12.97186128
2022,2,16,0,10,0,11.29232203,87,15.2,0.8568,13.05049058
2022,2,16,0,20,0,11.21550216,88,14.9,0.5791,12.93013998
2022,2,16,0,30,0,11.20547015,89,14.7,1.3045,12.90583839
2022,2,16,0,40,0,11.31818871,91,14.5,1.4204,13.04830908
2022,2,16,0,50,0,11.24919498,91,14.4,1.3748,12.94944319
2022,2,16,1,0,0,11.31818871,91,14.5,1.39,13.04830908
2022,2,16,1,10,0,11.31818871,91,14.5,1.4563,13.04830908
2022,2,16,1,20,0,11.3728125,92,14.4,1.4009,13.11669355
2022,2,16,1,30,0,11.3728125,92,14.4,1.5531,13.11669355
2022,2,16,1,40,0,11.3728125,92,14.4,1.4717,13.11669355
2022,2,16,1,50,0,11.31818871,91,14.5,1.4499,13.04830908
2022,2,16,2,0,0,11.26241143,90,14.6,1.6584,12.97803669
2022,2,16,2,10,0,11.33137431,90,14.7,1.6951,13.07676998
2022,2,16,2,20,0,11.27402879,89,14.8,1.7226,13.00443821
2022,2,16,2,30,0,11.21550216,88,14.9,1.8202,12.93013998
2022,2,16,2,40,0,11.14735431,88,14.8,1.7868,12.83167495
2022,2,16,2,50,0,11.21550216,88,14.9,1.9252,12.93013998
2022,2,16,3,0,0,11.21550216,88,14.9,1.878,12.93013998
2022,2,16,3,10,0,11.02755634,86,15,2.0179,12.67728935
2022,2,16,3,20,0,11.02755634,86,15,2.0845,12.67728935
2022,2,16,3,30,0,10.96060439,86,14.9,2.083,12.57909731
2022,2,16,23,0,0,11.03562081,81,16,-16.0657,12.74132954
2022,2,16,23,10,0,10.96915581,81,15.9,-21.9438,12.64385158
2022,2,16,23,20,0,10.96915581,81,15.9,-25.3734,12.64385158
2022,2,16,23,30,0,10.96915581,81,15.9,-23.9763,12.64385158
2022,2,16,23,40,0,11.03562081,81,16,-24.998,12.74132954
2022,2,16,23,50,0,10.89937858,80,16,-24.8397,12.55180321
2022,2,17,0,0,0,11.10243464,81,16.1,-25.5958,12.83880653
2022,2,17,0,10,0,11.10243464,81,16.1,-25.2101,12.83880653
2022,2,17,0,20,0,11.03562081,81,16,-24.6661,12.74132954
2022,2,17,0,30,0,11.17186304,82,16,-24.3029,12.92880898
2022,2,17,0,40,0,11.03562081,81,16,-22.0926,12.74132954
2022,2,17,0,50,0,11.10243464,81,16.1,-16.3529,12.83880653
2022,2,17,1,0,0,11.03170256,80,16.2,-21.2172,12.74646469
2022,2,17,1,10,0,11.03170256,80,16.2,-26.3341,12.74646469
2022,2,17,1,20,0,10.9596553,79,16.3,-27.766,12.6517302
2022,2,17,1,30,0,11.03170256,80,16.2,-27.9928,12.74646469
2022,2,17,1,40,0,11.03562081,81,16,-26.9808,12.74132954
2022,2,17,1,50,0,11.10457749,82,15.9,-26.9833,12.83118679
2022,2,17,2,0,0,11.10457749,82,15.9,-25.88,12.83118679
2022,2,17,2,10,0,11.03764354,82,15.8,-16.7032,12.7335637
2022,2,17,2,20,0,11.23999916,83,15.9,-16.3328,13.01652343
2022,2,17,2,30,0,11.23999916,83,15.9,-11.847,13.01652343
2022,2,17,2,40,0,11.30810527,83,16,-7.187,13.11428841
2022,2,17,2,50,0,11.30810527,83,16,-12.8556,13.11428841
2022,2,17,3,0,0,11.17186304,82,16,-16.7196,12.92880898
2022,2,17,3,10,0,11.17186304,82,16,-23.7323,12.92880898
2022,2,17,3,20,0,11.30810527,83,16,-25.6006,13.11428841
2022,2,17,3,30,0,11.23999916,83,15.9,-26.7515,13.01652343
2022,2,17,19,30,0,11.34295105,89,14.9,-0.726,13.1030375
2022,2,17,19,40,0,11.27402879,89,14.8,0.1141,13.00443821
2022,2,17,19,50,0,11.20547015,89,14.7,-0.4185,12.90583839
2022,2,17,20,0,0,11.20547015,89,14.7,-0.3041,12.90583839
2022,2,17,20,10,0,11.20547015,89,14.7,-0.0676,12.90583839
2022,2,17,20,20,0,11.20547015,89,14.7,-0.3981,12.90583839
2022,2,17,20,30,0,11.13727352,89,14.6,-0.4471,12.80723802
2022,2,17,20,40,0,11.13727352,89,14.6,-0.3436,12.80723802
2022,2,17,20,50,0,11.20547015,89,14.7,-0.3129,12.90583839
2022,2,17,21,0,0,11.13727352,89,14.6,-0.6892,12.80723802
2022,2,17,21,10,0,11.13727352,89,14.6,-0.2427,12.80723802
2022,2,17,21,20,0,11.13727352,89,14.6,-0.1285,12.80723802
2022,2,17,21,30,0,11.26241143,90,14.6,-0.1265,12.97803669
2022,2,17,21,40,0,11.33137431,90,14.7,0.0576,13.07676998
2022,2,17,21,50,0,11.33137431,90,14.7,0.222,13.07676998
2022,2,17,22,0,0,11.38754933,91,14.6,0.0053,13.14717452
2022,2,17,22,10,0,11.38754933,91,14.6,0.3317,13.14717452
2022,2,17,22,20,0,11.45727847,91,14.7,0.7454,13.24603952
2022,2,17,22,30,0,11.38754933,91,14.6,0.1755,13.14717452
2022,2,17,22,40,0,11.38754933,91,14.6,0.3354,13.14717452
2022,2,17,22,50,0,11.38754933,91,14.6,0.395,13.14717452
2022,2,17,23,0,0,11.45727847,91,14.7,0.4472,13.24603952
2022,2,17,23,10,0,11.45727847,91,14.7,0.3705,13.24603952
2022,2,17,23,20,0,11.45727847,91,14.7,0.4138,13.24603952
2022,2,17,23,30,0,11.45727847,91,14.7,0.5702,13.24603952
2022,2,17,23,40,0,11.45727847,91,14.7,0.5256,13.24603952
2022,2,17,23,50,0,11.45727847,91,14.7,0.3289,13.24603952
2022,2,18,0,0,0,11.38754933,91,14.6,0.5267,13.14717452
2022,2,18,0,10,0,11.52737776,91,14.8,0.8201,13.34490408
2022,2,18,0,20,0,11.52737776,91,14.8,0.7859,13.34490408
2022,2,18,0,30,0,11.58318263,92,14.7,0.8571,13.41368133
2022,2,18,0,40,0,11.44256441,92,14.5,0.2626,13.21568986
2022,2,18,0,50,0,11.44256441,92,14.5,0.5183,13.21568986
2022,2,18,1,0,0,11.63782514,93,14.6,0.5405,13.48060372
2022,2,18,1,10,0,11.56694011,93,14.5,0.3836,13.38147847
2022,2,18,1,20,0,11.51268724,92,14.6,0.6907,13.31468579
2022,2,18,1,30,0,11.51268724,92,14.6,0.7286,13.31468579
2022,2,18,1,40,0,11.56694011,93,14.5,0.6256,13.38147847
2022,2,18,1,50,0,11.56694011,93,14.5,0.7562,13.38147847
2022,2,18,2,0,0,11.49643003,93,14.4,1.2504,13.28235287
2022,2,18,2,10,0,11.49643003,93,14.4,1.1527,13.28235287
2022,2,18,2,20,0,11.49643003,93,14.4,1.1333,13.28235287
2022,2,18,2,30,0,11.42629324,93,14.3,1.033,13.18322693
2022,2,18,2,40,0,11.42629324,93,14.3,1.0449,13.18322693
2022,2,18,2,50,0,11.42629324,93,14.3,1.0671,13.18322693
2022,2,18,3,0,0,11.42629324,93,14.3,1.2128,13.18322693
2022,2,18,3,10,0,11.35652809,93,14.2,1.1225,13.08410066
2022,2,18,3,20,0,11.35652809,93,14.2,0.9002,13.08410066
2022,2,18,3,30,0,11.35652809,93,14.2,0.7609,13.08410066
2022,2,18,19,30,0,12.40583493,95,15.3,1.4035,14.50344429
2022,2,18,19,40,0,12.48137016,95,15.4,1.6753,14.60282289
2022,2,18,19,50,0,12.48137016,95,15.4,1.569,14.60282289
2022,2,18,20,0,0,12.55730391,95,15.5,1.6381,14.70220125
2022,2,18,20,10,0,12.55730391,95,15.5,1.6694,14.70220125
2022,2,18,20,20,0,12.63363794,95,15.6,1.6436,14.80157937
2022,2,18,20,30,0,12.63363794,95,15.6,1.7478,14.80157937
2022,2,18,20,40,0,12.710374,95,15.7,1.8958,14.90095725
2022,2,18,20,50,0,12.78751385,95,15.8,1.9695,15.00033489
2022,2,18,21,0,0,12.78751385,95,15.8,2.2266,15.00033489
2022,2,18,21,10,0,12.86505928,95,15.9,2.25,15.09971228
2022,2,18,21,20,0,12.86505928,95,15.9,1.891,15.09971228
2022,2,18,21,30,0,12.86505928,95,15.9,1.9782,15.09971228
2022,2,18,21,40,0,12.78751385,95,15.8,2.019,15.00033489
2022,2,18,21,50,0,12.78751385,95,15.8,2.1127,15.00033489
2022,2,18,22,0,0,12.78751385,95,15.8,2.1712,15.00033489
2022,2,18,22,10,0,12.78751385,95,15.8,1.8032,15.00033489
2022,2,18,22,20,0,12.710374,95,15.7,1.7014,14.90095725
2022,2,18,22,30,0,12.710374,95,15.7,1.6799,14.90095725
2022,2,18,22,40,0,12.78751385,95,15.8,1.9165,15.00033489
2022,2,18,22,50,0,12.78751385,95,15.8,1.8759,15.00033489
2022,2,18,23,0,0,13.00048096,96,15.9,1.8447,15.26268176
2022,2,18,23,10,0,13.07925429,96,16,1.8955,15.36218559
2022,2,18,23,20,0,13.07925429,96,16,2.0148,15.36218559
2022,2,18,23,30,0,13.31806213,96,16.3,2.337,15.66069592
2022,2,18,23,40,0,13.64234548,96,16.7,2.7715,16.05870701
2022,2,18,23,50,0,13.64234548,96,16.7,2.9217,16.05870701
2022,2,19,0,0,0,13.64234548,96,16.7,3.1416,16.05870701
2022,2,19,0,10,0,13.56063991,96,16.6,3.0791,15.95920453
2022,2,19,0,20,0,13.56063991,96,16.6,2.6282,15.95920453
2022,2,19,0,30,0,13.47935873,96,16.5,2.4226,15.85970185
2022,2,19,0,40,0,13.47935873,96,16.5,2.7354,15.85970185
2022,2,19,0,50,0,13.39850008,96,16.4,2.4229,15.76019898
2022,2,19,1,0,0,12.86505928,95,15.9,2.4549,15.09971228
2022,2,19,1,10,0,12.7666236,96,15.6,2.067,14.96416911
2022,2,19,1,20,0,12.68948605,96,15.5,1.8077,14.86466451
2022,2,19,1,30,0,12.612753,96,15.4,1.9422,14.76515971
2022,2,19,1,40,0,12.7666236,96,15.6,1.94,14.96416911
2022,2,19,1,50,0,13.00048096,96,15.9,2.1878,15.26268176
2022,2,19,2,0,0,12.92211926,96,15.8,2.4162,15.16317773
2022,2,19,2,10,0,12.84416741,96,15.7,1.8953,15.06367352
2022,2,19,2,20,0,12.7666236,96,15.6,1.9001,14.96416911
2022,2,19,2,30,0,12.612753,96,15.4,1.9496,14.76515971
2022,2,19,2,40,0,12.53642266,96,15.3,2.1355,14.66565473
2022,2,19,2,50,0,12.46049328,96,15.2,1.9559,14.56614955
2022,2,19,3,0,0,12.46049328,96,15.2,1.7958,14.56614955
2022,2,19,3,10,0,12.612753,96,15.4,1.9928,14.76515971
2022,2,19,3,20,0,12.7666236,96,15.6,2.1551,14.96416911
2022,2,19,3,30,0,12.92211926,96,15.8,2.2284,15.16317773
2022,2,19,19,30,0,9.882253256,91,12.3,-1.0792,10.87315783
2022,2,19,19,40,0,9.713008051,90,12.2,-0.5913,10.60829039
2022,2,19,19,50,0,9.713008051,90,12.2,-0.9974,10.60829039
2022,2,19,20,0,0,9.713008051,90,12.2,-1.055,10.60829039
2022,2,19,20,10,0,9.773657066,90,12.3,-0.6322,10.70703547
2022,2,19,20,20,0,9.713008051,90,12.2,-1.2295,10.60829039
2022,2,19,20,30,0,9.713008051,90,12.2,-0.3045,10.60829039
2022,2,19,20,40,0,9.759938434,91,12.1,-0.2664,10.67540623
2022,2,19,20,50,0,9.759938434,91,12.1,-0.7666,10.67540623
2022,2,19,21,0,0,9.759938434,91,12.1,-0.7212,10.67540623
2022,2,19,21,10,0,9.638941489,91,11.9,-0.4522,10.47765287
2022,2,19,21,20,0,9.638941489,91,11.9,-0.6266,10.47765287
2022,2,19,21,30,0,9.638941489,91,11.9,-0.7419,10.47765287
2022,2,19,21,40,0,9.638941489,91,11.9,-0.4387,10.47765287
2022,2,19,21,50,0,9.638941489,91,11.9,-0.1925,10.47765287
2022,2,19,22,0,0,9.578933495,91,11.8,-0.651,10.37877553
2022,2,19,22,10,0,9.51925051,91,11.7,-0.4875,10.27989775
2022,2,19,22,20,0,9.51925051,91,11.7,-0.2224,10.27989775
2022,2,19,22,30,0,9.51925051,91,11.7,-0.5876,10.27989775
2022,2,19,22,40,0,9.459891058,91,11.6,0.061,10.18101952
2022,2,19,22,50,0,9.459891058,91,11.6,-0.1038,10.18101952
2022,2,19,23,0,0,9.623857658,92,11.7,-0.067,10.44364538
2022,2,19,23,10,0,9.504159753,92,11.5,0.1318,10.24563049
2022,2,19,23,20,0,9.504159753,92,11.5,-0.1087,10.24563049
2022,2,19,23,30,0,9.444797722,92,11.4,-0.1282,10.14662246
2022,2,19,23,40,0,9.385758336,92,11.3,-0.7782,10.04761404
2022,2,19,23,50,0,9.444797722,92,11.4,-0.544,10.14662246
2022,2,20,0,0,0,9.283739224,91,11.3,-0.1206,9.884382209
2022,2,20,0,10,0,9.342136878,91,11.4,0.0375,9.983261755
2022,2,20,0,20,0,9.283739224,91,11.3,-0.216,9.884382209
2022,2,20,0,30,0,9.283739224,91,11.3,-0.4591,9.884382209
2022,2,20,0,40,0,9.225659252,91,11.2,-0.6739,9.785502222
2022,2,20,0,50,0,9.167895514,91,11.1,-1.2519,9.686621795
2022,2,20,1,0,0,9.010331766,90,11,-0.259,9.423311108
2022,2,20,1,10,0,9.010331766,90,11,-0.8757,9.423311108
2022,2,20,1,20,0,8.953824029,90,10.9,-0.606,9.32455964
2022,2,20,1,30,0,9.110446564,91,11,-1.741,9.587740927
2022,2,20,1,40,0,9.110446564,91,11,-1.5027,9.587740927
2022,2,20,1,50,0,9.110446564,91,11,-1.0381,9.587740927
2022,2,20,2,0,0,9.010331766,90,11,-1.1906,9.423311108
2022,2,20,2,10,0,8.953824029,90,10.9,-1.2276,9.32455964
2022,2,20,2,20,0,9.067149409,90,11.1,-2.1402,9.522062085
2022,2,20,2,30,0,8.953824029,90,10.9,-2.3031,9.32455964
2022,2,20,2,40,0,8.910216969,89,11,-1.2741,9.257263561
2022,2,20,2,50,0,9.010331766,90,11,-0.7119,9.423311108
2022,2,20,3,0,0,8.953824029,90,10.9,-1.4639,9.32455964
2022,2,20,3,10,0,8.841732605,90,10.7,-1.053,9.12705523
2022,2,20,3,20,0,8.536844654,88,10.5,-1.7811,8.597116889
2022,2,20,3,30,0,8.536844654,88,10.5,-1.5462,8.597116889
2022,2,20,19,30,0,7.810573264,88,9.1,-2.9144,7.218186625
2022,2,20,19,40,0,7.760820749,88,9,-2.7729,7.119687152
2022,2,20,19,50,0,7.849011893,89,9,-1.9427,7.284751763
2022,2,20,20,0,0,7.849011893,89,9,-1.7041,7.284751763
2022,2,20,20,10,0,7.849011893,89,9,-1.6728,7.284751763
2022,2,20,20,20,0,7.988086293,90,9.1,-1.2495,7.546949179
2022,2,20,20,30,0,7.988086293,90,9.1,-1.1438,7.546949179
2022,2,20,20,40,0,7.988086293,90,9.1,-0.6276,7.546949179
2022,2,20,20,50,0,8.076842807,91,9.1,-0.6074,7.708920689
2022,2,20,21,0,0,8.128578402,91,9.2,-1.1124,7.807809932
2022,2,20,21,10,0,8.180602312,91,9.3,-1.0891,7.906698734
2022,2,20,21,20,0,8.232915883,91,9.4,-0.8495,8.005587095
2022,2,20,21,30,0,8.232915883,91,9.4,-0.5,8.005587095
2022,2,20,21,40,0,8.285520471,91,9.5,-0.0894,8.104475015
2022,2,20,21,50,0,8.246786471,90,9.6,0.0119,8.040745836
2022,2,20,22,0,0,8.246786471,90,9.6,-0.9533,8.040745836
2022,2,20,22,10,0,8.299392655,90,9.7,-1.2032,8.139503693
2022,2,20,22,20,0,8.299392655,90,9.7,0.0891,8.139503693
2022,2,20,22,30,0,8.391608129,91,9.7,-2.2275,8.302249534
2022,2,20,22,40,0,8.391608129,91,9.7,-0.7875,8.302249534
2022,2,20,22,50,0,8.352290702,90,9.8,-1.6586,8.238261058
2022,2,20,23,0,0,8.259487472,89,9.8,-2.5629,8.073782522
2022,2,20,23,10,0,8.312087723,89,9.9,-1.2979,8.172408926
2022,2,20,23,20,0,8.312087723,89,9.9,-0.1533,8.172408926
2022,2,20,23,30,0,8.312087723,89,9.9,0.0727,8.172408926
2022,2,20,23,40,0,8.312087723,89,9.9,-0.1405,8.172408926
2022,2,20,23,50,0,8.312087723,89,9.9,-1.0687,8.172408926
2022,2,21,0,0,0,8.364979285,89,10,-1.8043,8.271034787
2022,2,21,0,10,0,8.312087723,89,9.9,-0.48,8.172408926
2022,2,21,0,20,0,8.364979285,89,10,-0.5977,8.271034787
2022,2,21,0,30,0,8.364979285,89,10,-0.1082,8.271034787
2022,2,21,0,40,0,8.418163509,89,10.1,-0.272,8.369660106
2022,2,21,0,50,0,8.323577402,88,10.1,-0.136,8.203148692
2022,2,21,1,0,0,8.323577402,88,10.1,-1.4593,8.203148692
2022,2,21,1,10,0,8.228991295,87,10.1,-0.8852,8.034960541
2022,2,21,1,20,0,8.323577402,88,10.1,-1.001,8.203148692
2022,2,21,1,30,0,8.364979285,89,10,-0.038,8.271034787
2022,2,21,1,40,0,8.364979285,89,10,-0.4235,8.271034787
2022,2,21,1,50,0,8.458967816,90,10,0.3612,8.435774314
2022,2,21,2,0,0,8.458967816,90,10,-0.5789,8.435774314
2022,2,21,2,10,0,8.512749615,90,10.1,-0.221,8.534530205
2022,2,21,2,20,0,8.458967816,90,10,-0.4595,8.435774314
2022,2,21,2,30,0,8.512749615,90,10.1,-0.7532,8.534530205
2022,2,21,2,40,0,8.512749615,90,10.1,-0.1508,8.534530205
2022,2,21,2,50,0,8.512749615,90,10.1,-0.2343,8.534530205
2022,2,21,3,0,0,8.566828738,90,10.2,0.4467,8.633285605
2022,2,21,3,10,0,8.566828738,90,10.2,0.6243,8.633285605
2022,2,21,3,20,0,8.566828738,90,10.2,-0.4124,8.633285605
2022,2,21,3,30,0,8.512749615,90,10.1,-0.5665,8.534530205
2022,3,1,22,50,0,14.60228302,86,19.7,-5.5687,17.29152851
2022,3,1,23,0,0,14.68811057,86,19.8,-7.7132,17.38968707
2022,3,1,23,10,0,14.85890256,87,19.8,-7.515,17.57286213
2022,3,1,23,20,0,14.77207701,87,19.7,-7.342,17.47456422
2022,3,1,23,30,0,14.77207701,87,19.7,-6.1952,17.47456422
2022,3,1,23,40,0,15.02969454,88,19.8,-6.7818,17.75419943
2022,3,1,23,50,0,14.941871,88,19.7,-7.3861,17.65576348
2022,3,2,0,0,0,15.02329264,89,19.6,-7.5833,17.73659219
2022,3,2,0,10,0,15.02329264,89,19.6,-8.005,17.73659219
2022,3,2,0,20,0,15.02329264,89,19.6,-7.5572,17.73659219
2022,3,2,0,30,0,15.02329264,89,19.6,-6.0339,17.73659219
2022,3,2,0,40,0,15.02329264,89,19.6,-6.0262,17.73659219
2022,3,2,0,50,0,15.11166499,89,19.7,-5.5156,17.83516545
2022,3,2,1,0,0,15.02329264,89,19.6,-4.8353,17.73659219
2022,3,2,1,10,0,15.02329264,89,19.6,-4.7613,17.73659219
2022,3,2,1,20,0,15.11166499,89,19.7,-4.5504,17.83516545
2022,3,2,1,30,0,15.11166499,89,19.7,-4.4129,17.83516545
2022,3,2,1,40,0,14.93536758,89,19.5,-4.623,17.63801839
2022,3,2,1,50,0,14.93536758,89,19.5,-4.3528,17.63801839
2022,3,2,2,0,0,15.01471814,90,19.4,-3.7083,17.71668037
2022,3,2,2,10,0,15.01471814,90,19.4,-3.7881,17.71668037
2022,3,2,2,20,0,14.9267041,90,19.3,-3.1595,17.61797017
2022,3,2,2,30,0,14.9267041,90,19.3,-2.9384,17.61797017
2022,3,2,2,40,0,14.83913669,90,19.2,-1.7434,17.51925948
2022,3,2,2,50,0,14.83913669,90,19.2,-1.3299,17.51925948
2022,3,2,3,0,0,14.83913669,90,19.2,-1.4893,17.51925948
2022,3,2,3,10,0,14.83913669,90,19.2,-1.203,17.51925948
2022,3,2,3,20,0,14.75201402,90,19.1,-0.7937,17.4205483
2022,3,2,3,30,0,14.91592529,91,19.1,-0.646,17.59566344
2022,3,2,22,30,0,,,,-24.5268,
2022,3,2,22,40,0,,,,-25.6726,
2022,3,2,22,50,0,,,,-25.2968,
2022,3,2,23,0,0,,,,-25.5728,
2022,3,2,23,10,0,,,,-25.0948,
2022,3,2,23,20,0,,,,-24.1499,
2022,3,2,23,30,0,,,,-24.348,
2022,3,2,23,40,0,,,,-22.8512,
2022,3,2,23,50,0,,,,-22.0925,
2022,3,3,0,0,0,12.22015835,81,17.7,-21.9851,14.39830739
2022,3,3,0,10,0,12.22015835,81,17.7,-23.0255,14.39830739
2022,3,3,0,20,0,12.37102451,82,17.7,-20.7237,14.58824695
2022,3,3,0,30,0,12.37102451,82,17.7,-20.5481,14.58824695
2022,3,3,0,40,0,12.37102451,82,17.7,-13.5066,14.58824695
2022,3,3,0,50,0,12.37102451,82,17.7,-17.3696,14.58824695
2022,3,3,1,0,0,12.4449072,82,17.8,-16.9005,14.68585277
2022,3,3,1,10,0,12.29314004,81,17.8,-18.3407,14.495768
2022,3,3,1,20,0,12.29314004,81,17.8,-17.0831,14.495768
2022,3,3,1,30,0,12.29314004,81,17.8,-13.2591,14.495768
2022,3,3,1,40,0,12.29314004,81,17.8,-9.3101,14.495768
2022,3,3,1,50,0,12.14137288,80,17.8,-4.8389,14.30360988
2022,3,3,2,0,0,12.213826,80,17.9,-3.5797,14.4009228
2022,3,3,2,10,0,12.213826,80,17.9,-1.8693,14.4009228
2022,3,3,2,20,0,11.98960572,79,17.8,-2.6022,14.10932922
2022,3,3,2,30,0,12.06115317,79,17.9,-2.1747,14.20649391
2022,3,3,2,40,0,11.98960572,79,17.8,-4.5652,14.10932922
2022,3,3,2,50,0,12.06115317,79,17.9,-6.314,14.20649391
2022,3,3,3,0,0,12.06115317,79,17.9,-3.8808,14.20649391
2022,3,3,3,10,0,11.90848035,78,17.9,-4.9588,14.00988994
2022,3,3,3,20,0,11.97948682,78,18,-6.899,14.10690372
2022,3,3,3,30,0,11.90848035,78,17.9,-10.0157,14.00988994
2022,3,3,19,30,0,15.48039453,86,20.7,-16.2318,18.2730828
2022,3,3,19,40,0,15.30121118,86,20.5,-16.4935,18.07677752
2022,3,3,19,50,0,15.39057748,86,20.6,-18.4999,18.17493051
2022,3,3,20,0,0,15.47913224,87,20.5,-18.8175,18.26092942
2022,3,3,20,10,0,15.21229373,86,20.4,-17.8561,17.97862383
2022,3,3,20,20,0,15.21161728,85,20.6,-18.1412,17.98874995
2022,3,3,20,30,0,14.94796485,85,20.3,-17.3731,17.694712
2022,3,3,20,40,0,15.03579792,86,20.2,-18.5863,17.78231437
2022,3,3,20,50,0,15.03579792,86,20.2,-16.4444,17.78231437
2022,3,3,21,0,0,15.03387833,87,20,-16.1402,17.76945601
2022,3,3,21,10,0,14.94616905,87,19.9,-16.7682,17.67115939
2022,3,3,21,20,0,15.02969454,88,19.8,-18.634,17.75419943
2022,3,3,21,30,0,15.20048652,89,19.8,-17.8047,17.93373817
2022,3,3,21,40,0,15.20048652,89,19.8,-16.2502,17.93373817
2022,3,3,21,50,0,15.11166499,89,19.7,-15.7851,17.83516545
2022,3,3,22,0,0,15.02329264,89,19.6,-14.9012,17.73659219
2022,3,3,22,10,0,15.1031807,90,19.5,-16.3199,17.81539008
2022,3,3,22,20,0,15.18154834,91,19.4,-15.3765,17.89219764
2022,3,3,22,30,0,15.18154834,91,19.4,-13.6442,17.89219764
2022,3,3,22,40,0,15.00401598,91,19.2,-12.7598,17.69450861
2022,3,3,22,50,0,14.91592529,91,19.1,-12.4612,17.59566344
2022,3,3,23,0,0,14.82828238,91,19,-11.7346,17.49681782
2022,3,3,23,10,0,14.74108536,91,18.9,-11.5337,17.39797176
2022,3,3,23,20,0,14.74108536,91,18.9,-6.9932,17.39797176
2022,3,3,23,30,0,14.82828238,91,19,-3.7721,17.49681782
2022,3,3,23,40,0,14.83913669,90,19.2,-3.3104,17.51925948
2022,3,3,23,50,0,14.68569055,87,19.6,-4.1184,17.37626567
2022,3,4,0,0,0,14.60257895,85,19.9,-4.3874,17.30265091
2022,3,4,0,10,0,14.86096306,85,20.2,-6.1842,17.59669785
2022,3,4,0,20,0,14.774374,86,19.9,-9.9041,17.48784494
2022,3,4,0,30,0,14.68811057,86,19.8,-11.3472,17.38968707
2022,3,4,0,40,0,14.68811057,86,19.8,-12.7951,17.38968707
2022,3,4,0,50,0,14.60228302,86,19.7,-15.7469,17.29152851
2022,3,4,1,0,0,14.68569055,87,19.6,-16.7241,17.37626567
2022,3,4,1,10,0,14.59974134,87,19.5,-17.3212,17.27796647
2022,3,4,1,20,0,14.51422753,87,19.4,-17.899,17.17966662
2022,3,4,1,30,0,14.42914729,87,19.3,-20.788,17.08136614
2022,3,4,1,40,0,14.42914729,87,19.3,-18.8964,17.08136614
2022,3,4,1,50,0,14.42914729,87,19.3,-18.1473,17.08136614
2022,3,4,2,0,0,14.51422753,87,19.4,-16.9858,17.17966662
2022,3,4,2,10,0,14.42914729,87,19.3,-16.6217,17.08136614
2022,3,4,2,20,0,14.3444988,87,19.2,-16.1499,16.983065
2022,3,4,2,30,0,14.1796195,86,19.2,-17.9796,16.80072522
2022,3,4,2,40,0,14.09636895,86,19.1,-19.4432,16.70256247
2022,3,4,2,50,0,14.09744276,85,19.3,-19.2289,16.71453678
2022,3,4,3,0,0,13.84986091,84,19.2,-16.6663,16.43039304
2022,3,4,3,10,0,13.76914566,85,18.9,-15.6644,16.32244571
2022,3,4,3,20,0,13.68642824,86,18.6,-14.8485,16.21173826
2022,3,4,3,30,0,13.84557276,87,18.6,-18.1538,16.39324465
2022,3,4,19,30,0,13.65818752,75,20.9,-16.8753,16.30256298
2022,3,4,19,40,0,14.47038309,79,21,-18.2687,17.21806691
2022,3,4,19,50,0,14.38662419,79,20.9,-20.5298,17.12093548
2022,3,4,20,0,0,14.02240586,77,20.9,-19.8395,16.71641365
2022,3,4,20,10,0,13.95277294,74,21.5,-18.76,16.67011775
2022,3,4,20,20,0,14.0046883,73,21.8,-18.9461,16.74463754
2022,3,4,20,30,0,14.35142849,77,21.3,-17.1245,17.1037139
2022,3,4,20,40,0,14.23368482,80,20.5,-14.8734,16.93070138
2022,3,4,20,50,0,14.68163232,83,20.4,-14.1516,17.41510009
2022,3,4,21,0,0,14.400367,80,20.7,-14.9128,17.12527123
2022,3,4,21,10,0,14.37032803,78,21.1,-14.8788,17.1137711
2022,3,4,21,20,0,14.58952694,82,20.5,-14.3381,17.32086591
2022,3,4,21,30,0,14.68827194,85,20,-10.7919,17.4006673
2022,3,4,21,40,0,14.51546874,84,20,-13.3287,17.21340962
2022,3,4,21,50,0,14.77439936,85,20.1,-16.3917,17.49868295
2022,3,4,22,0,0,14.51129334,83,20.2,-10.7645,17.21964459
2022,3,4,22,10,0,14.42038962,82,20.3,-15.4326,17.12570248
2022,3,4,22,20,0,14.28721369,78,21,-12.8616,17.0167923
2022,3,4,22,30,0,14.47038309,79,21,-12.0719,17.21806691
2022,3,4,22,40,0,14.60257895,85,19.9,-12.9142,17.30265091
2022,3,4,22,50,0,14.60228302,86,19.7,-8.4468,17.29152851
2022,3,4,23,0,0,14.77207701,87,19.7,-7.7598,17.47456422
2022,3,4,23,10,0,14.42038962,82,20.3,-8.517,17.12570248
2022,3,4,23,20,0,14.16162362,81,20.2,-7.8534,16.83453361
2022,3,4,23,30,0,14.08719381,82,19.9,-11.9654,16.73536472
2022,3,4,23,40,0,14.18056713,85,19.4,-12.2612,16.81255768
2022,3,4,23,50,0,14.18056713,85,19.4,-12.1602,16.81255768
2022,3,5,0,0,0,14.26329503,86,19.3,-12.5864,16.89888727
2022,3,5,0,10,0,14.09744276,85,19.3,-15.4608,16.71453678
2022,3,5,0,20,0,14.26329503,86,19.3,-18.0634,16.89888727
2022,3,5,0,30,0,14.26028022,87,19.1,-12.5825,16.88476322
2022,3,5,0,40,0,14.41710546,89,18.9,-14.5197,17.0465642
2022,3,5,0,50,0,14.33225911,89,18.8,-14.3761,16.94798661
2022,3,5,1,0,0,14.3444988,87,19.2,-17.401,16.983065
2022,3,5,1,10,0,14.2641151,85,19.5,-19.1,16.91057782
2022,3,5,1,20,0,14.34652661,84,19.8,-18.748,17.01766029
2022,3,5,1,30,0,14.08719381,82,19.9,-19.3431,16.73536472
2022,3,5,1,40,0,13.90531705,80,20.1,-20.1781,16.54154946
2022,3,5,1,50,0,13.98678876,80,20.2,-18.4674,16.63883897
2022,3,5,2,0,0,14.0686728,80,20.3,-15.1607,16.73612746
2022,3,5,2,10,0,14.07913351,81,20.1,-15.6223,16.73709613
2022,3,5,2,20,0,14.07913351,81,20.1,-16.4938,16.73709613
2022,3,5,2,30,0,14.16986234,82,20,-20.7469,16.83295053
2022,3,5,2,40,0,14.34266554,83,20,-20.9997,17.02418567
2022,3,5,2,50,0,14.34266554,83,20,-20.7382,17.02418567
2022,3,5,3,0,0,14.34652661,84,19.8,-20.1859,17.01766029
2022,3,5,3,10,0,14.34808847,85,19.6,-18.8555,17.00859722
2022,3,5,3,20,0,14.09636895,86,19.1,-20.8306,16.70256247
2022,3,5,3,30,0,14.09312556,87,18.9,-18.278,16.68815773
2022,3,5,19,30,0,10.97206766,65,19.6,-23.2178,12.84210632
2022,3,5,19,40,0,11.1408687,66,19.6,-20.3757,13.07561169
2022,3,5,19,50,0,11.1776235,67,19.4,-20.0959,13.1155768
2022,3,5,20,0,0,11.07566585,66,19.5,-20.3428,12.98056043
2022,3,5,20,10,0,10.90785273,65,19.5,-21.2155,12.74722985
2022,3,5,20,20,0,10.57222649,63,19.5,-22.6504,12.27093767
2022,3,5,20,30,0,10.57222649,63,19.5,-21.2001,12.27093767
2022,3,5,20,40,0,10.57222649,63,19.5,-22.5772,12.27093767
2022,3,5,20,50,0,10.5103027,63,19.4,-22.5379,12.17641547
2022,3,5,21,0,0,10.3434725,62,19.4,-23.782,11.9334422
2022,3,5,21,10,0,10.3434725,62,19.4,-17.8534,11.9334422
2022,3,5,21,20,0,10.29686349,61,19.6,-8.0124,11.87530698
2022,3,5,21,30,0,10.12806245,60,19.6,-9.2251,11.62490618
2022,3,5,21,40,0,10.06878713,60,19.5,-14.3773,11.53093823
2022,3,5,21,50,0,10.06878713,60,19.5,-10.8412,11.53093823
2022,3,5,22,0,0,9.959261411,59,19.6,-8.506,11.37080529
2022,3,5,22,10,0,10.12806245,60,19.6,-6.2592,11.62490618
2022,3,5,22,20,0,10.6771329,64,19.4,-7.0736,12.41601899
2022,3,5,22,30,0,10.81814361,66,19.1,-8.415,12.6003371
2022,3,5,22,40,0,10.81814361,66,19.1,-5.0574,12.6003371
2022,3,5,22,50,0,10.65423235,65,19.1,-3.0358,12.36770505
2022,3,5,23,0,0,10.55227498,64,19.2,-3.9938,12.22661028
2022,3,5,23,10,0,10.65423235,65,19.1,-7.341,12.36770505
2022,3,5,23,20,0,10.75457843,66,19,-15.6926,12.50527669
2022,3,5,23,30,0,10.69133663,66,18.9,-17.109,12.41021445
2022,3,5,23,40,0,10.46738025,65,18.8,-11.3091,12.08304157
2022,3,5,23,50,0,10.30634363,64,18.8,-8.7939,11.8477694
2022,3,6,0,0,0,10.36735674,64,18.9,-9.7867,11.94248255
2022,3,6,0,10,0,10.46738025,65,18.8,-13.6613,12.08304157
2022,3,6,0,20,0,10.30634363,64,18.8,-17.9054,11.8477694
2022,3,6,0,30,0,10.14530701,63,18.8,-13.8606,11.60923988
2022,3,6,0,40,0,9.984270388,62,18.8,-12.1588,11.36735469
2022,3,6,0,50,0,10.04337684,62,18.9,-7.7662,11.46170782
2022,3,6,1,0,0,9.881386888,61,18.9,-6.6887,11.21618041
2022,3,6,1,10,0,9.939837637,61,19,-7.7847,11.31034779
2022,3,6,1,20,0,9.939837637,61,19,-11.2196,11.31034779
2022,3,6,1,30,0,9.834676013,60,19.1,-10.2135,11.15504428
2022,3,6,1,40,0,9.613941321,59,19,-13.3947,10.80809803
2022,3,6,1,50,0,9.613941321,59,19,-11.3044,10.80809803
2022,3,6,2,0,0,9.395417041,58,18.9,-12.616,10.45772608
2022,3,6,2,10,0,9.450993163,58,19,-11.5191,10.55132724
2022,3,6,2,20,0,9.179030946,56,19.1,-6.5267,10.11907704
2022,3,6,2,30,0,9.068361309,55,19.2,-9.524,9.942926087
2022,3,6,2,40,0,9.015119679,55,19.1,-6.0833,9.84992082
2022,3,6,2,50,0,8.851208412,54,19.1,-8.1865,9.576418635
2022,3,6,3,0,0,8.851208412,54,19.1,-3.9569,9.576418635
2022,3,6,3,10,0,8.738602715,53,19.2,-10.7971,9.391013422
2022,3,6,3,20,0,8.523385878,52,19.1,-8.0757,9.01575471
2022,3,6,3,30,0,8.408844122,51,19.2,-4.1791,8.820434741
2022,3,6,19,30,0,12.1226001,78,18.2,-2.2416,14.30092788
2022,3,6,19,40,0,12.27801805,79,18.2,-2.2442,14.49798151
2022,3,6,19,50,0,12.20535775,79,18.1,-2.2653,14.40082005
2022,3,6,20,0,0,12.27801805,79,18.2,-2.0075,14.49798151
2022,3,6,20,10,0,12.1226001,78,18.2,-2.7159,14.30092788
2022,3,6,20,20,0,12.27801805,79,18.2,-1.8966,14.49798151
2022,3,6,20,30,0,12.35985595,80,18.1,-2.313,14.59554558
2022,3,6,20,40,0,12.28665315,80,18,-2.1016,14.4982347
2022,3,6,20,50,0,12.44023631,81,18,-2.0732,14.69068633
2022,3,6,21,0,0,12.28665315,80,18,-2.3254,14.4982347
2022,3,6,21,10,0,12.44023631,81,18,-2.514,14.69068633
2022,3,6,21,20,0,12.44023631,81,18,-1.7572,14.69068633
2022,3,6,21,30,0,12.59381948,82,18,-2.0612,14.88106166
2022,3,6,21,40,0,12.51917164,82,17.9,-2.6089,14.78345767
2022,3,6,21,50,0,12.59667436,83,17.8,-2.6601,14.87391164
2022,3,6,22,0,0,12.4449072,82,17.8,-3.1922,14.68585277
2022,3,6,22,10,0,12.4449072,82,17.8,-2.7151,14.68585277
2022,3,6,22,20,0,12.59667436,83,17.8,-1.7717,14.87391164
2022,3,6,22,30,0,12.59667436,83,17.8,-1.3207,14.87391164
2022,3,6,22,40,0,12.59746148,84,17.6,-1.3,14.86420579
2022,3,6,22,50,0,12.59746148,84,17.6,-1.4999,14.86420579
2022,3,6,23,0,0,12.59622317,85,17.4,-1.473,14.85199734
2022,3,6,23,10,0,12.6685117,86,17.3,-1.5338,14.93551374
2022,3,6,23,20,0,12.6685117,86,17.3,-1.8679,14.93551374
2022,3,6,23,30,0,12.6685117,86,17.3,-1.9729,14.93551374
2022,3,6,23,40,0,12.52120342,85,17.3,-3.0446,14.75396145
2022,3,6,23,50,0,12.59622317,85,17.4,-3.252,14.85199734
2022,3,7,0,0,0,12.74743126,85,17.6,-2.4544,15.04806687
2022,3,7,0,10,0,12.59746148,84,17.6,-2.1784,14.86420579
2022,3,7,0,20,0,12.67275681,84,17.7,-3.1273,14.96209851
2022,3,7,0,30,0,12.67275681,84,17.7,-1.6515,14.96209851
2022,3,7,0,40,0,12.74743126,85,17.6,-1.1601,15.04806687
2022,3,7,0,50,0,12.74441403,86,17.4,-1.3678,15.03368904
2022,3,7,1,0,0,12.88586171,88,17.2,-2.1303,15.19467188
2022,3,7,1,10,0,12.95455117,89,17.1,-2.4655,15.27208454
2022,3,7,1,20,0,12.87721242,89,17,-3.033,15.17349719
2022,3,7,1,30,0,12.95455117,89,17.1,-2.197,15.27208454
2022,3,7,1,40,0,12.95455117,89,17.1,-2.0047,15.27208454
2022,3,7,1,50,0,12.95455117,89,17.1,-0.9958,15.27208454
2022,3,7,2,0,0,13.10010793,90,17.1,-0.8897,15.4462215
2022,3,7,2,10,0,13.10010793,90,17.1,-0.0878,15.4462215
2022,3,7,2,20,0,13.24566468,91,17.1,-0.4891,15.6186674
2022,3,7,2,30,0,13.16658798,91,17,-0.0002,15.51981297
2022,3,7,2,40,0,13.15262404,92,16.8,0.1174,15.49249745
2022,3,7,2,50,0,13.15262404,92,16.8,-0.2514,15.49249745
2022,3,7,3,0,0,13.21602218,93,16.7,-0.5778,15.56215548
2022,3,7,3,10,0,13.21602218,93,16.7,-0.6929,15.56215548
2022,3,7,3,20,0,13.21602218,93,16.7,-0.5427,15.56215548
2022,3,7,3,30,0,13.21602218,93,16.7,-0.356,15.56215548
2022,3,7,19,30,0,8.161180658,79,11.5,-3.1895,7.985790131
2022,3,7,19,40,0,8.212432897,79,11.6,-2.9172,8.083022453
2022,3,7,19,50,0,8.007545895,78,11.4,-3.3265,7.701573223
2022,3,7,20,0,0,7.957490763,78,11.3,-3.2806,7.604484929
2022,3,7,20,10,0,7.957490763,78,11.3,-2.7949,7.604484929
2022,3,7,20,20,0,7.90770793,78,11.2,-2.5554,7.507395506
2022,3,7,20,30,0,7.858196155,78,11.1,-2.2701,7.410304953
2022,3,7,20,40,0,7.858196155,78,11.1,-3.78,7.410304953
2022,3,7,20,50,0,7.90770793,78,11.2,-2.4446,7.507395506
2022,3,7,21,0,0,7.759980826,78,10.9,-1.7641,7.216120457
2022,3,7,21,10,0,7.608724603,76,11,-2.2296,6.934002508
2022,3,7,21,20,0,7.660493892,77,10.9,1.1304,7.027748775
2022,3,7,21,30,0,7.809907641,80,10.6,-0.8747,7.29440298
2022,3,7,21,40,0,7.954787064,82,10.5,-3.5357,7.558237353
2022,3,7,21,50,0,7.954787064,82,10.5,-1.5016,7.558237353
2022,3,7,22,0,0,7.908999805,80,10.8,-3.3988,7.489174495
2022,3,7,22,10,0,7.958954693,80,10.9,-3.7413,7.586558724
2022,3,7,22,20,0,8.110469672,80,11.2,-3.0799,7.878705295
2022,3,7,22,30,0,8.009088801,79,11.2,-1.8395,7.69408672
2022,3,7,22,40,0,8.161528988,80,11.3,-1.4255,7.976085447
2022,3,7,22,50,0,8.2635481,81,11.3,-1.5413,8.158823204
2022,3,7,23,0,0,8.418189274,82,11.4,-1.4809,8.437246581
2022,3,7,23,10,0,8.471098911,82,11.5,-1.2149,8.53490972
2022,3,7,23,20,0,8.577786174,82,11.7,-1.4373,8.730233269
2022,3,7,23,30,0,8.526303441,81,11.8,-1.0972,8.646425132
2022,3,7,23,40,0,8.526303441,81,11.8,-1.3326,8.646425132
2022,3,7,23,50,0,8.52683602,80,12,-0.7616,8.657717973
2022,3,8,0,0,0,8.687417727,81,12.1,-0.9022,8.938974715
2022,3,8,0,10,0,8.633784934,80,12.2,-0.6636,8.852460951
2022,3,8,0,20,0,8.741707245,81,12.2,-0.2892,9.036489313
2022,3,8,0,30,0,8.796291359,81,12.3,-0.4919,9.134002948
2022,3,8,0,40,0,8.796291359,81,12.3,-0.4046,9.134002948
2022,3,8,0,50,0,8.849629557,82,12.2,-0.5068,9.21852621
2022,3,8,1,0,0,8.687417727,81,12.1,-0.7039,8.938974715
2022,3,8,1,10,0,8.687417727,81,12.1,-1.0344,8.938974715
2022,3,8,1,20,0,8.741707245,81,12.2,-1.412,9.036489313
2022,3,8,1,30,0,8.741707245,81,12.2,-1.0436,9.036489313
2022,3,8,1,40,0,8.796291359,81,12.3,-1.089,9.134002948
2022,3,8,1,50,0,8.851171406,81,12.4,-2.275,9.231515617
2022,3,8,2,0,0,8.796393804,80,12.5,-2.6287,9.144567776
2022,3,8,2,10,0,8.740545046,79,12.6,-2.9845,9.055286595
2022,3,8,2,20,0,8.740545046,79,12.6,-6.1525,9.055286595
2022,3,8,2,30,0,8.683615374,78,12.7,-8.4566,8.963618243
2022,3,8,2,40,0,8.572286972,77,12.7,-12.092,8.77258294
2022,3,8,2,50,0,8.289532826,74,12.8,-18.5855,8.282527079
2022,3,8,3,0,0,7.953470684,71,12.8,-24.6713,7.674179063
2022,3,8,3,10,0,7.792988156,70,12.7,-26.7536,7.370515897
2022,3,8,3,20,0,7.681659754,69,12.7,-24.2617,7.160217249
2022,3,8,3,30,0,7.412867317,67,12.6,-31.1413,6.636079852
2022,3,8,19,30,0,7.630139764,55,16.3,-37.1811,7.244738193
2022,3,8,19,40,0,7.675757283,56,16.1,-35.0897,7.32176703
2022,3,8,19,50,0,7.675757283,56,16.1,-37.1154,7.32176703
2022,3,8,20,0,0,7.675757283,56,16.1,-37.5164,7.32176703
2022,3,8,20,10,0,7.722191789,56,16.2,-36.3294,7.415046683
2022,3,8,20,20,0,7.768869578,56,16.3,-37.5877,7.508323854
2022,3,8,20,30,0,7.630139764,55,16.3,-35.1597,7.244738193
2022,3,8,20,40,0,7.722191789,56,16.2,-36.9031,7.415046683
2022,3,8,20,50,0,7.630139764,55,16.3,-36.2485,7.244738193
2022,3,8,21,0,0,7.722191789,56,16.2,-36.4599,7.415046683
2022,3,8,21,10,0,7.630139764,55,16.3,-35.7905,7.244738193
2022,3,8,21,20,0,7.675757283,56,16.1,-35.0164,7.32176703
2022,3,8,21,30,0,7.722191789,56,16.2,-35.0846,7.415046683
2022,3,8,21,40,0,7.584295507,55,16.2,-35.8565,7.151658971
2022,3,8,21,50,0,7.722191789,56,16.2,-31.7781,7.415046683
2022,3,8,22,0,0,7.722191789,56,16.2,-35.3211,7.415046683
2022,3,8,22,10,0,7.71903557,57,15.9,-34.4553,7.393886771
2022,3,8,22,20,0,7.71903557,57,15.9,-34.2342,7.393886771
2022,3,8,22,30,0,7.672508313,57,15.8,-32.4979,7.300404881
2022,3,8,22,40,0,7.672508313,57,15.8,-33.2673,7.300404881
2022,3,8,22,50,0,7.760017808,58,15.7,-31.7098,7.46125053
2022,3,8,23,0,0,7.672508313,57,15.8,-31.2581,7.300404881
2022,3,8,23,10,0,7.713168424,58,15.6,-30.0143,7.367571951
2022,3,8,23,20,0,7.666564492,58,15.5,-29.895,7.273891024
2022,3,8,23,30,0,7.580182761,57,15.6,-28.8791,7.113433856
2022,3,8,23,40,0,7.620204938,58,15.4,-28.7869,7.18020775
2022,3,8,23,50,0,7.620204938,58,15.4,-28.5988,7.18020775
2022,3,9,0,0,0,7.534382345,57,15.5,-29.0916,7.019944722
2022,3,9,0,10,0,7.534382345,57,15.5,-30.9453,7.019944722
2022,3,9,0,20,0,7.534382345,57,15.5,-27.9812,7.019944722
2022,3,9,0,30,0,7.666564492,58,15.5,-28.9236,7.273891024
2022,3,9,0,40,0,7.574088693,58,15.3,-28.4157,7.086522127
2022,3,9,0,50,0,7.658011494,59,15.2,-29.7909,7.242380259
2022,3,9,1,0,0,7.740601928,60,15.1,-27.3544,7.394157418
2022,3,9,1,10,0,7.693643957,60,15,-28.9969,7.300089858
2022,3,9,1,20,0,7.565416558,59,15,-29.6843,7.054619698
2022,3,9,1,30,0,7.740601928,60,15.1,-28.7691,7.394157418
2022,3,9,1,40,0,7.693643957,60,15,-30.0472,7.300089858
2022,3,9,1,50,0,7.693643957,60,15,-30.3929,7.300089858
2022,3,9,2,0,0,7.693643957,60,15,-30.2688,7.300089858
2022,3,9,2,10,0,7.774382182,61,14.9,-27.7453,7.447723993
2022,3,9,2,20,0,7.835669108,63,14.5,-29.089,7.542354167
2022,3,9,2,30,0,7.863255564,64,14.3,-29.2118,7.583652938
2022,3,9,2,40,0,7.767489332,64,14.1,-29.5518,7.394044666
2022,3,9,2,50,0,7.646122312,63,14.1,-28.8935,7.163849292
2022,3,9,3,0,0,7.693131933,63,14.2,-28.4842,7.258478543
2022,3,9,3,10,0,7.524755291,62,14.1,-29.1704,6.930407662
2022,3,9,3,20,0,7.448905523,61,14.2,-29.2834,6.787890602
2022,3,9,3,30,0,7.358112625,61,14,-27.9003,6.599347424
2022,3,11,19,30,0,11.07566585,66,19.5,-22.9054,12.98056043
2022,3,11,19,40,0,10.94624967,66,19.3,-24.4595,12.79045242
2022,3,11,19,50,0,10.8439631,65,19.4,-24.9045,12.65235149
2022,3,11,20,0,0,10.90785273,65,19.5,-24.6722,12.74722985
2022,3,11,20,10,0,10.8439631,65,19.4,-22.8214,12.65235149
2022,3,11,20,20,0,11.04691287,67,19.2,-22.4711,12.92512018
2022,3,11,20,30,0,11.84652294,74,18.7,-24.0608,13.9717822
2022,3,11,20,40,0,12.1226001,78,18.2,-25.1847,14.30092788
2022,3,11,20,50,0,11.72568274,75,18.3,-24.6606,13.79269898
2022,3,11,21,0,0,11.89636135,77,18.1,-24.8749,14.00478151
2022,3,11,21,10,0,12.44023631,81,18,-25.763,14.69068633
2022,3,11,21,20,0,12.67184447,83,17.9,-25.2131,14.97166035
2022,3,11,21,30,0,12.74740264,83,18,-24.9328,15.06940821
2022,3,11,21,40,0,13.05456897,85,18,-23.7758,15.44019693
2022,3,11,21,50,0,12.97448912,86,17.7,-23.8615,15.32821076
2022,3,11,22,0,0,13.04737082,87,17.6,-22.4802,15.41015912
2022,3,11,22,10,0,13.26794398,89,17.5,-24.9612,15.66642854
2022,3,11,22,20,0,13.26794398,89,17.5,-27.3355,15.66642854
2022,3,11,22,30,0,13.41702201,90,17.5,-25.7481,15.84110257
2022,3,11,22,40,0,13.41702201,90,17.5,-24.7417,15.84110257
2022,3,11,22,50,0,13.48536834,91,17.4,-19.6586,15.91522804
2022,3,11,23,0,0,13.40505308,91,17.3,-16.7858,15.81637493
2022,3,11,23,10,0,13.40505308,91,17.3,-13.5434,15.81637493
2022,3,11,23,20,0,13.24566468,91,17.1,-12.5956,15.6186674
2022,3,11,23,30,0,13.31127576,92,17,-10.5683,15.69047096
2022,3,11,23,40,0,13.23174389,92,16.9,-12.2055,15.5914844
2022,3,11,23,50,0,13.15262404,92,16.8,-7.476,15.49249745
2022,3,12,0,0,0,13.07391441,92,16.7,-10.5689,15.39351011
2022,3,12,0,10,0,12.99561325,92,16.6,-6.2469,15.29452238
2022,3,12,0,20,0,12.99561325,92,16.6,-7.7205,15.29452238
2022,3,12,0,30,0,12.76314288,92,16.3,-7.7204,14.99755685
2022,3,12,0,40,0,12.91771878,92,16.5,-7.0752,15.19553426
2022,3,12,0,50,0,12.84022924,92,16.4,-6.0574,15.09654575
2022,3,12,1,0,0,12.84022924,92,16.4,-7.1508,15.09654575
2022,3,12,1,10,0,12.76314288,92,16.3,-6.5961,14.99755685
2022,3,12,1,20,0,12.70066153,91,16.4,-6.5058,14.92667715
2022,3,12,1,30,0,12.70066153,91,16.4,-7.9894,14.92667715
2022,3,12,1,40,0,12.86669743,90,16.8,-4.9328,15.15005553
2022,3,12,1,50,0,12.64759112,89,16.7,-3.6797,14.87773187
2022,3,12,2,0,0,12.64759112,89,16.7,-4.4895,14.87773187
2022,3,12,2,10,0,12.72373412,89,16.8,-7.403,14.97632085
2022,3,12,2,20,0,12.50548335,88,16.7,-3.5033,14.70240905
2022,3,12,2,30,0,12.35607883,88,16.5,-5.2332,14.50549976
2022,3,12,2,40,0,12.42152612,89,16.4,-5.4685,14.58196168
2022,3,12,2,50,0,12.34695344,89,16.3,-3.9364,14.48337053
2022,3,12,3,0,0,12.33603849,90,16.1,-5.1957,14.45898442
2022,3,12,3,30,0,12.63689881,90,16.5,-4.6171,14.85388514
2022,3,12,19,30,0,13.77993565,77,20.6,-21.6362,16.42592603
2022,3,12,19,40,0,14.05576376,79,20.5,-20.7013,16.73239905
2022,3,12,19,50,0,13.97408377,79,20.4,-20.2841,16.63526227
2022,3,12,20,0,0,13.8119539,79,20.2,-20.6739,16.44098547
2022,3,12,20,10,0,13.8119539,79,20.2,-20.1377,16.44098547
2022,3,12,20,20,0,13.98678876,80,20.2,-19.8558,16.63883897
2022,3,12,20,30,0,14.42676644,83,20.1,-19.9769,17.12191556
2022,3,12,20,40,0,14.17573462,83,19.8,-19.7463,16.82872333
2022,3,12,20,50,0,14.43078391,84,19.9,-19.2883,17.11553536
2022,3,12,21,0,0,14.2641151,85,19.5,-19.7592,16.91057782
2022,3,12,21,10,0,14.51688951,86,19.6,-20.1958,17.19336924
2022,3,12,21,20,0,14.51688951,86,19.6,-20.4389,17.19336924
2022,3,12,21,30,0,14.59974134,87,19.5,-23.0642,17.27796647
2022,3,12,21,40,0,14.43192822,86,19.5,-21.2697,17.09520928
2022,3,12,21,50,0,14.34739733,86,19.4,-24.0984,16.99704863
2022,3,12,22,0,0,14.42914729,87,19.3,-22.5449,17.08136614
2022,3,12,22,10,0,14.3444988,87,19.2,-22.2281,16.983065
2022,3,12,22,20,0,14.26329503,86,19.3,-21.2998,16.89888727
2022,3,12,22,30,0,14.09744276,85,19.3,-19.7558,16.71453678
2022,3,12,22,40,0,14.0147402,85,19.2,-23.9582,16.61651514
2022,3,12,22,50,0,14.09636895,86,19.1,-21.3129,16.70256247
2022,3,12,23,0,0,14.01354159,86,19,-21.3333,16.60439902
2022,3,12,23,10,0,14.09636895,86,19.1,-21.8875,16.70256247
2022,3,12,23,20,0,14.01354159,86,19,-20.4751,16.60439902
2022,3,12,23,30,0,14.09312556,87,18.9,-18.7207,16.68815773
2022,3,12,23,40,0,14.01018587,87,18.8,-20.8107,16.58985402
2022,3,12,23,50,0,13.92766886,87,18.7,-24.2631,16.49154966
2022,3,13,0,0,0,14.17122249,88,18.8,-20.9786,16.76981323
2022,3,13,0,10,0,14.17122249,88,18.8,-20.3815,16.76981323
2022,3,13,0,20,0,14.09312556,87,18.9,-20.1183,16.68815773
2022,3,13,0,30,0,13.84914925,86,18.8,-18.7492,16.40807004
2022,3,13,0,40,0,13.84557276,87,18.6,-18.4606,16.39324465
2022,3,13,0,50,0,13.84557276,87,18.6,-18.1633,16.39324465
2022,3,13,1,0,0,13.92766886,87,18.7,-17.3299,16.49154966
2022,3,13,1,10,0,13.84557276,87,18.6,-16.6315,16.39324465
2022,3,13,1,20,0,13.92766886,87,18.7,-18.1239,16.49154966
2022,3,13,1,30,0,13.60569006,86,18.5,-18.076,16.11357133
2022,3,13,1,40,0,13.60569006,86,18.5,-19.5586,16.11357133
2022,3,13,1,50,0,13.52136165,87,18.2,-19.0488,16.00001818
2022,3,13,2,0,0,13.51531846,88,18,-20.2923,15.98226155
2022,3,13,2,10,0,13.66890163,89,18,-19.6088,16.15934633
2022,3,13,2,20,0,13.59584154,88,18.1,-21.4514,16.08070759
2022,3,13,2,30,0,13.44134334,87,18.1,-19.3227,15.90170995
2022,3,13,2,40,0,13.3617353,87,18,-18.3552,15.80340107
2022,3,13,2,50,0,13.28253577,87,17.9,-18.0972,15.70509155
2022,3,13,3,0,0,13.43520859,88,17.9,-22.2778,15.88381492
2022,3,13,3,10,0,13.44134334,87,18.1,-21.1919,15.90170995
2022,3,13,3,20,0,13.51531846,88,18,-18.2965,15.98226155
2022,3,13,3,30,0,13.35551017,88,17.8,-17.6194,15.78536769
2022,3,13,19,30,0,12.89943586,61,23.5,-20.808,15.54565897
2022,3,13,19,40,0,12.76034166,60,23.6,-21.2617,15.38181183
2022,3,13,19,50,0,12.47650354,59,23.5,-23.1806,15.02640481
2022,3,13,20,0,0,12.5476693,59,23.6,-20.729,15.12009263
2022,3,13,20,10,0,12.82621795,61,23.4,-20.65,15.45158813
2022,3,13,20,20,0,12.82621795,61,23.4,-24.1563,15.45158813
2022,3,13,20,30,0,12.61595208,60,23.4,-23.3796,15.19405051
2022,3,13,20,40,0,12.75335884,61,23.3,-23.1323,15.35751514
2022,3,13,20,50,0,12.88873996,62,23.2,-23.5042,15.51692316
2022,3,13,21,0,0,12.88873996,62,23.2,-24.6011,15.51692316
2022,3,13,21,10,0,13.02211153,63,23.1,-23.2438,15.67239333
2022,3,13,21,20,0,13.07853769,64,22.9,-22.4878,15.72940601
2022,3,13,21,30,0,13.2576358,66,22.6,-24.3239,15.92629863
2022,3,13,21,40,0,13.10644626,66,22.4,-24.5701,15.73630405
2022,3,13,21,50,0,13.22885688,67,22.3,-24.849,15.87640292
2022,3,13,22,0,0,13.15306175,67,22.2,-24.874,15.78122677
2022,3,13,22,10,0,13.12087556,68,21.9,-25.6106,15.72703724
2022,3,13,22,20,0,13.12087556,68,21.9,-25.4932,15.72703724
2022,3,13,22,30,0,13.12087556,68,21.9,-25.8717,15.72703724
2022,3,13,22,40,0,13.04546307,68,21.8,-24.9532,15.63168209
2022,3,13,22,50,0,12.97042518,68,21.7,-25.1534,15.53632523
2022,3,13,23,0,0,12.97042518,68,21.7,-22.0426,15.53632523
2022,3,13,23,10,0,12.82146703,68,21.5,-24.5637,15.34560639
2022,3,13,23,20,0,12.89576035,68,21.6,-23.2146,15.44096667
2022,3,13,23,30,0,12.86037098,69,21.3,-24.4786,15.38224344
2022,3,13,23,40,0,13.12247144,70,21.4,-21.1261,15.7024312
2022,3,13,23,50,0,12.97141262,70,21.2,-23.1153,15.51102792
2022,3,14,0,0,0,13.04675317,70,21.3,-23.3367,15.60673035
2022,3,14,0,10,0,12.93500756,69,21.4,-19.7294,15.47777671
2022,3,14,0,20,0,12.86037098,69,21.3,-22.776,15.38224344
2022,3,14,0,30,0,12.89644823,70,21.1,-23.1299,15.4153239
2022,3,14,0,40,0,12.78032571,71,20.7,-23.4198,15.25318751
2022,3,14,0,50,0,13.0359049,72,20.8,-25.6905,15.5672086
2022,3,14,1,0,0,13.14033489,73,20.7,-24.6673,15.68650877
2022,3,14,1,10,0,13.14033489,73,20.7,-24.9222,15.68650877
2022,3,14,1,20,0,13.16615846,74,20.5,-23.9453,15.70654833
2022,3,14,1,30,0,13.34407952,75,20.5,-16.2825,15.91648711
2022,3,14,1,40,0,13.34407952,75,20.5,-9.7264,15.91648711
2022,3,14,1,50,0,13.24305504,74,20.6,-13.4436,15.80291137
2022,3,14,2,0,0,13.06409484,73,20.6,-15.1971,15.59030678
2022,3,14,2,10,0,13.0359049,72,20.8,-16.455,15.5672086
2022,3,14,2,20,0,13.06409484,73,20.6,-15.47,15.59030678
2022,3,14,2,30,0,13.16615846,74,20.5,-17.7123,15.70654833
2022,3,14,2,40,0,12.9377796,74,20.2,-16.4274,15.41745111
2022,3,14,2,50,0,12.76294474,73,20.2,-18.5116,15.2054847
2022,3,14,3,0,0,12.41327502,71,20.2,-16.0636,14.77378634
2022,3,14,3,10,0,12.61463355,73,20,-14.3018,15.01306519
2022,3,14,3,20,0,12.75379703,76,19.5,-16.0074,15.15714341
2022,3,14,3,30,0,12.69570583,77,19.2,-14.2817,15.07017626
2022,3,14,22,10,0,13.66320789,70,22.1,-19.6777,16.37229268
2022,3,14,22,20,0,13.74200481,70,22.2,-15.6985,16.46798082
2022,3,14,22,30,0,14.03362155,74,21.6,-15.7788,16.76646725
2022,3,14,22,40,0,14.24725471,76,21.4,-16.2063,16.99403144
2022,3,14,22,50,0,14.28721369,78,21,-16.5732,17.0167923
2022,3,14,23,0,0,14.10404428,77,21,-16.7464,16.81324049
2022,3,14,23,10,0,14.22036241,79,20.7,-16.0444,16.92666941
2022,3,14,23,20,0,14.67473667,82,20.6,-15.7686,17.41844626
2022,3,14,23,30,0,14.15097091,80,20.4,-18.0201,16.83341493
2022,3,14,23,40,0,14.16986234,82,20,-15.0021,16.83295053
2022,3,14,23,50,0,14.23368482,80,20.5,-16.906,16.93070138
2022,3,15,0,0,0,13.94117607,77,20.8,-15.6542,16.61958562
2022,3,15,0,10,0,14.30328454,79,20.8,-17.0368,17.02380298
2022,3,15,0,20,0,14.13785606,79,20.6,-16.5718,16.82953477
2022,3,15,0,30,0,14.16986234,82,20,-16.1878,16.83295053
2022,3,15,0,40,0,14.43078391,84,19.9,-17.3407,17.11553536
2022,3,15,0,50,0,14.43248903,85,19.7,-16.144,17.10661586
2022,3,15,1,0,0,14.34808847,85,19.6,-15.7558,17.00859722
2022,3,15,1,10,0,14.34739733,86,19.4,-20.7583,16.99704863
2022,3,15,1,20,0,14.3444988,87,19.2,-19.6173,16.983065
2022,3,15,1,30,0,14.34808847,85,19.6,-15.4684,17.00859722
2022,3,15,1,40,0,14.16986234,82,20,-17.0192,16.83295053
2022,3,15,1,50,0,14.26269505,84,19.7,-16.0369,16.91978442
2022,3,15,2,0,0,14.2641151,85,19.5,-13.0921,16.91057782
2022,3,15,2,10,0,14.18056713,85,19.4,-10.9505,16.81255768
2022,3,15,2,20,0,14.09630199,84,19.5,-12.3156,16.72403028
2022,3,15,2,30,0,13.73150058,79,20.1,-9.9675,16.34384546
2022,3,15,2,40,0,13.8119539,79,20.2,-12.4899,16.44098547
2022,3,15,2,50,0,13.63711904,78,20.2,-18.1864,16.24092128
2022,3,15,3,0,0,13.65145274,79,20,-20.3626,16.24670439
2022,3,15,3,10,0,13.49256669,79,19.8,-19.0442,16.05241901
2022,3,15,3,20,0,13.11261446,75,20.2,-17.2714,15.6269166
2022,3,15,3,30,0,12.86241827,74,20.1,-19.191,15.32108266
2022,3,15,19,30,0,15.52969576,92,19.6,-24.7931,18.26398453
2022,3,15,19,40,0,15.6984968,93,19.6,-24.1848,18.43643256
2022,3,15,19,50,0,15.79084094,93,19.7,-23.8682,18.53554045
2022,3,15,20,0,0,15.79084094,93,19.7,-23.0642,18.53554045
2022,3,15,20,10,0,15.79084094,93,19.7,-21.988,18.53554045
2022,3,15,22,50,0,14.24725471,76,21.4,-22.9361,16.99403144
2022,3,15,23,0,0,14.1650463,76,21.3,-20.3096,16.89736428
2022,3,15,23,10,0,14.35142849,77,21.3,-23.2938,17.1037139
2022,3,15,23,20,0,14.35142849,77,21.3,-22.9391,17.1037139
2022,3,15,23,30,0,14.26855389,77,21.2,-22.6273,17.00689061
2022,3,15,23,40,0,14.28721369,78,21,-20.9565,17.0167923
2022,3,15,23,50,0,14.49577647,81,20.6,-19.7754,17.22427393
2022,3,16,0,0,0,14.43078391,84,19.9,-18.3977,17.11553536
2022,3,16,0,10,0,14.51422753,87,19.4,-19.165,17.17966662
2022,3,16,0,20,0,14.59499956,88,19.3,-17.297,17.26201375
2022,3,16,0,30,0,14.3394379,88,19,-17.2845,16.96669522
2022,3,16,0,40,0,14.41710546,89,18.9,-16.8422,17.0465642
2022,3,16,0,50,0,14.57909541,90,18.9,-16.6796,17.22312446
2022,3,16,1,0,0,14.3230063,90,18.6,-15.6434,16.92698501
2022,3,16,1,10,0,14.23851285,90,18.5,-17.7702,16.82827088
2022,3,16,1,20,0,14.31172281,91,18.4,-13.3423,16.90373487
2022,3,16,1,30,0,14.39671855,91,18.5,-11.5778,17.00258313
2022,3,16,1,40,0,14.23851285,90,18.5,-12.1012,16.82827088
2022,3,16,1,50,0,14.15445113,90,18.4,-14.4028,16.72955626
2022,3,16,2,0,0,14.22716172,91,18.3,-12.9927,16.80488617
2022,3,16,2,10,0,14.14303345,91,18.2,-8.9311,16.70603702
2022,3,16,2,20,0,14.14303345,91,18.2,-10.2663,16.70603702
2022,3,16,2,30,0,14.14303345,91,18.2,-9.2705,16.70603702
2022,3,16,2,40,0,14.05933614,91,18.1,-9.6556,16.60718744
2022,3,16,2,50,0,14.05933614,91,18.1,-10.0644,16.60718744
2022,3,16,3,0,0,13.97606796,91,18,-9.3436,16.50833742
2022,3,16,3,10,0,13.97606796,91,18,-8.3411,16.50833742
2022,3,16,3,20,0,14.12965112,92,18,-8.5467,16.6803151
2022,3,16,3,30,0,13.97606796,91,18,-7.7102,16.50833742
2022,3,16,21,10,0,16.77439694,90,21.3,-16.2027,19.59208087
2022,3,16,21,20,0,16.77439694,90,21.3,-16.9696,19.59208087
2022,3,16,21,30,0,16.67753052,90,21.2,-13.5693,19.49338
2022,3,16,21,40,0,16.67753052,90,21.2,-14.2541,19.49338
2022,3,16,21,50,0,16.67753052,90,21.2,-13.9394,19.49338
2022,3,16,22,0,0,16.77439694,90,21.3,-13.6585,19.59208087
2022,3,16,22,10,0,16.77439694,90,21.3,-14.3948,19.59208087
2022,3,16,22,20,0,16.77439694,90,21.3,-12.2896,19.59208087
2022,3,16,22,30,0,16.87174899,90,21.4,-11.0913,19.69078125
2022,3,16,22,40,0,16.77439694,90,21.3,-10.1174,19.59208087
2022,3,16,22,50,0,16.77439694,90,21.3,-10.1341,19.59208087
2022,3,16,23,0,0,16.77439694,90,21.3,-12.749,19.59208087
2022,3,16,23,10,0,16.77439694,90,21.3,-15.8808,19.59208087
2022,3,16,23,20,0,16.77439694,90,21.3,-16.5176,19.59208087
2022,3,16,23,30,0,16.77439694,90,21.3,-13.807,19.59208087
2022,3,16,23,40,0,16.77439694,90,21.3,-12.6792,19.59208087
2022,3,16,23,50,0,16.67753052,90,21.2,-11.0474,19.49338
2022,3,17,0,0,0,16.67753052,90,21.2,-12.0302,19.49338
2022,3,17,0,10,0,16.78103772,89,21.5,-13.3561,19.60939142
2022,3,17,0,20,0,16.49583024,85,22,-13.8461,19.36083785
2022,3,17,0,30,0,16.49040577,84,22.2,-13.7943,19.36644044
2022,3,17,0,40,0,16.58543251,84,22.3,-11.2719,19.46429625
2022,3,17,0,50,0,16.29409142,83,22.2,-10.3091,19.17404557
2022,3,17,1,0,0,16.39584946,84,22.1,-10.6415,19.26858383
2022,3,17,1,10,0,16.59103815,85,22.1,-11.8901,19.45883851
2022,3,17,1,20,0,16.4989875,87,21.6,-10.6558,19.34211417
2022,3,17,1,30,0,16.68863104,88,21.6,-14.4497,19.52594505
2022,3,17,1,40,0,16.49222462,89,21.2,-11.0469,19.31369929
2022,3,17,1,50,0,16.66841597,91,21,0.716,19.47364646
2022,3,17,2,0,0,16.94961768,92,21.1,-5.5937,19.7485839
2022,3,17,2,10,0,16.94961768,92,21.1,-4.5969,19.7485839
2022,3,17,2,20,0,16.85158538,92,21,-2.6349,19.64961334
2022,3,17,2,30,0,16.94961768,92,21.1,-5.9962,19.7485839
2022,3,17,2,40,0,16.94961768,92,21.1,-12.3434,19.7485839
2022,3,17,2,50,0,16.94961768,92,21.1,-12.7129,19.7485839
2022,3,17,3,0,0,16.86283641,91,21.2,-13.2856,19.67131963
2022,3,17,3,10,0,16.86283641,91,21.2,-9.8052,19.67131963
2022,3,17,3,20,0,16.67753052,90,21.2,-6.1259,19.49338
2022,3,17,3,30,0,16.86283641,91,21.2,-0.2779,19.67131963
2022,3,17,19,30,0,17.07934884,87,22.2,-1.7027,19.93181842
2022,3,17,19,40,0,17.56698157,90,22.1,-1.936,20.38167015
2022,3,17,19,50,0,17.36586471,90,21.9,-1.8877,20.18427578
2022,3,17,20,0,0,17.46617319,90,22,-1.4313,20.28297321
2022,3,17,20,10,0,17.66024178,91,22,-1.0266,20.46199471
2022,3,17,20,20,0,17.16673921,90,21.7,-1.8093,19.98687944
2022,3,17,20,30,0,17.16673921,90,21.7,-1.6629,19.98687944
2022,3,17,20,40,0,17.26605407,90,21.8,-1.6254,20.08557786
2022,3,17,20,50,0,17.07420902,89,21.8,-1.9026,19.90507867
2022,3,17,21,0,0,16.68863104,88,21.6,-2.2207,19.52594505
2022,3,17,21,10,0,16.97599767,89,21.7,-2.2662,19.8065168
2022,3,17,21,20,0,16.88236398,88,21.8,-1.1566,19.72279381
2022,3,17,21,30,0,16.88236398,88,21.8,-1.3365,19.72279381
2022,3,17,21,40,0,16.5940485,86,21.9,-1.8555,19.45085594
2022,3,17,21,50,0,16.5940485,86,21.9,-1.7557,19.45085594
2022,3,17,22,0,0,16.78700255,87,21.9,-1.5395,19.6369692
2022,3,17,22,10,0,16.9799566,88,21.9,-1.6573,19.8212173
2022,3,17,22,20,0,17.2721046,89,22,-3.3145,20.1022008
2022,3,17,22,30,0,17.17635512,86,22.5,-3.9722,20.03970488
2022,3,17,22,40,0,17.07422793,85,22.6,-3.8039,19.94883056
2022,3,17,22,50,0,16.87335466,84,22.6,-4.5025,19.75785887
2022,3,17,23,0,0,17.07422793,85,22.6,-5.3332,19.94883056
2022,3,17,23,10,0,17.2751012,86,22.6,-10.6329,20.13784392
2022,3,17,23,20,0,17.37433686,86,22.7,-9.6591,20.23598228
2022,3,17,23,30,0,17.37433686,86,22.7,-11.7843,20.23598228
2022,3,17,23,40,0,17.2751012,86,22.6,-12.0955,20.13784392
2022,3,17,23,50,0,17.2751012,86,22.6,-12.0146,20.13784392
2022,3,18,0,0,0,17.27087734,85,22.8,-12.4775,20.14482213
2022,3,18,0,10,0,17.16558072,84,22.9,-13.6124,20.05141428
2022,3,18,0,20,0,17.263955,84,23,-9.1466,20.14926447
2022,3,18,0,30,0,17.15611518,83,23.1,-8.0907,20.05341437
2022,3,18,0,40,0,17.46216382,84,23.2,-10.1217,20.34496246
2022,3,18,0,50,0,17.46947827,85,23,-5.6772,20.34081071
2022,3,18,1,0,0,17.57428502,86,22.9,-7.5511,20.43225689
2022,3,18,1,10,0,17.57636404,87,22.7,-4.4338,20.42322088
2022,3,18,1,20,0,17.67684774,88,22.6,-1.5695,20.51016511
2022,3,18,1,30,0,17.67684774,88,22.6,-1.9267,20.51016511
2022,3,18,1,40,0,17.98041838,89,22.7,-2.4198,20.79211117
2022,3,18,1,50,0,17.97525536,90,22.5,-2.4954,20.77645301
2022,3,18,2,0,0,18.27946754,91,22.6,-4.4258,21.05498252
2022,3,18,2,10,0,18.48034081,92,22.6,-2.2764,21.23309547
2022,3,18,2,20,0,18.26959176,92,22.4,-2.6206,21.03516566
2022,3,18,2,30,0,18.25723496,93,22.2,-1.8632,21.01312729
2022,3,18,2,40,0,18.04837896,93,22,-2.2381,20.81492817
2022,3,18,2,50,0,18.15254762,93,22.1,-1.9791,20.9140279
2022,3,18,3,0,0,18.15254762,93,22.1,-1.9475,20.9140279
2022,3,18,3,10,0,18.25723496,93,22.2,-2.1392,21.01312729
2022,3,18,3,20,0,18.25723496,93,22.2,-3.2742,21.01312729
2022,3,18,3,30,0,18.16499751,92,22.3,-2.4295,20.93620018
2022,3,18,19,30,0,11.05798783,72,18,-14.2229,12.87755996
2022,3,18,19,40,0,10.96937215,71,18.1,-9.8745,12.75988412
2022,3,18,19,50,0,11.12387035,72,18.1,-9.5435,12.97363868
2022,3,18,20,0,0,11.1900924,72,18.2,-16.9033,13.06971594
2022,3,18,20,10,0,10.96937215,71,18.1,-19.7595,12.75988412
2022,3,18,20,20,0,11.12387035,72,18.1,-22.3466,12.97363868
2022,3,18,20,30,0,10.9924434,72,17.9,-23.5748,12.78147976
2022,3,18,20,40,0,11.14511622,73,17.9,-23.0192,12.99231937
2022,3,18,20,50,0,10.9924434,72,17.9,-22.8808,12.78147976
2022,3,18,21,0,0,11.14511622,73,17.9,-22.7486,12.99231937
2022,3,18,21,10,0,11.07900275,73,17.8,-21.6931,12.89607785
2022,3,18,21,20,0,11.07900275,73,17.8,-23.3316,12.89607785
2022,3,18,21,30,0,11.09776369,74,17.6,-24.3196,12.91143134
2022,3,18,21,40,0,11.03177365,74,17.5,-23.5487,12.81502768
2022,3,18,21,50,0,11.26250543,76,17.4,-24.3586,13.12637786
2022,3,18,22,0,0,11.19542894,76,17.3,-25.0054,13.0296611
2022,3,18,22,10,0,11.03177365,74,17.5,-24.5233,12.81502768
2022,3,18,22,20,0,11.18085167,75,17.5,-23.167,13.02025674
2022,3,18,22,30,0,10.9661237,74,17.4,-24.6655,12.71862266
2022,3,18,22,40,0,10.9661237,74,17.4,-24.7703,12.71862266
2022,3,18,22,50,0,11.11431457,75,17.4,-21.5441,12.92369562
2022,3,18,23,0,0,11.18085167,75,17.5,-20.6919,13.02025674
2022,3,18,23,10,0,11.18085167,75,17.5,-23.0003,13.02025674
2022,3,18,23,20,0,11.32992969,76,17.5,-24.8503,13.22309339
2022,3,18,23,30,0,11.47900772,77,17.5,-25.0709,13.42359671
2022,3,18,23,40,0,11.41069629,77,17.4,-24.9161,13.32672843
2022,3,18,23,50,0,11.47900772,77,17.5,-24.1053,13.42359671
2022,3,19,0,0,0,11.47900772,77,17.5,-24.1574,13.42359671
2022,3,19,0,10,0,11.47900772,77,17.5,-22.9138,13.42359671
2022,3,19,0,20,0,11.47900772,77,17.5,-24.5652,13.42359671
2022,3,19,0,30,0,11.47900772,77,17.5,-23.7813,13.42359671
2022,3,19,0,40,0,11.62808574,78,17.5,-22.9671,13.62182356
2022,3,19,0,50,0,11.62808574,78,17.5,-22.8183,13.62182356
2022,3,19,1,0,0,11.63735377,79,17.3,-22.6394,13.62348971
2022,3,19,1,10,0,11.55888715,78,17.4,-23.488,13.52480415
2022,3,19,1,20,0,11.63735377,79,17.3,-24.0214,13.62348971
2022,3,19,1,30,0,11.63735377,79,17.3,-23.4063,13.62348971
2022,3,19,1,40,0,11.64454038,80,17.1,-23.3354,13.62239093
2022,3,19,1,50,0,11.79351086,82,16.9,-23.0962,13.80736771
2022,3,19,2,0,0,11.72430326,83,16.6,-22.8096,13.7008603
2022,3,19,2,10,0,11.79494453,83,16.7,-23.2968,13.79861929
2022,3,19,2,20,0,11.86555993,84,16.6,-21.1506,13.88523442
2022,3,19,2,30,0,11.930764,86,16.3,-22.0536,13.95372238
2022,3,19,2,40,0,11.930764,86,16.3,-23.7518,13.95372238
2022,3,19,2,50,0,11.79203418,85,16.3,-22.7025,13.77356131
2022,3,19,3,0,0,11.86325528,85,16.4,-24.7015,13.8716047
2022,3,19,3,10,0,11.93484887,85,16.5,-24.0845,13.96964734
2022,3,19,3,20,0,11.93484887,85,16.5,-22.1519,13.96964734
2022,3,19,3,30,0,12.00282299,86,16.4,-25.1273,14.05190466
2022,3,19,19,30,0,14.32987491,76,21.5,-11.767,17.09069736
2022,3,19,19,40,0,14.43471858,77,21.4,-10.3085,17.20053601
2022,3,19,19,50,0,14.62218246,78,21.4,-6.5165,17.40470074
2022,3,19,20,0,0,14.43471858,77,21.4,-10.1268,17.20053601
2022,3,19,20,10,0,14.53781068,78,21.3,-19.5387,17.30772532
2022,3,19,20,20,0,14.26855389,77,21.2,-21.5224,17.00689061
2022,3,19,20,30,0,14.26855389,77,21.2,-20.2282,17.00689061
2022,3,19,20,40,0,14.45385978,78,21.2,-12.0228,17.21074877
2022,3,19,20,50,0,14.37032803,78,21.1,-6.9531,17.1137711
2022,3,19,21,0,0,14.63916568,79,21.2,-7.3758,17.41232654
2022,3,19,21,10,0,14.45385978,78,21.2,-5.4695,17.21074877
2022,3,19,21,20,0,14.63916568,79,21.2,-11.2413,17.41232654
2022,3,19,21,30,0,14.554563,79,21.1,-14.6404,17.31519726
2022,3,19,21,40,0,14.73879798,80,21.1,-15.7149,17.51439873
2022,3,19,21,50,0,14.6535525,80,21,-15.3205,17.41711838
2022,3,19,22,0,0,14.73879798,80,21.1,-17.9446,17.51439873
2022,3,19,22,10,0,14.73879798,80,21.1,-20.4726,17.51439873
2022,3,19,22,20,0,14.83672191,81,21,-18.2018,17.61399884
2022,3,19,22,30,0,14.73879798,80,21.1,-19.5086,17.51439873
2022,3,19,22,40,0,14.73879798,80,21.1,-19.3381,17.51439873
2022,3,19,22,50,0,14.73879798,80,21.1,-15.5657,17.51439873
2022,3,19,23,0,0,14.73879798,80,21.1,-13.5724,17.51439873
2022,3,19,23,10,0,14.73879798,80,21.1,-10.2337,17.51439873
2022,3,19,23,20,0,14.82447157,80,21.2,-4.88,17.61167806
2022,3,19,23,30,0,14.73879798,80,21.1,-6.5408,17.51439873
2022,3,19,23,40,0,14.82447157,80,21.2,-8.7618,17.61167806
2022,3,19,23,50,0,14.82447157,80,21.2,-8.048,17.61167806
2022,3,20,0,0,0,14.82447157,80,21.2,-9.188,17.61167806
2022,3,20,0,10,0,14.82447157,80,21.2,-8.9627,17.61167806
2022,3,20,0,20,0,14.92303295,81,21.1,-3.4812,17.71142766
2022,3,20,0,30,0,14.82447157,80,21.2,-4.3823,17.61167806
2022,3,20,0,40,0,14.82447157,80,21.2,-2.5881,17.61167806
2022,3,20,0,50,0,15.00977746,81,21.2,-2.3979,17.80885552
2022,3,20,1,0,0,14.92303295,81,21.1,-2.9121,17.71142766
2022,3,20,1,10,0,14.92303295,81,21.1,-2.3867,17.71142766
2022,3,20,1,20,0,14.92303295,81,21.1,-2.5242,17.71142766
2022,3,20,1,30,0,14.92303295,81,21.1,-2.135,17.71142766
2022,3,20,1,40,0,14.92303295,81,21.1,-6.6787,17.71142766
2022,3,20,1,50,0,14.92303295,81,21.1,-9.5708,17.71142766
2022,3,20,2,0,0,15.01989131,82,21,-4.0237,17.80875856
2022,3,20,2,10,0,15.00977746,81,21.2,-3.1875,17.80885552
2022,3,20,2,20,0,15.00977746,81,21.2,-3.1692,17.80885552
2022,3,20,2,30,0,15.00977746,81,21.2,-2.1782,17.80885552
2022,3,20,2,40,0,15.00977746,81,21.2,-5.2755,17.80885552
2022,3,20,2,50,0,15.10726793,82,21.1,-4.641,17.90633436
2022,3,20,3,0,0,15.10726793,82,21.1,-3.3872,17.90633436
2022,3,20,3,10,0,15.01989131,82,21,-5.0728,17.80875856
2022,3,20,3,20,0,15.01989131,82,21,-6.1961,17.80875856
2022,3,20,3,30,0,14.93295169,82,20.9,-4.8936,17.71118185
2022,3,20,19,30,0,16.38041746,91,20.7,-7.4895,19.1771334
2022,3,20,19,40,0,16.19081648,91,20.5,-4.0229,18.97945582
2022,3,20,19,50,0,16.27361655,92,20.4,-1.5643,19.05578179
2022,3,20,20,0,0,16.27361655,92,20.4,-1.8071,19.05578179
2022,3,20,20,10,0,16.27361655,92,20.4,-1.873,19.05578179
2022,3,20,20,20,0,16.35483213,93,20.3,-1.7742,19.13018069
2022,3,20,20,30,0,16.25964193,93,20.2,-1.8076,19.03107484
2022,3,20,20,40,0,16.16493107,93,20.1,-1.6452,18.93196864
2022,3,20,20,50,0,15.9911146,92,20.1,-1.5167,18.75886074
2022,3,20,21,0,0,15.89789433,92,20,-1.8349,18.65988628
2022,3,20,21,10,0,15.9911146,92,20.1,-1.7996,18.75886074
2022,3,20,21,20,0,15.9911146,92,20.1,-1.889,18.75886074
2022,3,20,21,30,0,15.89789433,92,20,-1.8894,18.65988628
2022,3,20,21,40,0,15.89789433,92,20,-2.1251,18.65988628
2022,3,20,21,50,0,15.80514428,92,19.9,-2.1641,18.56091143
2022,3,20,22,0,0,15.89789433,92,20,-1.9995,18.65988628
2022,3,20,22,10,0,15.89789433,92,20,-2.1451,18.65988628
2022,3,20,22,20,0,15.80514428,92,19.9,-2.1205,18.56091143
2022,3,20,22,30,0,15.89789433,92,20,-2.2635,18.65988628
2022,3,20,22,40,0,15.71286247,92,19.8,-2.3545,18.46193619
2022,3,20,22,50,0,15.80514428,92,19.9,-2.4314,18.56091143
2022,3,20,23,0,0,15.80514428,92,19.9,-2.2692,18.56091143
2022,3,20,23,10,0,15.80514428,92,19.9,-2.1274,18.56091143
2022,3,20,23,20,0,15.81729814,91,20.1,-2.2046,18.58409538
2022,3,20,23,30,0,15.81729814,91,20.1,-1.8214,18.58409538
2022,3,20,23,40,0,15.81729814,91,20.1,-1.9862,18.58409538
2022,3,20,23,50,0,15.81729814,91,20.1,-1.9483,18.58409538
2022,3,21,0,0,0,15.90997221,91,20.2,-1.9803,18.68293615
2022,3,21,0,10,0,15.81729814,91,20.1,-1.5238,18.58409538
2022,3,21,0,20,0,16.00311531,91,20.3,-1.7709,18.78177648
2022,3,21,0,30,0,16.00311531,91,20.3,-1.4496,18.78177648
2022,3,21,0,40,0,15.81729814,91,20.1,-1.2426,18.58409538
2022,3,21,0,50,0,15.9911146,92,20.1,-1.4584,18.75886074
2022,3,21,1,0,0,15.89789433,92,20,-1.6262,18.65988628
2022,3,21,1,10,0,15.89789433,92,20,-1.7258,18.65988628
2022,3,21,1,20,0,16.07069753,93,20,-1.5969,18.8328621
2022,3,21,1,30,0,16.07069753,93,20,-2.7179,18.8328621
2022,3,21,1,40,0,16.07069753,93,20,-3.6395,18.8328621
2022,3,21,1,50,0,16.16493107,93,20.1,-1.6865,18.93196864
2022,3,21,2,0,0,16.07069753,93,20,-1.6831,18.8328621
2022,3,21,2,10,0,16.33874753,94,20.1,-2.9173,19.1034525
2022,3,21,2,20,0,16.24350073,94,20,-1.8618,19.00421505
2022,3,21,2,30,0,16.24350073,94,20,-1.5107,19.00421505
2022,3,21,2,40,0,16.24350073,94,20,-1.2313,19.00421505
2022,3,21,2,50,0,16.14873437,94,19.9,-1.0392,18.9049773
2022,3,21,3,0,0,16.24350073,94,20,-0.8686,19.00421505
2022,3,21,3,10,0,16.14873437,94,19.9,-1.1858,18.9049773
2022,3,21,3,20,0,16.24350073,94,20,-1.1273,19.00421505
2022,3,21,3,30,0,16.24350073,94,20,-1.1543,19.00421505
2022,3,21,22,40,0,15.89789433,92,20,-8.5791,18.65988628
2022,3,21,22,50,0,15.72509113,91,20,-5.5457,18.48525416
2022,3,21,23,0,0,15.90997221,91,20.2,-10.594,18.68293615
2022,3,21,23,10,0,15.81729814,91,20.1,-15.7874,18.58409538
2022,3,21,23,20,0,15.90997221,91,20.2,-17.1266,18.68293615
2022,3,21,23,30,0,15.90997221,91,20.2,-14.9776,18.68293615
2022,3,21,23,40,0,15.81729814,91,20.1,-7.3859,18.58409538
2022,3,21,23,50,0,15.89789433,92,20,-8.7729,18.65988628
2022,3,22,0,0,0,15.89789433,92,20,-4.2414,18.65988628
2022,3,22,0,10,0,15.89789433,92,20,-1.7478,18.65988628
2022,3,22,0,20,0,15.9911146,92,20.1,-1.2013,18.75886074
2022,3,22,0,30,0,16.16493107,93,20.1,-4.9659,18.93196864
2022,3,22,0,40,0,16.25964193,93,20.2,-0.5751,19.03107484
2022,3,22,0,50,0,16.25964193,93,20.2,-0.5966,19.03107484
2022,3,22,1,0,0,16.35483213,93,20.3,-0.4703,19.13018069
2022,3,22,1,10,0,16.25964193,93,20.2,-0.205,19.03107484
2022,3,22,1,20,0,16.35483213,93,20.3,0.06,19.13018069
2022,3,22,1,30,0,16.5466586,93,20.5,-0.1637,19.32839138
2022,3,22,1,40,0,16.5466586,93,20.5,0.3147,19.32839138
2022,3,22,1,50,0,16.5466586,93,20.5,0.3138,19.32839138
2022,3,22,2,0,0,16.5466586,93,20.5,0.3388,19.32839138
2022,3,22,2,10,0,16.64329891,93,20.6,0.5294,19.42749622
2022,3,22,2,20,0,16.45050368,93,20.4,0.5171,19.22928621
2022,3,22,2,30,0,16.45050368,93,20.4,0.8047,19.22928621
2022,3,22,2,40,0,16.53069054,94,20.3,0.4838,19.30192655
2022,3,22,2,50,0,16.43447679,94,20.2,0.3901,19.20268967
2022,3,22,3,0,0,16.24350073,94,20,0.1654,19.00421505
2022,3,22,3,10,0,16.14873437,94,19.9,-0.0161,18.9049773
2022,3,22,3,20,0,16.05444644,94,19.8,0.0232,18.80573926
2022,3,22,3,30,0,16.05444644,94,19.8,0.1486,18.80573926
2022,3,22,19,30,0,12.30899376,92,15.7,-1.385,14.40361524
2022,3,22,19,40,0,12.23468095,92,15.6,-1.5425,14.3046236
2022,3,22,19,50,0,12.30899376,92,15.7,-1.7058,14.40361524
2022,3,22,20,0,0,12.23468095,92,15.6,-1.3886,14.3046236
2022,3,22,20,10,0,12.30899376,92,15.7,-1.8435,14.40361524
2022,3,22,20,20,0,12.23468095,92,15.6,-1.5761,14.3046236
2022,3,22,20,30,0,12.30899376,92,15.7,-1.7032,14.40361524
2022,3,22,20,40,0,12.30899376,92,15.7,-1.7396,14.40361524
2022,3,22,20,50,0,12.17520035,91,15.7,-1.634,14.23466531
2022,3,22,21,0,0,12.17520035,91,15.7,-2.014,14.23466531
2022,3,22,21,10,0,12.30899376,92,15.7,-2.0426,14.40361524
2022,3,22,21,20,0,12.30899376,92,15.7,-1.9605,14.40361524
2022,3,22,21,30,0,12.23468095,92,15.6,-1.7779,14.3046236
2022,3,22,21,40,0,12.30899376,92,15.7,-1.5335,14.40361524
2022,3,22,21,50,0,12.38369763,92,15.8,-1.7863,14.50260648
2022,3,22,22,0,0,12.38369763,92,15.8,-1.0531,14.50260648
2022,3,22,22,10,0,12.30899376,92,15.7,-0.9796,14.40361524
2022,3,22,22,20,0,12.44278717,93,15.7,-1.0779,14.57095908
2022,3,22,22,30,0,12.44278717,93,15.7,-1.1988,14.57095908
2022,3,22,22,40,0,12.44278717,93,15.7,-1.1949,14.57095908
2022,3,22,22,50,0,12.44278717,93,15.7,-1.1823,14.57095908
2022,3,22,23,0,0,12.50065227,94,15.6,-0.7113,14.63747901
2022,3,22,23,10,0,12.50065227,94,15.6,-1.0143,14.63747901
2022,3,22,23,20,0,12.50065227,94,15.6,-1.0696,14.63747901
2022,3,22,23,30,0,12.50065227,94,15.6,-0.9659,14.63747901
2022,3,22,23,40,0,12.50065227,94,15.6,-1.039,14.63747901
2022,3,22,23,50,0,12.50065227,94,15.6,-0.7047,14.63747901
2022,3,23,0,0,0,12.50065227,94,15.6,-1.5824,14.63747901
2022,3,23,0,10,0,12.65290845,94,15.8,-1.3931,14.83597923
2022,3,23,0,20,0,12.80676983,94,16,-0.9967,15.03447828
2022,3,23,0,30,0,12.80676983,94,16,-0.7558,15.03447828
2022,3,23,0,40,0,12.80676983,94,16,-0.8963,15.03447828
2022,3,23,0,50,0,12.72963761,94,15.9,-0.8195,14.9352289
2022,3,23,1,0,0,12.72963761,94,15.9,-0.8986,14.9352289
2022,3,23,1,10,0,12.72963761,94,15.9,-0.872,14.9352289
2022,3,23,1,20,0,12.65290845,94,15.8,-0.8944,14.83597923
2022,3,23,1,30,0,12.65290845,94,15.8,-0.9336,14.83597923
2022,3,23,1,40,0,12.57658059,94,15.7,-1.6548,14.73672927
2022,3,23,1,50,0,12.50065227,94,15.6,-1.4683,14.63747901
2022,3,23,2,0,0,12.50065227,94,15.6,-1.8155,14.63747901
2022,3,23,2,10,0,12.50065227,94,15.6,-1.6011,14.63747901
2022,3,23,2,20,0,12.50065227,94,15.6,-1.5605,14.63747901
2022,3,23,2,30,0,12.42512176,94,15.5,-1.4618,14.53822847
2022,3,23,2,40,0,12.42512176,94,15.5,-1.3764,14.53822847
2022,3,23,2,50,0,12.50065227,94,15.6,-1.0132,14.63747901
2022,3,23,3,0,0,12.50065227,94,15.6,-0.9579,14.63747901
2022,3,23,3,10,0,12.57658059,94,15.7,-0.4249,14.73672927
2022,3,23,3,20,0,12.50065227,94,15.6,-0.6764,14.63747901
2022,3,23,3,30,0,12.42512176,94,15.5,-0.9416,14.53822847
2022,3,23,19,30,0,10.38493253,91,13.1,-1.7597,11.6641466
2022,3,23,19,40,0,10.44930235,91,13.2,-2.3379,11.76301821
2022,3,23,19,50,0,10.44930235,91,13.2,-1.1502,11.76301821
2022,3,23,20,0,0,10.44930235,91,13.2,-1.1518,11.76301821
2022,3,23,20,10,0,10.44930235,91,13.2,-1.1573,11.76301821
2022,3,23,20,20,0,10.38493253,91,13.1,-1.3246,11.6641466
2022,3,23,20,30,0,10.32090739,91,13,-1.1614,11.56527455
2022,3,23,20,40,0,10.32090739,91,13,-1.9422,11.56527455
2022,3,23,20,50,0,10.25722538,91,12.9,-2.5115,11.46640205
2022,3,23,21,0,0,10.19388496,91,12.8,-1.7291,11.36752912
2022,3,23,21,10,0,10.19388496,91,12.8,-1.8269,11.36752912
2022,3,23,21,20,0,10.19388496,91,12.8,-1.1683,11.36752912
2022,3,23,21,30,0,10.30590568,92,12.8,-1.9665,11.53269936
2022,3,23,21,40,0,10.30590568,92,12.8,-1.8677,11.53269936
2022,3,23,21,50,0,10.30590568,92,12.8,-2.0309,11.53269936
2022,3,23,22,0,0,10.30590568,92,12.8,-1.9046,11.53269936
2022,3,23,22,10,0,10.30590568,92,12.8,-1.2388,11.53269936
2022,3,23,22,20,0,10.35354141,93,12.7,-1.647,11.59716564
2022,3,23,22,30,0,10.41792639,93,12.8,-1.9073,11.69629702
2022,3,23,22,40,0,10.41792639,93,12.8,-1.752,11.69629702
2022,3,23,22,50,0,10.54774052,93,13,-1.504,11.89455877
2022,3,23,23,0,0,10.61317281,93,13.1,-1.5064,11.99368913
2022,3,23,23,10,0,10.61317281,93,13.1,-1.2681,11.99368913
2022,3,23,23,20,0,10.61317281,93,13.1,-1.7146,11.99368913
2022,3,23,23,30,0,10.56412985,92,13.2,-1.738,11.92870728
2022,3,23,23,40,0,10.56412985,92,13.2,-1.4182,11.92870728
2022,3,23,23,50,0,10.56412985,92,13.2,-1.2492,11.92870728
2022,3,24,0,0,0,10.57908223,91,13.4,-1.3891,11.96076012
2022,3,24,0,10,0,10.64449541,91,13.5,-1.459,12.05963041
2022,3,24,0,20,0,10.7102595,91,13.6,-1.2695,12.15850026
2022,3,24,0,30,0,10.77637608,91,13.7,-1.3681,12.25736967
2022,3,24,0,40,0,10.7102595,91,13.6,-1.1691,12.15850026
2022,3,24,0,50,0,10.65795437,90,13.7,-1.0991,12.08941499
2022,3,24,1,0,0,10.66989998,89,13.9,-1.1011,12.11702026
2022,3,24,1,10,0,10.66989998,89,13.9,-1.4691,12.11702026
2022,3,24,1,20,0,10.7897865,90,13.9,-1.6348,12.28688992
2022,3,24,1,30,0,10.84284672,91,13.8,-1.3995,12.35623863
2022,3,24,1,40,0,10.84284672,91,13.8,-1.4587,12.35623863
2022,3,24,1,50,0,10.90967301,91,13.9,-1.4509,12.45510716
2022,3,24,2,0,0,10.90967301,91,13.9,-1.2228,12.45510716
2022,3,24,2,10,0,10.97685654,91,14,-1.2081,12.55397525
2022,3,24,2,20,0,10.85623174,90,14,-1.1055,12.38562665
2022,3,24,2,30,0,10.85623174,90,14,-1.4766,12.38562665
2022,3,24,2,40,0,10.85623174,90,14,-1.1026,12.38562665
2022,3,24,2,50,0,10.92303187,90,14.1,-0.8389,12.48436288
2022,3,24,3,0,0,10.92303187,90,14.1,-0.8811,12.48436288
2022,3,24,3,10,0,10.92303187,90,14.1,-1.0676,12.48436288
2022,3,24,3,20,0,10.92303187,90,14.1,-0.7021,12.48436288
2022,3,24,3,30,0,10.99018848,90,14.2,-0.778,12.58309863
2022,3,24,19,30,0,13.32177471,78,19.8,-5.3444,15.8529587
2022,3,24,19,40,0,13.32177471,78,19.8,-4.5427,15.8529587
2022,3,24,19,50,0,13.40001363,78,19.9,-3.0894,15.94995104
2022,3,24,20,0,0,13.32177471,78,19.8,-3.3679,15.8529587
2022,3,24,20,10,0,13.22821858,77,19.9,-3.0248,15.74808015
2022,3,24,20,20,0,13.22821858,77,19.9,-2.8036,15.74808015
2022,3,24,20,30,0,13.22821858,77,19.9,-4.8754,15.74808015
2022,3,24,20,40,0,13.13304314,76,20,-6.0312,15.6405784
2022,3,24,20,50,0,13.22821858,77,19.9,-4.9178,15.74808015
2022,3,24,21,0,0,13.33528223,79,19.6,-5.4252,15.85812934
2022,3,24,21,10,0,13.42504951,80,19.5,-5.6006,15.95779105
2022,3,24,21,20,0,13.51324632,81,19.4,-5.2955,16.05500674
2022,3,24,21,30,0,13.51324632,81,19.4,-8.5756,16.05500674
2022,3,24,21,40,0,13.59286263,81,19.5,-8.9318,16.15245097
2022,3,24,21,50,0,13.59286263,81,19.5,-8.299,16.15245097
2022,3,24,22,0,0,13.51324632,81,19.4,-7.3294,16.05500674
2022,3,24,22,10,0,13.59286263,81,19.5,-6.9292,16.15245097
2022,3,24,22,20,0,13.59286263,81,19.5,-6.5872,16.15245097
2022,3,24,22,30,0,13.51324632,81,19.4,-6.7147,16.05500674
2022,3,24,22,40,0,13.59988596,82,19.3,-5.973,16.1498308
2022,3,24,22,50,0,13.59988596,82,19.3,-6.0991,16.1498308
2022,3,24,23,0,0,13.68498161,83,19.2,-5.7825,16.24231576
2022,3,24,23,10,0,13.68498161,83,19.2,-6.0197,16.24231576
2022,3,24,23,20,0,13.68498161,83,19.2,-5.1452,16.24231576
2022,3,24,23,30,0,13.76854642,84,19.1,-5.2902,16.33251236
2022,3,24,23,40,0,13.76914566,85,18.9,-6.3156,16.32244571
2022,3,24,23,50,0,13.93113561,86,18.9,-6.1434,16.50623488
2022,3,25,0,0,0,13.84914925,86,18.8,-6.2241,16.40807004
2022,3,25,0,10,0,13.93113561,86,18.9,-5.8474,16.50623488
2022,3,25,0,20,0,14.01018587,87,18.8,-6.0011,16.58985402
2022,3,25,0,30,0,13.93113561,86,18.9,-6.2299,16.50623488
2022,3,25,0,40,0,13.84914925,86,18.8,-5.8509,16.40807004
2022,3,25,0,50,0,13.84914925,86,18.8,-5.7932,16.40807004
2022,3,25,1,0,0,13.93113561,86,18.9,-5.663,16.50623488
2022,3,25,1,10,0,13.93113561,86,18.9,-5.5723,16.50623488
2022,3,25,1,20,0,14.09312556,87,18.9,-5.4215,16.68815773
2022,3,25,1,30,0,14.01018587,87,18.8,-4.4187,16.58985402
2022,3,25,1,40,0,13.93113561,86,18.9,-4.7978,16.50623488
2022,3,25,1,50,0,13.93113561,86,18.9,-4.2842,16.50623488
2022,3,25,2,0,0,13.76914566,85,18.9,-3.9964,16.32244571
2022,3,25,2,10,0,14.01018587,87,18.8,-3.7484,16.58985402
2022,3,25,2,20,0,14.09312556,87,18.9,-3.7273,16.68815773
2022,3,25,2,30,0,14.01018587,87,18.8,-3.8255,16.58985402
2022,3,25,2,40,0,14.08775701,88,18.7,-4.073,16.67137135
2022,3,25,2,50,0,14.16386178,89,18.6,-3.6445,16.75082979
2022,3,25,3,0,0,14.24784516,89,18.7,-2.4306,16.84940847
2022,3,25,3,10,0,14.23851285,90,18.5,-2.6966,16.82827088
2022,3,25,3,20,0,14.23851285,90,18.5,-1.9343,16.82827088
2022,3,25,3,30,0,14.23851285,90,18.5,-2.5176,16.82827088
2022,3,25,19,30,0,17.37608018,87,22.5,-6.0787,20.22666183
2022,3,25,19,40,0,17.27667916,87,22.4,-4.9735,20.12838134
2022,3,25,19,50,0,17.47526168,88,22.4,-6.4917,20.31332585
2022,3,25,20,0,0,17.57266063,89,22.3,-7.5814,20.39787992
2022,3,25,20,10,0,17.6682919,90,22.2,-8.1199,20.48036661
2022,3,25,20,20,0,17.36586471,90,21.9,-7.1689,20.18427578
2022,3,25,20,30,0,17.45789911,91,21.8,-6.7149,20.26432858
2022,3,25,20,40,0,17.55881876,91,21.9,-6.7325,20.36316187
2022,3,25,20,50,0,17.66024178,91,22,-6.9334,20.46199471
2022,3,25,21,0,0,17.55881876,91,21.9,-2.8762,20.36316187
2022,3,25,21,10,0,17.66024178,91,22,-4.7917,20.46199471
2022,3,25,21,20,0,17.66024178,91,22,-6.6022,20.46199471
2022,3,25,21,30,0,17.76217025,91,22.1,-6.744,20.56082711
2022,3,25,21,40,0,17.76217025,91,22.1,-6.6201,20.56082711
2022,3,25,21,50,0,17.86460626,91,22.2,-6.9362,20.65965907
2022,3,25,22,0,0,17.76217025,91,22.1,-4.2737,20.56082711
2022,3,25,22,10,0,18.06092061,92,22.2,-6.8566,20.8372343
2022,3,25,22,20,0,17.95735894,92,22.1,-5.3623,20.73826803
2022,3,25,22,30,0,17.66024178,91,22,-4.4676,20.46199471
2022,3,25,22,40,0,18.06092061,92,22.2,-2.9703,20.8372343
2022,3,25,22,50,0,17.95735894,92,22.1,-6.1169,20.73826803
2022,3,25,23,0,0,17.85431037,92,22,-5.3731,20.63930138
2022,3,25,23,10,0,18.04837896,93,22,-8.0568,20.81492817
2022,3,25,23,20,0,17.94472687,93,21.9,-8.1843,20.7158281
2022,3,25,23,30,0,17.75177281,92,21.9,-8.7523,20.54033433
2022,3,25,23,40,0,17.8415892,93,21.8,-7.438,20.61672769
2022,3,25,23,50,0,17.8415892,93,21.8,-7.6548,20.61672769
2022,3,26,0,0,0,17.75177281,92,21.9,-8.1429,20.54033433
2022,3,26,0,10,0,17.85431037,92,22,-7.7892,20.63930138
2022,3,26,0,20,0,17.76217025,91,22.1,-9.3875,20.56082711
2022,3,26,0,30,0,17.86460626,91,22.2,-9.4016,20.65965907
2022,3,26,0,40,0,17.86460626,91,22.2,-3.9687,20.65965907
2022,3,26,0,50,0,17.77010626,90,22.3,-2.8711,20.57906257
2022,3,26,1,0,0,17.57266063,89,22.3,-5.2392,20.39787992
2022,3,26,1,10,0,17.6738442,89,22.4,-2.69,20.49643855
2022,3,26,1,20,0,17.47526168,88,22.4,-2.0204,20.31332585
2022,3,26,1,30,0,17.57580524,88,22.5,-1.9208,20.41174578
2022,3,26,1,40,0,17.47597447,87,22.6,-1.9832,20.32494168
2022,3,26,1,50,0,17.47597447,87,22.6,-2.5264,20.32494168
2022,3,26,2,0,0,17.47406413,86,22.8,-1.9425,20.33411993
2022,3,26,2,10,0,17.27087734,85,22.8,-1.5321,20.14482213
2022,3,26,2,20,0,17.46216382,84,23.2,-0.5486,20.34496246
2022,3,26,2,30,0,16.22077508,67,25.9,0.8832,19.30156763
2022,3,26,2,40,0,15.84394616,64,26.3,0.6092,18.94583419
2022,3,26,2,50,0,15.61302311,61,26.9,-2.2261,18.74279272
2022,3,26,3,0,0,15.6070333,62,26.6,-1.5534,18.72065029
2022,3,26,3,10,0,15.6070333,62,26.6,0.6115,18.72065029
2022,3,26,3,20,0,15.68342445,63,26.4,1.3445,18.78809934
2022,3,26,3,30,0,15.5963845,63,26.3,0.1891,18.69371623
2022,3,26,19,30,0,18.2868113,90,22.8,-1.8225,21.072535
2022,3,26,19,40,0,17.96755188,91,22.3,-3.8141,20.7584906
2022,3,26,19,50,0,17.86460626,91,22.2,-2.9695,20.65965907
2022,3,26,20,0,0,17.35748076,91,21.7,-4.028,20.16549486
2022,3,26,20,10,0,17.25756164,91,21.6,-3.7265,20.0666607
2022,3,26,20,20,0,16.96958871,90,21.5,-3.9963,19.78948114
2022,3,26,20,30,0,16.68428512,89,21.4,-3.6513,19.51082792
2022,3,26,20,40,0,16.58801475,89,21.3,-3.5748,19.41226387
2022,3,26,20,50,0,16.58801475,89,21.3,-3.3845,19.41226387
2022,3,26,21,0,0,16.58801475,89,21.3,-2.6152,19.41226387
2022,3,26,21,10,0,14.9267041,90,19.3,-2.8289,17.61797017
2022,3,26,21,20,0,14.46899449,92,18.4,-1.7488,17.07624182
2022,3,26,21,30,0,14.21383434,92,18.1,-3.4891,16.77929736
2022,3,26,21,40,0,14.12965112,92,18,-3.5483,16.6803151
2022,3,26,21,50,0,14.03055218,93,17.7,-3.3617,16.55331784
2022,3,26,22,0,0,13.9471895,93,17.6,-3.3699,16.45420313
2022,3,26,22,10,0,13.9471895,93,17.6,-3.4797,16.45420313
2022,3,26,22,20,0,13.86425607,93,17.5,-3.7385,16.35508809
2022,3,26,22,30,0,13.86425607,93,17.5,-3.1869,16.35508809
2022,3,26,22,40,0,13.86425607,93,17.5,-3.989,16.35508809
2022,3,26,22,50,0,13.9471895,93,17.6,-3.8014,16.45420313
2022,3,26,23,0,0,13.78175006,93,17.4,-3.6063,16.2559727
2022,3,26,23,10,0,13.69966963,93,17.3,-3.1708,16.15685698
2022,3,26,23,20,0,13.86425607,93,17.5,-3.5936,16.35508809
2022,3,26,23,30,0,13.53677819,93,17.1,-2.9495,15.9586245
2022,3,26,23,40,0,13.45596354,93,17,-1.7084,15.85950776
2022,3,26,23,50,0,13.60065133,94,17,-1.0805,16.02695609
2022,3,27,0,0,0,13.60065133,94,17,-1.4657,16.02695609
2022,3,27,0,10,0,13.60065133,94,17,-1.8503,16.02695609
2022,3,27,0,20,0,13.76444319,94,17.2,-2.1562,16.22544816
2022,3,27,0,30,0,13.8469779,94,17.3,-1.8721,16.32469376
2022,3,27,0,40,0,13.8469779,94,17.3,-2.2493,16.32469376
2022,3,27,0,50,0,13.76444319,94,17.2,-2.3535,16.22544816
2022,3,27,1,0,0,13.68233495,94,17.1,-2.321,16.12620227
2022,3,27,1,10,0,13.76444319,94,17.2,-2.645,16.22544816
2022,3,27,1,20,0,13.76444319,94,17.2,-2.7322,16.22544816
2022,3,27,1,30,0,13.60065133,94,17,-2.8153,16.02695609
2022,3,27,1,40,0,13.60065133,94,17,-1.8479,16.02695609
2022,3,27,1,50,0,13.60065133,94,17,-3.4599,16.02695609
2022,3,27,2,0,0,13.5193905,94,16.9,-2.354,15.92770961
2022,3,27,2,10,0,13.35812994,94,16.7,-2.6155,15.7292158
2022,3,27,2,20,0,13.35812994,94,16.7,-2.7609,15.7292158
2022,3,27,2,30,0,13.21602218,93,16.7,-3.8224,15.56215548
2022,3,27,2,40,0,13.21602218,93,16.7,-3.9561,15.56215548
2022,3,27,2,50,0,13.23174389,92,16.9,-3.4335,15.5914844
2022,3,27,3,0,0,13.29558734,93,16.8,-3.0195,15.66127324
2022,3,27,3,10,0,13.13686992,93,16.6,-3.1041,15.46303737
2022,3,27,3,20,0,13.05812877,93,16.5,-3.4673,15.36391892
2022,3,27,3,30,0,13.05812877,93,16.5,-3.9212,15.36391892
2022,3,27,19,30,0,11.56694011,93,14.5,-3.125,13.38147847
2022,3,27,19,40,0,11.63782514,93,14.6,-1.8559,13.48060372
2022,3,27,19,50,0,11.63782514,93,14.6,-2.1902,13.48060372
2022,3,27,20,0,0,11.63782514,93,14.6,-3.5609,13.48060372
2022,3,27,20,10,0,11.76296305,94,14.6,-2.8807,13.6449605
2022,3,27,20,20,0,11.83499095,94,14.7,-2.5604,13.74421366
2022,3,27,20,30,0,11.83499095,94,14.7,-2.703,13.74421366
2022,3,27,20,40,0,11.9074012,94,14.8,-3.0966,13.84346653
2022,3,27,20,50,0,11.69131581,94,14.5,-2.8438,13.54570705
2022,3,27,21,0,0,11.63782514,93,14.6,-3.0333,13.48060372
2022,3,27,21,10,0,11.38754933,91,14.6,-3.8533,13.14717452
2022,3,27,21,20,0,11.33137431,90,14.7,-4.1296,13.07676998
2022,3,27,21,30,0,11.20547015,89,14.7,-4.3232,12.90583839
2022,3,27,21,40,0,11.07956599,88,14.7,-4.4659,12.73320932
2022,3,27,21,50,0,10.76733087,85,14.8,-3.8584,12.3028205
2022,3,27,22,0,0,10.4500452,83,14.7,-2.7531,11.8432769
2022,3,27,22,10,0,10.3864461,83,14.6,-2.4331,11.7455008
2022,3,27,22,20,0,10.32318311,83,14.5,-2.0235,11.64772383
2022,3,27,22,30,0,10.32318311,83,14.5,-2.0976,11.64772383
2022,3,27,22,40,0,10.4500452,83,14.7,-2.4978,11.8432769
2022,3,27,22,50,0,10.51398191,83,14.8,-2.7296,11.94105216
2022,3,27,23,0,0,10.45080884,82,14.9,-2.3932,11.85491489
2022,3,27,23,10,0,10.57825772,83,14.9,-1.3243,12.03882655
2022,3,27,23,20,0,10.45080884,82,14.9,-1.2331,11.85491489
2022,3,27,23,30,0,10.57825772,83,14.9,-2.0799,12.03882655
2022,3,27,23,40,0,10.51464674,82,15,-2.0081,11.95254618
2022,3,27,23,50,0,10.38641934,81,15,-3.4587,11.76650656
2022,3,28,0,0,0,10.4498126,81,15.1,-3.4483,11.8639932
2022,3,28,0,10,0,10.5135412,81,15.2,-3.6644,11.96147887
2022,3,28,0,20,0,10.5135412,81,15.2,-3.7452,11.96147887
2022,3,28,0,30,0,10.57760662,81,15.3,0.9998,12.05896358
2022,3,28,0,40,0,10.8331555,85,14.9,-4.3496,12.40087514
2022,3,28,0,50,0,10.95366183,87,14.7,-4.1361,12.55884618
2022,3,28,1,0,0,11.06943731,89,14.5,-3.7139,12.70863711
2022,3,28,1,10,0,11.06943731,89,14.5,-4.286,12.70863711
2022,3,28,1,20,0,11.01213562,88,14.6,-3.8059,12.6347431
2022,3,28,1,30,0,11.07956599,88,14.7,-4.7046,12.73320932
2022,3,28,1,40,0,11.07956599,88,14.7,-4.0211,12.73320932
2022,3,28,1,50,0,11.07956599,88,14.7,-3.6883,12.73320932
2022,3,28,2,0,0,11.01213562,88,14.6,-3.7176,12.6347431
2022,3,28,2,10,0,11.01213562,88,14.6,-3.4798,12.6347431
2022,3,28,2,20,0,11.00195992,89,14.4,-3.1743,12.61003566
2022,3,28,2,30,0,10.87834239,88,14.4,-3.4274,12.43780888
2022,3,28,2,40,0,10.87834239,88,14.4,-3.9826,12.43780888
2022,3,28,2,50,0,10.93483977,89,14.3,-3.6928,12.51143366
2022,3,28,3,0,0,10.86807527,89,14.2,-4.0295,12.41283112
2022,3,28,3,10,0,10.93483977,89,14.3,-3.9929,12.51143366
2022,3,28,3,20,0,11.05770314,90,14.3,-3.1323,12.68183388
2022,3,28,3,30,0,11.05770314,90,14.3,-3.2184,12.68183388
2022,3,28,19,30,0,12.45879425,92,15.9,-2.7294,14.60159734
2022,3,28,19,40,0,12.45879425,92,15.9,-1.8668,14.60159734
2022,3,28,19,50,0,12.30899376,92,15.7,-1.3481,14.40361524
2022,3,28,20,0,0,12.36766661,93,15.6,-1.7076,14.47183757
2022,3,28,20,10,0,12.44278717,93,15.7,-1.7322,14.57095908
2022,3,28,20,20,0,12.59421593,93,15.9,-1.5834,14.76920108
2022,3,28,20,30,0,12.9622505,94,16.2,-1.7071,15.23297617
2022,3,28,20,40,0,12.97979695,93,16.4,-1.7818,15.26480013
2022,3,28,20,50,0,13.05812877,93,16.5,-1.7739,15.36391892
2022,3,28,21,0,0,12.99561325,92,16.6,-1.6667,15.29452238
2022,3,28,21,10,0,13.07391441,92,16.7,-3.2602,15.39351011
2022,3,28,21,20,0,13.07391441,92,16.7,-3.0827,15.39351011
2022,3,28,21,30,0,13.15262404,92,16.8,-3.2406,15.49249745
2022,3,28,21,40,0,13.15262404,92,16.8,-2.5984,15.49249745
2022,3,28,21,50,0,13.15262404,92,16.8,-3.0015,15.49249745
2022,3,28,22,0,0,13.23174389,92,16.9,-2.0917,15.5914844
2022,3,28,22,10,0,13.3755672,93,16.9,-2.9293,15.76039067
2022,3,28,22,20,0,13.3755672,93,16.9,-1.8451,15.76039067
2022,3,28,22,30,0,13.45596354,93,17,-1.0486,15.85950776
2022,3,28,22,40,0,13.45596354,93,17,-1.4534,15.85950776
2022,3,28,22,50,0,13.39122144,92,17.1,-2.621,15.78945713
2022,3,28,23,0,0,13.39122144,92,17.1,-1.9092,15.78945713
2022,3,28,23,10,0,13.39122144,92,17.1,-2.9028,15.78945713
2022,3,28,23,20,0,13.4715827,92,17.2,-2.9878,15.88844291
2022,3,28,23,30,0,13.4715827,92,17.2,-3.5457,15.88844291
2022,3,28,23,40,0,13.40505308,91,17.3,-3.5725,15.81637493
2022,3,28,23,50,0,13.55236135,92,17.3,-1.5466,15.9874283
2022,3,29,0,0,0,13.55236135,92,17.3,-2.2499,15.9874283
2022,3,29,0,10,0,13.4715827,92,17.2,-3.4385,15.88844291
2022,3,29,0,20,0,13.40505308,91,17.3,-1.8986,15.81637493
2022,3,29,0,30,0,13.40505308,91,17.3,-2.4054,15.81637493
2022,3,29,0,40,0,13.4715827,92,17.2,-2.2861,15.88844291
2022,3,29,0,50,0,13.40505308,91,17.3,-4.555,15.81637493
2022,3,29,1,0,0,13.48536834,91,17.4,-4.1425,15.91522804
2022,3,29,1,10,0,13.41702201,90,17.5,-3.8637,15.84110257
2022,3,29,1,20,0,13.49728016,90,17.6,-2.3303,15.93982161
2022,3,29,1,30,0,13.49728016,90,17.6,-2.211,15.93982161
2022,3,29,1,40,0,13.49728016,90,17.6,-3.828,15.93982161
2022,3,29,1,50,0,13.56610003,91,17.5,-3.5423,16.0140807
2022,3,29,2,0,0,13.56610003,91,17.5,-3.2541,16.0140807
2022,3,29,2,10,0,13.56610003,91,17.5,-1.7387,16.0140807
2022,3,29,2,20,0,13.56610003,91,17.5,-3.3905,16.0140807
2022,3,29,2,30,0,13.6335592,92,17.4,-2.5352,16.0864133
2022,3,29,2,40,0,13.6335592,92,17.4,-1.9748,16.0864133
2022,3,29,2,50,0,13.6335592,92,17.4,-1.4799,16.0864133
2022,3,29,3,0,0,13.6335592,92,17.4,-2.1799,16.0864133
2022,3,29,3,10,0,13.55236135,92,17.3,-4.4686,15.9874283
2022,3,29,3,20,0,13.55236135,92,17.3,-3.984,15.9874283
2022,3,29,3,30,0,13.48536834,91,17.4,-2.4463,15.91522804
2022,3,29,19,30,0,14.34392927,71,22.7,-12.1546,17.17041017
2022,3,29,19,40,0,14.46287542,72,22.6,-11.7083,17.29566001
2022,3,29,19,50,0,14.57992935,73,22.5,-9.5582,17.41790331
2022,3,29,20,0,0,14.69510641,74,22.4,-6.7896,17.5372145
2022,3,29,20,10,0,14.77965441,74,22.5,-6.292,17.63355182
2022,3,29,20,20,0,14.77965441,74,22.5,-4.2469,17.63355182
2022,3,29,20,30,0,14.77965441,74,22.5,-4.9142,17.63355182
2022,3,29,20,40,0,15.06549523,75,22.6,-8.2812,17.94315398
2022,3,29,20,50,0,14.97937947,75,22.5,-7.5117,17.846659
2022,3,29,21,0,0,15.17910453,76,22.5,-12.1587,18.05728837
2022,3,29,21,10,0,14.97937947,75,22.5,-16.5884,17.846659
2022,3,29,21,20,0,15.09227145,76,22.4,-15.6326,17.96063485
2022,3,29,21,30,0,15.02952867,77,22.1,-11.0074,17.87825761
2022,3,29,21,40,0,14.91989094,76,22.2,-10.1958,17.76732408
2022,3,29,21,50,0,14.83433999,76,22.1,-6.8862,17.67066684
2022,3,29,22,0,0,14.83433999,76,22.1,-5.7063,17.67066684
2022,3,29,22,10,0,14.66450798,76,21.9,-12.4856,17.47734864
2022,3,29,22,20,0,14.66450798,76,21.9,-14.3437,17.47734864
2022,3,29,22,30,0,14.66450798,76,21.9,-14.5979,17.47734864
2022,3,29,22,40,0,14.66450798,76,21.9,-14.7879,17.47734864
2022,3,29,22,50,0,14.58022343,76,21.8,-15.4721,17.38068768
2022,3,29,23,0,0,14.77206848,77,21.8,-15.1818,17.58781259
2022,3,29,23,10,0,14.6870991,77,21.7,-14.4843,17.49099522
2022,3,29,23,20,0,14.6870991,77,21.7,-17.2162,17.49099522
2022,3,29,23,30,0,14.5184259,77,21.5,-14.0572,17.29735693
2022,3,29,23,40,0,14.6870991,77,21.7,-14.5621,17.49099522
2022,3,29,23,50,0,14.6870991,77,21.7,-15.279,17.49099522
2022,3,30,0,0,0,14.87784065,78,21.7,-13.4919,17.69562022
2022,3,30,0,10,0,14.79219569,78,21.6,-11.7461,17.59864819
2022,3,30,0,20,0,14.87784065,78,21.7,-11.5395,17.69562022
2022,3,30,0,30,0,14.89552787,79,21.5,-9.8285,17.70370795
2022,3,30,0,40,0,14.80964634,79,21.4,-11.2636,17.60658188
2022,3,30,0,50,0,15.09695724,81,21.3,-10.9608,17.90628241
2022,3,30,1,0,0,15.20306072,83,21,-14.3462,18.00144605
2022,3,30,1,10,0,15.21161728,85,20.6,-12.918,17.98874995
2022,3,30,1,20,0,15.21063278,87,20.2,-13.2423,17.96604731
2022,3,30,1,30,0,15.29584875,88,20.1,-7.0766,18.04950372
2022,3,30,1,40,0,15.28975914,89,19.9,-7.8115,18.03231034
2022,3,30,1,50,0,15.37948473,89,20,-6.7099,18.13088198
2022,3,30,2,0,0,15.46155419,90,19.9,-4.8634,18.21022401
2022,3,30,2,10,0,15.46966521,89,20.1,-4.4785,18.22945307
2022,3,30,2,20,0,15.29968167,87,20.3,-5.5216,18.06434199
2022,3,30,2,30,0,15.38918087,87,20.4,-9.3258,18.16263603
2022,3,30,2,40,0,15.74849789,88,20.6,-15.0597,18.54166566
2022,3,30,2,50,0,15.56030249,89,20.2,-17.174,18.32802361
2022,3,30,3,0,0,16.00311531,91,20.3,-15.8716,18.78177648
2022,3,30,3,10,0,16.17897372,92,20.3,-9.6998,18.9568085
2022,3,30,3,20,0,16.17897372,92,20.3,-7.4485,18.9568085
2022,3,30,3,30,0,16.35483213,93,20.3,-8.332,19.13018069
2022,3,30,19,30,0,16.83804383,93,20.8,-20.8035,19.62570487
2022,3,30,19,40,0,16.83804383,93,20.8,-22.1178,19.62570487
2022,3,30,19,50,0,16.74042664,93,20.7,-19.9492,19.52660071
2022,3,30,20,0,0,16.74042664,93,20.7,-17.038,19.52660071
2022,3,30,21,0,0,16.60931165,95,20.2,-1.1135,19.37271177
2022,3,30,21,10,0,16.51256399,95,20.1,-1.3453,19.27334476
2022,3,30,21,20,0,16.32052942,95,19.9,-1.4729,19.07461001
2022,3,30,21,30,0,16.32052942,95,19.9,-1.3099,19.07461001
2022,3,30,21,40,0,16.22523842,95,19.8,-1.4448,18.97524228
2022,3,30,21,50,0,16.32052942,95,19.9,-1.4188,19.07461001
2022,3,30,22,0,0,16.39603041,96,19.8,-1.4203,19.14318845
2022,3,30,22,10,0,16.39603041,96,19.8,-1.517,19.14318845
2022,3,30,22,20,0,16.30022291,96,19.7,-1.5139,19.04369194
2022,3,30,22,30,0,16.30022291,96,19.7,-1.7676,19.04369194
2022,3,30,22,40,0,16.39603041,96,19.8,-2.2862,19.14318845
2022,3,30,22,50,0,16.49232446,96,19.9,-1.5664,19.24268477
2022,3,30,23,0,0,16.39603041,96,19.8,-1.3555,19.14318845
2022,3,30,23,10,0,16.39603041,96,19.8,-1.1263,19.14318845
2022,3,30,23,20,0,16.39603041,96,19.8,-1.1008,19.14318845
2022,3,30,23,30,0,16.39603041,96,19.8,-1.2567,19.14318845
2022,3,30,23,40,0,16.30022291,96,19.7,-1.2451,19.04369194
2022,3,30,23,50,0,16.30022291,96,19.7,-1.2877,19.04369194
2022,3,31,0,0,0,16.11005941,96,19.5,-1.2415,18.84469834
2022,3,31,0,10,0,16.01569935,96,19.4,-1.3619,18.74520125
2022,3,31,0,20,0,16.11005941,96,19.5,-1.349,18.84469834
2022,3,31,0,30,0,16.11005941,96,19.5,-1.3022,18.84469834
2022,3,31,0,40,0,16.11005941,96,19.5,-1.3061,18.84469834
2022,3,31,0,50,0,16.11005941,96,19.5,-1.1551,18.84469834
2022,3,31,1,0,0,16.20489992,96,19.6,-1.1427,18.94419523
2022,3,31,1,10,0,16.11005941,96,19.5,-1.3329,18.84469834
2022,3,31,1,20,0,16.01569935,96,19.4,-1.5106,18.74520125
2022,3,31,1,30,0,16.01569935,96,19.4,-1.3686,18.74520125
2022,3,31,1,40,0,15.9218177,96,19.3,-1.3939,18.64570396
2022,3,31,1,50,0,16.01569935,96,19.4,-1.4599,18.74520125
2022,3,31,2,0,0,16.01569935,96,19.4,-1.4128,18.74520125
2022,3,31,2,10,0,16.11005941,96,19.5,-1.4186,18.84469834
2022,3,31,2,20,0,16.11005941,96,19.5,-2.5177,18.84469834
2022,3,31,2,30,0,16.20489992,96,19.6,-4.9648,18.94419523
2022,3,31,2,40,0,16.11005941,96,19.5,-3.75,18.84469834
2022,3,31,2,50,0,16.11005941,96,19.5,-6.6219,18.84469834
2022,3,31,3,0,0,16.11005941,96,19.5,-13.9227,18.84469834
2022,3,31,3,10,0,16.01569935,96,19.4,-20.9287,18.74520125
2022,3,31,3,20,0,15.9218177,96,19.3,-18.5314,18.64570396
2022,3,31,3,30,0,15.82841247,96,19.2,-17.1075,18.54620649
2022,3,31,19,30,0,13.11043653,89,17.3,-2.1258,15.46925762
2022,3,31,19,40,0,13.2577448,90,17.3,-2.1486,15.64366302
2022,3,31,19,50,0,13.24566468,91,17.1,-2.5125,15.6186674
2022,3,31,20,0,0,13.10010793,90,17.1,-2.2177,15.4462215
2022,3,31,20,10,0,13.03229196,89,17.2,-2.1847,15.37067135
2022,3,31,20,20,0,12.95455117,89,17.1,-2.1647,15.27208454
2022,3,31,20,30,0,12.87721242,89,17,-2.1464,15.17349719
2022,3,31,20,40,0,12.94409729,90,16.9,-2.4344,15.24877801
2022,3,31,20,50,0,12.57184325,89,16.6,-2.3673,14.77914235
2022,3,31,21,0,0,12.57184325,89,16.6,-2.1661,14.77914235
2022,3,31,21,10,0,12.49648882,89,16.5,-2.4643,14.68055228
2022,3,31,21,20,0,12.48568325,90,16.3,-2.4263,14.65643576
2022,3,31,21,30,0,12.33603849,90,16.1,-2.6525,14.45898442
2022,3,31,21,40,0,12.41066538,90,16.2,-2.5638,14.55771034
2022,3,31,21,50,0,12.1989714,89,16.1,-2.3327,14.2861866
2022,3,31,22,0,0,12.2618009,90,16,-2.4087,14.36025801
2022,3,31,22,10,0,12.1879509,90,15.9,-2.4556,14.26153111
2022,3,31,22,20,0,12.1879509,90,15.9,-2.5568,14.26153111
2022,3,31,22,30,0,12.05252922,89,15.9,-2.3529,14.0890005
2022,3,31,22,40,0,12.12555867,89,16,-2.3691,14.18759382
2022,3,31,22,50,0,12.11448681,90,15.8,-2.3294,14.16280371
2022,3,31,23,0,0,12.04140694,90,15.7,-2.2468,14.06407583
2022,3,31,23,10,0,11.96870962,90,15.6,-2.4293,13.96534746
2022,3,31,23,20,0,11.96870962,90,15.6,-2.4899,13.96534746
2022,3,31,23,30,0,11.89639318,90,15.5,-2.536,13.86661859
2022,3,31,23,40,0,11.82445594,90,15.4,-2.9599,13.76788923
2022,3,31,23,50,0,11.69307309,89,15.4,-2.9503,13.59602578
