Year,Month,Day,Time,Min,Temperature(C),Absolute_Humidity(g/m^3),Radiation(Ldown-Lup)(Wm^2),Long_wave_downward(W/m^2),Long_wave_upward(W/m^2)
2025,12,1,19,30,21.48,16.193388336181677,-28.84899999999999,391.4223,420.2713
2025,12,1,19,40,21.43,16.165354706215968,-29.34839999999997,391.0364,420.3848
2025,12,1,19,50,21.5,16.13673935579486,-28.884599999999978,391.2234,420.108
2025,12,1,20,0,21.37,16.16540358500653,-28.894900000000007,391.0326,419.9275
2025,12,1,20,10,21.3,16.23040091518036,-28.408100000000047,391.1688,419.5769
2025,12,1,20,20,21.31,16.314391439582423,-27.745600000000024,391.9529,419.6985
2025,12,1,20,30,21.31,16.258456383218142,-28.44390000000004,390.9478,419.3917
2025,12,1,20,40,21.29,16.220995185915946,-28.094100000000022,391.2466,419.3407
2025,12,1,20,50,21.3,16.2676693443771,-28.6687,390.8305,419.4992
2025,12,1,21,0,21.34,16.32410344347533,-28.637100000000032,390.8701,419.5072
2025,12,1,21,10,21.42,16.34363838904939,-28.57389999999998,391.1157,419.6896
2025,12,1,21,20,21.38,16.361979234435136,-28.3648,391.1393,419.5041
2025,12,1,21,30,21.43,16.428206002252,-28.52140000000003,391.3042,419.8256
2025,12,1,21,40,21.43,16.484531279974007,-28.438600000000008,391.7289,420.1675
2025,12,1,21,50,21.48,16.569978762604503,-28.88630000000001,391.4538,420.3401
2025,12,1,22,0,21.42,16.56880906719932,-28.2611,391.8788,420.1399
2025,12,1,22,10,21.38,16.586628834907927,-28.6361,391.2824,419.9185
2025,12,1,22,20,21.4,16.530885640242072,-28.443100000000012,391.5583,420.0014
2025,12,1,22,30,21.43,16.522081465122014,-28.4221,391.5729,419.995
2025,12,1,22,40,21.38,16.586628834907927,-20.1934,400.5382,420.7316
2025,12,1,22,50,21.44,16.738296968852964,-23.998899999999992,396.7622,420.7611
2025,12,1,23,0,21.32,16.678310588814707,-23.791600000000017,396.2399,420.0315
2025,12,1,23,10,21.32,16.5850314468191,-26.473799999999983,393.2395,419.7133
2025,12,1,23,20,21.39,16.596239829362517,-27.19470000000001,392.6726,419.8673
2025,12,1,23,30,21.38,16.605349634947327,-27.50849999999997,392.1136,419.6221
2025,12,1,23,40,21.25,16.573605202028958,-26.44409999999999,391.7527,418.1968
2025,12,1,23,50,21.03,16.546777318497867,-27.103700000000003,390.7241,417.8278
2025,12,2,0,0,20.87,16.448131562980517,-25.337499999999977,391.2407,416.5782
2025,12,2,0,10,20.76,16.469604225452844,-11.103700000000003,407.0247,418.1284
2025,12,2,0,20,20.74,16.540628576653674,-14.604199999999992,404.4689,419.0731
2025,12,2,0,30,20.84,16.60088464152765,-1.963799999999992,419.1542,421.118
2025,12,2,0,40,20.94,16.642956061672674,-6.264299999999992,415.0265,421.2908
2025,12,2,0,50,20.98,16.66340115209985,-2.886599999999987,419.1714,422.058
2025,12,2,1,0,20.98,16.69998381105068,-1.3403999999999885,421.0915,422.4319
2025,12,2,1,10,20.98,16.736566470001502,-1.4185999999999694,421.2069,422.6255
2025,12,2,1,20,20.99,16.856106425093277,-3.2524999999999977,419.2085,422.461
2025,12,2,1,30,20.99,16.965918193334925,-1.86160000000001,421.0011,422.8627
2025,12,2,1,40,20.98,17.010936412132672,-1.8470000000000368,421.1278,422.9748
2025,12,2,1,50,20.92,17.079308327400007,-2.0785999999999945,420.8706,422.9492
2025,12,2,2,0,20.93,17.143955136751543,-1.829499999999996,421.1116,422.9411
2025,12,2,2,10,20.88,17.16692717649046,-1.9215999999999556,421.0262,422.9478
2025,12,2,2,20,20.84,17.181462027898014,-1.945600000000013,420.9573,422.9029
2025,12,2,2,30,20.78,17.15774103838199,-1.890800000000013,420.8109,422.7017
2025,12,2,2,40,20.52,16.9888378840992,-2.0014999999999645,419.8654,421.8669
2025,12,2,2,50,20.3,16.82481408568771,-2.267600000000016,418.4404,420.708
2025,12,2,3,0,20.26,16.838156613542253,-2.464999999999975,417.8501,420.3151
2025,12,2,3,10,20.25,16.828319110456768,-2.6423000000000343,417.8508,420.4931
2025,12,2,3,20,20.23,16.721113937557064,-2.582499999999982,417.8142,420.3967
2025,12,2,3,30,20.13,16.46695969351586,-2.44459999999998,417.1469,419.5915
2025,12,2,19,30,20.11,13.185981499257904,-30.28789999999998,380.4053,410.6932
2025,12,2,19,40,20.33,13.243940981932637,-30.098700000000008,381.2812,411.3799
2025,12,2,19,50,20.43,13.38526341763238,-29.26769999999999,382.6317,411.8994
2025,12,2,20,0,20.39,13.564361780730524,-29.19980000000004,383.0365,412.2363
2025,12,2,20,10,20.43,13.73247247399235,-28.50840000000005,384.0189,412.5273
2025,12,2,20,20,20.42,13.882029358438723,-28.55449999999996,383.9501,412.5046
2025,12,2,20,30,20.47,14.043333975506291,-28.51279999999997,384.3484,412.8612
2025,12,2,20,40,20.55,14.166098100956331,-28.18090000000001,385.1655,413.3464
2025,12,2,20,50,20.46,14.194854861511596,-27.46550000000002,385.5285,412.994
2025,12,2,21,0,20.51,14.154449710210049,-23.43110000000001,390.6268,414.0579
2025,12,2,21,10,20.52,14.182296112050944,-27.116899999999987,386.0862,413.2031
2025,12,2,21,20,20.34,14.09753008700902,-27.448399999999992,385.1914,412.6398
2025,12,2,21,30,20.29,13.996676076682991,-27.682800000000043,384.4865,412.1693
2025,12,2,21,40,20.26,13.966900116003847,-27.330600000000004,384.2977,411.6283
2025,12,2,21,50,20.0,13.9409199524215,-27.631899999999973,383.6845,411.3164
2025,12,2,22,0,19.97,13.86471410474446,-27.45270000000005,383.417,410.8697
2025,12,2,22,10,20.05,13.742695399830454,-27.09459999999996,383.4596,410.5542
2025,12,2,22,20,19.84,13.675633987837625,-27.067999999999984,383.0702,410.1382
2025,12,2,22,30,19.78,13.547445786657814,-24.735000000000014,385.0927,409.8277
2025,12,2,22,40,19.97,13.41980163720415,-14.891599999999984,396.5251,411.4167
2025,12,2,22,50,20.01,13.411518523632024,-11.133800000000008,401.5756,412.7094
2025,12,2,23,0,20.15,13.415543184433211,-9.927999999999995,403.5629,413.4909
2025,12,2,23,10,19.93,13.460650896542075,-8.54570000000001,405.1079,413.6536
2025,12,2,23,20,19.98,13.448369538821185,-8.398599999999988,405.3027,413.7013
2025,12,2,23,30,20.11,13.424177631298823,-7.964099999999973,406.1904,414.1545
2025,12,2,23,40,20.14,13.440791081773982,-7.661299999999983,406.9494,414.6107
2025,12,2,23,50,20.2,13.624365888452951,-7.1447,408.0333,415.178
2025,12,3,0,0,20.2,13.701270583653969,-8.148600000000044,407.085,415.2336
2025,12,3,0,10,20.25,13.63269142937732,-7.680900000000008,407.9088,415.5897
2025,12,3,0,20,20.25,13.75013907316905,-3.655900000000031,412.5703,416.2262
2025,12,3,0,30,20.0,14.0963948961288,-4.0160999999999945,412.1258,416.1419
2025,12,3,0,40,19.83,14.179020378765124,-3.887299999999982,411.6449,415.5322
2025,12,3,0,50,19.64,13.95415844393388,-3.9430999999999594,410.6609,414.604
2025,12,3,1,0,19.52,13.956897959633686,-4.305900000000008,409.4597,413.7656
2025,12,3,1,10,19.46,13.639972536821595,-4.055499999999995,409.5022,413.5577
2025,12,3,1,20,19.46,13.606500211577863,-4.2346,409.3162,413.5508
2025,12,3,1,30,19.37,13.401469604023257,-4.361299999999972,408.6838,413.0451
2025,12,3,1,40,19.33,13.353347245359604,-4.483100000000036,408.313,412.7961
2025,12,3,1,50,19.25,13.224468133526994,-4.302400000000034,408.1441,412.4465
2025,12,3,2,0,19.24,13.137380393984069,-4.23860000000002,408.0451,412.2837
2025,12,3,2,10,19.2,13.040528315553342,-4.227399999999989,407.8587,412.0861
2025,12,3,2,20,19.2,12.953173917079589,-4.161200000000008,407.545,411.7062
2025,12,3,2,30,19.05,12.711691587426705,-4.276299999999992,406.1999,410.4762
2025,12,3,2,40,18.98,12.743891136871232,-4.348799999999983,405.773,410.1218
2025,12,3,2,50,18.98,12.732502494210935,-4.256899999999973,405.7257,409.9826
2025,12,3,3,0,18.96,12.55172561953639,-4.079200000000014,405.6491,409.7283
2025,12,3,3,10,18.96,12.361597201943722,-4.008299999999963,405.7993,409.8076
2025,12,3,3,20,19.01,12.424211235719511,-4.371199999999988,405.98,410.3512
2025,12,3,3,30,18.97,12.507106120747231,-4.575300000000027,405.7227,410.298
2025,12,3,19,30,16.08,9.391835350539148,-6.271500000000003,387.8248,394.0963
2025,12,3,19,40,16.09,9.307148584793708,-6.087199999999996,387.7065,393.7937
2025,12,3,19,50,16.09,9.282504766828676,-6.3125,387.5685,393.881
2025,12,3,20,0,16.1,9.238794761381294,-6.410699999999963,387.5529,393.9636
2025,12,3,20,10,16.14,9.273493718448242,-6.329299999999989,387.7636,394.0929
2025,12,3,20,20,16.19,9.346975670313986,-6.365099999999984,388.0226,394.3877
2025,12,3,20,30,16.17,9.35083383296196,-6.272899999999993,387.8926,394.1655
2025,12,3,20,40,16.17,9.301307568729708,-6.363999999999976,387.9542,394.3182
2025,12,3,20,50,16.21,9.231389361158492,-6.264700000000005,387.9659,394.2306
2025,12,3,21,0,16.23,9.169356580258295,-5.943100000000015,388.3639,394.307
2025,12,3,21,10,16.28,9.219208277645778,-6.086599999999976,388.2611,394.3477
2025,12,3,21,20,16.22,9.105871349007248,-6.088400000000036,388.0732,394.1616
2025,12,3,21,30,16.24,8.985616795348731,-6.330399999999997,387.7619,394.0923
2025,12,3,21,40,16.32,8.856928203024744,-6.237099999999998,387.9214,394.1585
2025,12,3,21,50,16.36,8.807336392454614,-7.572600000000023,386.5771,394.1497
2025,12,3,22,0,16.29,8.944852662121452,-14.755299999999975,377.9139,392.6692
2025,12,3,22,10,16.23,9.158310826208895,-6.947099999999978,386.7722,393.7193
2025,12,3,22,20,16.22,9.322513537489462,-6.270600000000002,387.6779,393.9485
2025,12,3,22,30,16.1,9.29359188333492,-6.005100000000027,387.6855,393.6906
2025,12,3,22,40,16.05,9.28468888527603,-6.01600000000002,387.4513,393.4673
2025,12,3,22,50,15.95,9.097061372315082,-6.1404,386.8553,392.9957
2025,12,3,23,0,15.95,8.955874328184242,-6.414800000000014,386.3712,392.786
2025,12,3,23,10,15.82,8.943641217048262,-6.5283000000000015,385.8571,392.3854
2025,12,3,23,20,15.77,8.930040917926336,-6.619199999999978,385.5378,392.157
2025,12,3,23,30,15.75,8.84546488291794,-6.529999999999973,385.3308,391.8608
2025,12,3,23,40,15.69,8.709139742921675,-6.461299999999994,385.1513,391.6126
2025,12,3,23,50,15.59,8.571503097499473,-6.426999999999964,384.6111,391.0381
2025,12,4,0,0,15.47,8.476367182184603,-6.462400000000002,384.073,390.5354
2025,12,4,0,10,15.4,8.53102466664816,-6.64349999999996,383.5912,390.2347
2025,12,4,0,20,15.36,8.358377969237026,-6.947200000000009,383.0061,389.9533
2025,12,4,0,30,15.31,8.326495665311489,-7.058699999999988,382.5962,389.6549
2025,12,4,0,40,15.29,8.23681735009519,-7.057199999999966,382.2239,389.2811
2025,12,4,0,50,15.27,8.325818574580996,-7.0289000000000215,382.1731,389.202
2025,12,4,1,0,15.22,8.418736093704922,-6.858599999999967,382.2764,389.135
2025,12,4,1,10,15.19,8.470803210299955,-7.321300000000008,381.7136,389.0349
2025,12,4,1,20,15.14,8.496773926338753,-7.630800000000022,381.0729,388.7037
2025,12,4,1,30,15.18,8.469538951797116,-7.844299999999976,381.0373,388.8816
2025,12,4,1,40,15.34,8.358695199678454,-7.975200000000029,381.1529,389.1281
2025,12,4,1,50,15.36,8.400294298184775,-8.17270000000002,381.1106,389.2833
2025,12,4,2,0,15.32,8.429559836447288,-8.146000000000015,380.9653,389.1113
2025,12,4,2,10,15.26,8.404083580697971,-7.875099999999975,381.1111,388.9862
2025,12,4,2,20,15.36,8.324320951966982,-8.26479999999998,380.9646,389.2294
2025,12,4,2,30,15.46,8.228737320538908,-9.058699999999988,380.0306,389.0893
2025,12,4,2,40,15.55,8.261869017701759,-8.032399999999996,381.6188,389.6512
2025,12,4,2,50,15.49,8.307105418144262,-8.061300000000017,381.5045,389.5658
2025,12,4,3,0,15.45,8.236914759487894,-7.936499999999967,381.5371,389.4736
2025,12,4,3,10,15.49,8.329549917843638,-8.252099999999984,381.214,389.4661
2025,12,4,3,20,15.6,8.244425890457121,-8.505299999999977,381.0597,389.565
2025,12,4,3,30,15.67,8.27547539712311,-8.13639999999998,381.8734,390.0098
2025,12,4,19,30,17.67,10.05376564974894,-11.446799999999996,390.2728,401.7196
2025,12,4,19,40,17.74,9.956749957974225,-10.638500000000022,391.525,402.1635
2025,12,4,19,50,17.83,9.969257648672915,-11.059799999999996,390.949,402.0088
2025,12,4,20,0,17.91,9.926771347591131,-12.9187,389.1375,402.0562
2025,12,4,20,10,17.93,9.88967494460578,-11.286,390.8949,402.1809
2025,12,4,20,20,17.83,9.826405481146203,-10.182299999999998,392.043,402.2253
2025,12,4,20,30,17.84,9.84290442833926,-9.610400000000029,392.6914,402.3018
2025,12,4,20,40,17.84,9.894605146794929,-9.889800000000037,392.3744,402.2642
2025,12,4,20,50,17.88,9.983744971676412,-12.404499999999985,389.2668,401.6713
2025,12,4,21,0,17.83,10.049801955895427,-13.286299999999985,388.2806,401.5669
2025,12,4,21,10,17.83,10.230646721168611,-11.831200000000024,390.0592,401.8904
2025,12,4,21,20,17.73,10.382869525661896,-10.799099999999951,391.0864,401.8855
2025,12,4,21,30,17.68,10.620061616787272,-9.15300000000002,392.7806,401.9336
2025,12,4,21,40,17.63,10.669526874718246,-10.1053,391.5207,401.626
2025,12,4,21,50,17.65,10.55446805857429,-9.881799999999998,391.8971,401.7789
2025,12,4,22,0,17.69,10.490759782506569,-11.338899999999969,390.1338,401.4727
2025,12,4,22,10,17.64,10.438484909340238,-14.536500000000046,386.2229,400.7594
2025,12,4,22,20,17.63,10.385706948001603,-11.523200000000031,389.1842,400.7074
2025,12,4,22,30,17.6,10.368632072575462,-9.872299999999996,391.2391,401.1114
2025,12,4,22,40,17.66,10.312542357774596,-10.09960000000001,391.0784,401.178
2025,12,4,22,50,17.64,10.3107648550299,-11.44070000000005,389.3622,400.8029
2025,12,4,23,0,17.65,10.26128839028056,-10.913899999999956,389.97,400.8839
2025,12,4,23,10,17.64,10.274702722048156,-10.1841,390.6632,400.8473
2025,12,4,23,20,17.69,10.260177072159848,-10.926099999999964,390.0423,400.9684
2025,12,4,23,30,17.68,10.306776576893393,-11.320400000000006,389.4176,400.738
2025,12,4,23,40,17.68,10.196825577315252,-12.204199999999958,388.8398,401.044
2025,12,4,23,50,17.64,10.321282977149574,-13.721299999999983,386.4495,400.1708
2025,12,5,0,0,17.5,10.338209966719576,-14.578399999999988,385.0081,399.5865
2025,12,5,0,10,17.55,10.30485528611953,-15.753899999999987,383.7439,399.4978
2025,12,5,0,20,17.51,10.280273741329864,-14.491000000000042,385.0628,399.5538
2025,12,5,0,30,17.5,10.350130646992527,-14.227300000000014,385.4735,399.7008
2025,12,5,0,40,17.54,10.440601713913702,-15.873400000000004,383.6332,399.5066
2025,12,5,0,50,17.51,10.490501239158364,-16.64349999999996,382.5565,399.2
2025,12,5,1,0,17.45,10.504969686959328,-18.434399999999982,380.0117,398.4461
2025,12,5,1,10,17.41,10.513979161240748,-16.719600000000014,381.2076,397.9272
2025,12,5,1,20,17.32,10.528317802623432,-18.745000000000005,379.1111,397.8561
2025,12,5,1,30,17.35,10.575281288089204,-23.48570000000001,373.2247,396.7104
2025,12,5,1,40,17.19,10.533038022634337,-25.613499999999988,369.8242,395.4377
2025,12,5,1,50,17.11,10.527823052401647,-26.955600000000004,367.7961,394.7517
2025,12,5,2,0,17.18,10.475569238715288,-26.19880000000001,368.3215,394.5203
2025,12,5,2,10,17.14,10.482590918917452,-26.926600000000008,367.7094,394.636
2025,12,5,2,20,17.1,10.460413967224262,-27.4298,366.2617,393.6915
2025,12,5,2,30,17.07,10.49681319000848,-26.66359999999997,367.2137,393.8773
2025,12,5,2,40,17.01,10.477942259418304,-21.44059999999996,372.4784,393.919
2025,12,5,2,50,17.01,10.469260081051155,-15.97109999999998,379.4391,395.4102
2025,12,5,3,0,17.05,10.459580788064825,-20.137299999999986,374.2885,394.4258
2025,12,5,3,10,17.12,10.437995865844911,-17.90210000000002,377.5721,395.4742
2025,12,5,3,20,17.18,10.43609946904667,-14.182200000000025,382.431,396.6132
2025,12,5,3,30,17.29,10.446168266125923,-11.02679999999998,386.4207,397.4475
2025,12,5,19,30,17.2,11.540444353714625,-16.31989999999996,384.7153,401.0352
2025,12,5,19,40,17.18,11.595341222647171,-9.61869999999999,392.6402,402.2589
2025,12,5,19,50,17.19,11.660794211420765,-8.548999999999978,394.2595,402.8085
2025,12,5,20,0,17.18,11.677204448626531,-14.057200000000025,387.5429,401.6001
2025,12,5,20,10,17.13,11.747230628458686,-12.712600000000007,388.7047,401.4173
2025,12,5,20,20,17.14,11.768852075078442,-9.863599999999964,392.2037,402.0673
2025,12,5,20,30,17.19,11.818767840978394,-10.281799999999976,391.6861,401.9679
2025,12,5,20,40,17.14,11.841769374180538,-22.756700000000023,376.2824,399.0391
2025,12,5,20,50,17.04,11.84351291992178,-17.802999999999997,381.7108,399.5138
2025,12,5,21,0,17.01,11.86564376843393,-17.16640000000001,382.2276,399.394
2025,12,5,21,10,17.01,11.880114065712506,-16.3938,382.9658,399.3596
2025,12,5,21,20,17.0,11.93083989990584,-15.102000000000032,384.4607,399.5627
2025,12,5,21,30,16.96,11.887828712265517,-15.665099999999995,383.7745,399.4396
2025,12,5,21,40,16.96,11.945536618635735,-15.20429999999999,384.1671,399.3714
2025,12,5,21,50,16.97,11.938267426986508,-15.59269999999998,383.6469,399.2396
2025,12,5,22,0,16.95,11.923955582120684,-16.56529999999998,382.4801,399.0454
2025,12,5,22,10,16.97,11.96713869041332,-16.514200000000017,382.4711,398.9853
2025,12,5,22,20,16.94,12.003263324769197,-14.929100000000004,384.3214,399.2505
2025,12,5,22,30,16.95,11.996047212000493,-18.346400000000017,380.359,398.7054
2025,12,5,22,40,16.91,12.01044670835472,-17.9418,380.5457,398.4875
2025,12,5,22,50,16.93,11.996064860345715,-19.776700000000005,378.224,398.0007
2025,12,5,23,0,16.93,12.053669013336574,-21.1644,376.3866,397.551
2025,12,5,23,10,16.92,12.03204734647196,-13.853000000000009,384.61,398.463
2025,12,5,23,20,17.0,11.974224772269135,-12.21610000000004,386.9842,399.2003
2025,12,5,23,30,17.09,11.980832452670324,-6.285799999999995,394.6252,400.911
2025,12,5,23,40,17.16,12.016571503546604,-7.523899999999969,393.4562,400.9801
2025,12,5,23,50,17.14,11.987603972384733,-13.674099999999951,386.177,399.8511
2025,12,6,0,0,17.14,11.943853592923476,-6.421600000000012,394.5186,400.9402
2025,12,6,0,10,17.13,11.83467899541992,-11.881400000000042,388.4772,400.3586
2025,12,6,0,20,17.09,11.791814464946151,-24.474000000000046,373.0619,397.5359
2025,12,6,0,30,16.94,11.743889087259175,-21.866199999999992,375.2354,397.1016
2025,12,6,0,40,17.0,11.78622365869486,-21.491600000000005,375.7823,397.2739
2025,12,6,0,50,16.94,11.758298767120843,-22.17410000000001,374.7998,396.9739
2025,12,6,1,0,16.97,11.86608926841948,-18.311800000000005,378.8387,397.1505
2025,12,6,1,10,16.9,11.888241101145969,-27.739199999999983,367.5368,395.276
2025,12,6,1,20,16.92,12.017654945339816,-28.50840000000005,367.0685,395.5769
2025,12,6,1,30,16.82,12.131722859856692,-27.800200000000014,367.3743,395.1745
2025,12,6,1,40,16.79,12.19557013761104,-28.783900000000017,366.245,395.0289
2025,12,6,1,50,16.74,12.17323354104864,-28.47230000000002,366.18,394.6523
2025,12,6,2,0,16.67,12.051240079912615,-27.812999999999988,365.9167,393.7297
2025,12,6,2,10,16.6,12.057093874468425,-28.607399999999984,364.4004,393.0078
2025,12,6,2,20,16.59,12.007513955738682,-28.519900000000007,364.5535,393.0734
2025,12,6,2,30,16.54,11.99958156963393,-30.091799999999974,363.0434,393.1352
2025,12,6,2,40,16.6,12.01473874376186,-29.512100000000032,363.3993,392.9114
2025,12,6,2,50,16.59,11.965184294320098,-28.545699999999957,364.3978,392.9435
2025,12,6,3,0,16.59,11.993404068599157,-26.7303,366.6206,393.3509
2025,12,6,3,10,16.64,12.07198040767615,-27.36310000000003,365.674,393.0371
2025,12,6,3,20,16.64,12.086132787989955,-26.39340000000004,367.08,393.4734
2025,12,6,3,30,16.69,12.09412682451942,-28.99830000000003,363.9598,392.9581
2025,12,6,19,30,19.63,12.676460667205324,-31.43969999999996,376.6143,408.054
2025,12,6,19,40,19.56,12.728817071746764,-31.0521,376.1697,407.2218
2025,12,6,19,50,19.56,12.747335387814642,-31.592100000000016,375.9565,407.5486
2025,12,6,20,0,19.55,12.793686766182937,-31.2602,376.2237,407.4839
2025,12,6,20,10,19.64,12.809071744958947,-31.675299999999996,376.1923,407.8676
2025,12,6,20,20,19.62,12.853165564140395,-31.005499999999984,376.4974,407.5029
2025,12,6,20,30,19.6,12.85832461944307,-31.273799999999994,376.3121,407.5859
2025,12,6,20,40,19.6,12.897135835486012,-30.68270000000001,376.5183,407.201
2025,12,6,20,50,19.7,12.876338055737948,-31.312099999999987,376.4755,407.7876
2025,12,6,21,0,19.7,12.89670663689651,-30.63470000000001,376.8716,407.5063
2025,12,6,21,10,19.64,12.88518533647131,-30.23479999999995,376.9426,407.1774
2025,12,6,21,20,19.65,12.877522198467734,-31.066599999999998,376.5915,407.6581
2025,12,6,21,30,19.64,12.908865120497378,-30.321900000000028,376.7107,407.0326
2025,12,6,21,40,19.74,12.97635640559068,-30.362899999999968,376.8493,407.2122
2025,12,6,21,50,19.74,12.972953663646116,-29.853099999999984,377.0836,406.9367
2025,12,6,22,0,19.69,12.9790472056909,-30.035500000000013,376.7972,406.8327
2025,12,6,22,10,19.7,13.020615505611095,-30.26260000000002,376.7786,407.0412
2025,12,6,22,20,19.72,13.0885889733925,-30.090499999999963,376.7948,406.8853
2025,12,6,22,30,19.72,13.063098343088567,-29.866299999999967,376.9698,406.8361
2025,12,6,22,40,19.67,13.082425161255882,-30.644900000000007,376.5491,407.194
2025,12,6,22,50,19.61,13.1242103908113,-30.61160000000001,376.5423,407.1539
2025,12,6,23,0,19.69,13.121543606851276,-30.276299999999992,376.4041,406.6804
2025,12,6,23,10,19.69,13.126632764035572,-30.62869999999998,376.5777,407.2064
2025,12,6,23,20,19.75,13.138888131141847,-29.694000000000017,376.9695,406.6635
2025,12,6,23,30,19.71,13.147146458803023,-29.8039,376.8114,406.6153
2025,12,6,23,40,19.66,13.154336330698348,-29.74599999999998,376.8485,406.5945
2025,12,6,23,50,19.8,13.18431125859831,-29.6866,377.1355,406.8221
2025,12,7,0,0,19.7,13.19374844545888,-29.7996,376.9375,406.7371
2025,12,7,0,10,19.76,13.228360710611264,-30.72919999999999,376.6791,407.4083
2025,12,7,0,20,19.75,13.237625564622832,-30.318899999999985,376.9264,407.2453
2025,12,7,0,30,19.69,13.238594222090155,-29.436399999999992,376.7327,406.1691
2025,12,7,0,40,19.68,13.234215896655272,-29.83910000000003,376.9396,406.7787
2025,12,7,0,50,19.66,13.29996878750062,-30.381399999999985,376.4887,406.8701
2025,12,7,1,0,19.61,13.282923342919403,-29.85809999999998,376.6078,406.4659
2025,12,7,1,10,19.61,13.296430828205198,-30.105099999999997,376.3633,406.4684
2025,12,7,1,20,19.66,13.269487575611771,-30.29849999999999,376.4901,406.7886
2025,12,7,1,30,19.55,13.290022588910968,-29.26139999999998,376.0432,405.3046
2025,12,7,1,40,19.61,13.28630021424085,-29.76769999999999,376.1176,405.8853
2025,12,7,1,50,19.61,13.298119263865924,-30.1875,376.0131,406.2006
2025,12,7,2,0,19.61,13.250843065365638,-30.08330000000001,376.0389,406.1222
2025,12,7,2,10,19.53,13.292896551755604,-30.006899999999973,375.7945,405.8014
2025,12,7,2,20,19.57,13.26859182899856,-30.404299999999974,375.5711,405.9754
2025,12,7,2,30,19.51,13.265529187884026,-29.411,375.8546,405.2656
2025,12,7,2,40,19.56,13.240595988531718,-29.274599999999964,375.8962,405.1708
2025,12,7,2,50,19.52,13.23469987026636,-29.424500000000023,375.6778,405.1023
2025,12,7,3,0,19.55,13.231135287909332,-29.42689999999999,375.8175,405.2444
2025,12,7,3,10,19.56,13.240595988531718,-29.288099999999982,375.6021,404.8902
2025,12,7,3,20,19.53,13.2744108549074,-29.688499999999976,375.4854,405.1739
2025,12,7,3,30,19.6,13.239687003169331,-29.889899999999955,376.0359,405.9258
2025,12,7,19,30,21.09,11.424361605467492,-29.498800000000017,380.9983,410.4971
2025,12,7,19,40,21.09,11.47590561528913,-27.55489999999997,381.9089,409.4638
2025,12,7,19,50,20.9,11.435481668868029,-26.58340000000004,381.3391,407.9225
2025,12,7,20,0,20.72,11.467674363054051,-25.27890000000002,380.5508,405.8297
2025,12,7,20,10,20.64,11.536306507410108,-25.52860000000004,379.8452,405.3738
2025,12,7,20,20,20.29,11.552616771804,-25.136599999999987,379.354,404.4906
2025,12,7,20,30,20.02,11.546299356464765,-25.827800000000025,378.9874,404.8152
2025,12,7,20,40,20.11,11.586416232997715,-25.36959999999999,379.098,404.4676
2025,12,7,20,50,20.03,11.57901931109354,-25.020399999999995,380.3134,405.3338
2025,12,7,21,0,20.03,11.688043106729308,-19.65370000000001,386.1013,405.755
2025,12,7,21,10,20.12,11.699317051803312,-17.758000000000038,390.0431,407.8011
2025,12,7,21,20,20.24,11.778196386938882,-15.185699999999995,393.4898,408.6755
2025,12,7,21,30,20.34,11.92298607108788,-9.520800000000008,401.2596,410.7804
2025,12,7,21,40,20.52,11.917117727504388,-9.199100000000044,402.8848,412.0839
2025,12,7,21,50,20.49,11.990500779059674,-9.96339999999998,402.408,412.3714
2025,12,7,22,0,20.38,12.00032409076045,-10.49589999999995,401.595,412.0909
2025,12,7,22,10,20.11,11.998478154849526,-11.217299999999966,399.8964,411.1137
2025,12,7,22,20,19.83,12.230901656037329,-13.240499999999995,396.278,409.5185
2025,12,7,22,30,19.43,12.31614935697707,-18.38669999999996,388.6272,407.0139
2025,12,7,22,40,19.1,12.49690610830727,-21.641200000000023,380.9908,402.632
2025,12,7,22,50,18.7,12.355535439658125,-24.311000000000035,376.2505,400.5615
2025,12,7,23,0,18.33,12.32404039870958,-24.940499999999982,372.6863,397.6268
2025,12,7,23,10,18.28,12.275040046035883,-26.865400000000022,371.6701,398.5355
2025,12,7,23,20,19.36,12.135752801997274,-28.057799999999983,371.4042,399.462
2025,12,7,23,30,19.8,12.146230289260345,-28.3818,373.2987,401.6805
2025,12,7,23,40,19.48,12.097728368363834,-26.119100000000003,373.9579,400.077
2025,12,7,23,50,19.57,12.047349087342605,-26.125800000000027,374.4419,400.5677
2025,12,8,0,0,19.57,12.013659632400367,-28.1266,372.3613,400.4879
2025,12,8,0,10,19.23,12.025049419690552,-28.1343,370.9385,399.0728
2025,12,8,0,20,19.17,12.036903303303893,-28.6198,369.6269,398.2467
2025,12,8,0,30,19.12,11.973588115703665,-30.301000000000045,368.1022,398.4032
2025,12,8,0,40,19.02,11.966768809534736,-29.26400000000001,367.9669,397.2309
2025,12,8,0,50,19.33,11.742309082673184,-31.31110000000001,368.6903,400.0014
2025,12,8,1,0,19.38,11.683631999865264,-31.52199999999999,368.9767,400.4987
2025,12,8,1,10,19.09,11.728080865209089,-29.028500000000008,369.0535,398.082
2025,12,8,1,20,18.43,11.849295276009792,-28.06020000000001,368.3984,396.4586
2025,12,8,1,30,17.83,11.970707697956795,-29.384500000000003,366.2006,395.5851
2025,12,8,1,40,17.63,12.103643435640963,-29.5231,365.1963,394.7194
2025,12,8,1,50,17.28,12.250252345581268,-27.692999999999984,364.9834,392.6764
2025,12,8,2,0,17.13,12.242771374572328,-28.049300000000017,363.8603,391.9096
2025,12,8,2,10,16.87,12.182541234381487,-26.455300000000022,362.8553,389.3106
2025,12,8,2,20,17.87,13.237725048638936,-29.121500000000022,363.4557,392.5772
2025,12,8,2,30,18.01,13.1641531844737,-27.444500000000005,364.988,392.4325
2025,12,8,2,40,17.64,12.967341984684936,-26.747599999999977,364.1729,390.9205
2025,12,8,2,50,17.44,13.050987163927369,-29.076899999999966,365.8333,394.9102
2025,12,8,3,0,16.75,12.807384617442334,-7.586200000000019,390.3662,397.9524
2025,12,8,3,10,17.18,13.302774221645146,-4.383600000000001,395.684,400.0676
2025,12,8,3,20,17.96,14.212425791922955,-7.288299999999992,394.5161,401.8044
2025,12,8,3,30,19.14,15.569741358797906,-4.539199999999994,402.8177,407.3569
2025,12,8,19,30,18.93,12.76796846616693,-5.773599999999988,405.7627,411.5363
2025,12,8,19,40,18.87,12.551459776602334,-5.388899999999978,405.1367,410.5256
2025,12,8,19,50,18.73,12.508934007956078,-4.802000000000021,404.5632,409.3652
2025,12,8,20,0,18.7,12.50915950418438,-5.241800000000012,404.4136,409.6554
2025,12,8,20,10,18.65,12.547195311755718,-4.843200000000024,404.0334,408.8766
2025,12,8,20,20,18.5,12.637077635942155,-4.900399999999991,403.0572,407.9576
2025,12,8,20,30,18.37,12.758191009377915,-5.088300000000004,402.2749,407.3632
2025,12,8,20,40,18.47,12.676197442026169,-4.838400000000036,402.8282,407.6666
2025,12,8,20,50,18.54,12.65279272133716,-4.507499999999993,403.4441,407.9516
2025,12,8,21,0,18.41,12.757030979464718,-4.497700000000009,403.4225,407.9202
2025,12,8,21,10,18.21,13.041767662174204,-3.483699999999999,403.3126,406.7963
2025,12,8,21,20,18.06,13.295793549957033,-4.478600000000029,401.5929,406.0715
2025,12,8,21,30,17.97,13.561943153953552,-15.21120000000002,388.6123,403.8235
2025,12,8,21,40,18.05,13.51885007034155,-8.573500000000024,396.9744,405.5479
2025,12,8,21,50,18.18,13.453019008145125,-8.770299999999963,397.1976,405.9679
2025,12,8,22,0,18.24,13.251886729569092,-11.506899999999971,394.1711,405.678
2025,12,8,22,10,18.23,13.166206210637514,-8.295800000000042,397.9362,406.232
2025,12,8,22,20,18.23,13.306272234154934,-5.468299999999999,401.3661,406.8344
2025,12,8,22,30,18.15,13.367107204176971,-5.627900000000011,400.6176,406.2455
2025,12,8,22,40,18.02,13.464013074442846,-5.4255,400.5453,405.9708
2025,12,8,22,50,17.91,13.528871579704262,-4.995599999999968,400.3206,405.3162
2025,12,8,23,0,17.92,13.613320634727218,-6.068700000000035,399.037,405.1057
2025,12,8,23,10,17.98,13.57001458237484,-6.6597999999999615,398.6897,405.3495
2025,12,8,23,20,18.1,13.435549789653662,-11.980400000000031,393.1991,405.1795
2025,12,8,23,30,18.14,13.483006442843108,-4.648400000000038,401.6903,406.3387
2025,12,8,23,40,18.11,13.675322928844684,-4.572999999999979,401.4356,406.0086
2025,12,8,23,50,18.11,13.505347163627404,-5.072400000000016,400.6984,405.7708
2025,12,9,0,0,18.18,13.437502261884289,-3.8175999999999695,402.5835,406.4011
2025,12,9,0,10,18.24,13.407608077742642,-26.408799999999985,377.435,403.8438
2025,12,9,0,20,18.13,13.33576040369872,-22.570699999999988,381.1489,403.7196
2025,12,9,0,30,18.06,13.357419476028676,-21.919600000000003,381.5311,403.4507
2025,12,9,0,40,18.05,13.426466129086368,-22.3852,380.8646,403.2498
2025,12,9,0,50,18.02,13.510122708259432,-25.420999999999992,377.3032,402.7242
2025,12,9,1,0,17.97,13.57726738350604,-8.658200000000022,396.1142,404.7724
2025,12,9,1,10,18.01,13.655696827301188,-4.1614999999999895,401.8747,406.0362
2025,12,9,1,20,17.92,13.842501116793333,-3.5886999999999603,402.4279,406.0166
2025,12,9,1,30,17.78,13.954841317350962,-5.975699999999961,399.0957,405.0714
2025,12,9,1,40,17.74,14.027423654167418,-4.368100000000027,400.7215,405.0896
2025,12,9,1,50,17.7,14.069411087696407,-5.061399999999992,400.188,405.2494
2025,12,9,2,0,17.63,14.025810135097595,-5.604300000000023,399.6307,405.235
2025,12,9,2,10,17.64,14.019154196652426,-5.404100000000028,399.6678,405.0719
2025,12,9,2,20,17.67,14.0141575384283,-4.756399999999985,400.6806,405.437
2025,12,9,2,30,17.68,14.007456110639858,-4.893600000000049,400.2639,405.1575
2025,12,9,2,40,17.68,14.127950356752889,-4.916800000000023,400.2088,405.1256
2025,12,9,2,50,17.69,14.226802520738689,-3.688600000000008,401.8932,405.5818
2025,12,9,3,0,17.68,14.293629945158306,-3.294600000000002,402.6712,405.9658
2025,12,9,3,10,17.73,14.38162634719937,-2.907600000000002,403.3011,406.2087
2025,12,9,3,20,17.74,14.420433368616074,-2.651999999999987,403.6078,406.2598
2025,12,9,3,30,17.44,14.164552621600352,-2.847000000000037,402.6593,405.5063
2025,12,9,19,30,19.09,14.131993558608553,-26.723000000000013,381.495,408.218
2025,12,9,19,40,19.05,14.147699414871518,-26.58570000000003,381.1063,407.692
2025,12,9,19,50,19.1,14.173100542396469,-24.48740000000004,383.7922,408.2796
2025,12,9,20,0,19.18,14.108403151608716,-25.470700000000026,382.5992,408.0699
2025,12,9,20,10,19.22,14.0591896967079,-27.21690000000001,381.217,408.4339
2025,12,9,20,20,19.23,14.05096396561398,-27.341099999999983,381.1485,408.4896
2025,12,9,20,30,19.32,14.026042156726485,-26.8091,381.4924,408.3015
2025,12,9,20,40,19.37,14.050733348814443,-27.06720000000001,381.7066,408.7738
2025,12,9,20,50,19.38,14.15894952934912,-26.79789999999997,381.9569,408.7548
2025,12,9,21,0,19.32,14.175431954845465,-26.81,381.5428,408.3528
2025,12,9,21,10,19.26,14.141977625632876,-26.6721,381.2977,407.9698
2025,12,9,21,20,19.29,14.133845920228149,-26.325099999999964,380.824,407.1491
2025,12,9,21,30,19.24,14.05924385724402,-26.82249999999999,380.494,407.3165
2025,12,9,21,40,19.2,14.009667679752704,-25.101699999999997,381.5862,406.6879
2025,12,9,21,50,19.27,13.885508077654988,-26.323499999999967,379.9642,406.2877
2025,12,9,22,0,19.19,13.919053131417083,-26.02679999999998,379.7593,405.7861
2025,12,9,22,10,19.13,13.919154909613203,-26.804100000000005,379.2938,406.0979
2025,12,9,22,20,19.11,13.98472391378955,-26.5471,379.3235,405.8706
2025,12,9,22,30,19.1,13.99286458174172,-25.91500000000002,379.3683,405.2833
2025,12,9,22,40,19.18,13.993165319565232,-25.5573,379.5721,405.1294
2025,12,9,22,50,19.11,13.968329161252866,-26.12739999999997,378.7615,404.8889
2025,12,9,23,0,19.03,13.951521557950445,-26.22919999999999,378.5503,404.7795
2025,12,9,23,10,19.1,13.927324232412715,-26.403599999999983,378.2413,404.6449
2025,12,9,23,20,19.23,13.869341634683598,-26.74890000000005,378.787,405.5359
2025,12,9,23,30,19.34,13.876380896002832,-27.09460000000001,378.9547,406.0493
2025,12,9,23,40,19.26,13.860792105591052,-25.20080000000001,379.4882,404.689
2025,12,9,23,50,19.1,13.927324232412715,-25.081799999999987,378.979,404.0608
2025,12,10,0,0,18.85,13.852458832960542,-23.37609999999995,378.3928,401.7689
2025,12,10,0,10,18.64,13.872839841899554,-23.245300000000043,377.3031,400.5484
2025,12,10,0,20,18.6,13.919570530913363,-23.791600000000017,376.5619,400.3535
2025,12,10,0,30,18.54,13.965309931718917,-25.18610000000001,375.889,401.0751
2025,12,10,0,40,18.74,14.099523026861975,-25.70169999999996,376.0527,401.7544
2025,12,10,0,50,18.79,14.06082922774394,-25.71210000000002,375.9915,401.7036
2025,12,10,1,0,18.77,14.140626517044009,-25.8372,376.0594,401.8966
2025,12,10,1,10,18.54,14.060419874500209,-24.872799999999984,375.4724,400.3452
2025,12,10,1,20,18.3,13.955531413583662,-24.626000000000037,374.3058,398.9318
2025,12,10,1,30,17.72,13.633265666035198,-23.6096,372.9574,396.567
2025,12,10,1,40,17.54,13.726628004415868,-24.08160000000004,371.4095,395.4911
2025,12,10,1,50,17.35,13.70459577621391,-24.90780000000001,370.6513,395.5591
2025,12,10,2,0,17.16,13.63727555809542,-25.0702,369.9402,395.0104
2025,12,10,2,10,17.01,13.631020036420445,-23.91089999999997,369.8831,393.794
2025,12,10,2,20,17.04,13.69904493185567,-22.21690000000001,372.2666,394.4835
2025,12,10,2,30,17.0,13.680696418558698,-18.76339999999999,375.3105,394.0739
2025,12,10,2,40,17.14,13.854286829398411,-17.888800000000003,376.8933,394.7821
2025,12,10,2,50,16.85,13.629795825038254,-18.026400000000024,376.6697,394.6961
2025,12,10,3,0,16.9,13.713883930463428,-16.7063,378.4134,395.1197
2025,12,10,3,10,16.98,13.79429823015158,-13.505400000000009,380.065,393.5704
2025,12,10,3,20,17.03,13.85020022362469,-13.005399999999952,381.636,394.6414
2025,12,10,3,30,16.98,13.79429823015158,-11.002900000000013,383.1252,394.1281
2025,12,10,19,30,18.05,13.965372453074927,-9.073300000000016,400.1296,409.2029
2025,12,10,19,40,18.03,13.871877623043634,-10.31959999999998,398.3894,408.709
2025,12,10,19,50,18.07,13.904911083815833,-10.101799999999969,399.0513,409.1531
2025,12,10,20,0,18.08,13.959454536103449,-9.092399999999998,400.2185,409.3109
2025,12,10,20,10,18.05,13.888385835362278,-9.507900000000006,399.2101,408.718
2025,12,10,20,20,17.99,13.83891224818074,-20.62529999999998,385.6068,406.2321
2025,12,10,20,30,17.85,13.754498228393544,-24.9819,379.3516,404.3335
2025,12,10,20,40,17.56,13.56357480976073,-30.55180000000001,368.5578,399.1096
2025,12,10,20,50,17.39,13.530161518483798,-30.66429999999997,366.4626,397.1269
2025,12,10,21,0,17.27,13.550993175103876,-30.3759,365.2712,395.6471
2025,12,10,21,10,17.05,13.43166247364863,-30.344299999999976,364.0883,394.4326
2025,12,10,21,20,17.04,13.525088805736868,-31.16910000000001,364.5977,395.7668
2025,12,10,21,30,16.94,13.530689390105977,-29.3741,365.7529,395.127
2025,12,10,21,40,16.86,13.480232427527731,-26.76150000000001,367.5045,394.266
2025,12,10,21,50,16.78,13.42990753762462,-24.430399999999963,369.7782,394.2086
2025,12,10,22,0,16.55,13.259565993098722,-21.056700000000035,370.9738,392.0305
2025,12,10,22,10,16.35,13.114732953897304,-18.91210000000001,373.3463,392.2584
2025,12,10,22,20,16.66,13.475107638813476,-9.578599999999994,387.9023,397.4809
2025,12,10,22,30,16.9,13.713883930463428,-7.880800000000022,392.4212,400.302
2025,12,10,22,40,16.79,13.595061792746732,-7.930900000000008,393.3495,401.2804
2025,12,10,22,50,16.84,13.607292618980107,-7.193300000000022,394.9907,402.184
2025,12,10,23,0,16.94,13.68919586858432,-7.744699999999966,395.1967,402.9414
2025,12,10,23,10,17.08,13.804579090364054,-7.355700000000013,396.5848,403.9405
2025,12,10,23,20,17.09,13.798313103864242,-8.238400000000013,395.9337,404.1721
2025,12,10,23,30,17.28,13.956169839083582,-7.9746000000000095,396.5172,404.4918
2025,12,10,23,40,17.23,13.826503902184562,-9.388999999999951,394.9492,404.3382
2025,12,10,23,50,17.32,13.856929059739604,-14.81529999999998,387.8364,402.6517
2025,12,11,0,0,17.3,13.855086812112896,-9.70659999999998,394.6351,404.3417
2025,12,11,0,10,17.27,13.844940966320882,-14.287599999999998,388.7924,403.08
2025,12,11,0,20,17.22,13.803577558116052,-18.971900000000005,382.9343,401.9062
2025,12,11,0,30,17.16,13.695679307808888,-26.06120000000004,372.7707,398.8319
2025,12,11,0,40,17.03,13.560447080871034,-31.694500000000005,365.0452,396.7397
2025,12,11,0,50,16.89,13.461426200529848,-32.336299999999994,361.1256,393.4619
2025,12,11,1,0,16.64,13.289085114663427,-31.51769999999999,360.0504,391.5681
2025,12,11,1,10,16.36,13.12263899207568,-30.99380000000002,359.2997,390.2935
2025,12,11,1,20,16.22,13.053726770966591,-28.09119999999996,360.5416,388.6328
2025,12,11,1,30,16.16,13.07529396416836,-24.133200000000045,364.15,388.2832
2025,12,11,1,40,16.16,13.08904295887306,-20.34910000000002,369.654,390.0031
2025,12,11,1,50,16.04,12.99453577068085,-16.95580000000001,371.1448,388.1006
2025,12,11,2,0,15.84,12.865311678665948,-15.066599999999994,371.6989,386.7655
2025,12,11,2,10,15.76,12.843422853966407,-15.117899999999963,372.206,387.3239
2025,12,11,2,20,15.98,13.015506406092454,-14.027699999999982,374.668,388.6957
2025,12,11,2,30,15.93,12.989780950628306,-12.011900000000026,377.6151,389.627
2025,12,11,2,40,15.68,12.781338843251111,-6.364000000000033,387.224,393.588
2025,12,11,2,50,15.97,13.02123331001248,-4.387299999999982,392.237,396.6243
2025,12,11,3,0,16.21,13.22513056072751,-5.491600000000005,391.7819,397.2735
2025,12,11,3,10,16.26,13.23741531141909,-7.928799999999967,387.4565,395.3853
2025,12,11,3,20,16.35,13.267714992596002,-10.793000000000006,384.7155,395.5085
2025,12,11,3,30,16.4,13.238001070278328,-13.083799999999997,379.0389,392.1227
2025,12,11,19,30,19.0,12.798036761794416,-9.88670000000002,399.5802,409.4669
2025,12,11,19,40,19.05,12.814613650144594,-21.815600000000018,385.7337,407.5493
2025,12,11,19,50,18.94,12.76901764130714,-28.15639999999996,377.4449,405.6013
2025,12,11,20,0,18.9,12.800422333021745,-29.347399999999997,375.8795,405.2269
2025,12,11,20,10,18.91,12.799883715747834,-22.582899999999995,383.3942,405.9771
2025,12,11,20,20,18.85,12.79334309934491,-26.697600000000023,378.1327,404.8303
2025,12,11,20,30,18.75,12.799796624323443,-25.014200000000017,379.9727,404.9869
2025,12,11,20,40,18.87,12.75836085212134,-27.55529999999999,377.1119,404.6672
2025,12,11,20,50,19.02,12.809889479271648,-23.4212,381.886,405.3072
2025,12,11,21,0,19.31,12.87645712888671,-5.702199999999948,403.9066,409.6088
2025,12,11,21,10,19.54,13.023262833044654,-6.640499999999975,404.6474,411.2879
2025,12,11,21,20,19.46,13.06592215889156,-7.070899999999995,404.47,411.5409
2025,12,11,21,30,19.44,13.0488911873009,-14.009999999999993,396.6615,410.6715
2025,12,11,21,40,19.38,13.049554189755414,-28.205300000000022,379.7328,407.9381
2025,12,11,21,50,19.22,13.083957171971472,-28.308899999999998,378.6206,406.9295
2025,12,11,22,0,19.14,13.09139328807786,-27.63050000000004,378.5574,406.1879
2025,12,11,22,10,19.06,13.142566609800657,-21.382199999999955,385.439,406.8212
2025,12,11,22,20,19.17,13.17873092666268,-14.116199999999992,394.2228,408.339
2025,12,11,22,30,19.22,13.187915969024594,-19.496899999999982,388.8675,408.3644
2025,12,11,22,40,19.24,13.191899200951056,-16.740700000000004,391.2611,408.0018
2025,12,11,22,50,19.26,13.18263879254901,-19.23320000000001,388.9915,408.2247
2025,12,11,23,0,19.28,13.125312310668845,-27.389400000000023,379.6878,407.0772
2025,12,11,23,10,19.23,13.076807826987396,-24.968999999999998,381.6571,406.6261
2025,12,11,23,20,19.22,13.115309825050986,-21.57090000000005,385.715,407.2859
2025,12,11,23,30,19.22,13.050954379256195,-22.983000000000004,384.1328,407.1158
2025,12,11,23,40,19.22,13.085607311607236,-20.62439999999998,387.0187,407.6431
2025,12,11,23,50,19.23,13.119736741570938,-17.74380000000002,390.1708,407.9146
2025,12,12,0,0,19.17,13.116210105787127,-10.630800000000022,398.429,409.0598
2025,12,12,0,10,19.31,13.120316855496649,-9.917100000000003,399.7625,409.6796
2025,12,12,0,20,19.32,13.106464954971871,-19.997400000000027,388.5576,408.555
2025,12,12,0,30,19.27,13.110964838043245,-17.789600000000007,389.7561,407.5457
2025,12,12,0,40,19.19,13.10202942098124,-15.279099999999971,392.5291,407.8082
2025,12,12,0,50,19.18,13.010351237708711,-10.587900000000047,398.1858,408.7737
2025,12,12,1,0,19.26,12.965960538869725,-11.253300000000024,397.5623,408.8156
2025,12,12,1,10,19.26,12.92295569462803,-11.679300000000012,397.3462,409.0255
2025,12,12,1,20,19.22,12.8908908345871,-14.208500000000017,394.3279,408.5364
2025,12,12,1,30,19.22,12.956896420017658,-14.342499999999973,394.136,408.4785
2025,12,12,1,40,19.17,13.02407415923368,-16.103200000000015,391.9207,408.0239
2025,12,12,1,50,19.09,13.03647748784272,-15.424699999999971,392.6532,408.0779
2025,12,12,2,0,19.09,12.997176462882512,-14.669200000000046,393.4104,408.0796
2025,12,12,2,10,19.05,13.048230395678845,-13.769100000000035,394.1063,407.8754
2025,12,12,2,20,18.94,13.033584804842548,-13.154000000000051,393.84,406.994
2025,12,12,2,30,18.96,13.048984557855668,-10.68059999999997,396.8181,407.4987
2025,12,12,2,40,18.94,13.001122576187896,-11.844100000000026,395.8189,407.663
2025,12,12,2,50,18.94,13.049815919169877,-13.467800000000013,393.3664,406.8342
2025,12,12,3,0,18.92,13.034412763993169,-13.106400000000008,393.843,406.9494
2025,12,12,3,10,18.85,13.029060930302048,-12.210900000000038,394.804,407.0149
2025,12,12,3,20,18.9,12.954254100464762,-15.263300000000015,391.1488,406.4121
2025,12,12,3,30,19.0,12.931604155770124,-15.389299999999992,391.3283,406.7176
2025,12,12,19,30,18.49,14.224293175530311,-4.64549999999997,405.1188,409.7643
2025,12,12,19,40,18.5,14.216910017159302,-4.934799999999996,404.8233,409.7581
2025,12,12,19,50,18.53,14.17883174585619,-4.699900000000014,405.4165,410.1164
2025,12,12,20,0,18.59,14.27700082842894,-4.036699999999996,406.0136,410.0503
2025,12,12,20,10,18.53,14.289727636605903,-4.177599999999984,405.594,409.7716
2025,12,12,20,20,18.51,14.36774755136085,-4.208299999999952,405.5957,409.804
2025,12,12,20,30,18.53,14.51151941810533,-4.818699999999978,405.0847,409.9034
2025,12,12,20,40,18.69,14.64962674255048,-9.503800000000012,400.3302,409.834
2025,12,12,20,50,18.88,14.475460305152897,-4.9757000000000176,405.8257,410.8014
2025,12,12,21,0,19.01,14.407717083006755,-9.216499999999996,401.5748,410.7913
2025,12,12,21,10,19.08,14.320050270827249,-11.36869999999999,399.3531,410.7218
2025,12,12,21,20,19.17,14.26461886818545,-16.11840000000001,394.3978,410.5162
2025,12,12,21,30,19.13,14.263850962799385,-18.031600000000022,391.8393,409.8709
2025,12,12,21,40,19.19,14.248498175947663,-18.694799999999987,391.1102,409.805
2025,12,12,21,50,19.27,14.216509462104456,-26.623699999999985,382.0482,408.6719
2025,12,12,22,0,19.26,14.224679249174589,-28.130100000000027,380.7935,408.9236
2025,12,12,22,10,19.26,14.257759898591273,-26.899200000000008,382.2081,409.1073
2025,12,12,22,20,19.26,14.3073808727163,-15.46999999999997,394.8822,410.3522
2025,12,12,22,30,19.26,14.390082496258016,-10.90100000000001,399.8289,410.7299
2025,12,12,22,40,19.23,14.381186385487398,-11.544699999999978,399.2414,410.7861
2025,12,12,22,50,19.36,14.425140772321962,-12.235400000000029,399.1239,411.3593
2025,12,12,23,0,19.51,14.38511769456739,-11.727399999999989,400.168,411.8954
2025,12,12,23,10,19.59,14.35171669233389,-12.370199999999954,399.6641,412.0343
2025,12,12,23,20,19.58,14.3095784859011,-12.4135,399.5607,411.9742
2025,12,12,23,30,19.39,14.233952796464363,-15.77890000000002,395.1427,410.9216
2025,12,12,23,40,19.36,14.158932868795835,-12.594400000000007,398.2496,410.844
2025,12,12,23,50,19.37,14.250506808750194,-6.76419999999996,404.8586,411.6228
2025,12,13,0,0,19.39,14.267287580531022,-5.648499999999956,406.7327,412.3812
2025,12,13,0,10,19.49,14.35144854404024,-3.6947999999999865,409.4483,413.1431
2025,12,13,0,20,19.49,14.368214254956175,-3.022199999999998,410.5744,413.5966
2025,12,13,0,30,19.55,14.486276046401242,-2.800000000000012,411.1393,413.9393
2025,12,13,0,40,19.55,14.418976273827948,-2.913499999999999,411.2207,414.1342
2025,12,13,0,50,19.63,14.43618803812955,-2.7556999999999903,411.6331,414.3888
2025,12,13,1,0,19.59,14.486632947961,-2.7918999999999983,411.583,414.3749
2025,12,13,1,10,19.55,14.536750875831212,-2.897800000000018,411.4008,414.2986
2025,12,13,1,20,19.46,14.426572180049346,-2.894900000000007,411.0557,413.9506
2025,12,13,1,30,19.39,14.350624540697677,-2.95780000000002,410.8529,413.8107
2025,12,13,1,40,19.37,14.33374575039009,-2.90519999999998,410.7285,413.6337
2025,12,13,1,50,19.37,14.33374575039009,-3.0423999999999864,410.6172,413.6596
2025,12,13,2,0,19.36,14.30867481452928,-3.0214999999999463,410.5239,413.5454
2025,12,13,2,10,19.31,14.23344526743725,-3.061900000000037,410.292,413.3539
2025,12,13,2,20,19.27,14.216509462104456,-3.16579999999999,410.1255,413.2913
2025,12,13,2,30,19.27,14.249609600549396,-3.145399999999995,410.1189,413.2643
2025,12,13,2,40,19.26,14.191598599757905,-3.260499999999979,410.0358,413.2963
2025,12,13,2,50,19.26,14.208138924466253,-3.3412999999999897,409.9537,413.295
2025,12,13,3,0,19.31,14.150499782195777,-3.2626000000000204,410.0483,413.3109
2025,12,13,3,10,19.36,14.12565688085507,-3.3111999999999853,410.274,413.5852
2025,12,13,3,20,19.39,14.183950620364367,-2.8986999999999625,410.5475,413.4462
2025,12,13,3,30,19.27,14.299259808216815,-3.3408999999999764,409.172,412.5129
2025,12,13,19,30,16.5,10.971529846494636,-4.399599999999964,391.6779,396.0775
2025,12,13,19,40,16.54,10.914976951792458,-4.326600000000042,391.9059,396.2325
2025,12,13,19,50,16.58,11.142927709547855,-4.36809999999997,392.1213,396.4894
2025,12,13,20,0,16.54,11.3524763501695,-3.631400000000042,392.9591,396.5905
2025,12,13,20,10,16.43,11.347417753824985,-4.436399999999992,391.9388,396.3752
2025,12,13,20,20,16.33,11.182016217784538,-4.4184999999999945,391.5407,395.9592
2025,12,13,20,30,16.36,11.271832008039558,-3.774000000000001,392.3489,396.1229
2025,12,13,20,40,16.35,11.4736529024022,-4.27660000000003,391.9767,396.2533
2025,12,13,20,50,16.25,11.556746758814436,-4.531000000000006,391.7938,396.3248
2025,12,13,21,0,16.21,11.459941080255016,-4.487500000000011,391.5586,396.0461
2025,12,13,21,10,16.12,11.535016831860888,-4.719500000000039,391.1434,395.8629
2025,12,13,21,20,15.88,11.436505557871952,-5.734399999999994,389.1805,394.9149
2025,12,13,21,30,15.89,11.389319673808767,-5.173900000000003,389.6264,394.8003
2025,12,13,21,40,15.92,11.138982215467353,-4.881500000000017,389.5258,394.4073
2025,12,13,21,50,15.88,11.206693980467907,-5.054699999999968,389.3989,394.4536
2025,12,13,22,0,15.61,11.530311222822696,-4.794499999999971,388.8971,393.6916
2025,12,13,22,10,15.39,11.67924050526023,-4.464599999999962,388.8822,393.3468
2025,12,13,22,20,15.16,11.581795745466342,-4.929399999999987,387.5065,392.4359
2025,12,13,22,30,15.12,11.61818494901947,-4.587800000000016,387.6576,392.2454
2025,12,13,22,40,14.97,11.73000018648102,-5.1807999999999765,386.3752,391.556
2025,12,13,22,50,14.93,11.76524324926101,-4.595699999999965,387.0538,391.6495
2025,12,13,23,0,14.94,11.695806336527378,-4.764200000000017,386.6438,391.408
2025,12,13,23,10,14.92,11.579534792803573,-4.703900000000033,386.5972,391.3011
2025,12,13,23,20,15.0,11.623308609754876,-4.448100000000011,386.9037,391.3518
2025,12,13,23,30,15.01,11.720151748639427,-4.467499999999973,387.1383,391.6058
2025,12,13,23,40,15.03,11.708760659435807,-3.432900000000018,388.3108,391.7437
2025,12,13,23,50,14.79,11.576652378336943,-3.2373000000000047,387.7315,390.9688
2025,12,14,0,0,14.75,11.598910401474036,-3.5079000000000065,386.6372,390.1451
2025,12,14,0,10,14.66,11.44747740680045,-3.660300000000007,386.4128,390.0731
2025,12,14,0,20,14.74,11.31433460704676,-3.82650000000001,386.5407,390.3672
2025,12,14,0,30,14.89,11.329244892969212,-3.807899999999961,386.8878,390.6957
2025,12,14,0,40,14.97,11.2822902556993,-3.456600000000037,387.3853,390.8419
2025,12,14,0,50,15.17,11.135649099967234,-2.83729999999997,388.2868,391.1241
2025,12,14,1,0,15.39,10.721280328986078,-2.260499999999979,388.5111,390.7716
2025,12,14,1,10,15.53,10.481903727686031,-1.7129000000000474,389.7655,391.4784
2025,12,14,1,20,15.51,10.133438900709878,-1.370999999999981,389.3023,390.6733
2025,12,14,1,30,15.6,10.122448425233184,-1.1100999999999883,389.6215,390.7316
2025,12,14,1,40,15.57,10.272541056369269,-2.5079999999999814,388.4749,390.9829
2025,12,14,1,50,15.38,10.25837686700266,-4.927699999999959,385.6161,390.5438
2025,12,14,2,0,15.32,10.324283408428157,-6.081900000000019,384.5465,390.6284
2025,12,14,2,10,15.29,10.212870918645342,-6.441900000000032,384.1026,390.5445
2025,12,14,2,20,15.38,9.83476964020109,-5.621600000000001,384.14,389.7616
2025,12,14,2,30,15.5,9.905353283376812,-5.025199999999984,385.2115,390.2367
2025,12,14,2,40,15.48,9.928964668606389,-5.607200000000034,384.7768,390.384
2025,12,14,2,50,15.45,9.77129366815489,-4.620399999999961,385.1403,389.7607
2025,12,14,3,0,15.48,9.81021293170611,-5.615299999999991,384.271,389.8863
2025,12,14,3,10,15.45,9.650123831590628,-5.852900000000034,383.8325,389.6854
2025,12,14,3,20,15.39,9.559917649530425,-5.943100000000015,383.2822,389.2253
2025,12,14,3,30,15.4,9.51976740544854,-6.352100000000007,382.8091,389.1612
2025,12,14,19,30,12.52,7.4095470310463325,-25.33099999999996,347.7166,373.0476
2025,12,14,19,40,12.7,7.493944508762942,-26.6343,346.712,373.3463
2025,12,14,19,50,13.2,7.353233086732985,-27.6035,347.115,374.7185
2025,12,14,20,0,13.25,7.30577177403249,-23.13779999999997,352.7735,375.9113
2025,12,14,20,10,13.25,7.271240002609616,-23.462499999999977,352.684,376.1465
2025,12,14,20,20,13.21,7.3279251935117875,-25.30949999999996,350.0445,375.354
2025,12,14,20,30,13.25,7.407064970206249,-25.887800000000027,349.6516,375.5394
2025,12,14,20,40,13.25,7.440445682581694,-24.43610000000001,351.4934,375.9295
2025,12,14,20,50,13.2,7.461098865470952,-23.14670000000001,352.912,376.0587
2025,12,14,21,0,13.25,7.527926170186306,-23.54680000000002,352.2331,375.7799
2025,12,14,21,10,13.29,7.559241718819461,-23.838900000000024,352.0071,375.846
2025,12,14,21,20,13.33,7.574465469527251,-22.018599999999992,354.2806,376.2992
2025,12,14,21,30,13.34,7.581458062370415,-21.56650000000002,354.8669,376.4334
2025,12,14,21,40,13.34,7.6184972467972605,-24.924499999999966,351.3858,376.3103
2025,12,14,21,50,13.35,7.644049111401254,-23.852599999999995,352.3911,376.2437
2025,12,14,22,0,13.43,7.643469617865282,-25.532699999999977,350.6881,376.2208
2025,12,14,22,10,13.43,7.720288407994581,-24.428999999999974,351.5939,376.0229
2025,12,14,22,20,13.48,7.699767731776851,-24.078300000000013,352.4447,376.523
2025,12,14,22,30,13.47,7.759194769269907,-22.033799999999985,354.2113,376.2451
2025,12,14,22,40,13.48,7.692762636039071,-22.731400000000008,353.9093,376.6407
2025,12,14,22,50,13.47,7.648349129708909,-25.978700000000003,350.5137,376.4924
2025,12,14,23,0,13.43,7.648125302115542,-26.56389999999999,349.1112,375.6751
2025,12,14,23,10,13.52,7.584184362010407,-23.959000000000003,352.3761,376.3351
2025,12,14,23,20,13.52,7.653237892466985,-24.04660000000001,352.4617,376.5083
2025,12,14,23,30,13.62,7.721740162789946,-26.522400000000005,350.3058,376.8282
2025,12,14,23,40,13.59,7.83913431075777,-26.37209999999999,350.188,376.5601
2025,12,14,23,50,13.57,7.843568214677899,-24.79650000000004,351.919,376.7155
2025,12,15,0,0,13.49,7.866901849305594,-28.724499999999978,347.3745,376.099
2025,12,15,0,10,13.46,7.836036374946646,-32.20580000000001,342.514,374.7198
2025,12,15,0,20,13.44,7.761156095369039,-36.49789999999996,337.6446,374.1425
2025,12,15,0,30,13.43,7.671403723366844,-37.02609999999999,337.0872,374.1133
2025,12,15,0,40,13.47,7.71719010585732,-34.30579999999998,339.5283,373.8341
2025,12,15,0,50,13.57,7.642812315155384,-31.60749999999996,343.2746,374.8821
2025,12,15,1,0,13.57,7.634594237397152,-31.85820000000001,342.9765,374.8347
2025,12,15,1,10,13.54,7.582993298251061,-27.5557,348.1477,375.7034
2025,12,15,1,20,13.7,7.520815052614573,-29.275000000000038,346.8368,376.1118
2025,12,15,1,30,13.75,7.51312906115599,-34.10789999999997,341.1096,375.2175
2025,12,15,1,40,13.67,7.628607977165906,-31.388199999999983,343.5432,374.9314
2025,12,15,1,50,13.71,7.598864774173783,-36.80899999999997,337.9218,374.7308
2025,12,15,2,0,13.71,7.553866042458246,-37.66120000000001,336.464,374.1252
2025,12,15,2,10,13.62,7.580424192142577,-36.67430000000002,337.3382,374.0125
2025,12,15,2,20,13.58,7.712133490846916,-32.53890000000001,341.6497,374.1886
2025,12,15,2,30,13.63,7.83962009801171,-31.483600000000024,343.3094,374.793
2025,12,15,2,40,13.66,7.894255378844022,-36.36580000000004,337.8642,374.23
2025,12,15,2,50,13.75,7.847890065302931,-37.9162,336.8651,374.7813
2025,12,15,3,0,13.72,7.795498001276292,-37.46640000000002,336.8929,374.3593
2025,12,15,3,10,13.7,7.742119917262712,-36.30829999999997,337.4255,373.7338
2025,12,15,3,20,13.54,7.7622852121179164,-35.2285,337.0623,372.2908
2025,12,15,3,30,13.43,7.743566829245885,-36.570299999999975,336.5702,373.1405
2025,12,15,19,30,17.97,9.505619591409475,-7.814099999999996,392.4715,400.2856
2025,12,15,19,40,17.91,9.415239521496218,-10.093200000000024,389.7867,399.8799
2025,12,15,19,50,17.78,9.409290399647066,-25.274999999999977,369.6551,394.9301
2025,12,15,20,0,17.76,9.35268098026318,-22.711000000000013,371.8293,394.5403
2025,12,15,20,10,17.78,9.30928827945758,-21.419700000000034,373.5999,395.0196
2025,12,15,20,20,17.78,9.398684114172424,-21.611699999999985,372.0932,393.7049
2025,12,15,20,30,17.72,9.333427280999954,-19.14730000000003,376.2981,395.4454
2025,12,15,20,40,17.8,9.387136260621302,-13.2534,383.6787,396.9321
2025,12,15,20,50,17.86,9.419222954487603,-6.863,391.7997,398.6627
2025,12,15,21,0,17.96,9.498433702748514,-7.310999999999979,392.1009,399.4119
2025,12,15,21,10,17.89,9.522997085852571,-7.029200000000003,392.6375,399.6667
2025,12,15,21,20,17.91,9.519072847390111,-9.480700000000011,389.5798,399.0605
2025,12,15,21,30,17.91,9.526707650764662,-19.525199999999984,376.6682,396.1934
2025,12,15,21,40,17.76,9.50099210260392,-18.777800000000013,376.9235,395.7013
2025,12,15,21,50,17.68,9.50247748408891,-16.829600000000028,378.6305,395.4601
2025,12,15,22,0,17.68,9.543144292152055,-22.16930000000002,372.0773,394.2466
2025,12,15,22,10,17.58,9.558245993947097,-21.7826,372.4339,394.2165
2025,12,15,22,20,17.54,9.60266500983565,-25.452200000000005,366.6999,392.1521
2025,12,15,22,30,17.34,9.584530731937134,-27.06020000000001,363.7279,390.7881
2025,12,15,22,40,17.24,9.643267861829193,-27.057799999999983,362.7114,389.7692
2025,12,15,22,50,17.23,9.6521606774211,-27.370599999999968,362.1598,389.5304
2025,12,15,23,0,17.04,9.677759149742696,-24.45659999999998,364.8551,389.3117
2025,12,15,23,10,17.03,9.7081790479612,-27.059300000000007,361.2501,388.3094
2025,12,15,23,20,16.9,9.750657725401828,-26.97550000000001,361.0782,388.0537
2025,12,15,23,30,16.86,9.774602577237127,-24.92559999999997,362.3903,387.3159
2025,12,15,23,40,16.63,9.83564914712398,-25.59339999999997,360.7339,386.3273
2025,12,15,23,50,16.67,9.882016865528346,-23.08420000000001,364.1295,387.2137
2025,12,16,0,0,16.62,9.934337847599464,-17.655399999999986,371.7086,389.364
2025,12,16,0,10,16.61,9.962269499021446,-15.646399999999971,374.4501,390.0965
2025,12,16,0,20,16.63,9.99123174795568,-9.033500000000004,383.2781,392.3116
2025,12,16,0,30,16.59,10.067404474053523,-10.680499999999997,381.7937,392.4742
2025,12,16,0,40,16.67,10.039391883042498,-14.630400000000009,376.9876,391.618
2025,12,16,0,50,16.49,10.078532409731338,-15.551699999999984,374.7935,390.3452
2025,12,16,1,0,16.27,10.110517701933372,-6.3396999999999935,385.8097,392.1494
2025,12,16,1,10,16.27,10.147887171878915,-6.1714000000000055,386.2014,392.3728
2025,12,16,1,20,16.21,10.046410441595402,-8.961299999999994,382.4046,391.3659
2025,12,16,1,30,16.26,10.079524072550774,-9.125499999999988,382.6471,391.7726
2025,12,16,1,40,16.16,9.980395256140708,-11.852499999999964,378.946,390.7985
2025,12,16,1,50,16.37,9.8416459724049,-17.90390000000002,371.507,389.4109
2025,12,16,2,0,16.26,9.710204335022151,-18.1592,370.141,388.3002
2025,12,16,2,10,16.22,9.577792549395255,-19.178800000000024,368.7634,387.9422
2025,12,16,2,20,16.03,9.55449114201408,-26.106299999999976,358.5613,384.6676
2025,12,16,2,30,15.71,9.634885124705043,-26.476499999999987,356.5865,383.063
2025,12,16,2,40,15.61,9.6125824127523,-26.606400000000008,355.5591,382.1655
2025,12,16,2,50,15.55,9.673078400837666,-26.67870000000005,354.7911,381.4698
2025,12,16,3,0,15.39,9.751509684785256,-26.722199999999987,354.333,381.0552
2025,12,16,3,10,15.04,9.791506772949573,-25.14070000000004,353.7055,378.8462
2025,12,16,3,20,15.18,9.800151848155632,-27.318700000000035,352.9706,380.2893
2025,12,16,3,30,15.03,9.830480303651314,-26.527199999999997,353.1142,379.6414
2025,12,16,19,30,16.92,12.089616951000536,-29.9624,358.71,388.6724
2025,12,16,19,40,16.86,11.831055056074872,-29.461799999999982,358.6539,388.1157
2025,12,16,19,50,16.97,12.053752480693753,-30.83430000000004,358.6493,389.4836
2025,12,16,20,0,17.35,12.035824954325795,-30.839499999999987,360.1877,391.0272
2025,12,16,20,10,17.54,12.008932443471554,-30.851499999999987,362.1085,392.96
2025,12,16,20,20,17.54,12.0238689266102,-29.5795,363.0684,392.6479
2025,12,16,20,30,17.39,12.03503426097082,-29.06469999999996,363.5325,392.5972
2025,12,16,20,40,17.17,12.052988513537192,-27.215599999999995,363.3514,390.567
2025,12,16,20,50,16.9,11.988867083864257,-26.05340000000001,362.738,388.7914
2025,12,16,21,0,16.89,12.010408008156832,-27.084299999999985,361.6678,388.7521
2025,12,16,21,10,16.7,11.987769805824025,-27.20799999999997,360.6659,387.8739
2025,12,16,21,20,16.36,11.925876581345555,-26.4504,359.7527,386.2031
2025,12,16,21,30,16.03,11.854444320974068,-27.36959999999999,358.7481,386.1177
2025,12,16,21,40,15.8,11.757960325470872,-27.550399999999968,358.4266,385.977
2025,12,16,21,50,15.58,11.801405831692728,-29.473799999999983,357.3659,386.8397
2025,12,16,22,0,15.53,11.778906966717887,-29.287199999999984,356.913,386.2002
2025,12,16,22,10,15.78,11.985594955136529,-28.414199999999997,357.4448,385.859
2025,12,16,22,20,15.79,11.81806939237314,-28.246199999999988,357.8473,386.0935
2025,12,16,22,30,15.43,11.733950900403396,-28.82029999999997,357.1247,385.945
2025,12,16,22,40,15.77,11.964911966725358,-27.867200000000025,357.2707,385.1379
2025,12,16,22,50,15.61,11.66330212504672,-27.64790000000005,356.9822,384.6301
2025,12,16,23,0,14.95,11.43463783958034,-26.042599999999997,355.6579,381.7005
2025,12,16,23,10,15.0,11.597678381287942,-27.66039999999998,355.3559,383.0163
2025,12,16,23,20,15.04,11.715893698412504,-28.494100000000003,355.3035,383.7976
2025,12,16,23,30,15.4,11.962080146708438,-24.661200000000008,357.7495,382.4107
2025,12,16,23,40,15.85,12.38732154902236,-23.91669999999999,360.2554,384.1721
2025,12,16,23,50,15.99,12.356557122394236,-25.80880000000002,359.532,385.3408
2025,12,17,0,0,15.6,12.028382122946471,-24.63140000000004,358.544,383.1754
2025,12,17,0,10,15.24,11.885356982203222,-26.02710000000002,358.8997,384.9268
2025,12,17,0,20,15.27,12.050355470955123,-23.192600000000027,360.3003,383.4929
2025,12,17,0,30,15.75,12.379627121960963,-15.5163,371.3962,386.9125
2025,12,17,0,40,15.95,12.408169070729722,-9.076799999999992,381.4354,390.5122
2025,12,17,0,50,15.73,12.230680345287617,-5.62560000000002,386.667,392.2926
2025,12,17,1,0,15.59,12.2070530708229,-5.6089000000000055,387.8109,393.4198
2025,12,17,1,10,16.03,12.495593783673469,-7.9611000000000445,385.2725,393.2336
2025,12,17,1,20,15.99,12.4518169239986,-10.774900000000002,382.0072,392.7821
2025,12,17,1,30,16.15,12.558998099023674,-13.38390000000004,379.203,392.5869
2025,12,17,1,40,15.89,12.390281260343029,-20.666600000000017,368.1667,388.8333
2025,12,17,1,50,15.81,12.397755414204545,-18.78210000000001,370.0044,388.7865
2025,12,17,2,0,15.8,12.444065561854185,-15.095199999999975,375.5964,390.6916
2025,12,17,2,10,15.57,12.232058445011576,-6.088200000000029,386.4677,392.5559
2025,12,17,2,20,15.81,12.478522550453434,-2.2717999999999847,392.6798,394.9516
2025,12,17,2,30,15.91,12.513621591579088,-0.8225999999999658,395.189,396.0116
2025,12,17,2,40,16.24,12.558311296082405,-1.511700000000019,395.5685,397.0802
2025,12,17,2,50,16.45,12.4244475306886,-4.731200000000001,392.3149,397.0461
2025,12,17,3,0,16.58,12.282320975722834,-6.353399999999965,390.7248,397.0782
2025,12,17,3,10,16.71,12.2365813975378,-11.539099999999962,384.9716,396.5107
2025,12,17,3,20,16.78,12.273879364885415,-14.134999999999993,381.3275,395.4625
2025,12,17,3,30,16.58,11.873380323259044,-19.5059,375.3141,394.82
2025,12,17,19,30,19.45,12.972936292264716,-29.35230000000001,377.5284,406.8807
2025,12,17,19,40,19.64,13.272518946612022,-29.08910000000003,378.3975,407.4866
2025,12,17,19,50,19.59,13.407302902944116,-29.22109999999998,378.7065,407.9276
2025,12,17,20,0,19.24,13.03495112028852,-28.830100000000016,377.8641,406.6942
2025,12,17,20,10,19.09,13.065953256562878,-28.463799999999992,377.896,406.3598
2025,12,17,20,20,19.05,12.90283256104564,-29.00780000000003,376.5474,405.5552
2025,12,17,20,30,19.0,13.030965265922786,-29.09359999999998,376.0975,405.1911
2025,12,17,20,40,18.96,13.113985726263422,-28.752099999999984,376.4706,405.2227
2025,12,17,20,50,18.91,13.026717098052226,-29.32159999999999,376.0612,405.3828
2025,12,17,21,0,18.92,12.789612225763944,-19.928800000000024,385.8776,405.8064
2025,12,17,21,10,19.19,12.499144989490274,-27.942800000000037,378.0671,406.0099
2025,12,17,21,20,19.08,12.477264373118508,-27.775400000000047,377.5438,405.3192
2025,12,17,21,30,18.9,12.377789792994085,-25.684399999999982,379.1331,404.8175
2025,12,17,21,40,18.93,12.39325105850786,-26.973400000000023,377.4124,404.3858
2025,12,17,21,50,19.04,12.382548290154078,-27.8381,376.8277,404.6658
2025,12,17,22,0,18.94,12.41031001467324,-28.280599999999996,376.4797,404.7603
2025,12,17,22,10,18.93,12.469492262663604,-26.125200000000007,378.8396,404.9648
2025,12,17,22,20,18.86,12.468119720895958,-26.2783,377.9939,404.2722
2025,12,17,22,30,18.94,12.413556237538709,-26.94229999999999,377.7163,404.6586
2025,12,17,22,40,18.95,12.354301068823382,-27.51779999999997,377.2787,404.7965
2025,12,17,22,50,18.95,12.354301068823382,-25.909099999999967,379.0004,404.9095
2025,12,17,23,0,19.02,12.35489786059351,-5.257200000000012,403.3412,408.5984
2025,12,17,23,10,19.04,12.33356669090505,-3.93689999999998,405.618,409.5549
2025,12,17,23,20,19.09,12.314321154198876,-3.860500000000002,406.226,410.0865
2025,12,17,23,30,19.13,12.38115394849203,-3.9715000000000487,406.3923,410.3638
2025,12,17,23,40,19.08,12.352884507909035,-4.060800000000029,406.3606,410.4214
2025,12,17,23,50,19.04,12.358057490529562,-4.282000000000039,406.0277,410.3097
2025,12,18,0,0,18.94,12.46549580338615,-4.357599999999991,405.73,410.0876
2025,12,18,0,10,18.85,12.44783888136664,-4.464200000000005,405.3229,409.7871
2025,12,18,0,20,18.81,12.510257437063082,-4.696399999999983,404.802,409.4984
2025,12,18,0,30,18.75,12.536578236061494,-4.670799999999986,404.8727,409.5435
2025,12,18,0,40,18.77,12.53052336135332,-4.724700000000041,404.7605,409.4852
2025,12,18,0,50,18.72,12.51275256069546,-4.798800000000028,404.445,409.2438
2025,12,18,1,0,18.73,12.456031941794018,-4.731800000000021,404.4632,409.195
2025,12,18,1,10,18.68,12.424038850175588,-4.81129999999996,404.2719,409.0832
2025,12,18,1,20,18.69,12.36102239008435,-4.645399999999995,404.4029,409.0483
2025,12,18,1,30,18.63,12.382549842668231,-4.751000000000033,404.1176,408.8686
2025,12,18,1,40,18.63,12.27577624685629,-4.957899999999995,403.7397,408.6976
2025,12,18,1,50,18.59,12.391419204540664,-6.385999999999967,402.0031,408.3891
2025,12,18,2,0,18.55,12.39699587924694,-11.151400000000024,396.3166,407.468
2025,12,18,2,10,18.49,12.343525522321302,-6.086700000000008,401.8393,407.926
2025,12,18,2,20,18.5,12.320794876939727,-6.8624999999999545,401.047,407.9095
2025,12,18,2,30,18.45,12.364753731127667,-6.414600000000007,401.4321,407.8467
2025,12,18,2,40,18.45,12.396288425672752,-7.324400000000026,399.8375,407.1619
2025,12,18,2,50,18.4,12.29042503240427,-11.181600000000005,394.8539,406.0355
2025,12,18,3,0,18.37,12.232484491771324,-21.134799999999984,383.1669,404.3017
2025,12,18,3,10,18.31,12.221856872794666,-22.8605,381.1385,403.999
2025,12,18,3,20,18.25,12.239176262669384,-22.38009999999997,380.0706,402.4507
2025,12,18,3,30,18.21,12.116874723080802,-24.53860000000003,378.2612,402.7998
2025,12,18,19,30,19.82,13.931396180359028,-15.267600000000016,397.7095,412.9771
2025,12,18,19,40,19.76,14.069824809380512,-13.674399999999991,399.8494,413.5238
2025,12,18,19,50,19.87,14.109446591846734,-15.315399999999954,398.403,413.7184
2025,12,18,20,0,20.01,14.139221745496837,-17.34839999999997,396.2796,413.628
2025,12,18,20,10,20.0,14.18276986485508,-26.15980000000002,385.2876,411.4474
2025,12,18,20,20,19.9,14.220147739014402,-26.820799999999963,384.2438,411.0646
2025,12,18,20,30,19.87,14.263741876569238,-26.93700000000001,383.9182,410.8552
2025,12,18,20,40,19.78,14.342147415129936,-26.041800000000023,383.7679,409.8097
2025,12,18,20,50,19.7,14.393797352050855,-25.531900000000007,384.2137,409.7456
2025,12,18,21,0,19.68,14.444724499039577,-20.409899999999997,390.2884,410.6983
2025,12,18,21,10,19.79,14.521199373974063,-14.398500000000013,397.8184,412.2169
2025,12,18,21,20,19.78,14.546791611303012,-15.779699999999991,395.8226,411.6023
2025,12,18,21,30,19.87,14.5380446049648,-14.533900000000015,397.4754,412.0093
2025,12,18,21,40,19.86,14.529524941029088,-17.156199999999956,394.107,411.2632
2025,12,18,21,50,19.9,14.494933202570238,-14.028599999999985,397.3657,411.3943
2025,12,18,22,0,19.92,14.529125179232654,-13.488499999999988,397.9717,411.4602
2025,12,18,22,10,19.85,14.469638106421325,-16.5736,392.2327,408.8063
2025,12,18,22,20,19.77,14.504173442769254,-15.105799999999988,393.9897,409.0955
2025,12,18,22,30,19.69,14.487134117971545,-19.135400000000004,389.0218,408.1572
2025,12,18,22,40,19.64,14.563067176032815,-19.8766,388.082,407.9586
2025,12,18,22,50,19.63,14.622134254077352,-22.899299999999982,385.4388,408.3381
2025,12,18,23,0,19.6,14.663889887527596,-21.50360000000001,386.8589,408.3625
2025,12,18,23,10,19.5,14.661848518705202,-19.522099999999966,389.5774,409.0995
2025,12,18,23,20,19.5,14.645072948317663,-10.13069999999999,400.403,410.5337
2025,12,18,23,30,19.41,14.71794788243497,-12.01339999999999,398.1975,410.2109
2025,12,18,23,40,19.5,14.678624089092734,-13.885400000000004,395.7328,409.6182
2025,12,18,23,50,19.51,14.720826392223575,-12.875400000000012,397.292,410.1674
2025,12,19,0,0,19.37,14.716644881933613,-14.258099999999956,395.2576,409.5157
2025,12,19,0,10,19.17,14.626581515359703,-14.137699999999995,394.344,408.4817
2025,12,19,0,20,19.07,14.638728603014387,-11.873000000000047,396.7637,408.6367
2025,12,19,0,30,19.05,14.654141310784931,-11.219299999999976,397.817,409.0363
2025,12,19,0,40,19.05,14.654141310784931,-10.466499999999996,398.7225,409.189
2025,12,19,0,50,19.09,14.63963179767792,-11.66160000000002,397.5139,409.1755
2025,12,19,1,0,19.11,14.640514015256825,-13.786199999999951,394.2447,408.0309
2025,12,19,1,10,19.1,14.582727725702728,-14.045200000000024,393.9998,408.045
2025,12,19,1,20,18.95,14.502945779491627,-18.442499999999995,386.9244,405.3669
2025,12,19,1,30,18.75,14.428861649237335,-23.25019999999995,380.1625,403.4127
2025,12,19,1,40,18.46,14.325239779688756,-23.168799999999976,379.1617,402.3305
2025,12,19,1,50,18.13,14.248532867524968,-22.951599999999985,378.7523,401.7039
2025,12,19,2,0,17.99,14.17644669325832,-18.3023,381.4834,399.7857
2025,12,19,2,10,17.86,14.143297437722616,-15.15440000000001,386.4695,401.6239
2025,12,19,2,20,18.08,14.391349262082336,-13.467300000000025,390.5392,404.0065
2025,12,19,2,30,18.09,14.322736961743676,-11.578900000000033,392.8735,404.4524
2025,12,19,2,40,18.14,14.318921882468285,-11.265300000000025,393.2303,404.4956
2025,12,19,2,50,18.13,14.294945026702576,-11.708100000000002,392.6984,404.4065
2025,12,19,3,0,18.13,14.248532867524968,-11.539500000000032,392.8055,404.345
2025,12,19,3,10,18.05,14.180934982670353,-11.538700000000006,392.187,403.7257
2025,12,19,3,20,18.04,14.187893006380891,-11.91640000000001,391.3034,403.2198
2025,12,19,3,30,18.0,14.200234117636958,-10.836700000000008,391.7198,402.5565
2025,12,19,19,30,18.61,15.471811388463264,-7.21999999999997,404.4082,411.6282
2025,12,19,19,40,18.7,15.554436533282864,-6.624099999999999,405.0967,411.7208
2025,12,19,19,50,18.73,15.566032194957518,-6.4024,405.5643,411.9667
2025,12,19,20,0,18.87,15.67922212917484,-6.475499999999954,405.761,412.2365
2025,12,19,20,10,18.91,15.66770576345336,-6.761099999999999,405.791,412.5521
2025,12,19,20,20,18.95,15.65603553351616,-8.266300000000001,403.8379,412.1042
2025,12,19,20,30,18.91,15.61909861010242,-7.1422999999999774,404.9198,412.0621
2025,12,19,20,40,18.91,15.635300994552733,-7.646999999999991,403.8436,411.4906
2025,12,19,20,50,18.86,15.589188300938844,-7.679899999999975,403.8799,411.5598
2025,12,19,21,0,18.82,15.60073245102719,-6.710899999999981,404.8115,411.5224
2025,12,19,21,10,18.74,15.559200609847684,-3.028099999999995,409.1308,412.1589
2025,12,19,21,20,18.73,15.598094053237553,-2.9024,409.4174,412.3198
2025,12,19,21,30,18.74,15.623362261847062,-2.8088000000000197,409.6439,412.4527
2025,12,19,21,40,18.78,15.692515565854224,-2.80540000000002,410.0331,412.8385
2025,12,19,21,50,18.78,15.692515565854224,-2.794499999999971,410.064,412.8585
2025,12,19,22,0,18.77,15.699309212672723,-2.839699999999993,409.8433,412.683
2025,12,19,22,10,18.74,15.671483500846588,-2.925000000000012,409.7151,412.6401
2025,12,19,22,20,18.72,15.65295678847563,-3.138800000000004,409.5925,412.7313
2025,12,19,22,30,18.72,15.65295678847563,-3.248800000000017,409.8012,413.05
2025,12,19,22,40,18.71,15.64370055484988,-3.2391999999999825,409.7221,412.9613
2025,12,19,22,50,18.74,15.671483500846588,-3.4022999999999683,409.4655,412.8678
2025,12,19,23,0,18.77,15.683240318903357,-3.730200000000025,409.1028,412.833
2025,12,19,23,10,18.73,15.646186840657608,-3.740200000000016,409.1108,412.851
2025,12,19,23,20,18.74,15.655443087846743,-4.483699999999999,408.0016,412.4853
2025,12,19,23,30,18.72,15.636935338333894,-7.918900000000008,403.7987,411.7176
2025,12,19,23,40,18.73,15.646186840657608,-5.982499999999959,405.7565,411.739
2025,12,19,23,50,18.69,15.609209280272124,-3.454999999999984,408.8564,412.3114
2025,12,20,0,0,18.68,15.599976737130287,-3.6988000000000056,408.6648,412.3636
2025,12,20,0,10,18.68,15.599976737130287,-5.8057999999999765,406.1555,411.9613
2025,12,20,0,20,18.67,15.590748928717336,-5.299800000000005,406.6005,411.9003
2025,12,20,0,30,18.65,15.572307507977598,-8.539499999999975,402.6727,411.2122
2025,12,20,0,40,18.69,15.609209280272124,-4.425299999999993,407.5421,411.9674
2025,12,20,0,50,18.78,15.692515565854224,-2.9383000000000266,409.659,412.5973
2025,12,20,1,0,18.82,15.729664124176177,-3.031400000000019,409.8456,412.877
2025,12,20,1,10,18.83,15.722837179703872,-2.942999999999984,410.1007,413.0437
2025,12,20,1,20,18.89,15.762491049687966,-3.760599999999954,409.2354,412.996
2025,12,20,1,30,18.87,15.743878715274528,-2.7577,410.4688,413.2265
2025,12,20,1,40,18.92,15.774233357419591,-2.981800000000021,410.2543,413.2361
2025,12,20,1,50,18.86,15.702270495867932,-2.8133000000000266,410.3993,413.2126
2025,12,20,2,0,18.87,15.69538627569976,-2.886799999999994,410.2268,413.1136
2025,12,20,2,10,18.86,15.686115896592348,-3.0575999999999794,409.9895,413.0471
2025,12,20,2,20,18.82,15.63296536931444,-3.1667999999999665,409.7259,412.8927
2025,12,20,2,30,18.82,15.616848910170818,-3.324700000000007,409.4731,412.7978
2025,12,20,2,40,18.78,15.563888389084926,-3.549300000000017,409.1276,412.6769
2025,12,20,2,50,18.78,15.547809991988768,-3.547200000000032,409.0583,412.6055
2025,12,20,3,0,18.74,15.495038957848315,-3.911000000000002,408.5142,412.4252
2025,12,20,3,10,18.73,15.46984662011741,-4.186800000000005,408.2473,412.4341
2025,12,20,3,20,18.73,15.437784761837374,-4.047300000000007,408.3634,412.4107
2025,12,20,3,30,18.67,15.31918875270484,-4.1825999999999794,408.0212,412.2038
2025,12,20,19,30,19.46,15.999771466504844,-20.415800000000047,393.6946,414.1104
2025,12,20,19,40,19.46,15.983035303882977,-3.6304000000000087,412.7667,416.3971
2025,12,20,19,50,19.57,16.069870007445257,-3.216200000000015,413.6794,416.8956
2025,12,20,20,0,19.69,16.166555988790257,-4.051900000000046,413.3452,417.3971
2025,12,20,20,10,19.69,16.149592131509262,-3.415399999999977,414.216,417.6314
2025,12,20,20,20,19.78,16.235106229730913,-2.841400000000021,415.2672,418.1086
2025,12,20,20,30,19.85,16.301888138832076,-2.872100000000046,415.4102,418.2823
2025,12,20,20,40,19.87,16.33815626006068,-2.8519000000000005,415.4937,418.3456
2025,12,20,20,50,19.88,16.364889670831246,-2.981099999999969,415.5031,418.4842
2025,12,20,21,0,19.87,16.3553001805854,-2.8929999999999723,415.7513,418.6443
2025,12,20,21,10,19.92,16.403296356198762,-2.7438000000000216,416.0539,418.7977
2025,12,20,21,20,19.91,16.393687372077338,-5.805700000000002,412.5936,418.3993
2025,12,20,21,30,19.82,16.273238237670917,-4.835100000000011,413.282,418.1171
2025,12,20,21,40,19.69,16.11566441694727,-4.458100000000002,412.9268,417.3849
2025,12,20,21,50,19.6,15.980096344635944,-4.203900000000033,412.9471,417.151
2025,12,20,22,0,19.61,15.989485707060728,-4.423900000000003,412.5908,417.0147
2025,12,20,22,10,19.6,15.980096344635944,-7.528099999999995,408.666,416.1941
2025,12,20,22,20,19.46,15.865882165529907,-16.29230000000001,397.893,414.1853
2025,12,20,22,30,19.34,15.804117643231969,-23.20549999999997,388.6779,411.8834
2025,12,20,22,40,19.16,15.67032453888252,-17.798400000000015,393.2271,411.0255
2025,12,20,22,50,19.13,15.691877468856394,-28.13099999999997,379.9039,408.0349
2025,12,20,23,0,18.94,15.53317641125071,-25.831999999999997,379.1012,404.9332
2025,12,20,23,10,18.91,15.55428907230116,-25.076300000000003,379.354,404.4303
2025,12,20,23,20,18.86,15.540724503112092,-22.4366,382.0871,404.5237
2025,12,20,23,30,18.56,15.267368710499513,-17.95429999999999,386.0929,404.0472
2025,12,20,23,40,18.86,15.605342900214426,-15.970500000000015,390.3514,406.3219
2025,12,20,23,50,18.79,15.557004420169775,-14.68259999999998,393.2119,407.8945
2025,12,21,0,0,18.77,15.55468916874841,-14.3125,394.0876,408.4001
2025,12,21,0,10,18.78,15.563888389084926,-14.73539999999997,393.886,408.6214
2025,12,21,0,20,18.86,15.637652098765594,-15.408200000000022,392.9591,408.3673
2025,12,21,0,30,18.83,15.609955271747026,-16.32639999999998,391.3132,407.6396
2025,12,21,0,40,18.75,15.536304868144317,-17.79200000000003,388.8225,406.6145
2025,12,21,0,50,18.68,15.440140909905592,-20.14100000000002,386.4158,406.5568
2025,12,21,1,0,18.61,15.376306379892505,-19.343700000000013,385.2158,404.5595
2025,12,21,1,10,18.6,15.367205866128357,-21.46499999999997,385.0865,406.5515
2025,12,21,1,20,18.59,15.35811002256387,-22.245000000000005,383.9092,406.1542
2025,12,21,1,30,18.64,15.387690169463296,-24.008500000000023,382.0662,406.0747
2025,12,21,1,40,18.83,15.561577311194094,-23.02389999999997,384.4186,407.4425
2025,12,21,1,50,19.02,15.720857362212438,-19.318200000000047,389.5223,408.8405
2025,12,21,2,0,19.05,15.716035608667898,-7.6952,402.833,410.5282
2025,12,21,2,10,19.23,15.900209516905123,-20.78140000000002,389.6295,410.4109
2025,12,21,2,20,19.32,15.934911799357897,-15.260400000000004,396.4769,411.7373
2025,12,21,2,30,19.33,15.911077936634952,-4.163900000000012,408.7561,412.92
2025,12,21,2,40,19.39,15.984028959964078,-3.135499999999979,410.8141,413.9496
2025,12,21,2,50,19.6,16.148840762213936,-2.4470000000000027,412.6074,415.0544
2025,12,21,3,0,19.69,16.21744756063325,-2.195700000000045,413.5087,415.7044
2025,12,21,3,10,19.74,16.265106495010738,-2.4861000000000217,413.5585,416.0446
2025,12,21,3,20,19.73,16.153542638284137,-2.007200000000012,414.1977,416.2049
2025,12,21,3,30,19.7,16.142100568160807,-2.3251999999999957,413.6209,415.9461
2025,12,21,19,30,17.23,11.077331599258152,-5.9746000000000095,394.8601,400.8347
2025,12,21,19,40,17.13,11.11468744077245,-17.839,380.7636,398.6026
2025,12,21,19,50,17.09,11.152061275725895,-6.122900000000016,393.7774,399.9003
2025,12,21,20,0,17.13,11.076793148422585,-8.089999999999975,391.8134,399.9034
2025,12,21,20,10,17.18,11.072001313707728,-8.524900000000002,391.3005,399.8254
2025,12,21,20,20,17.17,10.987942619431909,-17.991499999999974,380.3353,398.3268
2025,12,21,20,30,17.29,10.774312444650516,-26.704999999999984,369.6734,396.3784
2025,12,21,20,40,17.49,10.41245400911192,-29.758899999999983,366.5776,396.3365
2025,12,21,20,50,17.37,10.663340539587557,-30.2106,365.5384,395.749
2025,12,21,21,0,17.31,10.611891696693162,-29.169899999999984,366.1255,395.2954
2025,12,21,21,10,17.26,10.578728566379231,-29.73879999999997,365.4248,395.1636
2025,12,21,21,20,17.23,10.644795156931062,-28.72820000000001,366.1028,394.831
2025,12,21,21,30,17.17,10.69136605358366,-29.546100000000024,365.2715,394.8176
2025,12,21,21,40,17.28,10.66492557144722,-27.133500000000023,368.0155,395.149
2025,12,21,21,50,17.26,10.710925951962976,-25.45569999999998,370.2289,395.6846
2025,12,21,22,0,17.36,10.894872486562887,-27.68960000000004,368.0064,395.696
2025,12,21,22,10,17.26,11.022324238004687,-28.48199999999997,367.1496,395.6316
2025,12,21,22,20,17.31,11.101014012853389,-24.8202,370.9327,395.7529
2025,12,21,22,30,17.38,11.180123618523677,-16.23090000000002,381.2652,397.4961
2025,12,21,22,40,17.37,11.213363096537996,-22.17689999999999,374.0231,396.2
2025,12,21,22,50,17.31,11.2041422120438,-24.682000000000016,371.0985,395.7805
2025,12,21,23,0,17.32,11.159250317258383,-27.823399999999992,367.8281,395.6515
2025,12,21,23,10,17.31,11.15110485246016,-25.707300000000032,369.3162,395.0235
2025,12,21,23,20,17.37,11.08916445464596,-16.47199999999998,380.634,397.106
2025,12,21,23,30,17.49,11.097483878132438,-13.697400000000016,384.9246,398.622
2025,12,21,23,40,17.72,11.066648652495902,-9.824899999999955,390.4535,400.2784
2025,12,21,23,50,17.74,11.031480369408817,-8.353899999999953,392.7506,401.1045
2025,12,22,0,0,17.77,10.96339433906379,-9.28660000000002,391.7933,401.0799
2025,12,22,0,10,17.78,10.91083738612859,-9.912300000000016,391.291,401.2033
2025,12,22,0,20,17.69,10.79669631976398,-16.613400000000013,383.2969,399.9103
2025,12,22,0,30,17.73,10.568682555147769,-28.695699999999988,369.1699,397.8656
2025,12,22,0,40,17.62,10.58061925440648,-29.87090000000001,367.2169,397.0878
2025,12,22,0,50,17.55,10.624686907762689,-30.362199999999973,366.4549,396.8171
2025,12,22,1,0,17.54,10.663155312679532,-30.389099999999985,366.119,396.5081
2025,12,22,1,10,17.44,10.777828876330917,-29.257499999999997,366.5765,395.834
2025,12,22,1,20,17.5,10.74351309600002,-27.07669999999996,369.2993,396.376
2025,12,22,1,30,17.58,10.676668575005754,-27.377700000000004,369.6308,397.0085
2025,12,22,1,40,17.5,10.639207143611667,-28.11090000000001,368.4241,396.535
2025,12,22,1,50,17.5,10.718181650419991,-28.770899999999983,367.5985,396.3694
2025,12,22,2,0,17.43,10.734294162322616,-28.855000000000015,366.252,395.107
2025,12,22,2,10,17.36,10.841676310038237,-29.43720000000002,366.5261,395.9633
2025,12,22,2,20,17.41,10.765935244890445,-25.99829999999997,370.4375,396.4358
2025,12,22,2,30,17.45,10.793184100658964,-27.7346,368.4147,396.1493
2025,12,22,2,40,17.4,10.85281895822542,-28.609399999999997,366.9174,395.5268
2025,12,22,2,50,17.32,10.898327291346266,-28.7414,366.5264,395.2678
2025,12,22,3,0,17.35,10.860301437314344,-28.430600000000027,366.8542,395.2848
2025,12,22,3,10,17.32,10.834939211604905,-26.04539999999997,368.9392,394.9846
2025,12,22,3,20,17.36,10.856453025739526,-27.506100000000004,367.6513,395.1574
2025,12,22,3,30,17.33,10.956472684323405,-28.392499999999984,366.8224,395.2149
2025,12,22,19,30,18.24,11.822364753335902,-30.21260000000001,370.8759,401.0885
2025,12,22,19,40,18.18,11.85013911940073,-30.779999999999973,370.7237,401.5037
2025,12,22,19,50,18.13,11.910907116946223,-30.6146,370.9073,401.5219
2025,12,22,20,0,18.04,11.996617557239205,-30.41480000000001,370.6725,401.0873
2025,12,22,20,10,18.04,12.039704434048168,-31.190200000000004,369.9022,401.0924
2025,12,22,20,20,17.94,12.024890734259916,-30.361400000000003,369.7297,400.0911
2025,12,22,20,30,17.95,12.006028871524997,-30.74459999999999,369.3713,400.1159
2025,12,22,20,40,17.95,12.033579677196524,-30.1789,369.2027,399.3816
2025,12,22,20,50,17.96,12.026959024134806,-30.59390000000002,369.0614,399.6553
2025,12,22,21,0,18.03,11.974106338472032,-30.73309999999998,369.5573,400.2904
2025,12,22,21,10,18.14,11.94275484575598,-30.273699999999963,370.1571,400.4308
2025,12,22,21,20,18.12,11.954853945352298,-30.69110000000001,370.0377,400.7288
2025,12,22,21,30,18.19,11.964309248871,-29.998099999999965,370.3695,400.3676
2025,12,22,21,40,18.23,11.9616384083877,-30.485400000000027,370.4808,400.9662
2025,12,22,21,50,18.37,11.962569503627046,-29.995299999999983,371.5214,401.5167
2025,12,22,22,0,18.45,11.95164923258706,-29.688999999999965,372.4252,402.1142
2025,12,22,22,10,18.45,11.980030457677636,-29.07420000000002,372.481,401.5552
2025,12,22,22,20,18.53,12.0036880601511,-29.999300000000005,372.3814,402.3807
2025,12,22,22,30,18.6,12.00901005004171,-30.512500000000045,372.3479,402.8604
2025,12,22,22,40,18.68,12.037236148291823,-30.315600000000018,372.4953,402.8109
2025,12,22,22,50,18.69,12.057154586472498,-30.14170000000001,372.8171,402.9588
2025,12,22,23,0,18.68,12.080391821642491,-30.616199999999992,372.7795,403.3957
2025,12,22,23,10,18.67,12.143532106158728,-30.006100000000004,373.2217,403.2278
2025,12,22,23,20,18.73,12.167475217273694,-29.67949999999996,373.1942,402.8737
2025,12,22,23,30,18.73,12.215568004693743,-29.06729999999999,373.5357,402.603
2025,12,22,23,40,18.63,12.21999899531274,-27.850300000000004,374.0887,401.939
2025,12,22,23,50,18.72,12.288452258711166,-27.50830000000002,373.8794,401.3877
2025,12,23,0,0,18.71,12.33882870784782,-28.145399999999995,374.6863,402.8317
2025,12,23,0,10,18.72,12.413419569816702,-27.63040000000001,374.7098,402.3402
2025,12,23,0,20,18.73,12.454428848880012,-28.54570000000001,373.8274,402.3731
2025,12,23,0,30,18.7,12.493156997462894,-28.5641,373.8992,402.4633
2025,12,23,0,40,18.72,12.533580445879718,-28.36009999999999,374.1272,402.4873
2025,12,23,0,50,18.68,12.59666154357826,-27.96980000000002,374.0499,402.0197
2025,12,23,1,0,18.68,12.676579457190607,-25.549999999999955,376.701,402.251
2025,12,23,1,10,18.68,12.730923638447006,-25.58690000000001,376.8289,402.4158
2025,12,23,1,20,18.69,12.79443383628863,-25.237900000000025,376.5236,401.7615
2025,12,23,1,30,18.59,12.84612101266212,-26.978400000000025,375.0793,402.0577
2025,12,23,1,40,18.67,12.891121296593129,-26.45150000000001,374.4751,400.9266
2025,12,23,1,50,18.68,12.946702005200343,-26.161800000000028,375.1273,401.2891
2025,12,23,2,0,18.64,12.97987543828303,-19.69810000000001,383.5184,403.2165
2025,12,23,2,10,18.71,13.017736490371496,-23.62149999999997,378.9442,402.5657
2025,12,23,2,20,18.73,13.033145390834669,-18.015199999999997,384.8277,402.8429
2025,12,23,2,30,18.82,13.086564824621984,-21.17199999999997,381.665,402.837
2025,12,23,2,40,18.91,13.107729020303792,-21.9538,380.9539,402.9077
2025,12,23,2,50,18.97,13.137989788824443,-13.904799999999966,390.9689,404.8737
2025,12,23,3,0,19.01,13.152746251115897,-17.103099999999984,387.9253,405.0284
2025,12,23,3,10,19.09,13.165843361670076,-11.996099999999956,393.7499,405.746
2025,12,23,3,20,19.1,13.173610215129209,-12.08439999999996,394.3797,406.4641
2025,12,23,3,30,19.18,13.186500495260884,-12.548699999999997,394.5209,407.0696
2025,12,23,19,30,19.29,15.44284220123404,-31.116300000000024,377.5172,408.6335
2025,12,23,19,40,19.28,15.51655013259741,-30.716700000000003,377.7865,408.5032
2025,12,23,19,50,19.13,15.38000961121176,-28.038299999999992,377.6211,405.6594
2025,12,23,20,0,19.1,15.401982092315238,-28.7106,376.7358,405.4464
2025,12,23,20,10,18.87,15.210461879952083,-26.8141,376.4205,403.2346
2025,12,23,20,20,19.06,15.46376618516346,-24.0317,378.3191,402.3508
2025,12,23,20,30,18.87,15.275118466051772,-22.81729999999999,379.4497,402.267
2025,12,23,20,40,19.14,15.553317580993268,-19.062700000000007,386.721,405.7837
2025,12,23,20,50,19.2,15.575454067489767,-15.727499999999964,392.7547,408.4822
2025,12,23,21,0,19.04,15.412876563693896,-17.64269999999999,388.9039,406.5466
2025,12,23,21,10,19.0,15.441693840118498,-18.533100000000047,386.5069,405.04
2025,12,23,21,20,19.11,15.558620157311,-18.58359999999999,385.7813,404.3649
2025,12,23,21,30,19.0,15.441693840118498,-15.645600000000002,388.4313,404.0769
2025,12,23,21,40,19.15,15.611789646573444,-15.53359999999998,391.1539,406.6875
2025,12,23,21,50,19.4,15.576506093901878,-22.22730000000001,387.6587,409.886
2025,12,23,22,0,19.72,15.20940941467968,-26.227100000000007,382.2982,408.5253
2025,12,23,22,10,19.83,14.777652119726262,-29.45079999999996,379.6163,409.0671
2025,12,23,22,20,19.96,14.408101676333152,-31.476,376.5577,408.0337
2025,12,23,22,30,19.79,14.196989282193211,-29.12710000000004,375.782,404.9091
2025,12,23,22,40,19.64,14.106385626958618,-28.726699999999997,374.4126,403.1393
2025,12,23,22,50,19.29,14.017858907987122,-28.36500000000001,373.6331,401.9981
2025,12,23,23,0,19.29,14.03442848116441,-30.002700000000004,374.9093,404.912
2025,12,23,23,10,19.27,13.984808492989826,-24.823399999999992,377.6307,402.4541
2025,12,23,23,20,19.2,14.04263160370506,-24.163999999999987,380.0142,404.1782
2025,12,23,23,30,18.91,13.93405062726979,-22.4615,378.4386,400.9001
2025,12,23,23,40,18.44,13.804011115125704,-23.17570000000001,376.7076,399.8833
2025,12,23,23,50,18.46,14.0412592554218,-19.02249999999998,381.4567,400.4792
2025,12,24,0,0,18.2,13.857389567638942,-17.31880000000001,384.2708,401.5896
2025,12,24,0,10,18.02,13.894369656730971,-15.52049999999997,385.3591,400.8796
2025,12,24,0,20,17.95,13.91315686412063,-15.33069999999998,385.7414,401.0721
2025,12,24,0,30,18.0,14.031366468670464,-17.075400000000002,384.7028,401.7782
2025,12,24,0,40,17.9,14.0396778362033,-19.270100000000014,381.7922,401.0623
2025,12,24,0,50,17.72,13.905025114527591,-19.5548,379.8187,399.3735
2025,12,24,1,0,17.77,14.037384740762612,-11.802099999999996,390.9495,402.7516
2025,12,24,1,10,17.96,14.258371133922711,-4.604899999999986,400.2489,404.8538
2025,12,24,1,20,17.97,14.312830402025556,-3.936599999999999,402.0979,406.0345
2025,12,24,1,30,18.28,14.6569972065459,-5.968600000000038,400.8015,406.7701
2025,12,24,1,40,18.5,14.896917949014536,-5.051899999999989,402.846,407.8979
2025,12,24,1,50,18.68,15.120469255456204,-7.215000000000032,401.1459,408.3609
2025,12,24,2,0,18.88,15.365013731726537,-12.609099999999955,395.3133,407.9224
2025,12,24,2,10,18.69,15.209383222888103,-14.566000000000033,389.6873,404.2533
2025,12,24,2,20,18.6,15.176308898847257,-14.826599999999983,389.652,404.4786
2025,12,24,2,30,18.37,15.017944398492828,-13.82510000000002,391.4065,405.2316
2025,12,24,2,40,18.37,15.049329862230534,-14.409999999999968,389.0783,403.4883
2025,12,24,2,50,18.23,14.940375841858174,-15.267200000000004,386.89,402.1572
2025,12,24,3,0,18.23,14.971501624862045,-15.027199999999992,385.4826,400.5098
2025,12,24,3,10,18.51,15.269687650950685,-15.33589999999998,387.6823,403.0182
2025,12,24,3,20,18.5,15.229014845967084,-14.021999999999991,388.4132,402.4352
2025,12,24,3,30,18.38,15.10536442103806,-12.973400000000026,387.5685,400.5419
2025,12,24,19,30,20.05,13.57810184675634,-16.935199999999952,396.9802,413.9154
2025,12,24,19,40,19.95,13.547052422324336,-15.97629999999998,398.1884,414.1647
2025,12,24,19,50,19.91,13.560019607239228,-15.68969999999996,398.0194,413.7091
2025,12,24,20,0,19.87,13.560841135055608,-13.285800000000052,400.7757,414.0615
2025,12,24,20,10,19.78,13.50822231572464,-17.39949999999999,395.7088,413.1083
2025,12,24,20,20,19.78,13.487757896107333,-18.234399999999997,394.4336,412.668
2025,12,24,20,30,19.68,13.420708818591232,-11.077199999999948,402.4666,413.5438
2025,12,24,20,40,19.69,13.420107494996826,-15.117800000000043,397.6165,412.7343
2025,12,24,20,50,19.69,13.382787008978632,-14.08639999999997,398.8346,412.921
2025,12,24,21,0,19.68,13.388496404802291,-15.277899999999988,397.3277,412.6056
2025,12,24,21,10,19.64,13.36047243013742,-11.2808,402.0579,413.3387
2025,12,24,21,20,19.65,13.378474566813962,-10.419299999999964,403.052,413.4713
2025,12,24,21,30,19.64,13.394300693031806,-9.97199999999998,403.4524,413.4244
2025,12,24,21,40,19.6,13.308872214376311,-11.136500000000012,402.0518,413.1883
2025,12,24,21,50,19.6,13.200875787126396,-12.100000000000025,400.9518,413.0518
2025,12,24,22,0,19.59,13.162767189619975,-16.492700000000013,395.204,411.6967
2025,12,24,22,10,19.59,13.196496253526757,-9.216499999999996,403.8793,413.0958
2025,12,24,22,20,19.59,13.17457236198735,-6.8297999999999774,406.8921,413.7219
2025,12,24,22,30,19.61,13.26266211499071,-9.435299999999984,403.6472,413.0825
2025,12,24,22,40,19.57,13.39324281228482,-7.454699999999946,404.7089,412.1636
2025,12,24,22,50,19.36,13.460137122039756,-8.488,401.9615,410.4495
2025,12,24,23,0,19.15,13.541173335554232,-11.960100000000011,397.479,409.4391
2025,12,24,23,10,19.09,13.542478184205414,-9.041600000000017,400.5729,409.6145
2025,12,24,23,20,19.09,13.509727330071904,-8.95350000000002,400.6886,409.6421
2025,12,24,23,30,19.09,13.36234848647112,-12.788299999999992,396.175,408.9633
2025,12,24,23,40,19.13,13.295419194323935,-19.53430000000003,388.1366,407.6709
2025,12,24,23,50,19.05,13.347194482621282,-9.148300000000006,399.9146,409.0629
2025,12,25,0,0,19.04,13.355649395234748,-9.57959999999997,399.6478,409.2274
2025,12,25,0,10,19.05,13.265510305861053,-16.04939999999999,391.7484,407.7978
2025,12,25,0,20,19.01,13.26683450856052,-10.292399999999986,398.1693,408.4617
2025,12,25,0,30,18.95,13.252411820901646,-12.397699999999986,395.5938,407.9915
2025,12,25,0,40,19.0,13.161274918582013,-20.727900000000037,385.9876,406.7155
2025,12,25,0,50,18.95,13.18744901785801,-19.500699999999995,387.264,406.7647
2025,12,25,1,0,18.92,13.2938040627791,-8.688500000000033,399.1808,407.8693
2025,12,25,1,10,18.77,13.305044041036863,-16.913599999999974,389.8385,406.7521
2025,12,25,1,20,18.68,13.266373659649734,-12.829499999999996,393.9537,406.7832
2025,12,25,1,30,18.68,13.298340825094671,-14.407399999999996,392.3845,406.7919
2025,12,25,1,40,18.68,13.298340825094671,-7.18100000000004,400.3318,407.5128
2025,12,25,1,50,18.68,13.282357242372203,-10.604899999999986,396.737,407.3419
2025,12,25,2,0,18.69,13.274225105149451,-7.43870000000004,400.6434,408.0821
2025,12,25,2,10,18.67,13.2904744966115,-3.919500000000028,404.9627,408.8822
2025,12,25,2,20,18.6,13.283247306643036,-3.24350000000004,405.6092,408.8527
2025,12,25,2,30,18.58,13.362862164073556,-3.428800000000024,405.4729,408.9017
2025,12,25,2,40,18.58,13.410529924468586,-4.873699999999985,403.9629,408.8366
2025,12,25,2,50,18.59,13.43437160358848,-5.726600000000019,402.9015,408.6281
2025,12,25,3,0,18.59,13.45027026820811,-9.29570000000001,398.784,408.0797
2025,12,25,3,10,18.55,13.402586384293324,-7.167699999999968,400.8722,408.0399
2025,12,25,3,20,18.56,13.426397015678363,-4.376699999999971,404.0851,408.4618
2025,12,25,3,30,18.51,13.46580745177102,-3.969500000000039,404.6418,408.6113
2025,12,25,19,30,11.38,9.528591357225826,-5.868200000000002,367.6338,373.502
2025,12,25,19,40,11.28,9.397722021176085,-6.804499999999962,366.4037,373.2082
2025,12,25,19,50,11.3,9.307580897648384,-6.333199999999977,366.9658,373.299
2025,12,25,20,0,11.29,9.250800760768923,-7.006699999999967,365.8786,372.8853
2025,12,25,20,10,11.35,9.162975741757704,-7.17489999999998,365.7497,372.9246
2025,12,25,20,20,11.43,9.05489180968092,-6.890999999999963,366.1313,373.0223
2025,12,25,20,30,11.51,9.069415395407852,-6.671600000000012,366.5217,373.1933
2025,12,25,20,40,11.61,9.074418775332552,-7.175099999999986,366.4814,373.6565
2025,12,25,20,50,11.65,8.961698487691965,-6.749900000000025,367.0123,373.7622
2025,12,25,21,0,11.7,8.895698839346037,-7.686499999999967,365.7871,373.4736
2025,12,25,21,10,11.7,8.791166538061125,-7.882499999999993,365.3356,373.2181
2025,12,25,21,20,11.75,8.755784677068899,-7.757800000000032,365.602,373.3598
2025,12,25,21,30,11.81,8.715010470060149,-7.868400000000008,365.8836,373.752
2025,12,25,21,40,11.87,8.568141310634207,-7.4792999999999665,366.0545,373.5338
2025,12,25,21,50,12.07,8.348426619088087,-6.9646999999999935,366.7047,373.6694
2025,12,25,22,0,12.34,8.215890862263336,-7.382800000000032,366.9915,374.3743
2025,12,25,22,10,12.47,8.110405370316318,-7.187299999999993,367.646,374.8333
2025,12,25,22,20,12.56,8.070971494568305,-7.176899999999989,368.0988,375.2757
2025,12,25,22,30,12.61,7.972166564056127,-6.716800000000035,368.4122,375.129
2025,12,25,22,40,12.57,7.961214572734302,-6.036699999999996,368.8232,374.8599
2025,12,25,22,50,12.48,8.035336826746667,-6.161099999999976,368.1911,374.3522
2025,12,25,23,0,12.38,8.118577868926032,-7.189300000000003,367.1309,374.3202
2025,12,25,23,10,12.28,8.12998638776357,-6.622500000000002,367.4797,374.1022
2025,12,25,23,20,12.29,8.128542532885215,-6.166699999999992,367.5839,373.7506
2025,12,25,23,30,12.06,8.224551668983455,-6.418599999999969,367.0808,373.4994
2025,12,25,23,40,11.84,8.39075669315874,-7.1901000000000295,365.4246,372.6147
2025,12,25,23,50,11.79,8.337246094845506,-6.307000000000016,365.5075,371.8145
2025,12,26,0,0,11.81,8.300310696484821,-6.068700000000035,365.813,371.8817
2025,12,26,0,10,11.88,8.295464463361542,-5.377999999999986,367.2009,372.5789
2025,12,26,0,20,11.97,8.302878787421504,-5.989499999999964,366.754,372.7435
2025,12,26,0,30,11.98,8.2495552483397,-6.539300000000026,366.0388,372.5781
2025,12,26,0,40,11.97,8.183810615309953,-6.808700000000044,365.7107,372.5194
2025,12,26,0,50,12.01,8.010296312315528,-6.599100000000021,365.6112,372.2103
2025,12,26,1,0,12.06,7.989350659341394,-6.555999999999983,365.8419,372.3979
2025,12,26,1,10,12.11,7.908129608345378,-6.414899999999989,366.1662,372.5811
2025,12,26,1,20,12.06,7.887786586995959,-5.832100000000025,366.8311,372.6632
2025,12,26,1,30,12.12,7.925938749178849,-6.287300000000016,366.7775,373.0648
2025,12,26,1,40,12.2,7.8134910463204355,-6.156999999999982,366.754,372.911
2025,12,26,1,50,12.2,7.85555124656978,-5.725599999999986,367.402,373.1276
2025,12,26,2,0,12.25,7.793509142561215,-5.676499999999976,367.4784,373.1549
2025,12,26,2,10,12.29,7.90296056532816,-5.820400000000007,367.7385,373.5589
2025,12,26,2,20,12.29,7.814029212733551,-5.781499999999994,367.7539,373.5354
2025,12,26,2,30,12.34,7.740474508077814,-6.078800000000001,367.3769,373.4557
2025,12,26,2,40,12.34,7.8340347059266815,-6.272600000000011,367.5501,373.8227
2025,12,26,2,50,12.53,7.560564371354595,-6.237000000000023,367.4756,373.7126
2025,12,26,3,0,12.52,7.530564131776115,-6.256799999999998,367.9537,374.2105
2025,12,26,3,10,12.52,7.445852161265267,-5.867999999999995,367.8909,373.7589
2025,12,26,3,20,12.62,7.407007943949724,-6.044300000000021,368.0582,374.1025
2025,12,26,3,30,12.65,7.317672767054882,-5.987000000000023,368.1443,374.1313
2025,12,26,19,30,12.29,10.38978485190665,-3.072499999999991,375.0362,378.1087
2025,12,26,19,40,12.28,10.383318170213968,-3.023200000000031,374.9872,378.0104
2025,12,26,19,50,12.29,10.378939565004872,-3.1154999999999973,374.7377,377.8532
2025,12,26,20,0,12.32,10.376609258814025,-3.069100000000049,374.84,377.9091
2025,12,26,20,10,12.47,10.43001420847981,-3.650700000000029,374.7763,378.427
2025,12,26,20,20,12.65,10.392026951698128,-5.307099999999991,373.5206,378.8277
2025,12,26,20,30,12.84,10.369339649676231,-7.312799999999981,371.7729,379.0857
2025,12,26,20,40,12.95,10.304661001147483,-6.766400000000033,372.5669,379.3333
2025,12,26,20,50,13.02,10.269979088477074,-6.201099999999997,373.3296,379.5307
2025,12,26,21,0,13.07,10.233504556573031,-3.484100000000012,376.1766,379.6607
2025,12,26,21,10,13.15,10.261384480959231,-3.8845000000000023,376.075,379.9595
2025,12,26,21,20,13.21,10.310994709767447,-4.780399999999986,375.3285,380.1089
2025,12,26,21,30,13.25,10.27895729354185,-6.416200000000004,373.6402,380.0564
2025,12,26,21,40,13.26,10.3083445959005,-6.750200000000007,373.2939,380.0441
2025,12,26,21,50,13.29,10.304385368502182,-6.32650000000001,373.8071,380.1336
2025,12,26,22,0,13.3,10.3222971248596,-6.1457000000000335,374.193,380.3387
2025,12,26,22,10,13.38,10.3153852743588,-6.102300000000014,374.477,380.5793
2025,12,26,22,20,13.38,10.303781916344898,-6.468999999999994,374.4275,380.8965
2025,12,26,22,30,13.43,10.312340614327148,-6.653399999999976,374.4157,381.0691
2025,12,26,22,40,13.48,10.262465255848149,-6.497999999999991,374.5407,381.0387
2025,12,26,22,50,13.52,10.28780563920856,-6.371699999999976,374.99,381.3617
2025,12,26,23,0,13.52,10.264397662782605,-6.426899999999989,375.011,381.4379
2025,12,26,23,10,13.57,10.260857086706308,-6.343599999999981,375.3483,381.6919
2025,12,26,23,20,13.57,10.272597197789494,-6.356699999999989,375.4143,381.771
2025,12,26,23,30,13.6,10.256316910721818,-6.203899999999976,375.6694,381.8733
2025,12,26,23,40,13.63,10.310638186923564,-6.209799999999973,375.7246,381.9344
2025,12,26,23,50,13.61,10.227329791164218,-6.029299999999978,376.0101,382.0394
2025,12,27,0,0,13.67,10.158877145188416,-5.919100000000015,376.2589,382.178
2025,12,27,0,10,13.76,10.120280829137934,-5.6288000000000125,376.7577,382.3865
2025,12,27,0,20,13.76,10.120280829137934,-5.5972999999999615,376.8296,382.4269
2025,12,27,0,30,13.75,10.125926827565271,-5.478700000000004,376.8854,382.3641
2025,12,27,0,40,13.74,10.07224327547838,-5.4751999999999725,376.9418,382.417
2025,12,27,0,50,13.83,10.092371812542112,-5.593200000000024,377.0385,382.6317
2025,12,27,1,0,13.83,10.11623084755994,-5.254599999999982,377.5369,382.7915
2025,12,27,1,10,13.85,10.116734588949765,-5.227800000000002,377.5535,382.7813
2025,12,27,1,20,13.88,10.123443178470156,-5.291899999999998,377.5859,382.8778
2025,12,27,1,30,13.89,10.08177301563228,-5.193600000000004,377.7086,382.9022
2025,12,27,1,40,13.89,10.177561832882942,-5.177799999999991,377.8644,383.0422
2025,12,27,1,50,13.85,10.200343965717948,-5.439099999999996,377.5288,382.9679
2025,12,27,2,0,13.83,10.175878435104517,-5.37639999999999,377.5254,382.9018
2025,12,27,2,10,13.84,10.1702005730867,-5.98660000000001,377.0147,383.0013
2025,12,27,2,20,13.92,10.172351528762166,-5.733299999999986,377.3877,383.121
2025,12,27,2,30,13.93,10.214613051922598,-5.311399999999992,377.9023,383.2137
2025,12,27,2,40,13.94,10.268932625819406,-5.07770000000005,378.3117,383.3894
2025,12,27,2,50,13.98,10.246035534606772,-4.831000000000017,378.6475,383.4785
2025,12,27,3,0,13.98,10.282155518865082,-4.919199999999989,378.8109,383.7301
2025,12,27,3,10,13.97,10.360070342600958,-4.926599999999951,378.9005,383.8271
2025,12,27,3,20,13.98,10.402555466392778,-4.533500000000004,379.4087,383.9422
2025,12,27,3,30,13.98,10.438675450651086,-4.476400000000012,379.6144,384.0908
2025,12,27,19,30,14.61,11.450101866037452,-4.884200000000021,383.4385,388.3227
2025,12,27,19,40,14.76,11.542847655491167,-4.567000000000007,384.3827,388.9497
2025,12,27,19,50,14.81,11.616123355579896,-3.3082999999999743,386.2658,389.5741
2025,12,27,20,0,14.79,11.70317316935702,-3.213200000000029,386.4287,389.6419
2025,12,27,20,10,14.77,11.802627724828714,-3.974199999999996,385.539,389.5132
2025,12,27,20,20,14.75,11.851335002159,-3.3673,386.338,389.7053
2025,12,27,20,30,14.72,11.842247986735265,-4.646300000000053,384.7535,389.3998
2025,12,27,20,40,14.67,11.806144293193451,-3.447500000000048,385.8135,389.261
2025,12,27,20,50,14.62,11.795179152778497,-3.177599999999984,386.0541,389.2317
2025,12,27,21,0,14.62,11.82022199599034,-2.9992000000000303,386.2342,389.2334
2025,12,27,21,10,14.57,11.821606341103472,-3.213199999999972,385.8242,389.0374
2025,12,27,21,20,14.48,11.769138952348806,-3.411399999999958,385.3629,388.7743
2025,12,27,21,30,14.42,11.70127248697318,-4.0364999999999895,384.4768,388.5133
2025,12,27,21,40,14.43,11.646551884511773,-6.946599999999989,380.7964,387.743
2025,12,27,21,50,14.46,11.59355384463509,-4.9646000000000186,382.962,387.9266
2025,12,27,22,0,14.48,11.60774780637778,-4.43829999999997,383.9445,388.3828
2025,12,27,22,10,14.49,11.614850450361706,-4.157600000000002,384.2867,388.4443
2025,12,27,22,20,14.49,11.602428150414791,-4.119399999999985,384.3695,388.4889
2025,12,27,22,30,14.48,11.595333102841543,-3.693399999999997,384.9458,388.6392
2025,12,27,22,40,14.48,11.644991916986475,-4.461900000000014,384.1579,388.6198
2025,12,27,22,50,14.49,11.68938425004317,-7.0172000000000025,380.8032,387.8204
2025,12,27,23,0,14.51,11.741004616983664,-3.9347000000000207,384.8148,388.7495
2025,12,27,23,10,14.53,11.792731531763629,-5.8507999999999925,382.7276,388.5784
2025,12,27,23,20,14.61,11.838028814504291,-8.404499999999985,380.3528,388.7573
2025,12,27,23,30,14.73,11.773845249179455,-6.2929999999999495,382.7053,388.9983
2025,12,27,23,40,14.87,11.63328611095702,-10.322799999999972,378.5423,388.8651
2025,12,27,23,50,14.94,11.568122861237775,-9.238400000000013,379.8015,389.0399
2025,12,28,0,0,14.99,11.526578515117066,-16.142300000000034,371.914,388.0563
2025,12,28,0,10,14.93,11.49727133143619,-14.60220000000004,373.4525,388.0547
2025,12,28,0,20,14.95,11.421861707916005,-19.957600000000014,367.7428,387.7004
2025,12,28,0,30,14.98,11.314765796920083,-16.497900000000016,371.4552,387.9531
2025,12,28,0,40,14.94,11.351060953245456,-15.173900000000003,372.6954,387.8693
2025,12,28,0,50,14.93,11.331383953735116,-15.890300000000025,371.6542,387.5445
2025,12,28,1,0,14.95,11.217443601286634,-15.587400000000002,371.9485,387.5359
2025,12,28,1,10,15.07,11.171041484854628,-13.861100000000022,374.1713,388.0324
2025,12,28,1,20,15.12,11.153457551058692,-14.395399999999997,373.6738,388.0692
2025,12,28,1,30,15.13,11.147330465153567,-14.167699999999968,374.0475,388.2152
2025,12,28,1,40,15.11,11.08216507425555,-15.910000000000023,371.9976,387.9076
2025,12,28,1,50,15.12,11.076002984731897,-17.6438,369.9504,387.5942
2025,12,28,2,0,15.12,11.16636664544649,-16.822900000000004,371.1152,387.9381
2025,12,28,2,10,15.11,11.249881192957906,-15.817800000000034,372.1405,387.9583
2025,12,28,2,20,15.15,11.380760852858854,-16.56650000000002,371.3286,387.8951
2025,12,28,2,30,15.1,11.384862986434896,-13.333799999999997,375.014,388.3478
2025,12,28,2,40,15.07,11.364089436781835,-16.838099999999997,371.2418,388.0799
2025,12,28,2,50,15.13,11.341084760608148,-15.368100000000029,372.8402,388.2083
2025,12,28,3,0,15.17,11.329875537757362,-17.315600000000018,371.0023,388.3179
2025,12,28,3,10,15.21,11.331515527365426,-16.071200000000033,372.489,388.5602
2025,12,28,3,20,15.25,11.372122223904425,-12.337199999999996,376.6349,388.9721
2025,12,28,3,30,15.28,11.40591594352522,-12.537199999999984,376.7516,389.2888
2025,12,28,19,30,15.48,11.703643403393842,-14.246800000000007,376.6698,390.9166
2025,12,28,19,40,15.48,11.730032678260567,-15.1438,375.6703,390.8141
2025,12,28,19,50,15.6,11.735979463604126,-15.22320000000002,375.7939,391.0171
2025,12,28,20,0,15.6,11.696106373693803,-14.74509999999998,376.4363,391.1814
2025,12,28,20,10,15.61,11.61010576415711,-15.459900000000005,375.6461,391.106
2025,12,28,20,20,15.63,11.61087486253491,-17.092100000000016,373.5193,390.6114
2025,12,28,20,30,15.62,11.61714607097866,-19.92270000000002,370.2227,390.1454
2025,12,28,20,40,15.58,11.65538168754355,-21.33690000000001,368.4281,389.765
2025,12,28,20,50,15.62,11.670374689860578,-17.949900000000014,372.3462,390.2961
2025,12,28,21,0,15.66,11.645344396616451,-18.11090000000001,372.4502,390.5611
2025,12,28,21,10,15.68,11.659465841335653,-20.346400000000017,369.8277,390.1741
2025,12,28,21,20,15.66,11.618665486200376,-18.27340000000004,372.14,390.4134
2025,12,28,21,30,15.62,11.63045322569914,-18.7473,371.3358,390.0831
2025,12,28,21,40,15.64,11.697854293165785,-17.413099999999986,372.6101,390.0232
2025,12,28,21,50,15.57,11.661582834235547,-18.98820000000001,370.8754,389.8636
2025,12,28,22,0,15.54,11.719840399053004,-20.760899999999992,368.2657,389.0266
2025,12,28,22,10,15.59,11.795280878009503,-18.882299999999987,370.7839,389.6662
2025,12,28,22,20,15.63,11.797287991061843,-18.420200000000023,371.608,390.0282
2025,12,28,22,30,15.75,11.843131905407946,-15.09620000000001,375.6845,390.7807
2025,12,28,22,40,15.79,11.871849002804874,-14.986499999999978,376.1223,391.1088
2025,12,28,22,50,15.83,11.88714906854747,-15.473299999999997,375.845,391.3183
2025,12,28,23,0,15.85,11.87455660472732,-16.446300000000008,374.3459,390.7922
2025,12,28,23,10,15.79,11.871849002804874,-14.499600000000044,376.7503,391.2499
2025,12,28,23,20,15.79,11.885293905412803,-12.206799999999989,379.3716,391.5784
2025,12,28,23,30,15.9,11.856390251656457,-12.335499999999968,379.2579,391.5934
2025,12,28,23,40,16.03,11.799878409254967,-13.777899999999988,378.3111,392.089
2025,12,28,23,50,16.08,11.876621626264535,-13.946299999999953,378.3955,392.3418
2025,12,29,0,0,16.04,11.902557974825315,-13.580200000000048,378.8273,392.4075
2025,12,29,0,10,15.97,11.933865183915408,-14.973099999999988,376.9635,391.9366
2025,12,29,0,20,15.99,12.00273500214947,-15.236300000000028,376.8055,392.0418
2025,12,29,0,30,15.92,11.99269983052142,-13.376800000000005,378.5875,391.9643
2025,12,29,0,40,15.95,12.082352815043164,-12.920399999999972,379.0702,391.9906
2025,12,29,0,50,15.98,12.104284954464248,-15.084000000000003,376.928,392.012
2025,12,29,1,0,15.98,12.145085914984913,-16.70920000000001,375.1999,391.9091
2025,12,29,1,10,16.04,12.24380103603017,-15.455500000000027,376.8556,392.3111
2025,12,29,1,20,15.86,12.20579108000015,-18.88900000000001,372.3498,391.2388
2025,12,29,1,30,15.63,12.130168577717091,-19.649,370.4131,390.0621
2025,12,29,1,40,15.62,12.202660878679762,-19.57820000000004,370.4036,389.9818
2025,12,29,1,50,15.61,12.22186391438761,-17.655599999999993,372.528,390.1836
2025,12,29,2,0,15.64,12.28407933747022,-14.963599999999984,375.8689,390.8325
2025,12,29,2,10,15.72,12.38393110885699,-14.569700000000012,376.4821,391.0518
2025,12,29,2,20,15.71,12.389812005939271,-14.350799999999992,377.0088,391.3596
2025,12,29,2,30,15.76,12.454228222028028,-18.60790000000003,372.4466,391.0545
2025,12,29,2,40,15.75,12.473513784857747,-19.34889999999996,371.3638,390.7127
2025,12,29,2,50,15.78,12.49619204963786,-19.43870000000004,371.5293,390.968
2025,12,29,3,0,15.89,12.539072847530552,-18.89179999999999,372.7271,391.6189
2025,12,29,3,10,15.99,12.54707672560296,-17.949700000000007,374.1143,392.064
2025,12,29,3,20,16.02,12.542578717374152,-20.723600000000037,371.3225,392.0461
2025,12,29,3,30,16.05,12.551675618665302,-16.720799999999997,375.5457,392.2665
2025,12,29,19,30,19.99,13.102317783661208,-9.832400000000009,402.3306,412.163
2025,12,29,19,40,20.01,13.10038650478246,-14.263100000000009,396.9112,411.1743
2025,12,29,19,50,20.06,13.086781278599108,-23.31630000000001,386.2457,409.562
2025,12,29,20,0,20.04,13.07666424534817,-22.10160000000002,387.3494,409.451
2025,12,29,20,10,19.93,13.0890378349811,-18.801499999999976,389.9701,408.7716
2025,12,29,20,20,19.87,13.067096223943595,-20.15609999999998,388.3018,408.4579
2025,12,29,20,30,19.9,13.076353246963244,-17.482799999999997,391.8609,409.3437
2025,12,29,20,40,19.91,13.125260392864432,-13.713099999999995,396.2262,409.9393
2025,12,29,20,50,19.93,13.145812052719585,-12.897199999999998,397.5072,410.4044
2025,12,29,21,0,19.95,13.150889414424196,-16.453399999999988,394.115,410.5684
2025,12,29,21,10,19.91,13.197433859282382,-17.1986,392.4734,409.672
2025,12,29,21,20,19.8,13.204799698782612,-14.543200000000011,394.8718,409.415
2025,12,29,21,30,19.78,13.24218486069964,-11.305700000000002,398.3237,409.6294
2025,12,29,21,40,19.78,13.28822980483858,-11.82819999999998,397.7208,409.549
2025,12,29,21,50,19.82,13.263031038454688,-15.825499999999977,394.1806,410.0061
2025,12,29,22,0,19.87,13.262536917925436,-16.056700000000035,392.924,408.9807
2025,12,29,22,10,19.77,13.161131295542203,-21.14639999999997,386.031,407.1774
2025,12,29,22,20,19.64,13.078006434969303,-22.986400000000003,383.3217,406.3081
2025,12,29,22,30,19.86,13.04744486154912,-19.953899999999976,387.0756,407.0295
2025,12,29,22,40,19.81,13.086126727193513,-14.69160000000005,393.5891,408.2807
2025,12,29,22,50,19.87,13.118527985517764,-11.918000000000006,397.2324,409.1504
2025,12,29,23,0,19.82,13.145084248706864,-14.226800000000026,394.8178,409.0446
2025,12,29,23,10,19.82,13.179271723996086,-11.291200000000003,398.1687,409.4599
2025,12,29,23,20,19.83,13.22291996963006,-10.330700000000036,399.3155,409.6462
2025,12,29,23,30,19.8,13.223580768951557,-13.470100000000002,395.1624,408.6325
2025,12,29,23,40,19.57,13.243324737791886,-16.31669999999997,388.6743,404.991
2025,12,29,23,50,19.42,13.390861749094269,-11.226500000000044,395.6045,406.831
2025,12,30,0,0,19.41,13.43304767047636,-13.641599999999984,393.4524,407.094
2025,12,30,0,10,19.4,13.475178719349802,-16.596100000000035,389.8669,406.463
2025,12,30,0,20,19.27,13.47175634709316,-15.787800000000004,390.0058,405.7936
2025,12,30,0,30,19.2,13.465762934538777,-15.947699999999998,387.5262,403.4739
2025,12,30,0,40,18.89,13.464468740595882,-19.369399999999985,381.6247,400.9941
2025,12,30,0,50,18.4,13.394016535697668,-15.953700000000026,383.6115,399.5652
2025,12,30,1,0,18.05,13.34947951137372,-12.838300000000004,387.0692,399.9075
2025,12,30,1,10,18.04,13.433872662223992,-12.39779999999996,387.3373,399.7351
2025,12,30,1,20,18.23,13.415212474668484,-16.2491,382.6285,398.8776
2025,12,30,1,30,17.61,13.199136229622754,-23.974000000000046,373.7057,397.6797
2025,12,30,1,40,17.43,13.28061000176768,-20.01579999999996,376.8312,396.847
2025,12,30,1,50,17.28,13.22086057464293,-16.19870000000003,379.2657,395.4644
2025,12,30,2,0,17.0,13.131154701956977,-18.98689999999999,375.5277,394.5146
2025,12,30,2,10,17.0,13.23238607080466,-19.51429999999999,375.08,394.5943
2025,12,30,2,20,16.9,13.253879438036982,-14.30079999999998,381.7266,396.0274
2025,12,30,2,30,17.14,13.533450713349184,-4.006100000000004,395.0639,399.07
2025,12,30,2,40,17.89,14.351601950331954,-2.655200000000036,399.5166,402.1718
2025,12,30,2,50,18.13,14.619830140945815,-0.5144000000000233,403.6493,404.1637
2025,12,30,3,0,18.61,15.169378861322524,-1.543800000000033,404.6692,406.213
2025,12,30,3,10,18.68,15.24833791723596,-0.4687000000000125,407.8759,408.3446
2025,12,30,3,20,18.74,15.334634827849884,-0.4636999999999602,408.2318,408.6955
2025,12,30,3,30,18.68,15.312272248125836,-0.995900000000006,407.9472,408.9431
2025,12,30,19,30,17.21,12.46264905696382,-3.705700000000036,396.9795,400.6852
2025,12,30,19,40,17.22,12.64595268859252,-3.7638000000000034,397.0166,400.7804
2025,12,30,19,50,17.12,12.701552323495344,-4.11930000000001,396.6108,400.7301
2025,12,30,20,0,17.15,12.680618631273388,-4.093500000000006,396.4601,400.5536
2025,12,30,20,10,17.13,12.607139570244124,-4.10590000000002,396.6867,400.7926
2025,12,30,20,20,17.13,12.592564842417254,-3.9624000000000015,396.7132,400.6756
2025,12,30,20,30,17.14,12.46885814645857,-4.157100000000014,396.4321,400.5892
2025,12,30,20,40,17.12,12.381100315333764,-3.7106,396.8282,400.5388
2025,12,30,20,50,17.18,12.396431362588004,-3.2048000000000343,397.45,400.6548
2025,12,30,21,0,17.25,12.36040153464414,-3.3543999999999983,397.6222,400.9766
2025,12,30,21,10,17.37,12.227652005322948,-3.4309000000000083,397.6451,401.076
2025,12,30,21,20,17.37,12.050225374048612,-3.2414999999999736,397.6426,400.8841
2025,12,30,21,30,17.41,12.004966338603053,-3.269000000000005,397.9102,401.1792
2025,12,30,21,40,17.4,11.938545216773152,-3.044600000000002,398.0999,401.1445
2025,12,30,21,50,17.49,11.94334684683604,-2.860400000000027,398.5057,401.3661
2025,12,30,22,0,17.49,11.988022707859118,-2.9764000000000124,398.5159,401.4923
2025,12,30,22,10,17.5,12.0249862253426,-3.1666000000000167,398.3374,401.504
2025,12,30,22,20,17.51,12.076898811424496,-3.246600000000001,398.234,401.4806
2025,12,30,22,30,17.5,11.995184524660216,-3.4279999999999973,397.988,401.416
2025,12,30,22,40,17.35,11.902914003909927,-3.482399999999984,397.5802,401.0626
2025,12,30,22,50,17.32,11.768070711053328,-3.455899999999985,397.213,400.6689
2025,12,30,23,0,17.35,11.614940278008882,-3.696399999999983,396.8949,400.5913
2025,12,30,23,10,17.32,11.414276777613168,-3.784899999999993,396.5777,400.3626
2025,12,30,23,20,17.38,11.146096512102345,-3.730200000000025,396.5442,400.2744
2025,12,30,23,30,17.39,11.03433522524926,-3.518199999999979,396.786,400.3042
2025,12,30,23,40,17.44,10.967877381107105,-3.724999999999966,396.5151,400.2401
2025,12,30,23,50,17.36,11.799207487481985,-4.289899999999989,396.0697,400.3596
2025,12,31,0,0,16.98,12.219870474040038,-5.384099999999989,394.3158,399.6999
2025,12,31,0,10,16.8,12.302920186465958,-13.317099999999982,384.4167,397.7338
2025,12,31,0,20,16.72,12.35770181084628,-8.83019999999999,388.9613,397.7915
2025,12,31,0,30,16.72,12.556790217465208,-9.5274,388.1463,397.6737
2025,12,31,0,40,16.67,12.660891048661137,-8.432799999999986,389.4076,397.8404
2025,12,31,0,50,16.61,12.615295891415414,-6.497799999999984,391.6609,398.1587
2025,12,31,1,0,16.53,12.470369874958378,-6.233199999999954,391.8142,398.0474
2025,12,31,1,10,16.54,12.393471703220976,-6.1252999999999815,391.9013,398.0266
2025,12,31,1,20,16.53,12.357897542377016,-7.455399999999997,390.1355,397.5909
2025,12,31,1,30,16.53,12.245425209795656,-5.455700000000036,392.5537,398.0094
2025,12,31,1,40,16.58,12.225915368486447,-4.030700000000024,394.2179,398.2486
2025,12,31,1,50,16.58,12.225915368486447,-3.3432000000000244,395.1151,398.4583
2025,12,31,2,0,16.59,12.275601811389723,-3.44459999999998,395.1607,398.6053
2025,12,31,2,10,16.58,12.324625181150122,-3.8104999999999913,394.7421,398.5526
2025,12,31,2,20,16.61,12.375139082732254,-4.097700000000032,394.4337,398.5314
2025,12,31,2,30,16.64,12.439942295835095,-4.217399999999998,394.4438,398.6612
2025,12,31,2,40,16.72,12.386143011791845,-4.213999999999999,394.6396,398.8536
2025,12,31,2,50,16.95,12.212322101639923,-3.990299999999991,395.3567,399.347
2025,12,31,3,0,17.13,12.053299912822997,-3.561499999999967,396.23,399.7915
2025,12,31,3,10,17.09,12.111691059556282,-3.5412000000000035,396.4034,399.9446
2025,12,31,3,20,17.07,12.227886975632458,-3.59880000000004,396.2879,399.8867
2025,12,31,3,30,16.98,12.234314765380512,-3.580100000000016,396.263,399.8431
2025,12,31,19,30,15.49,12.674541006704535,-2.9844000000000506,391.1396,394.124
2025,12,31,19,40,15.49,12.687743653586518,-3.011599999999987,391.2495,394.2611
2025,12,31,19,50,15.43,12.628467336757016,-2.466700000000003,391.3867,393.8534
2025,12,31,20,0,15.44,12.662461445690663,-3.019399999999962,391.0063,394.0257
2025,12,31,20,10,15.41,12.639419194403883,-2.70150000000001,391.3676,394.0691
2025,12,31,20,20,15.34,12.57271261056659,-3.294399999999996,390.0135,393.3079
2025,12,31,20,30,15.35,12.59344395509407,-2.561099999999953,390.8253,393.3864
2025,12,31,20,40,15.4,12.644877257168195,-2.6736999999999966,391.1263,393.8
2025,12,31,20,50,15.44,12.701949371196978,-2.733600000000024,391.2288,393.9624
2025,12,31,21,0,15.43,12.707395257611749,-2.446399999999983,391.5949,394.0413
2025,12,31,21,10,15.39,12.67656890795661,-2.8430000000000177,391.135,393.978
2025,12,31,21,20,15.38,12.681987254399862,-2.963999999999998,390.7769,393.7409
2025,12,31,21,30,15.34,12.638127348394722,-2.881500000000017,390.9095,393.791
2025,12,31,21,40,15.34,12.651210295960349,-3.094099999999969,390.4037,393.4978
2025,12,31,21,50,15.3,12.620498250418532,-2.4887999999999693,390.98,393.4688
2025,12,31,22,0,15.31,12.615111061309442,-2.7217999999999734,390.651,393.3728
2025,12,31,22,10,15.21,12.512692976380608,-3.1166999999999803,389.8202,392.9369
2025,12,31,22,20,15.24,12.5355406245557,-2.410599999999988,390.4888,392.8994
2025,12,31,22,30,15.3,12.594395875546931,-2.693300000000022,390.6228,393.3161
2025,12,31,22,40,15.11,12.436795263774568,-2.702600000000018,390.0414,392.744
2025,12,31,22,50,14.88,12.251025231452015,-3.100999999999999,388.4221,391.5231
2025,12,31,23,0,14.86,12.248798663817515,-3.007600000000025,388.0247,391.0323
2025,12,31,23,10,14.84,12.233866204644082,-3.1988000000000056,387.9347,391.1335
2025,12,31,23,20,14.84,12.233866204644082,-3.045600000000036,387.9163,390.9619
2025,12,31,23,30,14.82,12.218949569091416,-3.039800000000014,387.7871,390.8269
2025,12,31,23,40,14.7,12.11719850544591,-3.005399999999952,387.2121,390.2175
2025,12,31,23,50,14.61,12.050762947534498,-3.0418999999999983,386.9614,390.0033
2026,1,1,0,0,14.6,12.043400800183164,-2.9780999999999835,386.6691,389.6472
2026,1,1,0,10,14.66,12.087632393364949,-2.990599999999972,387.1064,390.097
2026,1,1,0,20,14.57,12.021337810435735,-3.3064000000000533,386.3862,389.6926
2026,1,1,0,30,14.62,12.058129006502858,-2.809100000000001,387.0243,389.8334
2026,1,1,0,40,14.67,12.095018036537548,-2.741700000000037,387.3042,390.0459
2026,1,1,0,50,14.61,12.03824917500331,-2.6503999999999905,386.834,389.4844
2026,1,1,1,0,14.48,11.942944801856068,-3.6082000000000103,386.0222,389.6304
2026,1,1,1,10,14.39,11.865003178696108,-3.0511000000000195,385.4629,388.514
2026,1,1,1,20,14.43,11.89408752499024,-2.873400000000004,385.8564,388.7298
2026,1,1,1,30,14.48,11.942944801856068,-3.355000000000018,385.5328,388.8878
2026,1,1,1,40,14.41,11.904260897352737,-3.1573999999999955,385.6189,388.7763
2026,1,1,1,50,14.25,11.775935385789255,-2.906600000000026,385.1239,388.0305
2026,1,1,2,0,14.24,11.780953999678324,-2.937000000000012,385.044,387.981
2026,1,1,2,10,14.2,11.764306163310074,-2.976799999999969,384.7368,387.7136
2026,1,1,2,20,14.2,11.764306163310074,-3.417100000000005,384.3188,387.7359
2026,1,1,2,30,14.16,11.735486246126923,-3.2396000000000527,384.3262,387.5658
2026,1,1,2,40,14.15,11.7161245890442,-3.255899999999997,384.106,387.3619
2026,1,1,2,50,14.21,11.759309629120576,-3.286299999999983,384.3419,387.6282
2026,1,1,3,0,14.23,11.773735364137504,-2.9209000000000174,384.5549,387.4758
2026,1,1,3,10,14.05,11.632364062044129,-3.2831999999999653,383.9182,387.2014
2026,1,1,3,20,13.99,11.577543165114443,-3.3787000000000376,383.3237,386.7024
2026,1,1,3,30,13.97,11.563330544993637,-3.2051999999999907,383.4834,386.6886
2026,1,1,19,30,13.3,11.003522550325728,-4.2473999999999705,379.2538,383.5012
2026,1,1,19,40,13.28,11.001471619906477,-4.609700000000032,378.7478,383.3575
2026,1,1,19,50,13.31,11.010319460912545,-4.766399999999976,378.6969,383.4633
2026,1,1,20,0,13.29,10.86979957125314,-5.383700000000033,377.787,383.1707
2026,1,1,20,10,13.25,10.693338550616328,-4.863,377.3935,382.2565
2026,1,1,20,20,13.16,10.634026467737,-5.006100000000004,377.091,382.0971
2026,1,1,20,30,13.16,10.645473213127458,-4.719500000000039,377.0952,381.8147
2026,1,1,20,40,13.2,10.752152625263433,-4.401500000000056,377.4281,381.8296
2026,1,1,20,50,13.24,10.847782876638966,-4.908200000000022,377.2725,382.1807
2026,1,1,21,0,13.15,10.810488667231295,-4.857100000000003,377.2117,382.0688
2026,1,1,21,10,13.11,10.806604516975003,-4.902600000000007,377.0608,381.9634
2026,1,1,21,20,13.08,10.797959921190854,-3.959000000000003,377.8592,381.8182
2026,1,1,21,30,13.03,10.787315271850847,-4.832499999999982,376.8843,381.7168
2026,1,1,21,40,13.02,10.79198907529469,-5.846499999999992,375.7891,381.6356
2026,1,1,21,50,13.02,10.80333711848638,-5.032600000000002,376.9112,381.9438
2026,1,1,22,0,13.1,10.81132699298428,-4.535799999999995,377.6615,382.1973
2026,1,1,22,10,13.14,10.79237393642562,-4.5108000000000175,377.613,382.1238
2026,1,1,22,20,13.09,10.781847055874245,-4.73739999999998,376.9209,381.6583
2026,1,1,22,30,12.96,10.69544711883172,-5.172300000000007,376.1715,381.3438
2026,1,1,22,40,12.98,10.70870007441371,-5.18180000000001,376.1604,381.3422
2026,1,1,22,50,13.02,10.735248859336256,-5.06329999999997,376.3115,381.3748
2026,1,1,23,0,12.94,10.704792387471953,-4.887900000000002,376.2412,381.1291
2026,1,1,23,10,12.93,10.72073437947718,-5.645299999999963,375.3722,381.0175
2026,1,1,23,20,12.9,10.700829970914628,-4.661600000000021,376.6592,381.3208
2026,1,1,23,30,12.92,10.714096000038918,-4.8589999999999804,376.3005,381.1595
2026,1,1,23,40,12.93,10.698164412362493,-5.578099999999949,375.4802,381.0583
2026,1,1,23,50,12.93,10.540174642559672,-5.883600000000001,375.6452,381.5288
2026,1,2,0,0,13.12,10.413643581522829,-5.501699999999971,375.2595,380.7612
2026,1,2,0,10,13.1,10.537622512149234,-4.500200000000007,376.3318,380.832
2026,1,2,0,20,12.83,10.385344758861027,-4.689599999999984,375.3016,379.9912
2026,1,2,0,30,12.78,10.409102879735508,-4.864899999999977,374.9666,379.8315
2026,1,2,0,40,12.78,10.3755611948384,-5.228099999999984,374.3602,379.5883
2026,1,2,0,50,12.88,10.46257659024548,-4.294399999999996,375.8007,380.0951
2026,1,2,1,0,12.88,10.496326837310788,-6.231800000000021,374.1781,380.4099
2026,1,2,1,10,12.88,10.350075766694454,-4.829600000000028,375.3271,380.1567
2026,1,2,1,20,12.95,10.36115585312746,-4.908699999999953,375.2594,380.1681
2026,1,2,1,30,13.02,10.37211147720226,-5.733100000000036,374.5438,380.2769
2026,1,2,1,40,13.01,10.32032952733839,-5.747700000000009,373.9153,379.663
2026,1,2,1,50,12.91,10.335517808750266,-3.7749000000000015,375.6494,379.4243
2026,1,2,2,0,12.66,10.35408926569024,-4.173399999999958,374.8867,379.0601
2026,1,2,2,10,12.39,10.236384934878982,-4.537499999999966,373.6639,378.2014
2026,1,2,2,20,12.29,10.205414974576367,-4.386300000000006,373.2539,377.6402
2026,1,2,2,30,12.15,10.116800614953148,-4.899800000000028,372.2514,377.1512
2026,1,2,2,40,12.12,10.13009230872574,-4.4488999999999805,372.3469,376.7958
2026,1,2,2,50,12.01,10.06082985474436,-5.196399999999983,371.3867,376.5831
2026,1,2,3,0,11.99,10.037636714385748,-5.018199999999979,371.4531,376.4713
2026,1,2,3,10,11.91,9.998222156283385,-5.298299999999983,371.0242,376.3225
2026,1,2,3,20,11.78,9.89632816883593,-5.676199999999994,370.2179,375.8941
2026,1,2,3,30,11.75,9.80438164438254,-5.212800000000016,370.159,375.3718
2026,1,2,19,30,10.54,6.423765098178081,-8.261599999999987,355.9316,364.1932
2026,1,2,19,40,10.68,6.494498770440689,-8.479199999999992,355.9756,364.4548
2026,1,2,19,50,10.73,6.515992010430454,-8.805800000000033,356.0046,364.8104
2026,1,2,20,0,10.78,6.441842752967188,-9.677200000000028,355.1176,364.7948
2026,1,2,20,10,10.78,6.5079483532809865,-12.892399999999952,351.5889,364.4813
2026,1,2,20,20,10.79,6.495267304700539,-12.72670000000005,351.7107,364.4374
2026,1,2,20,30,10.84,6.540520803332007,-11.676800000000014,352.9527,364.6295
2026,1,2,20,40,10.83,6.503739734428821,-17.470799999999997,346.4494,363.9202
2026,1,2,20,50,10.82,6.51448082161306,-15.223900000000016,348.5834,363.8073
2026,1,2,21,0,10.81,6.542998785451087,-11.43610000000001,352.9189,364.355
2026,1,2,21,10,10.88,6.596734282447832,-15.417100000000003,349.1154,364.5325
2026,1,2,21,20,10.87,6.614411113843184,-15.040300000000002,349.3047,364.345
2026,1,2,21,30,10.92,6.583507028726641,-9.122799999999984,356.3267,365.4495
2026,1,2,21,40,11.03,6.558069380252262,-9.669399999999996,355.8139,365.4833
2026,1,2,21,50,10.96,6.605092216811008,-8.329399999999964,357.4612,365.7906
2026,1,2,22,0,10.96,6.645008169171251,-7.770099999999957,358.3251,366.0952
2026,1,2,22,10,11.01,6.598875640048953,-8.655300000000011,357.2738,365.9291
2026,1,2,22,20,10.96,6.522266615663506,-9.174499999999966,356.5667,365.7412
2026,1,2,22,30,10.96,6.400522960964769,-11.454600000000028,353.702,365.1566
2026,1,2,22,40,10.77,6.503848017702895,-26.326599999999985,335.9467,362.2733
2026,1,2,22,50,10.57,6.458338396095599,-35.65379999999999,324.1434,359.7972
2026,1,2,23,0,10.36,6.411644907960395,-35.833699999999965,322.8256,358.6593
2026,1,2,23,10,10.41,6.2960391425214,-34.93580000000003,323.2865,358.2223
2026,1,2,23,20,10.36,6.293462332854876,-33.676300000000026,324.6461,358.3224
2026,1,2,23,30,10.5,6.4550570519647,-14.846000000000004,346.4973,361.3433
2026,1,2,23,40,10.6,6.554474046139611,-8.962800000000016,354.3203,363.2831
2026,1,2,23,50,10.64,6.528986444526627,-13.504399999999976,349.8944,363.3988
2026,1,3,0,0,10.69,6.461315608077557,-19.872900000000016,342.3419,362.2148
2026,1,3,0,10,10.65,6.489070151530006,-14.2414,348.5287,362.7701
2026,1,3,0,20,10.69,6.62809721350926,-19.05849999999998,343.7534,362.8119
2026,1,3,0,30,10.64,6.786194867970379,-12.318300000000022,350.8404,363.1587
2026,1,3,0,40,10.65,6.791456319049653,-19.2226,343.4314,362.654
2026,1,3,0,50,10.64,6.808688380286754,-31.88900000000001,328.7187,360.6077
2026,1,3,1,0,10.45,6.907226710580923,-23.83050000000003,336.8886,360.7191
2026,1,3,1,10,10.46,6.945435116727517,-30.830100000000016,329.6602,360.4903
2026,1,3,1,20,10.42,6.987698328559301,-32.13920000000002,327.407,359.5462
2026,1,3,1,30,10.36,7.032343635750357,-34.72980000000001,324.1164,358.8462
2026,1,3,1,40,10.32,7.040451886994427,-33.55279999999999,325.29,358.8428
2026,1,3,1,50,10.25,7.060861624325279,-34.48520000000002,323.9674,358.4526
2026,1,3,2,0,10.18,7.060986627783601,-34.212500000000034,323.5666,357.7791
2026,1,3,2,10,10.24,7.084047188370622,-34.463300000000004,323.5493,358.0126
2026,1,3,2,20,10.32,7.046202324146886,-34.42710000000005,323.8871,358.3142
2026,1,3,2,30,10.29,7.009883375382896,-30.870499999999996,327.4039,358.2744
2026,1,3,2,40,10.33,6.992161072571114,-22.42380000000003,337.7326,360.1564
2026,1,3,2,50,10.52,6.958221604292174,-28.32800000000003,331.4598,359.7878
2026,1,3,3,0,10.37,6.920457491604978,-30.05070000000001,328.8367,358.8874
2026,1,3,3,10,10.29,6.907528364306754,-29.036200000000008,328.9421,357.9783
2026,1,3,3,20,10.23,6.847041239521821,-32.223299999999995,325.3833,357.6066
2026,1,3,3,30,10.27,6.87872895965827,-30.076300000000003,328.1855,358.2618
2026,1,3,19,30,13.62,8.131556477667315,-36.88420000000002,338.2505,375.1347
2026,1,3,19,40,13.57,8.139419013974237,-36.12020000000001,338.1614,374.2816
2026,1,3,19,50,13.52,8.135442206841718,-35.99829999999997,337.7678,373.7661
2026,1,3,20,0,13.51,8.129258800034089,-36.42090000000002,337.2776,373.6985
2026,1,3,20,10,13.63,8.104750794246886,-36.56549999999999,337.8643,374.4298
2026,1,3,20,20,13.66,8.097307857558121,-36.73539999999997,338.0486,374.784
2026,1,3,20,30,13.79,8.073099902840408,-36.47210000000001,338.3666,374.8387
2026,1,3,20,40,13.84,8.059764585619881,-36.20459999999997,338.8786,375.0832
2026,1,3,20,50,13.93,8.049259121761802,-36.00410000000005,339.0755,375.0796
2026,1,3,21,0,13.75,8.084122121420807,-35.65350000000001,338.9616,374.6151
2026,1,3,21,10,13.84,8.090800408964983,-35.31469999999996,339.2832,374.5979
2026,1,3,21,20,13.84,8.126610974363176,-34.86870000000005,339.3692,374.2379
2026,1,3,21,30,14.0,8.150244911865734,-35.36749999999995,339.6462,375.0137
2026,1,3,21,40,13.88,8.181321632529604,-34.93709999999999,339.6848,374.6219
2026,1,3,21,50,13.99,8.28619582618701,-35.28280000000001,339.5699,374.8527
2026,1,3,22,0,14.17,8.374581179141865,-34.7919,340.5424,375.3343
2026,1,3,22,10,14.11,8.462753738557833,-34.81239999999997,340.694,375.5064
2026,1,3,22,20,14.21,8.534352543917311,-35.235600000000034,340.8592,376.0948
2026,1,3,22,30,14.08,8.585290695591574,-33.84870000000001,341.0627,374.9114
2026,1,3,22,40,14.17,8.576789248340054,-35.3621,340.6382,376.0003
2026,1,3,22,50,14.21,8.59785037369034,-34.37520000000001,341.0773,375.4525
2026,1,3,23,0,14.12,8.630675727745125,-33.65839999999997,341.1806,374.839
2026,1,3,23,10,14.07,8.6647703741817,-34.35980000000001,340.5952,374.955
2026,1,3,23,20,14.12,8.617317428461996,-34.5077,340.6548,375.1625
2026,1,3,23,30,14.11,8.591400217302581,-34.91090000000003,340.4763,375.3872
2026,1,3,23,40,14.2,8.540105241788787,-33.74310000000003,340.8798,374.6229
2026,1,3,23,50,14.11,8.568340942810597,-34.21879999999999,340.5267,374.7455
2026,1,4,0,0,14.03,8.55535931882746,-34.40559999999999,340.4189,374.8245
2026,1,4,0,10,13.99,8.531962611377782,-34.34620000000001,340.1978,374.544
2026,1,4,0,20,13.97,8.55397677880955,-33.30089999999996,339.821,373.1219
2026,1,4,0,30,13.89,8.561125541778003,-33.92450000000002,339.4688,373.3933
2026,1,4,0,40,13.69,8.538057035043977,-31.98809999999997,339.0921,371.0802
2026,1,4,0,50,13.73,8.551990115375398,-33.399400000000014,338.335,371.7344
2026,1,4,1,0,13.66,8.543551095662359,-32.488,338.216,370.704
2026,1,4,1,10,13.67,8.533456801958268,-31.54170000000005,338.7227,370.2644
2026,1,4,1,20,13.58,8.553243556261444,-32.206500000000005,338.6733,370.8798
2026,1,4,1,30,13.57,8.550322901885815,-32.03359999999998,338.764,370.7976
2026,1,4,1,40,13.52,8.534548204904304,-30.62719999999996,338.7841,369.4113
2026,1,4,1,50,13.53,8.51873054810399,-31.883500000000023,338.4588,370.3423
2026,1,4,2,0,13.48,8.50768877353418,-29.653899999999965,338.7268,368.3807
2026,1,4,2,10,13.48,8.499516161840104,-30.60900000000004,338.3626,368.9716
2026,1,4,2,20,13.3,8.464514566257911,-27.955100000000016,337.7323,365.6874
2026,1,4,2,30,13.18,8.53264488755628,-31.171599999999955,336.5393,367.7109
2026,1,4,2,40,13.28,8.499040444309301,-31.447400000000016,336.9019,368.3493
2026,1,4,2,50,13.15,8.500819183724419,-29.73930000000001,336.6467,366.386
2026,1,4,3,0,13.1,8.511068918633088,-30.687299999999997,336.209,366.8963
2026,1,4,3,10,13.2,8.528281570006168,-30.15029999999996,336.1845,366.3348
2026,1,4,3,20,13.14,8.520716414002132,-28.779200000000003,335.955,364.7342
2026,1,4,3,30,12.88,8.515187334577208,-30.090899999999976,335.2371,365.328
2026,1,4,19,30,13.67,9.650933287928996,-33.63220000000001,342.2896,375.9218
2026,1,4,19,40,13.44,9.6315667630105,-33.725900000000024,341.4908,375.2167
2026,1,4,19,50,13.3,9.594886924785602,-33.300400000000025,340.9701,374.2705
2026,1,4,20,0,13.21,9.576135398603622,-33.592600000000004,340.6011,374.1937
2026,1,4,20,10,13.2,9.58169417512803,-32.33449999999999,340.6514,372.9859
2026,1,4,20,20,13.15,9.552124907024478,-32.60039999999998,340.2846,372.885
2026,1,4,20,30,13.13,9.494617319291368,-33.20300000000003,340.0449,373.2479
2026,1,4,20,40,13.02,9.41887584910052,-32.845200000000034,340.1758,373.021
2026,1,4,20,50,13.25,9.49623714129006,-31.325300000000027,340.7156,372.0409
2026,1,4,21,0,13.2,9.501368595216777,-30.03140000000002,340.498,370.5294
2026,1,4,21,10,13.34,9.468141519112974,-30.857500000000016,339.7045,370.562
2026,1,4,21,20,13.25,9.47321596034148,-32.269300000000044,339.1792,371.4485
2026,1,4,21,30,13.11,9.380178366371124,-32.05540000000002,338.7663,370.8217
2026,1,4,21,40,13.03,9.45877223310711,-32.181299999999965,338.6852,370.8665
2026,1,4,21,50,13.07,9.493595995752957,-31.97540000000004,338.4301,370.4055
2026,1,4,22,0,12.85,9.45497524384708,-32.200800000000015,337.8193,370.0201
2026,1,4,22,10,12.66,9.355302519803722,-31.629599999999986,337.7404,369.37
2026,1,4,22,20,12.92,9.417126484244733,-31.497799999999984,337.4284,368.9262
2026,1,4,22,30,12.42,9.227766788209609,-31.2808,336.6293,367.9101
2026,1,4,22,40,12.37,9.297205511098594,-31.705799999999957,336.105,367.8108
2026,1,4,22,50,12.69,9.406092746034131,-31.3646,336.5371,367.9017
2026,1,4,23,0,12.79,9.363934854577208,-31.239100000000008,337.1581,368.3972
2026,1,4,23,10,12.72,9.34564525113752,-31.777800000000013,336.9413,368.7191
2026,1,4,23,20,12.84,9.404227950680392,-30.75479999999999,336.7312,367.486
2026,1,4,23,30,12.57,9.225915418361346,-31.07170000000002,336.5002,367.5719
2026,1,4,23,40,12.35,9.187670012455415,-31.100799999999992,336.1021,367.2029
2026,1,4,23,50,12.3,9.28934688264687,-30.49629999999996,335.9041,366.4004
2026,1,5,0,0,12.48,9.30615354968748,-30.31989999999996,335.7814,366.1013
2026,1,5,0,10,12.24,9.308763934007672,-30.56239999999997,335.8763,366.4387
2026,1,5,0,20,12.11,9.233658248963074,-29.672399999999985,335.9037,365.5761
2026,1,5,0,30,11.64,9.06023238005821,-30.85929999999996,334.9526,365.8119
2026,1,5,0,40,11.68,9.197780305313469,-30.529999999999973,334.2115,364.7415
2026,1,5,0,50,11.64,9.237271403576589,-29.63119999999998,333.8612,363.4924
2026,1,5,1,0,12.07,9.381817202639995,-29.959500000000048,333.8221,363.7816
2026,1,5,1,10,11.58,9.161141044184095,-29.5856,333.5538,363.1394
2026,1,5,1,20,12.06,9.365276565747436,-29.29770000000002,334.0764,363.3741
2026,1,5,1,30,11.86,9.17517238366549,-30.54359999999997,333.9868,364.5304
2026,1,5,1,40,11.87,9.212600768030862,-30.78989999999999,334.5185,365.3084
2026,1,5,1,50,12.2,9.285598055047474,-29.784100000000024,335.0254,364.8095
2026,1,5,2,0,12.01,9.250847790167484,-28.998999999999967,334.4048,363.4038
2026,1,5,2,10,12.05,9.380805303097786,-28.315799999999967,334.6963,363.0121
2026,1,5,2,20,12.14,9.498064940919162,-27.974099999999964,336.1793,364.1534
2026,1,5,2,30,11.69,9.28710999916111,-27.493799999999965,335.9236,363.4174
2026,1,5,2,40,11.97,9.599871376493748,-25.70519999999999,336.902,362.6072
2026,1,5,2,50,12.37,9.83127710552278,-26.074400000000026,338.3171,364.3915
2026,1,5,3,0,12.54,9.86965079235596,-26.33789999999999,340.1075,366.4454
2026,1,5,3,10,12.24,9.730415262028924,-28.071199999999976,337.2527,365.3239
2026,1,5,3,20,12.99,10.33021427168112,-26.949299999999997,342.8202,369.7695
2026,1,5,3,30,12.99,10.364195239680072,-21.661299999999983,347.6495,369.3108
2026,1,5,19,30,14.83,10.298590870074651,-5.463700000000017,384.4276,389.8913
2026,1,5,19,40,14.59,10.236260497257186,-4.7982000000000085,383.2052,388.0034
2026,1,5,19,50,14.48,10.16764219617476,-5.689700000000016,381.7564,387.4461
2026,1,5,20,0,14.45,10.124213777230636,-5.56759999999997,381.713,387.2806
2026,1,5,20,10,14.4,10.22917615734051,-5.377499999999998,381.7581,387.1356
2026,1,5,20,20,14.31,10.160671666195467,-5.540900000000022,381.2485,386.7894
2026,1,5,20,30,14.25,9.988735212894005,-5.121300000000019,380.8744,385.9957
2026,1,5,20,40,14.17,9.976410161043184,-5.557099999999991,379.8306,385.3877
2026,1,5,20,50,14.08,10.00627926422836,-5.131000000000029,379.6602,384.7912
2026,1,5,21,0,13.93,9.938542428897662,-5.124499999999955,378.7832,383.9077
2026,1,5,21,10,13.93,9.938542428897662,-5.621700000000033,378.6264,384.2481
2026,1,5,21,20,13.94,9.980681885445527,-5.645500000000027,378.0983,383.7438
2026,1,5,21,30,13.93,9.75849637040314,-5.723000000000013,377.7821,383.5051
2026,1,5,21,40,13.94,9.740472935133964,-4.860900000000015,378.9957,383.8566
2026,1,5,21,50,13.98,9.740355754990455,-4.931500000000028,379.1017,384.0332
2026,1,5,22,0,13.94,9.824546067743013,-4.506599999999992,379.32,383.8266
2026,1,5,22,10,13.68,9.869635631410372,-4.502100000000041,378.4464,382.9485
2026,1,5,22,20,13.56,9.773488008249752,-4.640800000000013,377.416,382.0568
2026,1,5,22,30,13.53,9.650032955234655,-5.212599999999952,376.3801,381.5927
2026,1,5,22,40,13.51,9.579658931263191,-5.1422999999999774,376.5715,381.7138
2026,1,5,22,50,13.53,9.661744160277417,-6.014100000000042,375.7804,381.7945
2026,1,5,23,0,13.48,9.59698116075902,-5.442999999999984,376.1741,381.6171
2026,1,5,23,10,13.47,9.49772111606873,-5.780699999999968,375.8235,381.6042
2026,1,5,23,20,13.46,9.445222416230331,-5.898500000000013,375.7335,381.632
2026,1,5,23,30,13.48,9.398503448188576,-5.990200000000016,375.7428,381.733
2026,1,5,23,40,13.58,9.387305213306576,-5.023599999999988,376.9756,381.9992
2026,1,5,23,50,13.5,9.445169455362857,-5.049800000000005,376.7813,381.8311
2026,1,6,0,0,13.35,9.427660570728214,-5.7035999999999945,375.2475,380.9511
2026,1,6,0,10,13.24,9.409847712715454,-5.047600000000045,375.6584,380.706
2026,1,6,0,20,13.06,9.3057053958437,-4.736899999999992,374.9089,379.6458
2026,1,6,0,30,12.94,9.361047351491823,-5.026499999999999,373.4535,378.48
2026,1,6,0,40,12.93,9.253686517022407,-5.325699999999984,372.9306,378.2563
2026,1,6,0,50,12.88,9.19131728411888,-5.251300000000015,372.8567,378.108
2026,1,6,1,0,12.71,9.239659478427802,-5.086500000000001,372.8144,377.9009
2026,1,6,1,10,12.59,9.049541873661454,-4.831999999999994,371.5764,376.4084
2026,1,6,1,20,12.65,9.038956206653118,-5.311599999999999,371.3595,376.6711
2026,1,6,1,30,12.61,9.03866234087407,-5.452400000000012,371.4565,376.9089
2026,1,6,1,40,12.47,9.004249910790664,-4.786200000000008,371.5534,376.3396
2026,1,6,1,50,12.43,9.014703823961629,-5.279000000000053,370.7929,376.0719
2026,1,6,2,0,12.48,8.933029468685861,-6.008600000000001,370.213,376.2216
2026,1,6,2,10,12.64,8.80501904611478,-5.420099999999991,371.0599,376.48
2026,1,6,2,20,12.63,8.93912412946311,-4.75060000000002,372.239,376.9896
2026,1,6,2,30,12.33,9.089263089911029,-4.919100000000015,371.0909,376.01
2026,1,6,2,40,12.25,8.990014016474692,-5.254999999999996,370.3971,375.6521
2026,1,6,2,50,12.33,8.947922874398055,-5.576700000000017,370.1198,375.6965
2026,1,6,3,0,12.36,8.953750724059171,-5.713599999999985,370.1836,375.8972
2026,1,6,3,10,12.44,8.878000616304568,-4.987700000000018,370.6912,375.6789
2026,1,6,3,20,12.13,8.955260026771512,-4.637499999999989,370.2257,374.8632
2026,1,6,3,30,11.9,9.018185415661948,-4.589200000000005,369.5015,374.0907
2026,1,6,19,30,9.79,8.26651714196504,-6.704900000000009,359.9262,366.6311
2026,1,6,19,40,9.73,8.207362155852172,-7.439899999999966,358.9182,366.3581
2026,1,6,19,50,9.82,8.263715549839047,-7.459600000000023,359.231,366.6906
2026,1,6,20,0,9.73,8.022719587666524,-6.804900000000032,358.943,365.7479
2026,1,6,20,10,9.83,7.860162959549937,-6.702200000000005,358.7896,365.4918
2026,1,6,20,20,10.02,7.852071530231843,-7.192500000000052,359.2483,366.4408
2026,1,6,20,30,10.19,7.708983890191164,-7.04929999999996,359.2103,366.2596
2026,1,6,20,40,10.32,7.656707068499659,-7.29200000000003,359.6001,366.8921
2026,1,6,20,50,10.47,7.447139370769254,-6.685999999999979,359.8788,366.5648
2026,1,6,21,0,10.51,7.56006945577875,-7.0446999999999775,360.1003,367.145
2026,1,6,21,10,10.5,7.49034777602211,-7.724400000000003,359.9528,367.6772
2026,1,6,21,20,10.73,7.411018837523542,-7.677300000000002,359.9698,367.6471
2026,1,6,21,30,10.77,7.323238209138782,-7.974500000000035,359.7254,367.6999
2026,1,6,21,40,10.88,7.247074582719255,-7.423000000000002,359.9271,367.3501
2026,1,6,21,50,10.92,7.119026650960527,-7.3858000000000175,360.0645,367.4503
2026,1,6,22,0,10.97,7.164430963357898,-7.509700000000009,360.3461,367.8558
2026,1,6,22,10,10.87,7.167100431336531,-7.646000000000015,360.4622,368.1082
2026,1,6,22,20,10.97,6.985694636885274,-7.209299999999985,360.2903,367.4996
2026,1,6,22,30,11.01,7.009303281496172,-7.033200000000022,360.5132,367.5464
2026,1,6,22,40,11.03,7.1494282270119776,-7.3665000000000305,360.6008,367.9673
2026,1,6,22,50,11.08,6.798916687472596,-6.786099999999976,360.7517,367.5378
2026,1,6,23,0,11.19,6.755970716680052,-6.837299999999971,360.8999,367.7372
2026,1,6,23,10,11.19,6.8288659499485895,-6.98860000000002,361.0471,368.0357
2026,1,6,23,20,11.15,6.870300740423984,-7.114200000000039,361.1081,368.2223
2026,1,6,23,30,11.15,6.868280954817509,-7.147099999999966,360.9814,368.1285
2026,1,6,23,40,11.15,6.8511127771624745,-6.962800000000016,361.1515,368.1143
2026,1,6,23,50,11.15,6.931904201421466,-7.353099999999983,361.2968,368.6499
2026,1,7,0,0,11.16,6.920092524580296,-7.461600000000033,361.1853,368.6469
2026,1,7,0,10,11.19,6.919984991534265,-7.213099999999997,361.6001,368.8132
2026,1,7,0,20,11.15,6.980379055976861,-6.969200000000001,361.3287,368.2979
2026,1,7,0,30,11.2,6.9253459250883145,-6.561600000000055,361.506,368.0676
2026,1,7,0,40,11.19,6.935171498465212,-6.519900000000007,361.6125,368.1324
2026,1,7,0,50,11.15,6.827885242688014,-6.4476999999999975,361.385,367.8327
2026,1,7,1,0,11.05,6.707825879779848,-6.613,361.0078,367.6208
2026,1,7,1,10,10.97,6.780996609360764,-6.594699999999989,360.8034,367.3981
2026,1,7,1,20,10.92,6.798511189326119,-6.682700000000011,360.4054,367.0881
2026,1,7,1,30,10.87,6.715621724946096,-6.656000000000006,360.0046,366.6606
2026,1,7,1,40,10.79,6.739123669537298,-7.113400000000013,359.7561,366.8695
2026,1,7,1,50,10.82,6.745939751503352,-7.085399999999993,359.6305,366.7159
2026,1,7,2,0,10.78,6.559254192330505,-6.747599999999977,359.5217,366.2693
2026,1,7,2,10,10.78,6.516828210039558,-7.140899999999988,358.9284,366.0693
2026,1,7,2,20,10.74,6.373460565585934,-7.308299999999974,358.7468,366.0551
2026,1,7,2,30,10.74,6.293743100204146,-7.453000000000031,358.4645,365.9175
2026,1,7,2,40,10.78,6.289898537320542,-7.67410000000001,358.2834,365.9575
2026,1,7,2,50,10.78,6.236619396769121,-7.946700000000021,358.21,366.1567
2026,1,7,3,0,10.83,6.061315193066825,-7.898300000000006,358.0091,365.9074
2026,1,7,3,10,10.82,6.092117731599582,-8.038999999999987,357.9934,366.0324
2026,1,7,3,20,10.87,6.0279849259822,-8.044600000000003,357.834,365.8786
2026,1,7,3,30,10.87,5.915859445054464,-7.949700000000007,357.8622,365.8119
2026,1,7,19,30,11.47,6.988018226824083,-9.127700000000004,360.8075,369.9352
2026,1,7,19,40,11.47,7.020990297490315,-10.406599999999967,359.2488,369.6554
2026,1,7,19,50,11.47,7.03438520119847,-13.4803,355.3755,368.8558
2026,1,7,20,0,11.51,7.069598971090131,-11.24290000000002,357.9663,369.2092
2026,1,7,20,10,11.52,7.106071271003533,-9.891200000000026,359.9074,369.7986
2026,1,7,20,20,11.6,7.084628272351455,-7.340199999999982,363.2751,370.6153
2026,1,7,20,30,11.61,7.134800741567313,-8.506899999999973,361.8994,370.4063
2026,1,7,20,40,11.6,7.163577209110795,-8.822400000000016,361.5979,370.4203
2026,1,7,20,50,11.62,7.143428779393122,-7.713700000000017,362.8132,370.5269
2026,1,7,21,0,11.65,7.172484964044628,-6.955199999999991,364.1187,371.0739
2026,1,7,21,10,11.73,7.162391112302399,-7.483499999999992,363.7425,371.226
2026,1,7,21,20,11.97,7.1759835870800455,-6.68689999999998,365.317,372.0039
2026,1,7,21,30,12.02,7.158951813075523,-6.787399999999991,365.4973,372.2847
2026,1,7,21,40,11.97,7.237643890494954,-11.09880000000004,360.5825,371.6813
2026,1,7,21,50,11.97,7.272726476920679,-11.325499999999977,360.1908,371.5163
2026,1,7,22,0,11.87,7.2792223958409,-13.00260000000003,357.7632,370.7658
2026,1,7,22,10,11.79,7.292330873779255,-12.547199999999975,357.8559,370.4031
2026,1,7,22,20,11.88,7.226684729392062,-8.446899999999971,362.9033,371.3502
2026,1,7,22,30,11.92,7.148319291843472,-15.687200000000018,354.4478,370.135
2026,1,7,22,40,11.89,7.138112607575743,-13.460700000000031,356.8794,370.3401
2026,1,7,22,50,11.88,7.091369392153591,-8.420999999999992,362.7157,371.1367
2026,1,7,23,0,11.92,7.025383037157951,-7.575600000000008,363.9529,371.5285
2026,1,7,23,10,11.96,6.985577734712022,-7.161299999999983,364.6723,371.8336
2026,1,7,23,20,12.02,6.980857823386322,-7.124500000000012,364.8554,371.9799
2026,1,7,23,30,12.07,6.988758470336041,-6.635400000000004,365.5481,372.1835
2026,1,7,23,40,12.11,6.915055562057365,-6.957100000000025,365.4102,372.3673
2026,1,7,23,50,12.11,6.93114207468622,-6.6819000000000415,365.7646,372.4465
2026,1,8,0,0,12.16,6.9334145114864745,-7.40440000000001,365.0251,372.4295
2026,1,8,0,10,12.15,6.96994881899482,-8.503299999999967,363.8253,372.3286
2026,1,8,0,20,12.15,6.940920804477952,-7.0201999999999884,365.4155,372.4357
2026,1,8,0,30,12.2,6.866597307373667,-11.59899999999999,360.2007,371.7997
2026,1,8,0,40,12.28,6.859709885102736,-6.98739999999998,365.5719,372.5593
2026,1,8,0,50,12.2,6.963659307949074,-6.669899999999984,366.0214,372.6913
2026,1,8,1,0,12.25,7.219056983385755,-6.468200000000024,366.7758,373.244
2026,1,8,1,10,12.29,7.378048679281937,-9.056899999999985,363.6302,372.6871
2026,1,8,1,20,12.24,7.269701357986943,-6.996899999999982,366.2514,373.2483
2026,1,8,1,30,12.26,7.299329397152127,-7.427200000000028,365.7904,373.2176
2026,1,8,1,40,12.25,7.322912740976798,-8.847199999999987,363.6001,372.4473
2026,1,8,1,50,12.2,7.306611709982188,-8.185000000000002,364.5026,372.6876
2026,1,8,2,0,12.06,7.376758938773666,-8.418499999999995,363.5527,371.9712
2026,1,8,2,10,11.93,7.420019412131166,-9.554700000000024,362.0533,371.608
2026,1,8,2,20,11.92,7.433404227278001,-8.435400000000016,362.9788,371.4142
2026,1,8,2,30,11.92,7.440822794371091,-9.866499999999974,361.377,371.2435
2026,1,8,2,40,11.97,7.500231734348106,-10.381000000000029,361.0266,371.4076
2026,1,8,2,50,11.97,7.525746342657725,-15.156499999999994,354.9353,370.0918
2026,1,8,3,0,12.02,7.5140733613779425,-7.895999999999958,363.9032,371.7992
2026,1,8,3,10,12.25,7.458141592006803,-8.896999999999991,363.7623,372.6593
2026,1,8,3,20,12.34,7.465233460917774,-7.951300000000003,365.0177,372.969
2026,1,8,3,30,12.29,7.479994376158682,-6.952200000000005,366.1606,373.1128
2026,1,8,19,30,10.78,6.208006524991506,-36.52289999999999,321.2695,357.7924
2026,1,8,19,40,10.76,6.176536170767248,-37.94260000000003,320.8762,358.8188
2026,1,8,19,50,10.65,6.150475931588915,-37.37119999999999,320.9295,358.3007
2026,1,8,20,0,10.66,6.147502766310692,-37.38029999999998,320.8,358.1803
2026,1,8,20,10,10.78,6.129074464915327,-37.679899999999975,320.6761,358.356
2026,1,8,20,20,10.64,6.068358431439141,-37.51679999999999,320.4592,357.976
2026,1,8,20,30,10.65,6.0085795099373,-37.17669999999998,320.2873,357.464
2026,1,8,20,40,10.65,6.040873178313185,-35.98719999999997,320.1646,356.1518
2026,1,8,20,50,10.6,6.064766355834197,-36.21359999999999,320.0692,356.2828
2026,1,8,21,0,10.38,6.103244112710351,-35.95889999999997,319.5642,355.5231
2026,1,8,21,10,10.4,6.104223321731538,-36.60919999999999,319.0437,355.6529
2026,1,8,21,20,10.6,6.103786888926263,-35.86719999999997,319.9202,355.7874
2026,1,8,21,30,10.51,6.134190305150735,-36.00419999999997,319.8197,355.8239
2026,1,8,21,40,10.33,6.211524793175573,-35.0745,319.6469,354.7214
2026,1,8,21,50,10.32,6.242099528994651,-35.76429999999999,319.5328,355.2971
2026,1,8,22,0,10.5,6.293171704663589,-35.8922,320.0412,355.9334
2026,1,8,22,10,10.48,6.292971028148404,-36.0684,320.2521,356.3205
2026,1,8,22,20,10.46,6.285024120663909,-36.1703,320.2509,356.4212
2026,1,8,22,30,10.5,6.241794917795572,-35.82779999999997,320.3593,356.1871
2026,1,8,22,40,10.46,6.289858754602881,-35.095399999999984,320.5043,355.5997
2026,1,8,22,50,10.42,6.299055594730268,-35.36930000000001,320.3609,355.7302
2026,1,8,23,0,10.42,6.299055594730268,-35.6223,320.3157,355.938
2026,1,8,23,10,10.55,6.241114202005117,-36.64029999999997,320.0654,356.7057
2026,1,8,23,20,10.55,6.230417371805356,-36.69850000000002,320.0596,356.7581
2026,1,8,23,30,10.55,6.273204692604394,-36.09619999999995,320.749,356.8452
2026,1,8,23,40,10.5,6.23403993109851,-36.435599999999965,320.2067,356.6423
2026,1,8,23,50,10.55,6.225555176260012,-36.2826,320.2271,356.5097
2026,1,9,0,0,10.51,6.24670865989417,-36.64389999999997,320.2773,356.9212
2026,1,9,0,10,10.41,6.244953705510741,-35.75799999999998,320.4778,356.2358
2026,1,9,0,20,10.41,6.255556343380879,-35.41050000000001,320.4366,355.8471
2026,1,9,0,30,10.38,6.276413081860394,-35.5523,320.0391,355.5914
2026,1,9,0,40,10.42,6.199713575704512,-36.257600000000025,319.8472,356.1048
2026,1,9,0,50,10.46,6.148687443584892,-36.78910000000002,319.6047,356.3938
2026,1,9,1,0,10.41,6.09555289915881,-36.41809999999998,319.5444,355.9625
2026,1,9,1,10,10.37,6.059005711599691,-36.40040000000005,319.5986,355.999
2026,1,9,1,20,10.32,5.988121888094363,-35.81850000000003,319.4937,355.3122
2026,1,9,1,30,10.43,5.8870819950845,-35.95829999999995,319.8783,355.8366
2026,1,9,1,40,10.43,5.92472071603668,-35.50810000000001,320.1218,355.6299
2026,1,9,1,50,10.28,5.917539651079669,-35.20279999999997,319.9608,355.1636
2026,1,9,2,0,10.33,5.945878295150309,-35.51850000000002,319.532,355.0505
2026,1,9,2,10,10.37,5.9301725212864005,-35.56809999999996,319.1926,354.7607
2026,1,9,2,20,10.23,5.90551350888194,-34.55110000000002,319.2833,353.8344
2026,1,9,2,30,10.28,5.922319570022383,-35.38470000000001,319.0358,354.4205
2026,1,9,2,40,10.14,5.909852830157101,-35.46350000000001,318.812,354.2755
2026,1,9,2,50,10.23,5.88454831649927,-35.1121,318.5373,353.6494
2026,1,9,3,0,9.96,5.913055807197095,-34.29829999999998,318.2713,352.5696
2026,1,9,3,10,9.9,5.943778896858643,-35.677700000000016,317.8228,353.5005
2026,1,9,3,20,9.92,5.953197470078154,-34.968999999999994,317.5793,352.5483
2026,1,9,3,30,9.83,5.925782429788359,-35.11900000000003,317.1726,352.2916
2026,1,9,19,30,12.52,7.677984963574218,-33.55430000000001,332.9761,366.5304
2026,1,9,19,40,12.46,7.697630336480754,-32.0333,332.7611,364.7944
2026,1,9,19,50,12.37,7.677551655355041,-32.58800000000002,332.2664,364.8544
2026,1,9,20,0,12.24,7.692433843259534,-32.20859999999999,331.901,364.1096
2026,1,9,20,10,12.25,7.65395296829825,-32.26049999999998,331.62,363.8805
2026,1,9,20,20,12.25,7.6604439531476896,-31.061300000000017,331.2935,362.3548
2026,1,9,20,30,12.15,7.618241143204887,-32.658000000000015,330.5748,363.2328
2026,1,9,20,40,12.15,7.6257669247463,-31.03819999999996,330.7316,361.7698
2026,1,9,20,50,11.92,7.662320011864834,-30.3218,329.6215,359.9433
2026,1,9,21,0,11.83,7.637278984275555,-30.84269999999998,329.581,360.4237
2026,1,9,21,10,11.84,7.688451307002686,-31.19939999999997,328.9848,360.1842
2026,1,9,21,20,11.84,7.728522785492072,-29.966700000000003,329.4818,359.4485
2026,1,9,21,30,12.07,7.783592014413752,-31.271500000000003,329.8571,361.1286
2026,1,9,21,40,11.97,7.8181012295387635,-30.94380000000001,330.0355,360.9793
2026,1,9,21,50,11.59,7.705161405471092,-28.50290000000001,329.6988,358.2017
2026,1,9,22,0,10.88,7.72862427070649,-27.95799999999997,328.0443,356.0023
2026,1,9,22,10,10.85,7.844849399025402,-30.04010000000005,327.0728,357.1129
2026,1,9,22,20,11.41,7.892828072287691,-31.378300000000024,327.3103,358.6886
2026,1,9,22,30,11.61,7.920626697369306,-31.34499999999997,328.3672,359.7122
2026,1,9,22,40,11.75,7.9504622061720225,-31.34460000000001,329.674,361.0186
2026,1,9,22,50,11.7,7.974769265025961,-32.274,330.0132,362.2872
2026,1,9,23,0,11.7,7.953862804768978,-30.286299999999983,330.6523,360.9386
2026,1,9,23,10,11.69,8.00947945596943,-28.177400000000038,330.4521,358.6295
2026,1,9,23,20,11.62,8.027516499615043,-28.8879,330.1589,359.0468
2026,1,9,23,30,11.32,7.9708846640130675,-27.013199999999983,329.3544,356.3676
2026,1,9,23,40,10.95,7.914342646379023,-26.606400000000008,327.9501,354.5565
2026,1,9,23,50,11.18,8.124738147126193,-27.65100000000001,327.1946,354.8456
2026,1,10,0,0,11.02,7.998358157437427,-27.073300000000017,326.7537,353.827
2026,1,10,0,10,10.92,7.992978748212113,-26.50999999999999,326.5815,353.0915
2026,1,10,0,20,10.35,7.873857333048293,-26.39699999999999,325.5477,351.9447
2026,1,10,0,30,9.86,7.8379167424074465,-26.7953,323.8882,350.6835
2026,1,10,0,40,9.36,7.700706114139072,-26.592200000000048,322.1894,348.7816
2026,1,10,0,50,9.19,7.787116770801107,-26.77370000000002,321.3778,348.1515
2026,1,10,1,0,8.92,7.715262613453338,-26.89549999999997,320.2676,347.1631
2026,1,10,1,10,9.32,7.995888630299755,-29.13900000000001,320.8079,349.9469
2026,1,10,1,20,9.23,7.95905174692475,-29.336000000000013,321.7049,351.0409
2026,1,10,1,30,9.14,7.931232681194564,-29.497600000000038,321.7446,351.2422
2026,1,10,1,40,9.09,7.950255890329944,-30.476,321.2371,351.7131
2026,1,10,1,50,9.12,7.867826194994355,-29.47769999999997,321.3958,350.8735
2026,1,10,2,0,8.93,7.843021851439658,-29.11800000000005,320.0882,349.2062
2026,1,10,2,10,9.2,8.068784701844805,-29.856300000000036,320.1196,349.9759
2026,1,10,2,20,9.65,8.202461431815117,-30.920200000000023,320.3794,351.2996
2026,1,10,2,30,9.87,8.0850744583832,-28.914999999999964,320.9406,349.8556
2026,1,10,2,40,9.7,7.942932264519754,-28.327099999999973,321.1,349.4271
2026,1,10,2,50,10.03,8.026425676653085,-29.028399999999976,321.026,350.0544
2026,1,10,3,0,10.06,7.872010331284251,-30.93520000000001,320.9674,351.9026
2026,1,10,3,10,9.91,7.816143232624575,-30.418200000000013,320.918,351.3362
2026,1,10,3,20,9.93,7.8167202706514525,-30.808100000000024,321.0324,351.8405
2026,1,10,3,30,9.86,7.71690377607574,-29.956500000000005,321.138,351.0945
2026,1,10,19,30,15.85,8.206937871585405,-7.526099999999985,384.0135,391.5396
2026,1,10,19,40,15.81,8.152096285387918,-8.754899999999964,382.2574,391.0123
2026,1,10,19,50,15.76,8.199928279805093,-10.505200000000002,379.537,390.0422
2026,1,10,20,0,15.67,8.174034085803537,-11.743600000000017,377.5755,389.3191
2026,1,10,20,10,15.68,8.213713049738173,-9.005300000000034,380.3932,389.3985
2026,1,10,20,20,15.62,8.210514462535892,-10.532600000000002,378.581,389.1136
2026,1,10,20,30,15.62,8.199868738759507,-12.269600000000024,375.9855,388.2551
2026,1,10,20,40,15.52,8.261397179504465,-11.09480000000002,376.9088,388.0036
2026,1,10,20,50,15.49,8.299183830015073,-10.860700000000008,376.839,387.6997
2026,1,10,21,0,15.48,8.247967859595818,-10.460500000000025,377.3028,387.7633
2026,1,10,21,10,15.48,8.138452368898896,-11.377700000000004,376.1983,387.576
2026,1,10,21,20,15.44,8.139777711034416,-11.372599999999975,375.761,387.1336
2026,1,10,21,30,15.43,8.157200620336486,-11.35809999999998,375.8347,387.1928
2026,1,10,21,40,15.4,8.176495397755593,-11.127900000000013,375.5706,386.6985
2026,1,10,21,50,15.31,8.158033002070402,-11.514700000000005,375.1067,386.6214
2026,1,10,22,0,15.26,8.264774991521413,-11.165899999999963,374.9698,386.1357
2026,1,10,22,10,15.26,8.267378890384528,-11.14930000000004,374.7308,385.8801
2026,1,10,22,20,15.22,8.240802300919123,-11.912399999999993,374.4817,386.3941
2026,1,10,22,30,15.15,8.249758350043935,-11.703899999999976,374.3469,386.0508
2026,1,10,22,40,15.07,8.361550291140613,-11.914600000000007,373.7715,385.6861
2026,1,10,22,50,15.08,8.514736131473047,-11.956899999999962,373.5697,385.5266
2026,1,10,23,0,15.08,8.624196592933302,-12.699599999999975,372.5787,385.2783
2026,1,10,23,10,15.04,8.603217116038218,-13.029699999999991,372.0904,385.1201
2026,1,10,23,20,15.03,8.513244729464786,-12.92429999999996,371.843,384.7673
2026,1,10,23,30,14.97,8.273679520846153,-13.36439999999999,371.2835,384.6479
2026,1,10,23,40,14.93,8.18718011792393,-14.032600000000002,370.4183,384.4509
2026,1,10,23,50,14.85,8.238770953800424,-13.10930000000002,370.3893,383.4986
2026,1,11,0,0,14.7,8.200185115263864,-12.942200000000014,370.4685,383.4107
2026,1,11,0,10,14.76,8.184813529019504,-12.536200000000008,370.7544,383.2906
2026,1,11,0,20,14.76,8.039580763113431,-12.801199999999994,370.4902,383.2914
2026,1,11,0,30,14.8,8.018718333910895,-12.608299999999986,370.7167,383.325
2026,1,11,0,40,14.76,8.050946805662603,-12.257600000000023,370.998,383.2556
2026,1,11,0,50,14.71,8.062921850727054,-12.129200000000026,370.7738,382.903
2026,1,11,1,0,14.57,8.082882899540122,-11.917100000000003,370.7086,382.6257
2026,1,11,1,10,14.57,8.151540592123089,-11.647400000000005,370.6681,382.3155
2026,1,11,1,20,14.52,8.178928544721478,-12.11450000000002,370.4093,382.5238
2026,1,11,1,30,14.58,8.258949802602338,-11.833899999999971,370.4648,382.2987
2026,1,11,1,40,14.61,8.220297175737707,-12.207700000000044,370.2897,382.4974
2026,1,11,1,50,14.7,8.214026151978286,-12.01030000000003,370.4491,382.4594
2026,1,11,2,0,14.71,8.229115742715805,-12.386300000000006,369.8596,382.2459
2026,1,11,2,10,14.56,8.200204025271796,-12.708700000000022,369.0412,381.7499
2026,1,11,2,20,14.61,8.103919091197655,-14.32929999999999,366.9537,381.283
2026,1,11,2,30,14.63,8.09127646991441,-17.38390000000004,363.1982,380.5821
2026,1,11,2,40,14.57,8.022963458740444,-22.329999999999984,357.5799,379.9099
2026,1,11,2,50,14.31,8.05727748330228,-26.418600000000023,349.9706,376.3892
2026,1,11,3,0,14.07,8.072752389973955,-30.96859999999998,344.1317,375.1003
2026,1,11,3,10,13.89,8.047458009271324,-31.62010000000004,342.1935,373.8136
2026,1,11,3,20,13.94,7.9869475978595394,-32.72019999999998,340.7846,373.5048
2026,1,11,3,30,14.07,7.97953074419891,-31.688600000000008,341.1545,372.8431
2026,1,11,19,30,12.78,6.135892223844088,-36.59129999999999,335.1228,371.7141
2026,1,11,19,40,12.77,6.149966043890703,-35.6078,335.0735,370.6813
2026,1,11,19,50,12.75,6.250591912189815,-36.30039999999997,334.8061,371.1065
2026,1,11,20,0,12.74,6.27571331108161,-36.40120000000002,334.9925,371.3937
2026,1,11,20,10,12.76,6.372837083339049,-36.34959999999995,335.2354,371.585
2026,1,11,20,20,12.74,6.39281832221784,-36.01769999999999,335.0511,371.0688
2026,1,11,20,30,12.66,6.442174510968044,-35.1712,334.9041,370.0753
2026,1,11,20,40,12.65,6.482539758023005,-35.32620000000003,334.6706,369.9968
2026,1,11,20,50,12.75,6.551905930452849,-35.93799999999999,334.9083,370.8463
2026,1,11,21,0,12.74,6.558995909449253,-36.45849999999996,334.658,371.1165
2026,1,11,21,10,12.69,6.497542081303011,-35.25040000000001,335.6006,370.851
2026,1,11,21,20,12.68,6.491288684786494,-34.076599999999985,335.4608,369.5374
2026,1,11,21,30,12.69,6.4074837465005565,-35.12950000000001,335.2641,370.3936
2026,1,11,21,40,12.7,6.423698870783437,-22.612300000000005,349.9358,372.5481
2026,1,11,21,50,12.79,6.445116929177931,-27.798599999999965,344.1519,371.9505
2026,1,11,22,0,12.79,6.483154418431889,-20.90179999999998,352.6761,373.5779
2026,1,11,22,10,12.83,6.572151218890457,-24.44629999999995,349.1317,373.578
2026,1,11,22,20,12.83,6.638321342084064,-19.31600000000003,354.9853,374.3013
2026,1,11,22,30,12.84,6.687326295716524,-30.680499999999995,341.9264,372.6069
2026,1,11,22,40,12.79,6.696835608064415,-22.753100000000018,350.8948,373.6479
2026,1,11,22,50,12.84,6.654781831448058,-27.10560000000004,346.4496,373.5552
2026,1,11,23,0,12.79,6.689004360276836,-23.531299999999987,350.0021,373.5334
2026,1,11,23,10,12.75,6.717070651574808,-32.96429999999998,339.2011,372.1654
2026,1,11,23,20,12.79,6.76619808846869,-27.77370000000002,344.6074,372.3811
2026,1,11,23,30,12.92,6.840104446340636,-13.977299999999955,361.1471,375.1244
2026,1,11,23,40,12.92,6.875066233288131,-28.870300000000043,344.6801,373.5504
2026,1,11,23,50,12.83,6.85253309682947,-32.72810000000004,339.0062,371.7343
2026,1,12,0,0,12.83,6.844682404247178,-21.250200000000007,352.3514,373.6016
2026,1,12,0,10,12.92,6.825443051814267,-16.710499999999968,358.4064,375.1169
2026,1,12,0,20,13.01,6.866988493190544,-9.127299999999993,367.8925,377.0198
2026,1,12,0,30,13.02,6.915497521014284,-7.048599999999965,370.4474,377.496
2026,1,12,0,40,13.06,6.918985356665204,-6.734200000000044,371.2743,378.0085
2026,1,12,0,50,13.15,6.956463659834235,-6.1626999999999725,372.0953,378.258
2026,1,12,1,0,13.24,6.957305497127515,-9.133700000000031,369.1642,378.2979
2026,1,12,1,10,13.24,7.018273948077871,-7.976699999999994,370.415,378.3917
2026,1,12,1,20,13.24,7.013672555553316,-9.106599999999958,369.177,378.2836
2026,1,12,1,30,13.28,7.020645620753735,-9.0711,369.1697,378.2408
2026,1,12,1,40,13.25,7.032970779791792,-10.13900000000001,368.0164,378.1554
2026,1,12,1,50,13.24,7.052784392012035,-7.988900000000001,370.4313,378.4202
2026,1,12,2,0,13.25,7.066351492167236,-7.124199999999973,371.653,378.7772
2026,1,12,2,10,13.24,7.076941702765952,-8.566699999999969,369.9562,378.5229
2026,1,12,2,20,13.3,7.114764528342826,-8.079200000000014,370.4955,378.5747
2026,1,12,2,30,13.33,7.137210132404267,-5.704900000000009,373.4786,379.1835
2026,1,12,2,40,13.37,7.18152606024431,-6.9997000000000185,372.0877,379.0874
2026,1,12,2,50,13.38,7.203364655030308,-6.370699999999999,372.6471,379.0178
2026,1,12,3,0,13.43,7.201179614090528,-7.54989999999998,371.6772,379.2271
2026,1,12,3,10,13.51,7.260188398821811,-6.558800000000019,373.0814,379.6402
2026,1,12,3,20,13.53,7.278513934075654,-5.177399999999977,374.7386,379.916
2026,1,12,3,30,13.57,7.267128760493368,-5.53430000000003,374.565,380.0993
