Year,Month,Day,Time,Min,Sec,Radiation(Ldown-Lup)(Wm^2)
2021.0,10.0,19.0,19.0,30.0,0.0,-12.8314
2021.0,10.0,19.0,19.0,40.0,0.0,-14.9048
2021.0,10.0,19.0,19.0,50.0,0.0,-9.2028
2021.0,10.0,19.0,20.0,0.0,0.0,-9.2082
2021.0,10.0,19.0,20.0,10.0,0.0,-11.5509
2021.0,10.0,19.0,20.0,20.0,0.0,-6.3289
2021.0,10.0,19.0,20.0,30.0,0.0,-7.2794
2021.0,10.0,19.0,20.0,40.0,0.0,-10.3007
2021.0,10.0,19.0,21.0,10.0,0.0,-17.6076
2021.0,10.0,19.0,21.0,20.0,0.0,-15.1236
2021.0,10.0,19.0,21.0,30.0,0.0,-12.0359
2021.0,10.0,19.0,21.0,40.0,0.0,-10.7434
2021.0,10.0,19.0,21.0,50.0,0.0,-11.3403
2021.0,10.0,19.0,22.0,0.0,0.0,-10.5284
2021.0,10.0,19.0,22.0,10.0,0.0,-10.3578
2021.0,10.0,19.0,22.0,20.0,0.0,-10.012
2021.0,10.0,19.0,22.0,50.0,0.0,-8.1884
2021.0,10.0,19.0,23.0,0.0,0.0,-8.4931
2021.0,10.0,19.0,23.0,10.0,0.0,-8.6861
2021.0,10.0,19.0,23.0,20.0,0.0,-6.4329
2021.0,10.0,19.0,23.0,30.0,0.0,-8.7525
2021.0,10.0,19.0,23.0,40.0,0.0,-8.1011
2021.0,10.0,19.0,23.0,50.0,0.0,-9.5857
2021.0,10.0,20.0,0.0,0.0,0.0,-9.7668
2021.0,10.0,20.0,0.0,30.0,0.0,-5.8736
2021.0,10.0,20.0,0.0,40.0,0.0,-6.9877
2021.0,10.0,20.0,0.0,50.0,0.0,-7.2032
2021.0,10.0,20.0,1.0,0.0,0.0,-6.556
2021.0,10.0,20.0,1.0,10.0,0.0,-5.4018
2021.0,10.0,20.0,1.0,20.0,0.0,-4.1695
2021.0,10.0,20.0,1.0,30.0,0.0,-4.3881
2021.0,10.0,20.0,1.0,40.0,0.0,-4.5474
2021.0,10.0,20.0,2.0,10.0,0.0,-5.5192
2021.0,10.0,20.0,2.0,20.0,0.0,-4.556
2021.0,10.0,20.0,2.0,30.0,0.0,-4.6931
2021.0,10.0,20.0,2.0,40.0,0.0,-4.288
2021.0,10.0,20.0,2.0,50.0,0.0,-4.1984
2021.0,10.0,20.0,3.0,0.0,0.0,-4.7704
2021.0,10.0,20.0,3.0,10.0,0.0,-6.3106
2021.0,10.0,20.0,3.0,20.0,0.0,-5.3596
2021.0,10.0,20.0,19.0,40.0,0.0,-6.7787
2021.0,10.0,20.0,19.0,50.0,0.0,-5.0747
2021.0,10.0,20.0,20.0,0.0,0.0,-7.0362
2021.0,10.0,20.0,20.0,10.0,0.0,-6.4918
2021.0,10.0,20.0,20.0,20.0,0.0,-6.3358
2021.0,10.0,20.0,20.0,30.0,0.0,-6.1511
2021.0,10.0,20.0,20.0,40.0,0.0,-6.5676
2021.0,10.0,20.0,20.0,50.0,0.0,-7.0318
2021.0,10.0,20.0,21.0,20.0,0.0,-8.8537
2021.0,10.0,20.0,21.0,30.0,0.0,-10.2634
2021.0,10.0,20.0,21.0,40.0,0.0,-10.0864
2021.0,10.0,20.0,21.0,50.0,0.0,-9.5715
2021.0,10.0,20.0,22.0,0.0,0.0,-8.9893
2021.0,10.0,20.0,22.0,10.0,0.0,-10.2744
2021.0,10.0,20.0,22.0,20.0,0.0,-10.4327
2021.0,10.0,20.0,22.0,30.0,0.0,-11.2459
2021.0,10.0,20.0,23.0,0.0,0.0,-7.4419
2021.0,10.0,20.0,23.0,10.0,0.0,-8.7179
2021.0,10.0,20.0,23.0,20.0,0.0,-8.5092
2021.0,10.0,20.0,23.0,30.0,0.0,-7.751
2021.0,10.0,20.0,23.0,40.0,0.0,-9.9509
2021.0,10.0,20.0,23.0,50.0,0.0,-7.5706
2021.0,10.0,21.0,0.0,0.0,0.0,-7.692
2021.0,10.0,21.0,0.0,10.0,0.0,-10.8361
2021.0,10.0,21.0,0.0,40.0,0.0,-9.103
2021.0,10.0,21.0,0.0,50.0,0.0,-7.5903
2021.0,10.0,21.0,1.0,0.0,0.0,-7.7517
2021.0,10.0,21.0,1.0,10.0,0.0,-5.6209
2021.0,10.0,21.0,1.0,20.0,0.0,-10.4555
2021.0,10.0,21.0,1.0,30.0,0.0,-10.3703
2021.0,10.0,21.0,1.0,40.0,0.0,-8.2871
2021.0,10.0,21.0,1.0,50.0,0.0,-8.4725
2021.0,10.0,21.0,2.0,20.0,0.0,-10.7314
2021.0,10.0,21.0,2.0,30.0,0.0,-15.2513
2021.0,10.0,21.0,2.0,40.0,0.0,-9.4336
2021.0,10.0,21.0,2.0,50.0,0.0,-8.141
2021.0,10.0,21.0,3.0,0.0,0.0,-7.6393
2021.0,10.0,21.0,3.0,10.0,0.0,-7.3192
2021.0,10.0,21.0,3.0,20.0,0.0,-8.595
2021.0,10.0,21.0,3.0,30.0,0.0,-7.576
2021.0,10.0,21.0,19.0,50.0,0.0,-2.2909
2021.0,10.0,21.0,20.0,0.0,0.0,-1.9629
2021.0,10.0,21.0,20.0,10.0,0.0,-2.268
2021.0,10.0,21.0,20.0,20.0,0.0,-2.3135
2021.0,10.0,21.0,20.0,30.0,0.0,-2.8642
2021.0,10.0,21.0,20.0,40.0,0.0,-2.0821
2021.0,10.0,21.0,20.0,50.0,0.0,-2.389
2021.0,10.0,21.0,21.0,0.0,0.0,-3.3678
2021.0,10.0,21.0,21.0,30.0,0.0,-3.2807
2021.0,10.0,21.0,21.0,40.0,0.0,-2.8303
2021.0,10.0,21.0,21.0,50.0,0.0,-2.4927
2021.0,10.0,21.0,22.0,0.0,0.0,-2.2528
2021.0,10.0,21.0,22.0,10.0,0.0,-2.6156
2021.0,10.0,21.0,22.0,20.0,0.0,-2.6536
2021.0,10.0,21.0,22.0,30.0,0.0,-2.672
2021.0,10.0,21.0,22.0,40.0,0.0,-2.7455
2021.0,10.0,21.0,23.0,10.0,0.0,-3.1799
2021.0,10.0,21.0,23.0,20.0,0.0,-2.415
2021.0,10.0,21.0,23.0,30.0,0.0,-2.2129
2021.0,10.0,21.0,23.0,40.0,0.0,-2.2781
2021.0,10.0,21.0,23.0,50.0,0.0,-3.3091
2021.0,10.0,22.0,0.0,0.0,0.0,-3.115
2021.0,10.0,22.0,0.0,10.0,0.0,-3.484
2021.0,10.0,22.0,0.0,20.0,0.0,-3.0138
2021.0,10.0,22.0,0.0,50.0,0.0,-3.3784
2021.0,10.0,22.0,1.0,0.0,0.0,-2.7908
2021.0,10.0,22.0,1.0,10.0,0.0,-2.8901
2021.0,10.0,22.0,1.0,20.0,0.0,-2.8651
2021.0,10.0,22.0,1.0,30.0,0.0,-2.8071
2021.0,10.0,22.0,1.0,40.0,0.0,-2.32
2021.0,10.0,22.0,1.0,50.0,0.0,-2.192
2021.0,10.0,22.0,2.0,0.0,0.0,-2.1397
2021.0,10.0,22.0,2.0,30.0,0.0,-3.159
2021.0,10.0,22.0,2.0,40.0,0.0,-2.3199
2021.0,10.0,22.0,2.0,50.0,0.0,-2.1627
2021.0,10.0,22.0,3.0,0.0,0.0,-2.1985
2021.0,10.0,22.0,3.0,10.0,0.0,-1.8362
2021.0,10.0,22.0,3.0,20.0,0.0,-2.1623
2021.0,10.0,22.0,3.0,30.0,0.0,-1.9861
2021.0,10.0,22.0,19.0,30.0,0.0,-5.4581
2021.0,10.0,22.0,20.0,0.0,0.0,-3.4663
2021.0,10.0,22.0,20.0,10.0,0.0,-4.4862
2021.0,10.0,22.0,20.0,20.0,0.0,-2.7246
2021.0,10.0,22.0,20.0,30.0,0.0,-1.9587
2021.0,10.0,22.0,20.0,40.0,0.0,-1.7858
2021.0,10.0,22.0,20.0,50.0,0.0,-3.602
2021.0,10.0,22.0,21.0,0.0,0.0,-2.4532
2021.0,10.0,22.0,21.0,10.0,0.0,-2.6974
2021.0,10.0,22.0,21.0,40.0,0.0,-2.1968
2021.0,10.0,22.0,21.0,50.0,0.0,-2.5589
2021.0,10.0,22.0,22.0,0.0,0.0,-5.5237
2021.0,10.0,22.0,22.0,10.0,0.0,-4.0713
2021.0,10.0,22.0,22.0,20.0,0.0,-4.715
2021.0,10.0,22.0,22.0,30.0,0.0,-4.7836
2021.0,10.0,22.0,22.0,40.0,0.0,-4.4778
2021.0,10.0,22.0,22.0,50.0,0.0,-4.971
2021.0,10.0,22.0,23.0,20.0,0.0,-5.4329
2021.0,10.0,22.0,23.0,30.0,0.0,-5.7266
2021.0,10.0,22.0,23.0,40.0,0.0,-5.7532
2021.0,10.0,22.0,23.0,50.0,0.0,-5.2871
2021.0,10.0,23.0,0.0,0.0,0.0,-5.5346
2021.0,10.0,23.0,0.0,10.0,0.0,-5.1685
2021.0,10.0,23.0,0.0,20.0,0.0,-5.3808
2021.0,10.0,23.0,0.0,30.0,0.0,-5.1931
2021.0,10.0,23.0,1.0,0.0,0.0,-5.3869
2021.0,10.0,23.0,1.0,10.0,0.0,-5.4019
2021.0,10.0,23.0,1.0,20.0,0.0,-5.6732
2021.0,10.0,23.0,1.0,30.0,0.0,-5.4249
2021.0,10.0,23.0,1.0,40.0,0.0,-5.1231
2021.0,10.0,23.0,1.0,50.0,0.0,-5.6651
2021.0,10.0,23.0,2.0,0.0,0.0,-4.7176
2021.0,10.0,23.0,2.0,10.0,0.0,-3.7835
2021.0,10.0,23.0,2.0,40.0,0.0,-3.9483
2021.0,10.0,23.0,2.0,50.0,0.0,-3.8945
2021.0,10.0,23.0,3.0,0.0,0.0,-3.854
2021.0,10.0,23.0,3.0,10.0,0.0,-3.8075
2021.0,10.0,23.0,3.0,20.0,0.0,-3.5455
2021.0,10.0,23.0,3.0,30.0,0.0,-3.6341
2021.0,10.0,23.0,19.0,30.0,0.0,-3.1297
2021.0,10.0,23.0,19.0,40.0,0.0,-3.5997
2021.0,10.0,23.0,20.0,10.0,0.0,-3.9243
2021.0,10.0,23.0,20.0,20.0,0.0,-3.3786
2021.0,10.0,23.0,20.0,30.0,0.0,-3.9065
2021.0,10.0,23.0,20.0,40.0,0.0,-3.0346
2021.0,10.0,23.0,20.0,50.0,0.0,-3.8725
2021.0,10.0,23.0,21.0,0.0,0.0,-3.7926
2021.0,10.0,23.0,21.0,10.0,0.0,-3.6708
2021.0,10.0,23.0,21.0,20.0,0.0,-3.2491
2021.0,10.0,23.0,21.0,50.0,0.0,-3.5489
2021.0,10.0,23.0,22.0,0.0,0.0,-3.4686
2021.0,10.0,23.0,22.0,10.0,0.0,-3.8094
2021.0,10.0,23.0,22.0,20.0,0.0,-3.7102
2021.0,10.0,23.0,22.0,30.0,0.0,-3.5738
2021.0,10.0,23.0,22.0,40.0,0.0,-3.7197
2021.0,10.0,23.0,22.0,50.0,0.0,-3.8085
2021.0,10.0,23.0,23.0,0.0,0.0,-2.7618
2021.0,10.0,23.0,23.0,30.0,0.0,-3.162
2021.0,10.0,23.0,23.0,40.0,0.0,-3.8993
2021.0,10.0,23.0,23.0,50.0,0.0,-3.5715
2021.0,10.0,24.0,0.0,0.0,0.0,-3.257
2021.0,10.0,24.0,0.0,10.0,0.0,-3.7594
2021.0,10.0,24.0,0.0,20.0,0.0,-3.052
2021.0,10.0,24.0,0.0,30.0,0.0,-2.3182
2021.0,10.0,24.0,0.0,40.0,0.0,-2.307
2021.0,10.0,24.0,1.0,10.0,0.0,-2.1245
2021.0,10.0,24.0,1.0,20.0,0.0,-1.9899
2021.0,10.0,24.0,1.0,30.0,0.0,-3.8007
2021.0,10.0,24.0,1.0,40.0,0.0,-1.8752
2021.0,10.0,24.0,1.0,50.0,0.0,-2.3335
2021.0,10.0,24.0,2.0,0.0,0.0,-2.4995
2021.0,10.0,24.0,2.0,10.0,0.0,-2.671
2021.0,10.0,24.0,2.0,20.0,0.0,-2.7682
2021.0,10.0,24.0,2.0,50.0,0.0,-2.0779
2021.0,10.0,24.0,3.0,0.0,0.0,-1.9365
2021.0,10.0,24.0,3.0,10.0,0.0,-2.3763
2021.0,10.0,24.0,3.0,20.0,0.0,-2.6596
2021.0,10.0,24.0,3.0,30.0,0.0,-2.3698
2021.0,10.0,24.0,19.0,30.0,0.0,-1.4961
2021.0,10.0,24.0,19.0,40.0,0.0,-1.7346
2021.0,10.0,24.0,19.0,50.0,0.0,-2.6873
2021.0,10.0,24.0,20.0,20.0,0.0,-2.2883
2021.0,10.0,24.0,20.0,30.0,0.0,-2.7695
2021.0,10.0,24.0,20.0,40.0,0.0,-3.2338
2021.0,10.0,24.0,20.0,50.0,0.0,-4.0001
2021.0,10.0,24.0,21.0,0.0,0.0,-3.0808
2021.0,10.0,24.0,21.0,10.0,0.0,-2.8193
2021.0,10.0,24.0,21.0,20.0,0.0,-3.0236
2021.0,10.0,24.0,21.0,30.0,0.0,-2.6591
2021.0,10.0,24.0,22.0,0.0,0.0,-2.2772
2021.0,10.0,24.0,22.0,10.0,0.0,-2.4588
2021.0,10.0,24.0,22.0,20.0,0.0,-2.9137
2021.0,10.0,24.0,22.0,30.0,0.0,-2.8165
2021.0,10.0,24.0,22.0,40.0,0.0,-2.6279
2021.0,10.0,24.0,22.0,50.0,0.0,-2.7959
2021.0,10.0,24.0,23.0,0.0,0.0,-2.4989
2021.0,10.0,24.0,23.0,10.0,0.0,-2.6916
2021.0,10.0,24.0,23.0,40.0,0.0,-2.4797
2021.0,10.0,24.0,23.0,50.0,0.0,-1.7366
2021.0,10.0,25.0,0.0,0.0,0.0,-0.9946
2021.0,10.0,25.0,0.0,10.0,0.0,-0.7366
2021.0,10.0,25.0,0.0,20.0,0.0,-0.9861
2021.0,10.0,25.0,0.0,30.0,0.0,-1.1015
2021.0,10.0,25.0,0.0,40.0,0.0,-1.3619
2021.0,10.0,25.0,0.0,50.0,0.0,-1.3721
2021.0,10.0,25.0,1.0,20.0,0.0,-1.0331
2021.0,10.0,25.0,1.0,30.0,0.0,-1.0757
2021.0,10.0,25.0,1.0,40.0,0.0,-1.0077
2021.0,10.0,25.0,1.0,50.0,0.0,-1.0737
2021.0,10.0,25.0,2.0,0.0,0.0,-1.0509
2021.0,10.0,25.0,2.0,10.0,0.0,-1.4144
2021.0,10.0,25.0,2.0,20.0,0.0,-1.2531
2021.0,10.0,25.0,2.0,30.0,0.0,-1.2986
2021.0,10.0,25.0,3.0,0.0,0.0,-1.2355
2021.0,10.0,25.0,3.0,10.0,0.0,-0.9209
2021.0,10.0,25.0,3.0,20.0,0.0,-1.0487
2021.0,10.0,25.0,3.0,30.0,0.0,-1.1564
2021.0,10.0,25.0,23.0,20.0,0.0,-5.428
2021.0,10.0,25.0,23.0,30.0,0.0,-4.9806
2021.0,10.0,25.0,23.0,40.0,0.0,-4.6256
2021.0,10.0,25.0,23.0,50.0,0.0,-5.2928
2021.0,10.0,26.0,0.0,20.0,0.0,-4.6049
2021.0,10.0,26.0,0.0,30.0,0.0,-6.5099
2021.0,10.0,26.0,0.0,40.0,0.0,-4.8388
2021.0,10.0,26.0,0.0,50.0,0.0,-4.6111
2021.0,10.0,26.0,1.0,0.0,0.0,-3.9727
2021.0,10.0,26.0,1.0,10.0,0.0,-4.0933
2021.0,10.0,26.0,1.0,20.0,0.0,-4.7282
2021.0,10.0,26.0,1.0,30.0,0.0,-5.9474
2021.0,10.0,26.0,2.0,0.0,0.0,-5.5994
2021.0,10.0,26.0,2.0,10.0,0.0,-5.8552
2021.0,10.0,26.0,2.0,20.0,0.0,-7.9162
2021.0,10.0,26.0,2.0,30.0,0.0,-6.1797
2021.0,10.0,26.0,2.0,40.0,0.0,-5.1691
2021.0,10.0,26.0,2.0,50.0,0.0,-4.3712
2021.0,10.0,26.0,3.0,0.0,0.0,-4.3622
2021.0,10.0,26.0,3.0,10.0,0.0,-4.3641
2021.0,10.0,26.0,19.0,30.0,0.0,-25.2075
2021.0,10.0,26.0,19.0,40.0,0.0,-25.5786
2021.0,10.0,26.0,19.0,50.0,0.0,-24.7091
2021.0,10.0,26.0,20.0,0.0,0.0,-25.4626
2021.0,10.0,26.0,20.0,10.0,0.0,-23.8476
2021.0,10.0,26.0,20.0,20.0,0.0,-24.8854
2021.0,10.0,26.0,20.0,30.0,0.0,-23.526
2021.0,10.0,26.0,23.0,10.0,0.0,-22.9349
2021.0,10.0,26.0,23.0,40.0,0.0,-16.2877
2021.0,10.0,26.0,23.0,50.0,0.0,-20.1999
2021.0,10.0,27.0,0.0,0.0,0.0,-21.101
2021.0,10.0,27.0,0.0,10.0,0.0,-20.105
2021.0,10.0,27.0,0.0,20.0,0.0,-14.6464
2021.0,10.0,27.0,0.0,30.0,0.0,-14.447
2021.0,10.0,27.0,0.0,40.0,0.0,-18.4405
2021.0,10.0,27.0,0.0,50.0,0.0,-14.2318
2021.0,10.0,27.0,1.0,20.0,0.0,-16.5438
2021.0,10.0,27.0,1.0,30.0,0.0,-18.7053
2021.0,10.0,27.0,1.0,40.0,0.0,-15.0186
2021.0,10.0,27.0,1.0,50.0,0.0,-21.3082
2021.0,10.0,27.0,2.0,0.0,0.0,-21.8937
2021.0,10.0,27.0,2.0,10.0,0.0,-20.1485
2021.0,10.0,27.0,2.0,20.0,0.0,-21.4352
2021.0,10.0,27.0,2.0,30.0,0.0,-21.8038
2021.0,10.0,27.0,3.0,0.0,0.0,-24.6843
2021.0,10.0,27.0,3.0,10.0,0.0,-23.5069
2021.0,10.0,27.0,3.0,20.0,0.0,-23.6533
2021.0,10.0,27.0,3.0,30.0,0.0,-18.9205
2021.0,10.0,27.0,19.0,30.0,0.0,-17.3035
2021.0,10.0,27.0,19.0,40.0,0.0,-20.0283
2021.0,10.0,27.0,19.0,50.0,0.0,-22.0624
2021.0,10.0,27.0,20.0,0.0,0.0,-23.3178
2021.0,10.0,27.0,20.0,30.0,0.0,-24.5323
2021.0,10.0,27.0,20.0,40.0,0.0,-25.3815
2021.0,10.0,27.0,20.0,50.0,0.0,-25.5117
2021.0,10.0,27.0,21.0,0.0,0.0,-25.3886
2021.0,10.0,27.0,21.0,10.0,0.0,-24.6913
2021.0,10.0,27.0,21.0,20.0,0.0,-24.1929
2021.0,10.0,27.0,21.0,30.0,0.0,-24.4352
2021.0,10.0,27.0,21.0,40.0,0.0,-23.4367
2021.0,10.0,27.0,22.0,10.0,0.0,-23.1017
2021.0,10.0,27.0,22.0,20.0,0.0,-23.726
2021.0,10.0,27.0,22.0,30.0,0.0,-24.1565
2021.0,10.0,27.0,22.0,40.0,0.0,-22.4946
2021.0,10.0,27.0,22.0,50.0,0.0,-23.6619
2021.0,10.0,27.0,23.0,0.0,0.0,-23.9325
2021.0,10.0,27.0,23.0,10.0,0.0,-22.4552
2021.0,10.0,27.0,23.0,20.0,0.0,-13.7662
2021.0,10.0,27.0,23.0,50.0,0.0,-11.8465
2021.0,10.0,28.0,0.0,0.0,0.0,-14.0374
2021.0,10.0,28.0,0.0,10.0,0.0,-21.206
2021.0,10.0,28.0,0.0,20.0,0.0,-22.6231
2021.0,10.0,28.0,0.0,30.0,0.0,-22.7353
2021.0,10.0,28.0,0.0,40.0,0.0,-23.1008
2021.0,10.0,28.0,0.0,50.0,0.0,-22.4687
2021.0,10.0,28.0,1.0,0.0,0.0,-22.3818
2021.0,10.0,28.0,1.0,30.0,0.0,-12.6234
2021.0,10.0,28.0,1.0,40.0,0.0,-22.6745
2021.0,10.0,28.0,1.0,50.0,0.0,-25.0139
2021.0,10.0,28.0,2.0,0.0,0.0,-18.0003
2021.0,10.0,28.0,2.0,10.0,0.0,-11.9384
2021.0,10.0,28.0,2.0,20.0,0.0,-21.4226
2021.0,10.0,28.0,2.0,30.0,0.0,-22.8284
2021.0,10.0,28.0,2.0,40.0,0.0,-22.3795
2021.0,10.0,28.0,3.0,10.0,0.0,-13.9008
2021.0,10.0,28.0,3.0,20.0,0.0,-16.8123
2021.0,10.0,28.0,3.0,30.0,0.0,-11.9439
2021.0,10.0,28.0,19.0,30.0,0.0,-27.4147
2021.0,10.0,28.0,19.0,40.0,0.0,-28.4486
2021.0,10.0,29.0,0.0,0.0,0.0,-24.6627
2021.0,10.0,29.0,0.0,10.0,0.0,-22.403
2021.0,10.0,29.0,0.0,20.0,0.0,-24.7086
2021.0,10.0,29.0,0.0,50.0,0.0,-24.9326
2021.0,10.0,29.0,1.0,0.0,0.0,-23.3931
2021.0,10.0,29.0,1.0,10.0,0.0,-22.9332
2021.0,10.0,29.0,1.0,20.0,0.0,-24.3779
2021.0,10.0,29.0,1.0,30.0,0.0,-24.1668
2021.0,10.0,29.0,1.0,40.0,0.0,-23.9629
2021.0,10.0,29.0,1.0,50.0,0.0,-22.9397
2021.0,10.0,29.0,2.0,0.0,0.0,-20.7508
2021.0,10.0,29.0,2.0,30.0,0.0,-19.5374
2021.0,10.0,29.0,2.0,40.0,0.0,-14.9372
2021.0,10.0,29.0,2.0,50.0,0.0,-9.4936
2021.0,10.0,29.0,3.0,0.0,0.0,-4.1571
2021.0,10.0,29.0,3.0,10.0,0.0,-3.7726
2021.0,10.0,29.0,3.0,20.0,0.0,-3.7575
2021.0,10.0,29.0,3.0,30.0,0.0,-4.1098
2021.0,10.0,29.0,19.0,30.0,0.0,-15.6278
2021.0,10.0,29.0,20.0,0.0,0.0,-18.8719
2021.0,10.0,29.0,20.0,10.0,0.0,-17.1672
2021.0,10.0,29.0,20.0,20.0,0.0,-16.9144
2021.0,10.0,29.0,20.0,30.0,0.0,-15.8769
2021.0,10.0,29.0,20.0,40.0,0.0,-15.9035
2021.0,10.0,29.0,20.0,50.0,0.0,-15.0863
2021.0,10.0,29.0,21.0,0.0,0.0,-14.9098
2021.0,10.0,29.0,21.0,10.0,0.0,-16.0419
2021.0,10.0,29.0,21.0,40.0,0.0,-18.0965
2021.0,10.0,29.0,21.0,50.0,0.0,-19.632
2021.0,10.0,29.0,22.0,0.0,0.0,-20.1904
2021.0,10.0,29.0,22.0,10.0,0.0,-20.1147
2021.0,10.0,29.0,22.0,20.0,0.0,-18.4171
2021.0,10.0,29.0,22.0,30.0,0.0,-10.1156
2021.0,10.0,29.0,22.0,40.0,0.0,-7.6062
2021.0,10.0,29.0,22.0,50.0,0.0,-8.0142
2021.0,10.0,29.0,23.0,20.0,0.0,-12.3436
2021.0,10.0,29.0,23.0,30.0,0.0,-14.1045
2021.0,10.0,29.0,23.0,40.0,0.0,-12.7455
2021.0,10.0,29.0,23.0,50.0,0.0,-16.3504
2021.0,10.0,30.0,0.0,0.0,0.0,-20.8178
2021.0,10.0,30.0,0.0,10.0,0.0,-16.5294
2021.0,10.0,30.0,0.0,20.0,0.0,-12.278
2021.0,10.0,30.0,0.0,30.0,0.0,-10.7256
2021.0,10.0,30.0,1.0,0.0,0.0,-12.904
2021.0,10.0,30.0,1.0,10.0,0.0,-9.1073
2021.0,10.0,30.0,1.0,20.0,0.0,-8.2649
2021.0,10.0,30.0,1.0,30.0,0.0,-11.3903
2021.0,10.0,30.0,1.0,40.0,0.0,-13.9567
2021.0,10.0,30.0,1.0,50.0,0.0,-11.4612
2021.0,10.0,30.0,2.0,0.0,0.0,-11.3954
2021.0,10.0,30.0,2.0,10.0,0.0,-11.1007
2021.0,10.0,30.0,2.0,40.0,0.0,-11.2362
2021.0,10.0,30.0,2.0,50.0,0.0,-8.6229
2021.0,10.0,30.0,3.0,0.0,0.0,-12.196
2021.0,10.0,30.0,3.0,10.0,0.0,-8.0412
2021.0,10.0,30.0,3.0,20.0,0.0,-7.6067
2021.0,10.0,30.0,3.0,30.0,0.0,-6.7911
2021.0,10.0,30.0,19.0,30.0,0.0,-5.1435
2021.0,10.0,30.0,19.0,40.0,0.0,-4.9598
2021.0,10.0,30.0,20.0,10.0,0.0,-6.062
2021.0,10.0,30.0,20.0,20.0,0.0,-9.6357
2021.0,10.0,30.0,20.0,30.0,0.0,-6.4379
2021.0,10.0,30.0,20.0,40.0,0.0,-5.5094
2021.0,10.0,30.0,20.0,50.0,0.0,-5.3582
2021.0,10.0,30.0,21.0,0.0,0.0,-6.2452
2021.0,10.0,30.0,21.0,10.0,0.0,-8.0484
2021.0,10.0,30.0,21.0,20.0,0.0,-7.174
2021.0,10.0,30.0,21.0,50.0,0.0,-23.9282
2021.0,10.0,30.0,22.0,0.0,0.0,-22.618
2021.0,10.0,30.0,22.0,10.0,0.0,-22.8781
2021.0,10.0,30.0,22.0,20.0,0.0,-23.5532
2021.0,10.0,30.0,22.0,30.0,0.0,-21.1942
2021.0,10.0,30.0,22.0,40.0,0.0,-11.48
2021.0,10.0,30.0,22.0,50.0,0.0,-15.6392
2021.0,10.0,30.0,23.0,0.0,0.0,-13.2061
2021.0,10.0,30.0,23.0,30.0,0.0,-23.9844
2021.0,10.0,30.0,23.0,40.0,0.0,-25.3477
2021.0,10.0,30.0,23.0,50.0,0.0,-25.0056
2021.0,10.0,31.0,0.0,0.0,0.0,-23.1403
2021.0,10.0,31.0,0.0,10.0,0.0,-23.1456
2021.0,10.0,31.0,0.0,20.0,0.0,-23.218
2021.0,10.0,31.0,0.0,30.0,0.0,-22.2017
2021.0,10.0,31.0,0.0,40.0,0.0,-20.9039
2021.0,10.0,31.0,1.0,10.0,0.0,-17.2859
2021.0,10.0,31.0,1.0,20.0,0.0,-21.1823
2021.0,10.0,31.0,1.0,30.0,0.0,-22.7854
2021.0,10.0,31.0,1.0,40.0,0.0,-19.1764
2021.0,10.0,31.0,1.0,50.0,0.0,-17.8558
2021.0,10.0,31.0,2.0,0.0,0.0,-18.5361
2021.0,10.0,31.0,2.0,10.0,0.0,-19.3328
2021.0,10.0,31.0,2.0,20.0,0.0,-22.7637
2021.0,10.0,31.0,2.0,50.0,0.0,-22.7817
2021.0,10.0,31.0,3.0,0.0,0.0,-22.2274
2021.0,10.0,31.0,3.0,10.0,0.0,-22.1477
2021.0,10.0,31.0,3.0,20.0,0.0,-23.2216
2021.0,10.0,31.0,3.0,30.0,0.0,-22.0087
2021.0,10.0,31.0,19.0,30.0,0.0,-13.4492
2021.0,10.0,31.0,19.0,40.0,0.0,-15.2232
2021.0,10.0,31.0,19.0,50.0,0.0,-18.413
2021.0,10.0,31.0,20.0,20.0,0.0,-17.296
2021.0,10.0,31.0,20.0,30.0,0.0,-16.7557
2021.0,10.0,31.0,20.0,40.0,0.0,-13.5346
2021.0,10.0,31.0,20.0,50.0,0.0,-10.1898
2021.0,10.0,31.0,21.0,0.0,0.0,-12.3101
2021.0,10.0,31.0,21.0,10.0,0.0,-21.3939
2021.0,10.0,31.0,21.0,20.0,0.0,-23.7477
2021.0,10.0,31.0,21.0,30.0,0.0,-23.327
2021.0,10.0,31.0,22.0,0.0,0.0,-14.2019
2021.0,10.0,31.0,22.0,10.0,0.0,-12.3026
2021.0,10.0,31.0,22.0,20.0,0.0,-12.0171
2021.0,10.0,31.0,22.0,30.0,0.0,-12.6843
2021.0,10.0,31.0,22.0,40.0,0.0,-13.0666
2021.0,10.0,31.0,22.0,50.0,0.0,-15.8879
2021.0,10.0,31.0,23.0,0.0,0.0,-16.8801
2021.0,10.0,31.0,23.0,10.0,0.0,-14.663
2021.0,10.0,31.0,23.0,40.0,0.0,-10.9147
2021.0,10.0,31.0,23.0,50.0,0.0,-10.9334
2021.0,11.0,1.0,0.0,0.0,0.0,-12.0729
2021.0,11.0,1.0,0.0,10.0,0.0,-11.9838
2021.0,11.0,1.0,0.0,20.0,0.0,-11.5318
2021.0,11.0,1.0,0.0,30.0,0.0,-13.3658
2021.0,11.0,1.0,0.0,40.0,0.0,-12.8646
2021.0,11.0,1.0,0.0,50.0,0.0,-12.7057
2021.0,11.0,1.0,1.0,20.0,0.0,-16.1654
2021.0,11.0,1.0,1.0,30.0,0.0,-14.1783
2021.0,11.0,1.0,1.0,40.0,0.0,-15.3475
2021.0,11.0,1.0,1.0,50.0,0.0,-18.0062
2021.0,11.0,1.0,2.0,0.0,0.0,-22.2103
2021.0,11.0,1.0,2.0,10.0,0.0,-22.599
2021.0,11.0,1.0,2.0,20.0,0.0,-14.0082
2021.0,11.0,1.0,2.0,30.0,0.0,-11.9655
2021.0,11.0,1.0,3.0,0.0,0.0,-10.3645
2021.0,11.0,1.0,3.0,10.0,0.0,-8.7424
2021.0,11.0,1.0,3.0,20.0,0.0,-9.1052
2021.0,11.0,1.0,3.0,30.0,0.0,-9.5746
2021.0,11.0,1.0,22.0,50.0,0.0,-21.5961
2021.0,11.0,1.0,23.0,0.0,0.0,-21.9477
2021.0,11.0,1.0,23.0,10.0,0.0,-21.9194
2021.0,11.0,1.0,23.0,20.0,0.0,-24.3793
2021.0,11.0,1.0,23.0,50.0,0.0,-24.1494
2021.0,11.0,2.0,0.0,0.0,0.0,-24.5533
2021.0,11.0,2.0,0.0,10.0,0.0,-24.6906
2021.0,11.0,2.0,0.0,20.0,0.0,-24.5103
2021.0,11.0,2.0,0.0,30.0,0.0,-23.7317
2021.0,11.0,2.0,0.0,40.0,0.0,-23.8033
2021.0,11.0,2.0,0.0,50.0,0.0,-23.3053
2021.0,11.0,2.0,1.0,0.0,0.0,-23.9749
2021.0,11.0,2.0,1.0,30.0,0.0,-24.3873
2021.0,11.0,2.0,1.0,40.0,0.0,-23.3044
2021.0,11.0,2.0,1.0,50.0,0.0,-23.8029
2021.0,11.0,2.0,2.0,0.0,0.0,-23.3529
2021.0,11.0,2.0,2.0,10.0,0.0,-23.4336
2021.0,11.0,2.0,2.0,20.0,0.0,-22.3953
2021.0,11.0,2.0,2.0,30.0,0.0,-21.9552
2021.0,11.0,2.0,2.0,40.0,0.0,-21.21
2021.0,11.0,2.0,3.0,10.0,0.0,-11.1647
2021.0,11.0,2.0,3.0,20.0,0.0,-8.0531
2021.0,11.0,2.0,3.0,30.0,0.0,-7.431
2021.0,11.0,2.0,19.0,30.0,0.0,-11.3776
2021.0,11.0,2.0,19.0,40.0,0.0,-9.9323
2021.0,11.0,2.0,19.0,50.0,0.0,-10.0838
2021.0,11.0,2.0,20.0,0.0,0.0,-9.9147
2021.0,11.0,2.0,20.0,10.0,0.0,-9.756
2021.0,11.0,2.0,20.0,40.0,0.0,-9.621
2021.0,11.0,2.0,20.0,50.0,0.0,-10.9104
2021.0,11.0,2.0,21.0,0.0,0.0,-14.9831
2021.0,11.0,2.0,21.0,10.0,0.0,-14.2898
2021.0,11.0,2.0,21.0,20.0,0.0,-12.6035
2021.0,11.0,2.0,21.0,30.0,0.0,-11.2294
2021.0,11.0,2.0,21.0,40.0,0.0,-10.7739
2021.0,11.0,2.0,21.0,50.0,0.0,-11.1027
2021.0,11.0,2.0,22.0,20.0,0.0,-11.2227
2021.0,11.0,2.0,22.0,30.0,0.0,-11.7562
2021.0,11.0,2.0,22.0,40.0,0.0,-9.8356
2021.0,11.0,2.0,22.0,50.0,0.0,-9.7321
2021.0,11.0,2.0,23.0,0.0,0.0,-9.8962
2021.0,11.0,2.0,23.0,10.0,0.0,-11.9738
2021.0,11.0,2.0,23.0,20.0,0.0,-16.7941
2021.0,11.0,2.0,23.0,30.0,0.0,-15.3971
2021.0,11.0,3.0,0.0,0.0,0.0,-9.7917
2021.0,11.0,3.0,0.0,10.0,0.0,-9.3222
2021.0,11.0,3.0,0.0,20.0,0.0,-9.6066
2021.0,11.0,3.0,0.0,30.0,0.0,-9.26
2021.0,11.0,3.0,0.0,40.0,0.0,-9.3571
2021.0,11.0,3.0,0.0,50.0,0.0,-9.0572
2021.0,11.0,3.0,1.0,0.0,0.0,-10.0349
2021.0,11.0,3.0,1.0,10.0,0.0,-11.2344
2021.0,11.0,3.0,1.0,40.0,0.0,-12.5637
2021.0,11.0,3.0,1.0,50.0,0.0,-11.3551
2021.0,11.0,3.0,2.0,0.0,0.0,-13.5968
2021.0,11.0,3.0,2.0,10.0,0.0,-16.2081
2021.0,11.0,3.0,2.0,20.0,0.0,-15.3243
2021.0,11.0,3.0,2.0,30.0,0.0,-15.6078
2021.0,11.0,3.0,2.0,40.0,0.0,-13.9649
2021.0,11.0,3.0,2.0,50.0,0.0,-13.7644
2021.0,11.0,3.0,3.0,20.0,0.0,-18.4137
2021.0,11.0,3.0,3.0,30.0,0.0,-16.7272
2021.0,11.0,3.0,19.0,30.0,0.0,-8.3073
2021.0,11.0,3.0,19.0,40.0,0.0,-8.4061
2021.0,11.0,3.0,19.0,50.0,0.0,-8.4815
2021.0,11.0,3.0,20.0,0.0,0.0,-8.8195
2021.0,11.0,3.0,20.0,10.0,0.0,-8.5043
2021.0,11.0,3.0,20.0,20.0,0.0,-8.4363
2021.0,11.0,3.0,20.0,50.0,0.0,-9.9746
2021.0,11.0,3.0,21.0,0.0,0.0,-10.804
2021.0,11.0,3.0,21.0,10.0,0.0,-10.1093
2021.0,11.0,3.0,21.0,20.0,0.0,-9.2836
2021.0,11.0,3.0,21.0,30.0,0.0,-12.2546
2021.0,11.0,3.0,21.0,40.0,0.0,-20.0193
2021.0,11.0,3.0,21.0,50.0,0.0,-23.0745
2021.0,11.0,3.0,22.0,0.0,0.0,-22.7
2021.0,11.0,3.0,22.0,30.0,0.0,-22.4044
2021.0,11.0,3.0,22.0,40.0,0.0,-17.6
2021.0,11.0,3.0,22.0,50.0,0.0,-14.7612
2021.0,11.0,3.0,23.0,0.0,0.0,-10.5157
2021.0,11.0,3.0,23.0,10.0,0.0,-11.4594
2021.0,11.0,3.0,23.0,20.0,0.0,-12.865
2021.0,11.0,3.0,23.0,30.0,0.0,-12.1927
2021.0,11.0,3.0,23.0,40.0,0.0,-13.5686
2021.0,11.0,4.0,0.0,10.0,0.0,-8.2914
2021.0,11.0,4.0,0.0,20.0,0.0,-7.7854
2021.0,11.0,4.0,0.0,30.0,0.0,-5.6899
2021.0,11.0,4.0,0.0,40.0,0.0,-5.1117
2021.0,11.0,4.0,0.0,50.0,0.0,-7.1903
2021.0,11.0,4.0,1.0,0.0,0.0,-4.6765
2021.0,11.0,4.0,1.0,10.0,0.0,-4.488
2021.0,11.0,4.0,1.0,20.0,0.0,-4.9362
2021.0,11.0,4.0,1.0,50.0,0.0,-4.946
2021.0,11.0,4.0,2.0,0.0,0.0,-3.1722
2021.0,11.0,4.0,2.0,10.0,0.0,-4.526
2021.0,11.0,4.0,2.0,20.0,0.0,-4.5194
2021.0,11.0,4.0,2.0,30.0,0.0,-4.5303
2021.0,11.0,4.0,2.0,40.0,0.0,-4.8611
2021.0,11.0,4.0,2.0,50.0,0.0,-4.4203
2021.0,11.0,4.0,3.0,0.0,0.0,-6.0977
2021.0,11.0,4.0,3.0,30.0,0.0,-6.0613
2021.0,11.0,4.0,23.0,10.0,0.0,-20.6929
2021.0,11.0,4.0,23.0,20.0,0.0,-20.565
2021.0,11.0,4.0,23.0,30.0,0.0,-20.4486
2021.0,11.0,4.0,23.0,40.0,0.0,-21.1255
2021.0,11.0,4.0,23.0,50.0,0.0,-20.5318
2021.0,11.0,5.0,0.0,0.0,0.0,-20.2493
2021.0,11.0,5.0,0.0,10.0,0.0,-20.8022
2021.0,11.0,5.0,0.0,40.0,0.0,-19.8184
2021.0,11.0,5.0,0.0,50.0,0.0,-19.6197
2021.0,11.0,5.0,1.0,0.0,0.0,-20.697
2021.0,11.0,5.0,1.0,10.0,0.0,-20.3755
2021.0,11.0,5.0,1.0,20.0,0.0,-19.1136
2021.0,11.0,5.0,1.0,30.0,0.0,-18.432
2021.0,11.0,5.0,1.0,40.0,0.0,-19.0256
2021.0,11.0,5.0,1.0,50.0,0.0,-19.7229
2021.0,11.0,5.0,2.0,20.0,0.0,-18.2917
2021.0,11.0,5.0,2.0,30.0,0.0,-19.3354
2021.0,11.0,5.0,2.0,40.0,0.0,-18.78
2021.0,11.0,5.0,2.0,50.0,0.0,-18.8246
2021.0,11.0,5.0,3.0,0.0,0.0,-16.9541
2021.0,11.0,5.0,3.0,10.0,0.0,-16.9052
2021.0,11.0,5.0,3.0,20.0,0.0,-16.4638
2021.0,11.0,5.0,3.0,30.0,0.0,-17.8046
2021.0,11.0,5.0,19.0,50.0,0.0,-18.1922
2021.0,11.0,5.0,20.0,0.0,0.0,-13.313
2021.0,11.0,5.0,20.0,10.0,0.0,-14.6472
2021.0,11.0,5.0,20.0,20.0,0.0,-13.8232
2021.0,11.0,5.0,20.0,30.0,0.0,-11.629
2021.0,11.0,5.0,20.0,40.0,0.0,-17.5066
2021.0,11.0,5.0,20.0,50.0,0.0,-19.4994
2021.0,11.0,5.0,21.0,0.0,0.0,-12.3183
2021.0,11.0,5.0,21.0,30.0,0.0,-8.3574
2021.0,11.0,5.0,21.0,40.0,0.0,-7.9589
2021.0,11.0,5.0,21.0,50.0,0.0,-4.1712
2021.0,11.0,5.0,22.0,0.0,0.0,-7.365
2021.0,11.0,5.0,22.0,10.0,0.0,-9.8417
2021.0,11.0,5.0,22.0,20.0,0.0,-7.8133
2021.0,11.0,5.0,22.0,30.0,0.0,-4.947
2021.0,11.0,5.0,22.0,40.0,0.0,-5.7145
2021.0,11.0,5.0,23.0,10.0,0.0,-14.6355
2021.0,11.0,5.0,23.0,20.0,0.0,-18.3362
2021.0,11.0,5.0,23.0,30.0,0.0,-14.9851
2021.0,11.0,5.0,23.0,40.0,0.0,-10.7445
2021.0,11.0,5.0,23.0,50.0,0.0,-13.7178
2021.0,11.0,6.0,0.0,0.0,0.0,-7.3995
2021.0,11.0,6.0,0.0,10.0,0.0,-12.2073
2021.0,11.0,6.0,0.0,20.0,0.0,-18.4365
2021.0,11.0,6.0,0.0,50.0,0.0,-17.8954
2021.0,11.0,6.0,1.0,0.0,0.0,-13.1473
2021.0,11.0,6.0,1.0,10.0,0.0,-15.6155
2021.0,11.0,6.0,1.0,20.0,0.0,-12.9455
2021.0,11.0,6.0,1.0,30.0,0.0,-13.1372
2021.0,11.0,6.0,1.0,40.0,0.0,-13.709
2021.0,11.0,6.0,1.0,50.0,0.0,-15.5529
2021.0,11.0,6.0,2.0,0.0,0.0,-12.7469
2021.0,11.0,6.0,2.0,30.0,0.0,-13.631
2021.0,11.0,6.0,2.0,40.0,0.0,-14.0928
2021.0,11.0,6.0,2.0,50.0,0.0,-14.3706
2021.0,11.0,6.0,3.0,0.0,0.0,-14.3064
2021.0,11.0,6.0,3.0,10.0,0.0,-9.3821
2021.0,11.0,6.0,3.0,20.0,0.0,-10.459
2021.0,11.0,6.0,3.0,30.0,0.0,-8.0487
2021.0,11.0,6.0,19.0,30.0,0.0,-5.7611
2021.0,11.0,6.0,20.0,0.0,0.0,-8.8191
2021.0,11.0,6.0,20.0,10.0,0.0,-20.3971
2021.0,11.0,6.0,20.0,20.0,0.0,-7.2429
2021.0,11.0,6.0,20.0,30.0,0.0,-5.9
2021.0,11.0,6.0,20.0,40.0,0.0,-14.1095
2021.0,11.0,6.0,20.0,50.0,0.0,-5.224
2021.0,11.0,6.0,21.0,0.0,0.0,-6.1288
2021.0,11.0,6.0,21.0,10.0,0.0,-6.3216
2021.0,11.0,6.0,21.0,40.0,0.0,-14.8461
2021.0,11.0,6.0,21.0,50.0,0.0,-17.689
2021.0,11.0,6.0,22.0,0.0,0.0,-13.7976
2021.0,11.0,6.0,22.0,10.0,0.0,-15.8286
2021.0,11.0,6.0,22.0,20.0,0.0,-3.1467
2021.0,11.0,6.0,22.0,30.0,0.0,-2.7395
2021.0,11.0,6.0,22.0,40.0,0.0,-2.4135
2021.0,11.0,6.0,22.0,50.0,0.0,-2.3474
2021.0,11.0,6.0,23.0,20.0,0.0,-14.0007
2021.0,11.0,6.0,23.0,30.0,0.0,-8.0703
2021.0,11.0,6.0,23.0,40.0,0.0,-7.4669
2021.0,11.0,6.0,23.0,50.0,0.0,-14.8364
2021.0,11.0,7.0,0.0,0.0,0.0,-22.6882
2021.0,11.0,7.0,0.0,10.0,0.0,-22.9901
2021.0,11.0,7.0,0.0,20.0,0.0,-22.9057
2021.0,11.0,7.0,0.0,30.0,0.0,-21.8937
2021.0,11.0,7.0,1.0,0.0,0.0,-21.4398
2021.0,11.0,7.0,1.0,10.0,0.0,-22.418
2021.0,11.0,7.0,1.0,20.0,0.0,-21.2809
2021.0,11.0,7.0,1.0,30.0,0.0,-18.2347
2021.0,11.0,7.0,1.0,40.0,0.0,-18.9207
2021.0,11.0,7.0,1.0,50.0,0.0,-21.1036
2021.0,11.0,7.0,2.0,0.0,0.0,-23.0926
2021.0,11.0,7.0,2.0,10.0,0.0,-22.8393
2021.0,11.0,7.0,2.0,40.0,0.0,-20.9433
2021.0,11.0,7.0,2.0,50.0,0.0,-13.3408
2021.0,11.0,7.0,3.0,0.0,0.0,-21.6412
2021.0,11.0,7.0,3.0,10.0,0.0,-22.154
2021.0,11.0,7.0,3.0,20.0,0.0,-20.733
2021.0,11.0,7.0,3.0,30.0,0.0,-22.5625
2021.0,11.0,7.0,19.0,30.0,0.0,-16.2753
2021.0,11.0,7.0,19.0,40.0,0.0,-15.0853
2021.0,11.0,7.0,20.0,10.0,0.0,-12.7589
2021.0,11.0,7.0,20.0,20.0,0.0,-10.8969
2021.0,11.0,7.0,20.0,30.0,0.0,-10.3891
2021.0,11.0,7.0,20.0,40.0,0.0,-9.8359
2021.0,11.0,7.0,20.0,50.0,0.0,-10.6131
2021.0,11.0,7.0,21.0,0.0,0.0,-10.1564
2021.0,11.0,7.0,21.0,10.0,0.0,-9.7203
2021.0,11.0,7.0,21.0,20.0,0.0,-9.5581
2021.0,11.0,7.0,21.0,50.0,0.0,-13.1935
2021.0,11.0,7.0,22.0,0.0,0.0,-13.7606
2021.0,11.0,7.0,22.0,10.0,0.0,-13.5585
2021.0,11.0,7.0,22.0,20.0,0.0,-13.1362
2021.0,11.0,7.0,22.0,30.0,0.0,-10.6297
2021.0,11.0,7.0,22.0,40.0,0.0,-12.8594
2021.0,11.0,7.0,22.0,50.0,0.0,-13.4149
2021.0,11.0,7.0,23.0,0.0,0.0,-10.3999
2021.0,11.0,7.0,23.0,30.0,0.0,-11.2171
2021.0,11.0,7.0,23.0,40.0,0.0,-11.0558
2021.0,11.0,7.0,23.0,50.0,0.0,-9.3242
2021.0,11.0,8.0,0.0,0.0,0.0,-5.8932
2021.0,11.0,8.0,0.0,10.0,0.0,-7.3865
2021.0,11.0,8.0,0.0,20.0,0.0,-5.5723
2021.0,11.0,8.0,0.0,30.0,0.0,-4.181
2021.0,11.0,8.0,0.0,40.0,0.0,-3.1715
2021.0,11.0,8.0,1.0,10.0,0.0,-8.5284
2021.0,11.0,8.0,1.0,20.0,0.0,-6.8884
2021.0,11.0,8.0,1.0,30.0,0.0,-8.7169
2021.0,11.0,8.0,1.0,40.0,0.0,-8.3829
2021.0,11.0,8.0,1.0,50.0,0.0,-9.9725
2021.0,11.0,8.0,2.0,0.0,0.0,-9.0803
2021.0,11.0,8.0,2.0,10.0,0.0,-6.948
2021.0,11.0,8.0,2.0,20.0,0.0,-4.9706
2021.0,11.0,8.0,2.0,50.0,0.0,-6.0785
2021.0,11.0,8.0,3.0,0.0,0.0,-7.606
2021.0,11.0,8.0,3.0,10.0,0.0,-5.8898
2021.0,11.0,8.0,3.0,20.0,0.0,-7.8576
2021.0,11.0,8.0,3.0,30.0,0.0,-2.7172
2021.0,11.0,8.0,19.0,30.0,0.0,-5.1119
2021.0,11.0,8.0,19.0,40.0,0.0,-2.3654
2021.0,11.0,8.0,19.0,50.0,0.0,-4.391
2021.0,11.0,8.0,20.0,20.0,0.0,-5.7134
2021.0,11.0,8.0,20.0,30.0,0.0,-5.5661
2021.0,11.0,8.0,20.0,40.0,0.0,-5.7893
2021.0,11.0,8.0,20.0,50.0,0.0,-5.7095
2021.0,11.0,8.0,21.0,0.0,0.0,-6.123
2021.0,11.0,8.0,21.0,10.0,0.0,-5.7412
2021.0,11.0,8.0,21.0,20.0,0.0,-5.2486
2021.0,11.0,8.0,21.0,30.0,0.0,-5.7837
2021.0,11.0,8.0,22.0,0.0,0.0,-4.8314
2021.0,11.0,8.0,22.0,10.0,0.0,-4.5224
2021.0,11.0,8.0,22.0,20.0,0.0,-4.3174
2021.0,11.0,8.0,22.0,30.0,0.0,-4.1064
2021.0,11.0,8.0,22.0,40.0,0.0,-3.9717
2021.0,11.0,8.0,22.0,50.0,0.0,-4.0119
2021.0,11.0,8.0,23.0,0.0,0.0,-4.644
2021.0,11.0,8.0,23.0,10.0,0.0,-4.125
2021.0,11.0,8.0,23.0,40.0,0.0,-3.6802
2021.0,11.0,8.0,23.0,50.0,0.0,-3.7573
2021.0,11.0,9.0,0.0,0.0,0.0,-4.1618
2021.0,11.0,9.0,0.0,10.0,0.0,-4.1145
2021.0,11.0,9.0,0.0,20.0,0.0,-4.2594
2021.0,11.0,9.0,0.0,30.0,0.0,-4.4771
2021.0,11.0,9.0,0.0,40.0,0.0,-4.5553
2021.0,11.0,9.0,0.0,50.0,0.0,-4.3375
2021.0,11.0,9.0,1.0,20.0,0.0,-5.994
2021.0,11.0,9.0,1.0,30.0,0.0,-6.1203
2021.0,11.0,9.0,1.0,40.0,0.0,-6.2806
2021.0,11.0,9.0,1.0,50.0,0.0,-6.3742
2021.0,11.0,9.0,2.0,0.0,0.0,-6.4037
2021.0,11.0,9.0,2.0,10.0,0.0,-6.5402
2021.0,11.0,9.0,2.0,20.0,0.0,-6.4071
2021.0,11.0,9.0,2.0,30.0,0.0,-6.409
2021.0,11.0,9.0,3.0,0.0,0.0,-6.3897
2021.0,11.0,9.0,3.0,10.0,0.0,-6.2024
2021.0,11.0,9.0,3.0,20.0,0.0,-6.3372
2021.0,11.0,9.0,3.0,30.0,0.0,-6.5409
2021.0,11.0,9.0,19.0,30.0,0.0,-15.3843
2021.0,11.0,9.0,19.0,40.0,0.0,-16.6852
2021.0,11.0,9.0,19.0,50.0,0.0,-12.9939
2021.0,11.0,9.0,20.0,0.0,0.0,-14.6571
2021.0,11.0,9.0,20.0,30.0,0.0,-13.1178
2021.0,11.0,9.0,20.0,40.0,0.0,-16.9025
2021.0,11.0,9.0,20.0,50.0,0.0,-23.2049
2021.0,11.0,9.0,21.0,0.0,0.0,-25.68
2021.0,11.0,9.0,21.0,10.0,0.0,-24.6825
2021.0,11.0,9.0,21.0,20.0,0.0,-23.2944
2021.0,11.0,9.0,21.0,30.0,0.0,-19.1096
2021.0,11.0,9.0,21.0,40.0,0.0,-17.2585
2021.0,11.0,9.0,22.0,10.0,0.0,-12.1793
2021.0,11.0,9.0,22.0,20.0,0.0,-13.9181
2021.0,11.0,9.0,22.0,30.0,0.0,-15.7684
2021.0,11.0,9.0,22.0,40.0,0.0,-16.107
2021.0,11.0,9.0,22.0,50.0,0.0,-12.4532
2021.0,11.0,9.0,23.0,0.0,0.0,-8.1667
2021.0,11.0,9.0,23.0,10.0,0.0,-9.4802
2021.0,11.0,9.0,23.0,20.0,0.0,-8.8252
2021.0,11.0,9.0,23.0,50.0,0.0,-7.22
2021.0,11.0,10.0,0.0,0.0,0.0,-8.2228
2021.0,11.0,10.0,0.0,10.0,0.0,-9.3238
2021.0,11.0,10.0,0.0,20.0,0.0,-7.258
2021.0,11.0,10.0,0.0,30.0,0.0,-8.5868
2021.0,11.0,10.0,0.0,40.0,0.0,-6.9017
2021.0,11.0,10.0,0.0,50.0,0.0,-7.3095
2021.0,11.0,10.0,1.0,0.0,0.0,-8.1391
2021.0,11.0,10.0,1.0,30.0,0.0,-8.5336
2021.0,11.0,10.0,1.0,40.0,0.0,-8.8434
2021.0,11.0,10.0,1.0,50.0,0.0,-9.1198
2021.0,11.0,10.0,2.0,0.0,0.0,-9.2183
2021.0,11.0,10.0,2.0,10.0,0.0,-9.3167
2021.0,11.0,10.0,2.0,20.0,0.0,-7.7013
2021.0,11.0,10.0,2.0,30.0,0.0,-9.0584
2021.0,11.0,10.0,2.0,40.0,0.0,-9.9479
2021.0,11.0,10.0,3.0,10.0,0.0,-12.4515
2021.0,11.0,10.0,3.0,20.0,0.0,-10.0101
2021.0,11.0,10.0,3.0,30.0,0.0,-9.2952
2021.0,11.0,10.0,20.0,50.0,0.0,-35.6876
2021.0,11.0,10.0,21.0,0.0,0.0,-37.3016
2021.0,11.0,10.0,21.0,10.0,0.0,-35.6011
2021.0,11.0,10.0,21.0,20.0,0.0,-35.1805
2021.0,11.0,10.0,21.0,30.0,0.0,-36.7247
2021.0,11.0,10.0,22.0,0.0,0.0,-37.5886
2021.0,11.0,10.0,22.0,10.0,0.0,-37.2693
2021.0,11.0,10.0,22.0,20.0,0.0,-36.1886
2021.0,11.0,10.0,22.0,30.0,0.0,-38.5404
2021.0,11.0,10.0,22.0,40.0,0.0,-37.0075
2021.0,11.0,10.0,22.0,50.0,0.0,-34.9444
2021.0,11.0,10.0,23.0,0.0,0.0,-38.6351
2021.0,11.0,10.0,23.0,10.0,0.0,-36.0952
2021.0,11.0,10.0,23.0,40.0,0.0,-37.4137
2021.0,11.0,10.0,23.0,50.0,0.0,-37.7419
2021.0,11.0,11.0,0.0,0.0,0.0,-31.1062
2021.0,11.0,11.0,0.0,10.0,0.0,-31.2767
2021.0,11.0,11.0,0.0,20.0,0.0,-32.856
2021.0,11.0,11.0,0.0,30.0,0.0,-31.3224
2021.0,11.0,11.0,0.0,40.0,0.0,-28.9181
2021.0,11.0,11.0,0.0,50.0,0.0,-28.8021
2021.0,11.0,11.0,1.0,20.0,0.0,-31.6526
2021.0,11.0,11.0,1.0,30.0,0.0,-29.3702
2021.0,11.0,11.0,1.0,40.0,0.0,-34.1779
2021.0,11.0,11.0,1.0,50.0,0.0,-29.0122
2021.0,11.0,11.0,2.0,0.0,0.0,-28.3536
2021.0,11.0,11.0,2.0,10.0,0.0,-32.1304
2021.0,11.0,11.0,2.0,20.0,0.0,-31.2401
2021.0,11.0,11.0,2.0,30.0,0.0,-33.3478
2021.0,11.0,11.0,3.0,0.0,0.0,-34.5863
2021.0,11.0,11.0,3.0,10.0,0.0,-33.4961
2021.0,11.0,11.0,3.0,20.0,0.0,-30.3388
2021.0,11.0,11.0,3.0,30.0,0.0,-32.3786
2021.0,11.0,11.0,22.0,50.0,0.0,-23.486
2021.0,11.0,11.0,23.0,0.0,0.0,-28.2362
2021.0,11.0,11.0,23.0,10.0,0.0,-31.1163
2021.0,11.0,11.0,23.0,20.0,0.0,-31.2577
2021.0,11.0,11.0,23.0,50.0,0.0,-30.8575
2021.0,11.0,12.0,0.0,0.0,0.0,-30.2412
2021.0,11.0,12.0,0.0,10.0,0.0,-29.335
2021.0,11.0,12.0,0.0,20.0,0.0,-28.3563
2021.0,11.0,12.0,0.0,30.0,0.0,-29.9521
2021.0,11.0,12.0,0.0,40.0,0.0,-24.0862
2021.0,11.0,12.0,0.0,50.0,0.0,-23.655
2021.0,11.0,12.0,1.0,0.0,0.0,-23.127
2021.0,11.0,12.0,1.0,30.0,0.0,-18.1448
2021.0,11.0,12.0,1.0,40.0,0.0,-22.9679
2021.0,11.0,12.0,1.0,50.0,0.0,-26.3686
2021.0,11.0,12.0,2.0,0.0,0.0,-24.0949
2021.0,11.0,12.0,2.0,10.0,0.0,-16.6084
2021.0,11.0,12.0,2.0,20.0,0.0,-13.7181
2021.0,11.0,12.0,2.0,30.0,0.0,-14.3411
2021.0,11.0,12.0,2.0,40.0,0.0,-17.7564
2021.0,11.0,12.0,3.0,10.0,0.0,-12.4118
2021.0,11.0,12.0,3.0,20.0,0.0,-10.2409
2021.0,11.0,12.0,3.0,30.0,0.0,-9.7243
2021.0,11.0,12.0,20.0,20.0,0.0,-9.6978
2021.0,11.0,12.0,20.0,30.0,0.0,-10.3162
2021.0,11.0,12.0,20.0,40.0,0.0,-10.667
2021.0,11.0,12.0,20.0,50.0,0.0,-9.1287
2021.0,11.0,12.0,21.0,0.0,0.0,-7.9425
2021.0,11.0,12.0,21.0,30.0,0.0,-8.6592
2021.0,11.0,12.0,21.0,40.0,0.0,-8.4417
2021.0,11.0,12.0,21.0,50.0,0.0,-7.2575
2021.0,11.0,12.0,22.0,0.0,0.0,-7.0371
2021.0,11.0,12.0,22.0,10.0,0.0,-7.5078
2021.0,11.0,12.0,22.0,20.0,0.0,-7.1578
2021.0,11.0,12.0,22.0,30.0,0.0,-7.1687
2021.0,11.0,12.0,22.0,40.0,0.0,-6.3844
2021.0,11.0,12.0,23.0,10.0,0.0,-5.844
2021.0,11.0,12.0,23.0,20.0,0.0,-5.6248
2021.0,11.0,12.0,23.0,30.0,0.0,-3.6682
2021.0,11.0,12.0,23.0,40.0,0.0,-3.3472
2021.0,11.0,12.0,23.0,50.0,0.0,-4.0327
2021.0,11.0,13.0,0.0,0.0,0.0,-3.2163
2021.0,11.0,13.0,0.0,10.0,0.0,-4.9429
2021.0,11.0,13.0,0.0,20.0,0.0,-5.1593
2021.0,11.0,13.0,0.0,50.0,0.0,-4.8361
2021.0,11.0,13.0,1.0,0.0,0.0,-4.2246
2021.0,11.0,13.0,1.0,10.0,0.0,-4.176
2021.0,11.0,13.0,1.0,20.0,0.0,-2.6779
2021.0,11.0,13.0,1.0,30.0,0.0,-2.6462
2021.0,11.0,13.0,1.0,40.0,0.0,-4.5808
2021.0,11.0,13.0,1.0,50.0,0.0,-3.7688
2021.0,11.0,13.0,2.0,0.0,0.0,-5.8457
2021.0,11.0,13.0,2.0,30.0,0.0,-3.6251
2021.0,11.0,13.0,2.0,40.0,0.0,-5.2768
2021.0,11.0,13.0,2.0,50.0,0.0,-5.6585
2021.0,11.0,13.0,3.0,0.0,0.0,-7.1208
2021.0,11.0,13.0,3.0,10.0,0.0,-3.59
2021.0,11.0,13.0,3.0,20.0,0.0,-8.7351
2021.0,11.0,13.0,3.0,30.0,0.0,-7.0083
2021.0,11.0,13.0,19.0,30.0,0.0,-2.7712
2021.0,11.0,13.0,20.0,0.0,0.0,-2.2295
2021.0,11.0,13.0,20.0,10.0,0.0,-2.3265
2021.0,11.0,13.0,20.0,20.0,0.0,-2.3016
2021.0,11.0,13.0,20.0,30.0,0.0,-2.139
2021.0,11.0,13.0,20.0,40.0,0.0,-1.624
2021.0,11.0,13.0,20.0,50.0,0.0,-1.6118
2021.0,11.0,13.0,21.0,0.0,0.0,-1.4127
2021.0,11.0,13.0,21.0,10.0,0.0,-1.6293
2021.0,11.0,13.0,21.0,40.0,0.0,-1.3665
2021.0,11.0,13.0,21.0,50.0,0.0,-1.2711
2021.0,11.0,13.0,22.0,0.0,0.0,-1.7236
2021.0,11.0,13.0,22.0,10.0,0.0,-1.423
2021.0,11.0,13.0,22.0,20.0,0.0,-1.3365
2021.0,11.0,13.0,22.0,30.0,0.0,-1.2969
2021.0,11.0,13.0,22.0,40.0,0.0,-1.1792
2021.0,11.0,13.0,22.0,50.0,0.0,-1.1408
2021.0,11.0,13.0,23.0,20.0,0.0,-1.2313
2021.0,11.0,13.0,23.0,30.0,0.0,-1.257
2021.0,11.0,13.0,23.0,40.0,0.0,-1.2706
2021.0,11.0,13.0,23.0,50.0,0.0,-1.2946
2021.0,11.0,14.0,0.0,0.0,0.0,-1.4194
2021.0,11.0,14.0,0.0,10.0,0.0,-1.4308
2021.0,11.0,14.0,0.0,20.0,0.0,-1.2477
2021.0,11.0,14.0,0.0,30.0,0.0,-1.3056
2021.0,11.0,14.0,1.0,0.0,0.0,-1.9714
2021.0,11.0,14.0,1.0,10.0,0.0,-1.9633
2021.0,11.0,14.0,1.0,20.0,0.0,-1.8623
2021.0,11.0,14.0,1.0,30.0,0.0,-1.832
2021.0,11.0,14.0,1.0,40.0,0.0,-1.8697
2021.0,11.0,14.0,1.0,50.0,0.0,-2.0494
2021.0,11.0,14.0,2.0,0.0,0.0,-2.3651
2021.0,11.0,14.0,2.0,10.0,0.0,-2.3499
2021.0,11.0,14.0,2.0,40.0,0.0,-2.2394
2021.0,11.0,14.0,2.0,50.0,0.0,-1.9907
2021.0,11.0,14.0,3.0,0.0,0.0,-2.5755
2021.0,11.0,14.0,3.0,10.0,0.0,-2.3148
2021.0,11.0,14.0,3.0,20.0,0.0,-2.4477
2021.0,11.0,14.0,3.0,30.0,0.0,-2.1536
2021.0,11.0,14.0,19.0,30.0,0.0,-29.7339
2021.0,11.0,14.0,19.0,40.0,0.0,-29.6042
2021.0,11.0,14.0,20.0,10.0,0.0,-29.3249
2021.0,11.0,14.0,20.0,20.0,0.0,-30.5437
2021.0,11.0,14.0,20.0,30.0,0.0,-29.4861
2021.0,11.0,14.0,20.0,40.0,0.0,-29.8595
2021.0,11.0,14.0,20.0,50.0,0.0,-30.6604
2021.0,11.0,14.0,21.0,0.0,0.0,-29.9933
2021.0,11.0,14.0,21.0,10.0,0.0,-29.9795
2021.0,11.0,14.0,23.0,40.0,0.0,-28.3095
2021.0,11.0,15.0,0.0,10.0,0.0,-27.3421
2021.0,11.0,15.0,0.0,20.0,0.0,-26.978
2021.0,11.0,15.0,0.0,30.0,0.0,-27.5974
2021.0,11.0,15.0,0.0,40.0,0.0,-27.6365
2021.0,11.0,15.0,0.0,50.0,0.0,-26.7527
2021.0,11.0,15.0,1.0,0.0,0.0,-26.3541
2021.0,11.0,15.0,1.0,10.0,0.0,-26.5981
2021.0,11.0,15.0,1.0,20.0,0.0,-25.3469
2021.0,11.0,15.0,1.0,50.0,0.0,-25.9053
2021.0,11.0,15.0,2.0,0.0,0.0,-25.9791
2021.0,11.0,15.0,2.0,10.0,0.0,-26.2444
2021.0,11.0,15.0,2.0,20.0,0.0,-24.471
2021.0,11.0,15.0,2.0,30.0,0.0,-20.7838
2021.0,11.0,15.0,2.0,40.0,0.0,-25.4467
2021.0,11.0,15.0,2.0,50.0,0.0,-25.1441
2021.0,11.0,15.0,3.0,0.0,0.0,-24.1155
2021.0,11.0,15.0,3.0,30.0,0.0,-10.4902
2021.0,11.0,15.0,22.0,20.0,0.0,-16.4741
2021.0,11.0,15.0,22.0,30.0,0.0,-17.5754
2021.0,11.0,15.0,22.0,40.0,0.0,-20.3885
2021.0,11.0,15.0,22.0,50.0,0.0,-20.408
2021.0,11.0,15.0,23.0,0.0,0.0,-20.8846
2021.0,11.0,15.0,23.0,10.0,0.0,-19.0919
2021.0,11.0,15.0,23.0,20.0,0.0,-17.6142
2021.0,11.0,15.0,23.0,50.0,0.0,-23.906
2021.0,11.0,16.0,0.0,0.0,0.0,-24.7541
2021.0,11.0,16.0,0.0,10.0,0.0,-24.4065
2021.0,11.0,16.0,0.0,20.0,0.0,-21.7712
2021.0,11.0,16.0,0.0,30.0,0.0,-23.6093
2021.0,11.0,16.0,0.0,40.0,0.0,-24.3713
2021.0,11.0,16.0,0.0,50.0,0.0,-23.7171
2021.0,11.0,16.0,1.0,0.0,0.0,-22.3659
2021.0,11.0,16.0,1.0,30.0,0.0,-22.674
2021.0,11.0,16.0,1.0,40.0,0.0,-25.3645
2021.0,11.0,16.0,1.0,50.0,0.0,-24.0782
2021.0,11.0,16.0,2.0,0.0,0.0,-23.0511
2021.0,11.0,16.0,2.0,10.0,0.0,-25.3707
2021.0,11.0,16.0,2.0,20.0,0.0,-23.9475
2021.0,11.0,16.0,2.0,30.0,0.0,-22.8524
2021.0,11.0,16.0,2.0,40.0,0.0,-24.5047
2021.0,11.0,16.0,3.0,10.0,0.0,-22.3898
2021.0,11.0,16.0,3.0,20.0,0.0,-24.2391
2021.0,11.0,16.0,3.0,30.0,0.0,-24.1723
2021.0,11.0,16.0,19.0,30.0,0.0,-7.7908
2021.0,11.0,16.0,19.0,40.0,0.0,-8.9096
2021.0,11.0,16.0,19.0,50.0,0.0,-8.2081
2021.0,11.0,16.0,20.0,0.0,0.0,-9.2397
2021.0,11.0,16.0,20.0,10.0,0.0,-9.2439
2021.0,11.0,16.0,20.0,40.0,0.0,-7.7309
2021.0,11.0,16.0,20.0,50.0,0.0,-9.2194
2021.0,11.0,16.0,21.0,0.0,0.0,-10.0875
2021.0,11.0,16.0,21.0,10.0,0.0,-9.9915
2021.0,11.0,16.0,21.0,20.0,0.0,-10.6399
2021.0,11.0,16.0,21.0,30.0,0.0,-9.6429
2021.0,11.0,16.0,21.0,40.0,0.0,-9.1454
2021.0,11.0,16.0,21.0,50.0,0.0,-6.1665
2021.0,11.0,16.0,22.0,20.0,0.0,-7.619
2021.0,11.0,16.0,22.0,30.0,0.0,-8.0807
2021.0,11.0,16.0,22.0,40.0,0.0,-7.7195
2021.0,11.0,16.0,22.0,50.0,0.0,-7.2554
2021.0,11.0,16.0,23.0,0.0,0.0,-7.895
2021.0,11.0,16.0,23.0,10.0,0.0,-8.4143
2021.0,11.0,16.0,23.0,20.0,0.0,-8.0577
2021.0,11.0,16.0,23.0,30.0,0.0,-7.8987
2021.0,11.0,17.0,0.0,0.0,0.0,-8.2298
2021.0,11.0,17.0,0.0,10.0,0.0,-7.5385
2021.0,11.0,17.0,0.0,20.0,0.0,-7.8493
2021.0,11.0,17.0,0.0,30.0,0.0,-8.505
2021.0,11.0,17.0,0.0,40.0,0.0,-9.6329
2021.0,11.0,17.0,0.0,50.0,0.0,-7.7728
2021.0,11.0,17.0,1.0,0.0,0.0,-8.1185
2021.0,11.0,17.0,1.0,10.0,0.0,-9.1014
2021.0,11.0,17.0,1.0,40.0,0.0,-11.1015
2021.0,11.0,17.0,1.0,50.0,0.0,-21.9436
2021.0,11.0,17.0,2.0,0.0,0.0,-23.6583
2021.0,11.0,17.0,2.0,10.0,0.0,-21.6738
2021.0,11.0,17.0,2.0,20.0,0.0,-17.0477
2021.0,11.0,17.0,2.0,30.0,0.0,-10.001
2021.0,11.0,17.0,2.0,40.0,0.0,-8.2396
2021.0,11.0,17.0,2.0,50.0,0.0,-8.0295
2021.0,11.0,17.0,3.0,20.0,0.0,-11.2471
2021.0,11.0,17.0,3.0,30.0,0.0,-9.4045
2021.0,11.0,17.0,19.0,30.0,0.0,-12.8753
2021.0,11.0,17.0,19.0,40.0,0.0,-8.8132
2021.0,11.0,17.0,19.0,50.0,0.0,-11.33
2021.0,11.0,17.0,20.0,0.0,0.0,-9.5935
2021.0,11.0,17.0,20.0,10.0,0.0,-14.8045
2021.0,11.0,17.0,20.0,20.0,0.0,-13.0216
2021.0,11.0,17.0,20.0,50.0,0.0,-17.0267
2021.0,11.0,17.0,21.0,0.0,0.0,-14.8423
2021.0,11.0,17.0,21.0,10.0,0.0,-17.4135
2021.0,11.0,17.0,21.0,20.0,0.0,-15.092
2021.0,11.0,17.0,21.0,30.0,0.0,-15.1516
2021.0,11.0,17.0,21.0,40.0,0.0,-13.3021
2021.0,11.0,17.0,21.0,50.0,0.0,-11.2361
2021.0,11.0,17.0,22.0,0.0,0.0,-10.8387
2021.0,11.0,17.0,22.0,30.0,0.0,-8.7245
2021.0,11.0,17.0,22.0,40.0,0.0,-12.4002
2021.0,11.0,17.0,22.0,50.0,0.0,-12.6272
2021.0,11.0,17.0,23.0,0.0,0.0,-11.7864
2021.0,11.0,17.0,23.0,10.0,0.0,-7.7147
2021.0,11.0,17.0,23.0,20.0,0.0,-8.4396
2021.0,11.0,17.0,23.0,30.0,0.0,-8.2638
2021.0,11.0,17.0,23.0,40.0,0.0,-11.8577
2021.0,11.0,18.0,0.0,10.0,0.0,-2.7846
2021.0,11.0,18.0,0.0,20.0,0.0,-2.8136
2021.0,11.0,18.0,0.0,30.0,0.0,-4.0199
2021.0,11.0,18.0,0.0,40.0,0.0,-4.5444
2021.0,11.0,18.0,0.0,50.0,0.0,-4.6046
2021.0,11.0,18.0,1.0,0.0,0.0,-4.7215
2021.0,11.0,18.0,1.0,10.0,0.0,-5.5543
2021.0,11.0,18.0,1.0,20.0,0.0,-6.2937
2021.0,11.0,18.0,1.0,50.0,0.0,-5.94
2021.0,11.0,18.0,2.0,0.0,0.0,-5.0977
2021.0,11.0,18.0,2.0,10.0,0.0,-3.6183
2021.0,11.0,18.0,2.0,20.0,0.0,-4.6531
2021.0,11.0,18.0,2.0,30.0,0.0,-2.0254
2021.0,11.0,18.0,2.0,40.0,0.0,-1.8515
2021.0,11.0,18.0,2.0,50.0,0.0,-1.9112
2021.0,11.0,18.0,3.0,0.0,0.0,-1.6666
2021.0,11.0,18.0,3.0,30.0,0.0,-1.5986
2021.0,11.0,18.0,19.0,30.0,0.0,-3.1389
2021.0,11.0,18.0,19.0,40.0,0.0,-3.3692
2021.0,11.0,18.0,19.0,50.0,0.0,-3.563
2021.0,11.0,18.0,20.0,0.0,0.0,-3.7345
2021.0,11.0,18.0,20.0,10.0,0.0,-6.8656
2021.0,11.0,18.0,20.0,20.0,0.0,-7.969
2021.0,11.0,18.0,20.0,30.0,0.0,-7.9352
2021.0,11.0,18.0,21.0,0.0,0.0,-6.8799
2021.0,11.0,18.0,21.0,10.0,0.0,-7.3813
2021.0,11.0,18.0,21.0,20.0,0.0,-5.362
2021.0,11.0,18.0,21.0,30.0,0.0,-7.7869
2021.0,11.0,18.0,21.0,40.0,0.0,-8.1142
2021.0,11.0,18.0,21.0,50.0,0.0,-9.71
2021.0,11.0,18.0,22.0,0.0,0.0,-9.2628
2021.0,11.0,18.0,22.0,10.0,0.0,-12.981
2021.0,11.0,18.0,22.0,40.0,0.0,-5.0071
2021.0,11.0,18.0,22.0,50.0,0.0,-4.5388
2021.0,11.0,18.0,23.0,0.0,0.0,-1.4419
2021.0,11.0,18.0,23.0,10.0,0.0,-1.9007
2021.0,11.0,18.0,23.0,20.0,0.0,-1.5691
2021.0,11.0,18.0,23.0,30.0,0.0,-1.3997
2021.0,11.0,18.0,23.0,40.0,0.0,-1.1547
2021.0,11.0,18.0,23.0,50.0,0.0,-0.9064
2021.0,11.0,19.0,0.0,20.0,0.0,-0.6464
2021.0,11.0,19.0,0.0,30.0,0.0,-0.6788
2021.0,11.0,19.0,0.0,40.0,0.0,-0.6692
2021.0,11.0,19.0,0.0,50.0,0.0,-0.6526
2021.0,11.0,19.0,1.0,0.0,0.0,-0.7722
2021.0,11.0,19.0,1.0,10.0,0.0,-0.7446
2021.0,11.0,19.0,1.0,20.0,0.0,-0.8104
2021.0,11.0,19.0,1.0,30.0,0.0,-0.6683
2021.0,11.0,19.0,2.0,0.0,0.0,-0.9152
2021.0,11.0,19.0,2.0,10.0,0.0,-1.1117
2021.0,11.0,19.0,2.0,20.0,0.0,-0.9629
2021.0,11.0,19.0,2.0,30.0,0.0,-0.9566
2021.0,11.0,19.0,2.0,40.0,0.0,-0.9174
2021.0,11.0,19.0,2.0,50.0,0.0,-0.7616
2021.0,11.0,19.0,3.0,0.0,0.0,-0.7258
2021.0,11.0,19.0,3.0,10.0,0.0,-0.8255
2021.0,11.0,19.0,19.0,30.0,0.0,-26.4134
2021.0,11.0,19.0,19.0,40.0,0.0,-24.1711
2021.0,11.0,19.0,19.0,50.0,0.0,-21.073
2021.0,11.0,19.0,20.0,0.0,0.0,-21.2035
2021.0,11.0,19.0,20.0,10.0,0.0,-23.3326
2021.0,11.0,19.0,20.0,20.0,0.0,-25.4287
2021.0,11.0,19.0,20.0,30.0,0.0,-26.5249
2021.0,11.0,19.0,20.0,40.0,0.0,-26.449
2021.0,11.0,19.0,21.0,10.0,0.0,-26.0865
2021.0,11.0,19.0,21.0,20.0,0.0,-26.2702
2021.0,11.0,19.0,21.0,30.0,0.0,-26.9615
2021.0,11.0,19.0,21.0,40.0,0.0,-25.2963
2021.0,11.0,19.0,21.0,50.0,0.0,-26.0602
2021.0,11.0,19.0,22.0,0.0,0.0,-25.593
2021.0,11.0,19.0,22.0,10.0,0.0,-25.7338
2021.0,11.0,19.0,22.0,20.0,0.0,-26.5282
2021.0,11.0,19.0,22.0,50.0,0.0,-24.1087
2021.0,11.0,19.0,23.0,0.0,0.0,-5.4502
2021.0,11.0,19.0,23.0,10.0,0.0,-11.4474
2021.0,11.0,19.0,23.0,20.0,0.0,-26.9044
2021.0,11.0,19.0,23.0,30.0,0.0,-19.9658
2021.0,11.0,19.0,23.0,40.0,0.0,-26.2959
2021.0,11.0,19.0,23.0,50.0,0.0,-26.4018
2021.0,11.0,20.0,0.0,0.0,0.0,-26.6942
2021.0,11.0,20.0,0.0,30.0,0.0,-25.6744
2021.0,11.0,20.0,0.0,40.0,0.0,-27.2324
2021.0,11.0,20.0,0.0,50.0,0.0,-26.2333
2021.0,11.0,20.0,1.0,0.0,0.0,-26.6375
2021.0,11.0,20.0,1.0,10.0,0.0,-26.9398
2021.0,11.0,20.0,1.0,20.0,0.0,-26.7335
2021.0,11.0,20.0,1.0,30.0,0.0,-26.6238
2021.0,11.0,20.0,1.0,40.0,0.0,-26.2189
2021.0,11.0,20.0,2.0,10.0,0.0,-24.6392
2021.0,11.0,20.0,2.0,20.0,0.0,-25.6395
2021.0,11.0,20.0,2.0,30.0,0.0,-25.4812
2021.0,11.0,20.0,2.0,40.0,0.0,-25.6234
2021.0,11.0,20.0,2.0,50.0,0.0,-24.4493
2021.0,11.0,20.0,3.0,0.0,0.0,-24.8778
2021.0,11.0,20.0,3.0,10.0,0.0,-24.2221
2021.0,11.0,20.0,3.0,20.0,0.0,-23.4568
2021.0,11.0,20.0,19.0,40.0,0.0,-20.6755
2021.0,11.0,20.0,19.0,50.0,0.0,-21.1801
2021.0,11.0,20.0,20.0,0.0,0.0,-22.3952
2021.0,11.0,20.0,20.0,10.0,0.0,-22.217
2021.0,11.0,20.0,20.0,20.0,0.0,-16.9466
2021.0,11.0,20.0,20.0,30.0,0.0,-11.4243
2021.0,11.0,20.0,20.0,40.0,0.0,-9.5988
2021.0,11.0,20.0,20.0,50.0,0.0,-9.2307
2021.0,11.0,20.0,21.0,20.0,0.0,-15.2536
2021.0,11.0,20.0,21.0,30.0,0.0,-15.4757
2021.0,11.0,20.0,21.0,40.0,0.0,-15.2569
2021.0,11.0,20.0,21.0,50.0,0.0,-13.0218
2021.0,11.0,20.0,22.0,0.0,0.0,-10.1132
2021.0,11.0,20.0,22.0,10.0,0.0,-9.9769
2021.0,11.0,20.0,22.0,20.0,0.0,-9.074
2021.0,11.0,20.0,22.0,30.0,0.0,-10.7464
2021.0,11.0,20.0,23.0,0.0,0.0,-12.3071
2021.0,11.0,20.0,23.0,10.0,0.0,-15.3943
2021.0,11.0,20.0,23.0,20.0,0.0,-21.9523
2021.0,11.0,20.0,23.0,30.0,0.0,-22.533
2021.0,11.0,20.0,23.0,40.0,0.0,-23.7163
2021.0,11.0,20.0,23.0,50.0,0.0,-22.7127
2021.0,11.0,21.0,0.0,0.0,0.0,-21.7848
2021.0,11.0,21.0,0.0,10.0,0.0,-24.0091
2021.0,11.0,21.0,0.0,40.0,0.0,-25.6646
2021.0,11.0,21.0,0.0,50.0,0.0,-25.9514
2021.0,11.0,21.0,1.0,0.0,0.0,-27.3541
2021.0,11.0,21.0,1.0,10.0,0.0,-25.0661
2021.0,11.0,21.0,1.0,20.0,0.0,-23.549
2021.0,11.0,21.0,1.0,30.0,0.0,-24.5948
2021.0,11.0,21.0,1.0,40.0,0.0,-20.6222
2021.0,11.0,21.0,1.0,50.0,0.0,-13.879
2021.0,11.0,21.0,2.0,20.0,0.0,-16.2991
2021.0,11.0,21.0,2.0,30.0,0.0,-16.5186
2021.0,11.0,21.0,2.0,40.0,0.0,-12.5679
2021.0,11.0,21.0,2.0,50.0,0.0,-18.319
2021.0,11.0,21.0,3.0,0.0,0.0,-20.6477
2021.0,11.0,21.0,3.0,10.0,0.0,-23.0774
2021.0,11.0,21.0,3.0,20.0,0.0,-20.3114
2021.0,11.0,21.0,3.0,30.0,0.0,-19.4759
2021.0,11.0,21.0,19.0,50.0,0.0,-2.545
2021.0,11.0,21.0,20.0,0.0,0.0,-2.7353
2021.0,11.0,21.0,20.0,10.0,0.0,-2.6791
2021.0,11.0,21.0,20.0,20.0,0.0,-5.5672
2021.0,11.0,21.0,20.0,30.0,0.0,-6.7416
2021.0,11.0,21.0,20.0,40.0,0.0,-5.2725
2021.0,11.0,21.0,20.0,50.0,0.0,-7.0616
2021.0,11.0,21.0,21.0,0.0,0.0,-4.0714
2021.0,11.0,21.0,21.0,30.0,0.0,-3.9555
2021.0,11.0,21.0,21.0,40.0,0.0,-6.6783
2021.0,11.0,21.0,21.0,50.0,0.0,-14.7181
2021.0,11.0,21.0,22.0,0.0,0.0,-2.5544
2021.0,11.0,21.0,22.0,10.0,0.0,-2.8075
2021.0,11.0,21.0,22.0,20.0,0.0,-4.6242
2021.0,11.0,21.0,22.0,30.0,0.0,-8.5381
2021.0,11.0,21.0,22.0,40.0,0.0,-8.9779
2021.0,11.0,21.0,23.0,10.0,0.0,-20.8097
2021.0,11.0,21.0,23.0,20.0,0.0,-18.0568
2021.0,11.0,21.0,23.0,30.0,0.0,-16.6662
2021.0,11.0,21.0,23.0,40.0,0.0,-18.4146
2021.0,11.0,21.0,23.0,50.0,0.0,-16.9704
2021.0,11.0,22.0,0.0,0.0,0.0,-16.5973
2021.0,11.0,22.0,0.0,10.0,0.0,-15.0007
2021.0,11.0,22.0,0.0,20.0,0.0,-10.9184
2021.0,11.0,22.0,0.0,50.0,0.0,-11.1876
2021.0,11.0,22.0,1.0,0.0,0.0,-12.1381
2021.0,11.0,22.0,1.0,10.0,0.0,-2.597
2021.0,11.0,22.0,1.0,20.0,0.0,-7.1943
2021.0,11.0,22.0,1.0,30.0,0.0,-8.9853
2021.0,11.0,22.0,1.0,40.0,0.0,-9.75
2021.0,11.0,22.0,1.0,50.0,0.0,-9.3916
2021.0,11.0,22.0,2.0,0.0,0.0,-8.267
2021.0,11.0,22.0,2.0,30.0,0.0,-4.5331
2021.0,11.0,22.0,2.0,40.0,0.0,-1.1458
2021.0,11.0,22.0,2.0,50.0,0.0,-2.1167
2021.0,11.0,22.0,3.0,0.0,0.0,-2.7427
2021.0,11.0,22.0,3.0,10.0,0.0,-3.5108
2021.0,11.0,22.0,3.0,20.0,0.0,-3.1536
2021.0,11.0,22.0,3.0,30.0,0.0,-2.763
2021.0,11.0,22.0,19.0,30.0,0.0,-4.7888
2021.0,11.0,22.0,20.0,0.0,0.0,-5.3799
2021.0,11.0,22.0,20.0,10.0,0.0,-4.9803
2021.0,11.0,22.0,20.0,20.0,0.0,-4.6747
2021.0,11.0,22.0,20.0,30.0,0.0,-4.6181
2021.0,11.0,22.0,20.0,40.0,0.0,-4.5607
2021.0,11.0,22.0,20.0,50.0,0.0,-4.5924
2021.0,11.0,22.0,21.0,0.0,0.0,-4.8355
2021.0,11.0,22.0,21.0,10.0,0.0,-4.9318
2021.0,11.0,22.0,21.0,40.0,0.0,-5.266
2021.0,11.0,22.0,21.0,50.0,0.0,-5.025
2021.0,11.0,22.0,22.0,0.0,0.0,-5.4658
2021.0,11.0,22.0,22.0,10.0,0.0,-5.1618
2021.0,11.0,22.0,22.0,20.0,0.0,-4.2737
2021.0,11.0,22.0,22.0,30.0,0.0,-4.1124
2021.0,11.0,22.0,22.0,40.0,0.0,-4.0991
2021.0,11.0,22.0,22.0,50.0,0.0,-4.5188
2021.0,11.0,22.0,23.0,20.0,0.0,-4.207
2021.0,11.0,22.0,23.0,30.0,0.0,-4.1896
2021.0,11.0,22.0,23.0,40.0,0.0,-4.4419
2021.0,11.0,22.0,23.0,50.0,0.0,-4.8063
2021.0,11.0,23.0,0.0,0.0,0.0,-4.9383
2021.0,11.0,23.0,0.0,10.0,0.0,-5.0478
2021.0,11.0,23.0,0.0,20.0,0.0,-5.3678
2021.0,11.0,23.0,0.0,30.0,0.0,-5.0564
2021.0,11.0,23.0,1.0,0.0,0.0,-4.9754
2021.0,11.0,23.0,1.0,10.0,0.0,-5.3504
2021.0,11.0,23.0,1.0,20.0,0.0,-5.4266
2021.0,11.0,23.0,1.0,30.0,0.0,-5.6765
2021.0,11.0,23.0,1.0,40.0,0.0,-5.5316
2021.0,11.0,23.0,1.0,50.0,0.0,-5.4245
2021.0,11.0,23.0,2.0,0.0,0.0,-5.5412
2021.0,11.0,23.0,2.0,10.0,0.0,-5.477
2021.0,11.0,23.0,2.0,40.0,0.0,-5.2043
2021.0,11.0,23.0,2.0,50.0,0.0,-5.4544
2021.0,11.0,23.0,3.0,0.0,0.0,-5.4176
2021.0,11.0,23.0,3.0,10.0,0.0,-5.5368
2021.0,11.0,23.0,3.0,20.0,0.0,-5.4388
2021.0,11.0,23.0,3.0,30.0,0.0,-5.4836
2021.0,11.0,23.0,19.0,30.0,0.0,-4.7712
2021.0,11.0,23.0,19.0,40.0,0.0,-5.2035
2021.0,11.0,23.0,20.0,10.0,0.0,-5.4718
2021.0,11.0,23.0,20.0,20.0,0.0,-5.5368
2021.0,11.0,23.0,20.0,30.0,0.0,-5.969
2021.0,11.0,23.0,20.0,40.0,0.0,-6.4192
2021.0,11.0,23.0,20.0,50.0,0.0,-6.455
2021.0,11.0,23.0,21.0,0.0,0.0,-6.1344
2021.0,11.0,23.0,21.0,10.0,0.0,-6.1738
2021.0,11.0,23.0,21.0,20.0,0.0,-6.2488
2021.0,11.0,23.0,21.0,50.0,0.0,-6.19
2021.0,11.0,23.0,22.0,0.0,0.0,-6.1573
2021.0,11.0,23.0,22.0,10.0,0.0,-6.2796
2021.0,11.0,23.0,22.0,20.0,0.0,-6.2126
2021.0,11.0,23.0,22.0,30.0,0.0,-6.213
2021.0,11.0,23.0,22.0,40.0,0.0,-6.1189
2021.0,11.0,23.0,22.0,50.0,0.0,-5.9025
2021.0,11.0,23.0,23.0,0.0,0.0,-6.051
2021.0,11.0,23.0,23.0,30.0,0.0,-5.9252
2021.0,11.0,23.0,23.0,40.0,0.0,-5.9736
2021.0,11.0,23.0,23.0,50.0,0.0,-5.8508
2021.0,11.0,24.0,0.0,0.0,0.0,-5.67
2021.0,11.0,24.0,0.0,10.0,0.0,-5.8169
2021.0,11.0,24.0,0.0,20.0,0.0,-5.6077
2021.0,11.0,24.0,0.0,30.0,0.0,-5.7727
2021.0,11.0,24.0,0.0,40.0,0.0,-5.8234
2021.0,11.0,24.0,1.0,10.0,0.0,-5.8714
2021.0,11.0,24.0,1.0,20.0,0.0,-5.7524
2021.0,11.0,24.0,1.0,30.0,0.0,-5.6999
2021.0,11.0,24.0,1.0,40.0,0.0,-5.5756
2021.0,11.0,24.0,1.0,50.0,0.0,-5.5219
2021.0,11.0,24.0,2.0,0.0,0.0,-5.5127
2021.0,11.0,24.0,2.0,10.0,0.0,-5.4514
2021.0,11.0,24.0,2.0,20.0,0.0,-5.3959
2021.0,11.0,24.0,2.0,50.0,0.0,-4.9792
2021.0,11.0,24.0,3.0,0.0,0.0,-5.136
2021.0,11.0,24.0,3.0,10.0,0.0,-4.7677
2021.0,11.0,24.0,3.0,20.0,0.0,-4.8385
2021.0,11.0,24.0,3.0,30.0,0.0,-4.8917
2021.0,11.0,24.0,19.0,30.0,0.0,-5.0577
2021.0,11.0,24.0,19.0,40.0,0.0,-5.2813
2021.0,11.0,24.0,19.0,50.0,0.0,-4.8113
2021.0,11.0,24.0,20.0,20.0,0.0,-5.4531
2021.0,11.0,24.0,20.0,30.0,0.0,-4.5414
2021.0,11.0,24.0,20.0,40.0,0.0,-4.6898
2021.0,11.0,24.0,20.0,50.0,0.0,-4.6391
2021.0,11.0,24.0,21.0,0.0,0.0,-4.5807
2021.0,11.0,24.0,21.0,10.0,0.0,-4.863
2021.0,11.0,24.0,21.0,20.0,0.0,-5.9437
2021.0,11.0,24.0,21.0,30.0,0.0,-5.0423
2021.0,11.0,24.0,22.0,0.0,0.0,-4.4247
2021.0,11.0,24.0,22.0,10.0,0.0,-4.5884
2021.0,11.0,24.0,22.0,20.0,0.0,-4.2231
2021.0,11.0,24.0,22.0,30.0,0.0,-4.3403
2021.0,11.0,24.0,22.0,40.0,0.0,-3.8609
2021.0,11.0,24.0,22.0,50.0,0.0,-4.0066
2021.0,11.0,24.0,23.0,0.0,0.0,-4.0653
2021.0,11.0,24.0,23.0,10.0,0.0,-4.0807
2021.0,11.0,24.0,23.0,40.0,0.0,-8.4556
2021.0,11.0,24.0,23.0,50.0,0.0,-9.36
2021.0,11.0,25.0,0.0,0.0,0.0,-11.1861
2021.0,11.0,25.0,0.0,10.0,0.0,-13.6347
2021.0,11.0,25.0,0.0,20.0,0.0,-11.422
2021.0,11.0,25.0,0.0,30.0,0.0,-13.5418
2021.0,11.0,25.0,0.0,40.0,0.0,-10.4803
2021.0,11.0,25.0,0.0,50.0,0.0,-6.9865
2021.0,11.0,25.0,1.0,20.0,0.0,-8.4832
2021.0,11.0,25.0,1.0,30.0,0.0,-9.1691
2021.0,11.0,25.0,1.0,40.0,0.0,-13.8255
2021.0,11.0,25.0,1.0,50.0,0.0,-17.8021
2021.0,11.0,25.0,2.0,0.0,0.0,-16.0077
2021.0,11.0,25.0,2.0,10.0,0.0,-15.5126
2021.0,11.0,25.0,2.0,20.0,0.0,-13.5142
2021.0,11.0,25.0,2.0,30.0,0.0,-15.0632
2021.0,11.0,25.0,3.0,0.0,0.0,-12.4703
2021.0,11.0,25.0,3.0,10.0,0.0,-14.1956
2021.0,11.0,25.0,3.0,20.0,0.0,-13.8122
2021.0,11.0,25.0,3.0,30.0,0.0,-13.8516
2021.0,11.0,25.0,19.0,30.0,0.0,-12.085
2021.0,11.0,25.0,21.0,40.0,0.0,-2.8577
2021.0,11.0,25.0,21.0,50.0,0.0,-2.7482
2021.0,11.0,25.0,22.0,0.0,0.0,-2.7618
2021.0,11.0,25.0,22.0,30.0,0.0,-2.8335
2021.0,11.0,25.0,22.0,40.0,0.0,-2.5163
2021.0,11.0,25.0,22.0,50.0,0.0,-2.8469
2021.0,11.0,25.0,23.0,0.0,0.0,-2.6448
2021.0,11.0,25.0,23.0,10.0,0.0,-2.8035
2021.0,11.0,25.0,23.0,20.0,0.0,-2.8408
2021.0,11.0,25.0,23.0,30.0,0.0,-2.6759
2021.0,11.0,25.0,23.0,40.0,0.0,-2.7267
2021.0,11.0,26.0,0.0,10.0,0.0,-2.5045
2021.0,11.0,26.0,0.0,20.0,0.0,-2.1933
2021.0,11.0,26.0,0.0,30.0,0.0,-1.9722
2021.0,11.0,26.0,0.0,40.0,0.0,-1.8635
2021.0,11.0,26.0,0.0,50.0,0.0,-1.9363
2021.0,11.0,26.0,1.0,0.0,0.0,-1.8316
2021.0,11.0,26.0,1.0,10.0,0.0,-1.7065
2021.0,11.0,26.0,1.0,20.0,0.0,-1.4921
2021.0,11.0,26.0,1.0,50.0,0.0,-1.456
2021.0,11.0,26.0,2.0,0.0,0.0,-1.4861
2021.0,11.0,26.0,2.0,10.0,0.0,-1.7603
2021.0,11.0,26.0,2.0,20.0,0.0,-1.7224
2021.0,11.0,26.0,2.0,30.0,0.0,-3.2164
2021.0,11.0,26.0,2.0,40.0,0.0,-1.6624
2021.0,11.0,26.0,2.0,50.0,0.0,-1.6429
2021.0,11.0,26.0,3.0,0.0,0.0,-2.6539
2021.0,11.0,26.0,3.0,30.0,0.0,-1.7317
2021.0,11.0,26.0,19.0,30.0,0.0,-8.0461
2021.0,11.0,26.0,19.0,40.0,0.0,-10.0417
2021.0,11.0,26.0,19.0,50.0,0.0,-11.9208
2021.0,11.0,26.0,20.0,0.0,0.0,-11.1798
2021.0,11.0,26.0,20.0,10.0,0.0,-8.9174
2021.0,11.0,26.0,20.0,20.0,0.0,-8.8458
2021.0,11.0,26.0,20.0,30.0,0.0,-10.7555
2021.0,11.0,26.0,21.0,0.0,0.0,-6.4452
2021.0,11.0,26.0,21.0,10.0,0.0,-8.0295
2021.0,11.0,26.0,21.0,20.0,0.0,-8.9661
2021.0,11.0,26.0,21.0,30.0,0.0,-8.8484
2021.0,11.0,26.0,21.0,40.0,0.0,-6.386
2021.0,11.0,26.0,21.0,50.0,0.0,-5.4243
2021.0,11.0,26.0,22.0,0.0,0.0,-4.1051
2021.0,11.0,26.0,22.0,10.0,0.0,-5.7177
2021.0,11.0,26.0,22.0,40.0,0.0,-7.1847
2021.0,11.0,26.0,22.0,50.0,0.0,-6.7769
2021.0,11.0,26.0,23.0,0.0,0.0,-6.9915
2021.0,11.0,26.0,23.0,10.0,0.0,-7.3217
2021.0,11.0,26.0,23.0,20.0,0.0,-8.6104
2021.0,11.0,26.0,23.0,30.0,0.0,-7.7426
2021.0,11.0,26.0,23.0,40.0,0.0,-7.9928
2021.0,11.0,26.0,23.0,50.0,0.0,-7.2287
2021.0,11.0,27.0,0.0,20.0,0.0,-7.0358
2021.0,11.0,27.0,0.0,30.0,0.0,-7.1918
2021.0,11.0,27.0,0.0,40.0,0.0,-7.8095
2021.0,11.0,27.0,0.0,50.0,0.0,-6.7969
2021.0,11.0,27.0,1.0,0.0,0.0,-6.9433
2021.0,11.0,27.0,1.0,10.0,0.0,-5.975
2021.0,11.0,27.0,1.0,20.0,0.0,-6.3057
2021.0,11.0,27.0,1.0,30.0,0.0,-7.0457
2021.0,11.0,27.0,2.0,0.0,0.0,-4.8597
2021.0,11.0,27.0,2.0,10.0,0.0,-4.0604
2021.0,11.0,27.0,2.0,20.0,0.0,-4.813
2021.0,11.0,27.0,2.0,30.0,0.0,-6.5502
2021.0,11.0,27.0,2.0,40.0,0.0,-5.2795
2021.0,11.0,27.0,2.0,50.0,0.0,-5.3982
2021.0,11.0,27.0,3.0,0.0,0.0,-6.6051
2021.0,11.0,27.0,3.0,10.0,0.0,-4.1772
2021.0,11.0,27.0,19.0,30.0,0.0,-24.8224
2021.0,11.0,27.0,19.0,40.0,0.0,-22.9062
2021.0,11.0,27.0,19.0,50.0,0.0,-25.21
2021.0,11.0,27.0,20.0,0.0,0.0,-23.5878
2021.0,11.0,27.0,20.0,10.0,0.0,-24.868
2021.0,11.0,27.0,20.0,20.0,0.0,-26.3559
2021.0,11.0,27.0,20.0,30.0,0.0,-26.2448
2021.0,11.0,27.0,20.0,40.0,0.0,-25.8747
2021.0,11.0,27.0,21.0,10.0,0.0,-26.5117
2021.0,11.0,27.0,21.0,20.0,0.0,-26.2839
2021.0,11.0,27.0,21.0,30.0,0.0,-26.421
2021.0,11.0,27.0,21.0,40.0,0.0,-26.7147
2021.0,11.0,27.0,21.0,50.0,0.0,-27.6241
2021.0,11.0,27.0,22.0,0.0,0.0,-25.9874
2021.0,11.0,27.0,22.0,10.0,0.0,-26.6629
2021.0,11.0,27.0,22.0,20.0,0.0,-26.6028
2021.0,11.0,27.0,22.0,50.0,0.0,-18.8789
2021.0,11.0,27.0,23.0,0.0,0.0,-15.9355
2021.0,11.0,27.0,23.0,10.0,0.0,-14.2341
2021.0,11.0,27.0,23.0,20.0,0.0,-12.6324
2021.0,11.0,27.0,23.0,30.0,0.0,-11.1538
2021.0,11.0,27.0,23.0,40.0,0.0,-9.4491
2021.0,11.0,27.0,23.0,50.0,0.0,-10.8514
2021.0,11.0,28.0,0.0,0.0,0.0,-7.8109
2021.0,11.0,28.0,0.0,30.0,0.0,-6.1795
2021.0,11.0,28.0,0.0,40.0,0.0,-8.5375
2021.0,11.0,28.0,0.0,50.0,0.0,-8.7448
2021.0,11.0,28.0,1.0,0.0,0.0,-7.7076
2021.0,11.0,28.0,1.0,10.0,0.0,-8.2361
2021.0,11.0,28.0,1.0,20.0,0.0,-6.4314
2021.0,11.0,28.0,1.0,30.0,0.0,-6.5506
2021.0,11.0,28.0,1.0,40.0,0.0,-8.0567
2021.0,11.0,28.0,2.0,10.0,0.0,-10.2879
2021.0,11.0,28.0,2.0,20.0,0.0,-11.4277
2021.0,11.0,28.0,2.0,30.0,0.0,-16.1852
2021.0,11.0,28.0,2.0,40.0,0.0,-10.2885
2021.0,11.0,28.0,2.0,50.0,0.0,-9.3976
2021.0,11.0,28.0,3.0,0.0,0.0,-9.4443
2021.0,11.0,28.0,3.0,10.0,0.0,-8.1816
2021.0,11.0,28.0,3.0,20.0,0.0,-7.1586
2021.0,11.0,28.0,19.0,40.0,0.0,-11.4648
2021.0,11.0,28.0,19.0,50.0,0.0,-10.7878
2021.0,11.0,28.0,20.0,0.0,0.0,-11.0921
2021.0,11.0,28.0,20.0,10.0,0.0,-10.3746
2021.0,11.0,28.0,20.0,20.0,0.0,-10.3948
2021.0,11.0,28.0,20.0,30.0,0.0,-10.0353
2021.0,11.0,28.0,20.0,40.0,0.0,-10.907
2021.0,11.0,28.0,20.0,50.0,0.0,-8.572
2021.0,11.0,28.0,21.0,20.0,0.0,-13.1293
2021.0,11.0,28.0,21.0,30.0,0.0,-14.0091
2021.0,11.0,28.0,21.0,40.0,0.0,-14.9989
2021.0,11.0,28.0,21.0,50.0,0.0,-14.4299
2021.0,11.0,28.0,22.0,0.0,0.0,-18.1323
2021.0,11.0,28.0,22.0,10.0,0.0,-24.6614
2021.0,11.0,28.0,22.0,20.0,0.0,-21.7049
2021.0,11.0,28.0,22.0,30.0,0.0,-13.8954
2021.0,11.0,28.0,23.0,0.0,0.0,-23.0729
2021.0,11.0,28.0,23.0,10.0,0.0,-20.6577
2021.0,11.0,28.0,23.0,20.0,0.0,-16.5357
2021.0,11.0,28.0,23.0,30.0,0.0,-15.0912
2021.0,11.0,28.0,23.0,40.0,0.0,-14.085
2021.0,11.0,28.0,23.0,50.0,0.0,-11.203
2021.0,11.0,29.0,0.0,0.0,0.0,-10.0377
2021.0,11.0,29.0,0.0,10.0,0.0,-9.9428
2021.0,11.0,29.0,0.0,40.0,0.0,-9.0657
2021.0,11.0,29.0,0.0,50.0,0.0,-9.0962
2021.0,11.0,29.0,1.0,0.0,0.0,-9.7179
2021.0,11.0,29.0,1.0,10.0,0.0,-9.5902
2021.0,11.0,29.0,1.0,20.0,0.0,-9.4757
2021.0,11.0,29.0,1.0,30.0,0.0,-9.4404
2021.0,11.0,29.0,1.0,40.0,0.0,-10.4204
2021.0,11.0,29.0,1.0,50.0,0.0,-12.8736
2021.0,11.0,29.0,2.0,20.0,0.0,-22.4623
2021.0,11.0,29.0,2.0,30.0,0.0,-25.23
2021.0,11.0,29.0,2.0,40.0,0.0,-22.5449
2021.0,11.0,29.0,2.0,50.0,0.0,-24.4279
2021.0,11.0,29.0,3.0,0.0,0.0,-25.5486
2021.0,11.0,29.0,3.0,10.0,0.0,-25.0484
2021.0,11.0,29.0,3.0,20.0,0.0,-26.743
2021.0,11.0,29.0,3.0,30.0,0.0,-25.6286
2021.0,11.0,29.0,22.0,50.0,0.0,-20.3299
2021.0,11.0,29.0,23.0,0.0,0.0,-18.2359
2021.0,11.0,29.0,23.0,10.0,0.0,-18.0308
2021.0,11.0,29.0,23.0,20.0,0.0,-17.6895
2021.0,11.0,29.0,23.0,30.0,0.0,-12.7758
2021.0,11.0,29.0,23.0,40.0,0.0,-7.5923
2021.0,11.0,29.0,23.0,50.0,0.0,-8.4288
2021.0,11.0,30.0,0.0,0.0,0.0,-13.0292
2021.0,11.0,30.0,0.0,30.0,0.0,-15.0353
2021.0,11.0,30.0,0.0,40.0,0.0,-17.2462
2021.0,11.0,30.0,0.0,50.0,0.0,-10.6251
2021.0,11.0,30.0,1.0,0.0,0.0,-10.5461
2021.0,11.0,30.0,1.0,10.0,0.0,-5.3488
2021.0,11.0,30.0,1.0,20.0,0.0,-2.8494
2021.0,11.0,30.0,1.0,30.0,0.0,-0.8621
2021.0,11.0,30.0,1.0,40.0,0.0,-3.6957
2021.0,11.0,30.0,2.0,10.0,0.0,-1.7282
2021.0,11.0,30.0,2.0,20.0,0.0,-2.4608
2021.0,11.0,30.0,2.0,30.0,0.0,-2.9097
2021.0,11.0,30.0,2.0,40.0,0.0,-7.3347
2021.0,11.0,30.0,2.0,50.0,0.0,-12.8635
2021.0,11.0,30.0,3.0,0.0,0.0,-14.1227
2021.0,11.0,30.0,3.0,10.0,0.0,-2.5677
2021.0,11.0,30.0,3.0,20.0,0.0,-0.6634
2021.0,11.0,30.0,19.0,40.0,0.0,-5.0432
2021.0,11.0,30.0,19.0,50.0,0.0,-5.4351
2021.0,11.0,30.0,20.0,0.0,0.0,-6.1978
2021.0,11.0,30.0,20.0,10.0,0.0,-5.0838
2021.0,11.0,30.0,20.0,20.0,0.0,-5.4317
2021.0,11.0,30.0,20.0,30.0,0.0,-5.0546
2021.0,11.0,30.0,20.0,40.0,0.0,-4.7894
2021.0,11.0,30.0,20.0,50.0,0.0,-5.2288
2021.0,11.0,30.0,21.0,20.0,0.0,-6.2039
2021.0,11.0,30.0,21.0,30.0,0.0,-5.529
2021.0,11.0,30.0,21.0,40.0,0.0,-5.5042
2021.0,11.0,30.0,21.0,50.0,0.0,-5.9907
2021.0,11.0,30.0,22.0,0.0,0.0,-5.6824
2021.0,11.0,30.0,22.0,10.0,0.0,-6.1639
2021.0,11.0,30.0,22.0,20.0,0.0,-5.982
2021.0,11.0,30.0,22.0,30.0,0.0,-6.7644
2021.0,11.0,30.0,23.0,0.0,0.0,-6.929
2021.0,11.0,30.0,23.0,10.0,0.0,-7.072
2021.0,11.0,30.0,23.0,20.0,0.0,-7.4483
2021.0,11.0,30.0,23.0,30.0,0.0,-7.24
2021.0,11.0,30.0,23.0,40.0,0.0,-7.642
2021.0,11.0,30.0,23.0,50.0,0.0,-7.5074
2021.0,12.0,1.0,0.0,0.0,0.0,-7.7899
2021.0,12.0,1.0,0.0,10.0,0.0,-8.2626
2021.0,12.0,1.0,0.0,40.0,0.0,-8.2127
2021.0,12.0,1.0,0.0,50.0,0.0,-8.2283
2021.0,12.0,1.0,1.0,0.0,0.0,-8.3466
2021.0,12.0,1.0,1.0,10.0,0.0,-8.1655
2021.0,12.0,1.0,1.0,20.0,0.0,-8.2452
2021.0,12.0,1.0,1.0,30.0,0.0,-8.4285
2021.0,12.0,1.0,1.0,40.0,0.0,-8.7558
2021.0,12.0,1.0,1.0,50.0,0.0,-8.6247
2021.0,12.0,1.0,2.0,20.0,0.0,-9.2183
2021.0,12.0,1.0,2.0,30.0,0.0,-9.2061
2021.0,12.0,1.0,2.0,40.0,0.0,-9.1808
2021.0,12.0,1.0,2.0,50.0,0.0,-9.3139
2021.0,12.0,1.0,3.0,0.0,0.0,-9.0636
2021.0,12.0,1.0,3.0,10.0,0.0,-9.3745
2021.0,12.0,1.0,3.0,20.0,0.0,-9.7117
2021.0,12.0,1.0,3.0,30.0,0.0,-9.8801
2021.0,12.0,1.0,19.0,50.0,0.0,-13.5154
2021.0,12.0,1.0,20.0,0.0,0.0,-22.4404
2021.0,12.0,1.0,20.0,10.0,0.0,-34.8745
2021.0,12.0,1.0,20.0,20.0,0.0,-36.7755
2021.0,12.0,1.0,20.0,30.0,0.0,-34.4011
2021.0,12.0,1.0,20.0,40.0,0.0,-37.1081
2021.0,12.0,1.0,20.0,50.0,0.0,-35.1442
2021.0,12.0,1.0,21.0,0.0,0.0,-36.154
2021.0,12.0,1.0,21.0,30.0,0.0,-13.442
2021.0,12.0,1.0,21.0,40.0,0.0,-9.657
2021.0,12.0,1.0,21.0,50.0,0.0,-13.4281
2021.0,12.0,1.0,22.0,0.0,0.0,-16.8579
2021.0,12.0,1.0,22.0,10.0,0.0,-19.5473
2021.0,12.0,1.0,22.0,20.0,0.0,-19.6097
2021.0,12.0,1.0,22.0,30.0,0.0,-13.1822
2021.0,12.0,1.0,22.0,40.0,0.0,-17.4495
2021.0,12.0,1.0,23.0,10.0,0.0,-25.9261
2021.0,12.0,1.0,23.0,20.0,0.0,-34.1527
2021.0,12.0,1.0,23.0,30.0,0.0,-30.475
2021.0,12.0,1.0,23.0,40.0,0.0,-35.8938
2021.0,12.0,1.0,23.0,50.0,0.0,-35.7317
2021.0,12.0,2.0,0.0,0.0,0.0,-36.1334
2021.0,12.0,2.0,0.0,10.0,0.0,-36.2131
2021.0,12.0,2.0,0.0,20.0,0.0,-36.4094
2021.0,12.0,2.0,0.0,50.0,0.0,-34.2554
2021.0,12.0,2.0,1.0,0.0,0.0,-33.2706
2021.0,12.0,2.0,1.0,10.0,0.0,-13.2293
2021.0,12.0,2.0,1.0,20.0,0.0,-24.144
2021.0,12.0,2.0,1.0,30.0,0.0,-28.2384
2021.0,12.0,2.0,1.0,40.0,0.0,-32.9695
2021.0,12.0,2.0,1.0,50.0,0.0,-12.2872
2021.0,12.0,2.0,2.0,0.0,0.0,-32.7057
2021.0,12.0,2.0,2.0,30.0,0.0,-29.0757
2021.0,12.0,2.0,2.0,40.0,0.0,-31.9501
2021.0,12.0,2.0,2.0,50.0,0.0,-33.7848
2021.0,12.0,2.0,3.0,0.0,0.0,-34.8357
2021.0,12.0,2.0,3.0,10.0,0.0,-32.9481
2021.0,12.0,2.0,3.0,20.0,0.0,-34.0
2021.0,12.0,2.0,3.0,30.0,0.0,-33.5347
2021.0,12.0,2.0,19.0,30.0,0.0,-31.8694
2021.0,12.0,2.0,20.0,0.0,0.0,-30.6309
2021.0,12.0,2.0,20.0,10.0,0.0,-32.5356
2021.0,12.0,2.0,20.0,20.0,0.0,-32.993
2021.0,12.0,2.0,20.0,30.0,0.0,-32.1215
2021.0,12.0,2.0,20.0,40.0,0.0,-33.0095
2021.0,12.0,2.0,20.0,50.0,0.0,-31.8323
2021.0,12.0,2.0,21.0,0.0,0.0,-30.8032
2021.0,12.0,2.0,21.0,10.0,0.0,-31.9964
2021.0,12.0,2.0,21.0,40.0,0.0,-31.0923
2021.0,12.0,2.0,21.0,50.0,0.0,-30.6039
2021.0,12.0,2.0,22.0,0.0,0.0,-31.5351
2021.0,12.0,2.0,22.0,10.0,0.0,-30.8555
2021.0,12.0,2.0,22.0,20.0,0.0,-30.9387
2021.0,12.0,2.0,22.0,30.0,0.0,-31.12
2021.0,12.0,2.0,22.0,40.0,0.0,-28.4266
2021.0,12.0,2.0,22.0,50.0,0.0,-27.205
2021.0,12.0,2.0,23.0,20.0,0.0,-26.4279
2021.0,12.0,2.0,23.0,30.0,0.0,-26.1827
2021.0,12.0,2.0,23.0,40.0,0.0,-24.0644
2021.0,12.0,2.0,23.0,50.0,0.0,-23.3872
2021.0,12.0,3.0,0.0,0.0,0.0,-24.1593
2021.0,12.0,3.0,0.0,10.0,0.0,-23.3998
2021.0,12.0,3.0,0.0,20.0,0.0,-24.6849
2021.0,12.0,3.0,0.0,30.0,0.0,-24.2263
2021.0,12.0,3.0,1.0,0.0,0.0,-26.3986
2021.0,12.0,3.0,1.0,10.0,0.0,-29.6394
2021.0,12.0,3.0,1.0,20.0,0.0,-27.8777
2021.0,12.0,3.0,1.0,30.0,0.0,-29.9057
2021.0,12.0,3.0,1.0,40.0,0.0,-28.2241
2021.0,12.0,3.0,1.0,50.0,0.0,-28.4138
2021.0,12.0,3.0,2.0,0.0,0.0,-25.9398
2021.0,12.0,3.0,2.0,10.0,0.0,-28.1145
2021.0,12.0,3.0,2.0,40.0,0.0,-24.9464
2021.0,12.0,3.0,2.0,50.0,0.0,-25.0186
2021.0,12.0,3.0,3.0,0.0,0.0,-27.0679
2021.0,12.0,3.0,3.0,10.0,0.0,-26.2401
2021.0,12.0,3.0,3.0,20.0,0.0,-27.3812
2021.0,12.0,3.0,3.0,30.0,0.0,-28.3794
2021.0,12.0,3.0,19.0,30.0,0.0,-36.602
2021.0,12.0,3.0,19.0,40.0,0.0,-35.8109
2021.0,12.0,3.0,20.0,10.0,0.0,-36.0036
2021.0,12.0,3.0,20.0,20.0,0.0,-35.7564
2021.0,12.0,3.0,20.0,30.0,0.0,-35.4179
2021.0,12.0,3.0,20.0,40.0,0.0,-36.4636
2021.0,12.0,3.0,20.0,50.0,0.0,-38.7864
2021.0,12.0,3.0,21.0,0.0,0.0,-38.0934
2021.0,12.0,3.0,21.0,10.0,0.0,-37.6497
2021.0,12.0,3.0,21.0,20.0,0.0,-36.8259
2021.0,12.0,3.0,21.0,50.0,0.0,-38.0299
2021.0,12.0,3.0,22.0,0.0,0.0,-38.0599
2021.0,12.0,3.0,22.0,10.0,0.0,-39.1546
2021.0,12.0,3.0,22.0,20.0,0.0,-36.3668
2021.0,12.0,3.0,22.0,30.0,0.0,-37.3555
2021.0,12.0,3.0,22.0,40.0,0.0,-36.7862
2021.0,12.0,3.0,22.0,50.0,0.0,-36.5326
2021.0,12.0,3.0,23.0,0.0,0.0,-38.0005
2021.0,12.0,3.0,23.0,30.0,0.0,-35.8217
2021.0,12.0,3.0,23.0,40.0,0.0,-37.8744
2021.0,12.0,3.0,23.0,50.0,0.0,-36.257
2021.0,12.0,4.0,0.0,0.0,0.0,-36.9141
2021.0,12.0,4.0,0.0,10.0,0.0,-36.6218
2021.0,12.0,4.0,0.0,20.0,0.0,-36.8363
2021.0,12.0,4.0,0.0,30.0,0.0,-37.246
2021.0,12.0,4.0,0.0,40.0,0.0,-37.1501
2021.0,12.0,4.0,1.0,10.0,0.0,-34.5645
2021.0,12.0,4.0,1.0,20.0,0.0,-35.5421
2021.0,12.0,4.0,1.0,30.0,0.0,-34.8782
2021.0,12.0,4.0,1.0,40.0,0.0,-36.1342
2021.0,12.0,4.0,1.0,50.0,0.0,-35.2966
2021.0,12.0,4.0,2.0,0.0,0.0,-35.6325
2021.0,12.0,4.0,2.0,10.0,0.0,-36.1194
2021.0,12.0,4.0,2.0,20.0,0.0,-36.5388
2021.0,12.0,4.0,2.0,50.0,0.0,-36.0738
2021.0,12.0,4.0,3.0,0.0,0.0,-35.9312
2021.0,12.0,4.0,3.0,10.0,0.0,-36.5811
2021.0,12.0,4.0,3.0,20.0,0.0,-36.9986
2021.0,12.0,4.0,3.0,30.0,0.0,-35.5655
2021.0,12.0,4.0,19.0,30.0,0.0,-35.8333
2021.0,12.0,4.0,19.0,40.0,0.0,-35.1702
2021.0,12.0,4.0,19.0,50.0,0.0,-35.0699
2021.0,12.0,4.0,20.0,20.0,0.0,-34.4757
2021.0,12.0,4.0,20.0,30.0,0.0,-34.9836
2021.0,12.0,4.0,20.0,40.0,0.0,-34.8506
2021.0,12.0,4.0,20.0,50.0,0.0,-34.767
2021.0,12.0,4.0,21.0,0.0,0.0,-33.5197
2021.0,12.0,4.0,21.0,10.0,0.0,-33.4343
2021.0,12.0,4.0,21.0,20.0,0.0,-35.4871
2021.0,12.0,4.0,21.0,30.0,0.0,-34.2435
2021.0,12.0,4.0,22.0,0.0,0.0,-34.2576
2021.0,12.0,4.0,22.0,10.0,0.0,-32.6908
2021.0,12.0,4.0,22.0,20.0,0.0,-34.8254
2021.0,12.0,4.0,22.0,30.0,0.0,-34.0133
2021.0,12.0,4.0,22.0,40.0,0.0,-33.0482
2021.0,12.0,4.0,22.0,50.0,0.0,-34.9323
2021.0,12.0,4.0,23.0,0.0,0.0,-33.8121
2021.0,12.0,4.0,23.0,10.0,0.0,-34.5821
2021.0,12.0,4.0,23.0,40.0,0.0,-34.231
2021.0,12.0,4.0,23.0,50.0,0.0,-33.9731
2021.0,12.0,5.0,0.0,0.0,0.0,-32.6392
2021.0,12.0,5.0,0.0,10.0,0.0,-33.0508
2021.0,12.0,5.0,0.0,20.0,0.0,-32.7083
2021.0,12.0,5.0,0.0,30.0,0.0,-32.4879
2021.0,12.0,5.0,0.0,40.0,0.0,-32.5035
2021.0,12.0,5.0,0.0,50.0,0.0,-31.7249
2021.0,12.0,5.0,1.0,20.0,0.0,-33.8145
2021.0,12.0,5.0,1.0,30.0,0.0,-34.0546
2021.0,12.0,5.0,1.0,40.0,0.0,-32.5376
2021.0,12.0,5.0,1.0,50.0,0.0,-32.482
2021.0,12.0,5.0,2.0,0.0,0.0,-33.0232
2021.0,12.0,5.0,2.0,10.0,0.0,-32.1401
2021.0,12.0,5.0,2.0,20.0,0.0,-32.1869
2021.0,12.0,5.0,2.0,30.0,0.0,-32.3133
2021.0,12.0,5.0,3.0,0.0,0.0,-31.749
2021.0,12.0,5.0,3.0,10.0,0.0,-31.3508
2021.0,12.0,5.0,3.0,20.0,0.0,-32.9666
2021.0,12.0,5.0,3.0,30.0,0.0,-31.927
2021.0,12.0,5.0,19.0,30.0,0.0,-4.8098
2021.0,12.0,5.0,19.0,40.0,0.0,-3.691
2021.0,12.0,5.0,19.0,50.0,0.0,-3.3674
2021.0,12.0,5.0,20.0,0.0,0.0,-6.4433
2021.0,12.0,5.0,20.0,30.0,0.0,-6.9403
2021.0,12.0,5.0,20.0,40.0,0.0,-4.8006
2021.0,12.0,5.0,20.0,50.0,0.0,-4.3047
2021.0,12.0,5.0,21.0,0.0,0.0,-8.7353
2021.0,12.0,5.0,21.0,10.0,0.0,-9.78
2021.0,12.0,5.0,21.0,20.0,0.0,-16.1235
2021.0,12.0,5.0,21.0,30.0,0.0,-24.5516
2021.0,12.0,5.0,21.0,40.0,0.0,-24.4513
2021.0,12.0,5.0,22.0,10.0,0.0,-25.3975
2021.0,12.0,5.0,22.0,20.0,0.0,-18.3664
2021.0,12.0,5.0,22.0,30.0,0.0,-13.7785
2021.0,12.0,5.0,22.0,40.0,0.0,-15.4113
2021.0,12.0,5.0,22.0,50.0,0.0,-7.8928
2021.0,12.0,5.0,23.0,0.0,0.0,-5.2243
2021.0,12.0,5.0,23.0,10.0,0.0,-4.1546
2021.0,12.0,5.0,23.0,20.0,0.0,-2.2442
2021.0,12.0,5.0,23.0,50.0,0.0,-5.2334
2021.0,12.0,6.0,0.0,0.0,0.0,-2.7752
2021.0,12.0,6.0,0.0,10.0,0.0,-3.0983
2021.0,12.0,6.0,0.0,20.0,0.0,-5.0401
2021.0,12.0,6.0,0.0,30.0,0.0,-2.3553
2021.0,12.0,6.0,0.0,40.0,0.0,-4.0778
2021.0,12.0,6.0,0.0,50.0,0.0,-8.6122
2021.0,12.0,6.0,1.0,0.0,0.0,-6.223
2021.0,12.0,6.0,1.0,30.0,0.0,-1.6203
2021.0,12.0,6.0,1.0,40.0,0.0,-3.279
2021.0,12.0,6.0,1.0,50.0,0.0,-3.7755
2021.0,12.0,6.0,2.0,0.0,0.0,-3.5359
2021.0,12.0,6.0,2.0,10.0,0.0,-2.3927
2021.0,12.0,6.0,2.0,20.0,0.0,-3.1881
2021.0,12.0,6.0,2.0,30.0,0.0,-2.7256
2021.0,12.0,6.0,2.0,40.0,0.0,-2.3259
2021.0,12.0,6.0,3.0,10.0,0.0,-1.6943
2021.0,12.0,6.0,3.0,20.0,0.0,-1.6211
2021.0,12.0,6.0,3.0,30.0,0.0,-1.5092
2021.0,12.0,6.0,19.0,30.0,0.0,-19.269
2021.0,12.0,6.0,19.0,40.0,0.0,-23.0693
2021.0,12.0,6.0,19.0,50.0,0.0,-11.7575
2021.0,12.0,6.0,20.0,0.0,0.0,-12.9033
2021.0,12.0,6.0,20.0,10.0,0.0,-19.5424
2021.0,12.0,6.0,20.0,40.0,0.0,-26.4156
2021.0,12.0,6.0,20.0,50.0,0.0,-27.4591
2021.0,12.0,6.0,21.0,0.0,0.0,-20.9886
2021.0,12.0,6.0,21.0,10.0,0.0,-3.7902
2021.0,12.0,6.0,21.0,20.0,0.0,-17.8887
2021.0,12.0,6.0,21.0,30.0,0.0,-11.6636
2021.0,12.0,6.0,21.0,40.0,0.0,-3.2254
2021.0,12.0,6.0,21.0,50.0,0.0,-8.5283
2021.0,12.0,6.0,22.0,20.0,0.0,-10.8842
2021.0,12.0,6.0,22.0,30.0,0.0,-3.974
2021.0,12.0,6.0,22.0,40.0,0.0,-5.073
2021.0,12.0,6.0,22.0,50.0,0.0,-4.0029
2021.0,12.0,6.0,23.0,0.0,0.0,-4.0259
2021.0,12.0,6.0,23.0,10.0,0.0,-3.7744
2021.0,12.0,6.0,23.0,20.0,0.0,-2.177
2021.0,12.0,6.0,23.0,30.0,0.0,-1.1556
2021.0,12.0,7.0,0.0,0.0,0.0,-1.0694
2021.0,12.0,7.0,0.0,10.0,0.0,-1.1589
2021.0,12.0,7.0,0.0,20.0,0.0,-1.2511
2021.0,12.0,7.0,0.0,30.0,0.0,-1.2683
2021.0,12.0,7.0,0.0,40.0,0.0,-1.8442
2021.0,12.0,7.0,0.0,50.0,0.0,-1.1665
2021.0,12.0,7.0,1.0,0.0,0.0,-1.206
2021.0,12.0,7.0,1.0,10.0,0.0,-0.7199
2021.0,12.0,7.0,1.0,40.0,0.0,-0.8812
2021.0,12.0,7.0,1.0,50.0,0.0,-0.9969
2021.0,12.0,7.0,2.0,0.0,0.0,-0.942
2021.0,12.0,7.0,2.0,10.0,0.0,-0.9376
2021.0,12.0,7.0,2.0,20.0,0.0,-1.0728
2021.0,12.0,7.0,2.0,30.0,0.0,-4.4486
2021.0,12.0,7.0,2.0,40.0,0.0,-6.4268
2021.0,12.0,7.0,2.0,50.0,0.0,-5.0163
2021.0,12.0,7.0,3.0,20.0,0.0,-6.2416
2021.0,12.0,7.0,3.0,30.0,0.0,-3.6106
2021.0,12.0,7.0,19.0,30.0,0.0,-30.6823
2021.0,12.0,7.0,19.0,40.0,0.0,-32.5032
2021.0,12.0,7.0,19.0,50.0,0.0,-31.6456
2021.0,12.0,7.0,20.0,0.0,0.0,-32.2457
2021.0,12.0,7.0,20.0,10.0,0.0,-33.0914
2021.0,12.0,7.0,20.0,20.0,0.0,-33.104
2021.0,12.0,7.0,20.0,50.0,0.0,-33.463
2021.0,12.0,7.0,21.0,0.0,0.0,-32.326
2021.0,12.0,7.0,21.0,10.0,0.0,-32.096
2021.0,12.0,7.0,21.0,20.0,0.0,-32.9358
2021.0,12.0,7.0,21.0,30.0,0.0,-33.3337
2021.0,12.0,7.0,21.0,40.0,0.0,-32.6811
2021.0,12.0,7.0,21.0,50.0,0.0,-32.9204
2021.0,12.0,7.0,22.0,0.0,0.0,-31.8034
2021.0,12.0,7.0,22.0,30.0,0.0,-32.6128
2021.0,12.0,7.0,22.0,40.0,0.0,-33.7458
2021.0,12.0,7.0,22.0,50.0,0.0,-32.627
2021.0,12.0,7.0,23.0,0.0,0.0,-32.7447
2021.0,12.0,7.0,23.0,10.0,0.0,-32.1496
2021.0,12.0,7.0,23.0,20.0,0.0,-33.0905
2021.0,12.0,7.0,23.0,30.0,0.0,-32.7823
2021.0,12.0,7.0,23.0,40.0,0.0,-31.9084
2021.0,12.0,8.0,0.0,10.0,0.0,-33.1479
2021.0,12.0,8.0,0.0,20.0,0.0,-33.2149
2021.0,12.0,8.0,0.0,30.0,0.0,-32.2245
2021.0,12.0,8.0,0.0,40.0,0.0,-33.1187
2021.0,12.0,8.0,0.0,50.0,0.0,-32.4495
2021.0,12.0,8.0,1.0,0.0,0.0,-32.2216
2021.0,12.0,8.0,1.0,10.0,0.0,-30.3034
2021.0,12.0,8.0,1.0,20.0,0.0,-30.0099
2021.0,12.0,8.0,1.0,50.0,0.0,-30.6259
2021.0,12.0,8.0,2.0,0.0,0.0,-31.3904
2021.0,12.0,8.0,2.0,10.0,0.0,-30.6457
2021.0,12.0,8.0,2.0,20.0,0.0,-31.308
2021.0,12.0,8.0,2.0,30.0,0.0,-32.3889
2021.0,12.0,8.0,2.0,40.0,0.0,-32.4643
2021.0,12.0,8.0,2.0,50.0,0.0,-32.9396
2021.0,12.0,8.0,3.0,0.0,0.0,-31.8537
2021.0,12.0,8.0,3.0,30.0,0.0,-30.3311
2021.0,12.0,8.0,19.0,30.0,0.0,-31.7629
2021.0,12.0,8.0,19.0,40.0,0.0,-31.9407
2021.0,12.0,8.0,19.0,50.0,0.0,-31.2127
2021.0,12.0,8.0,20.0,0.0,0.0,-30.0737
2021.0,12.0,8.0,20.0,10.0,0.0,-32.3176
2021.0,12.0,8.0,20.0,20.0,0.0,-29.9258
2021.0,12.0,8.0,20.0,30.0,0.0,-30.4509
2021.0,12.0,8.0,21.0,0.0,0.0,-31.5982
2021.0,12.0,8.0,21.0,10.0,0.0,-31.36
2021.0,12.0,8.0,21.0,20.0,0.0,-31.5376
2021.0,12.0,8.0,21.0,30.0,0.0,-31.0527
2021.0,12.0,8.0,21.0,40.0,0.0,-30.9818
2021.0,12.0,8.0,21.0,50.0,0.0,-31.2305
2021.0,12.0,8.0,22.0,0.0,0.0,-31.0763
2021.0,12.0,8.0,22.0,10.0,0.0,-31.5174
2021.0,12.0,8.0,22.0,40.0,0.0,-30.9607
2021.0,12.0,8.0,22.0,50.0,0.0,-30.2276
2021.0,12.0,8.0,23.0,0.0,0.0,-30.9323
2021.0,12.0,8.0,23.0,10.0,0.0,-30.6678
2021.0,12.0,8.0,23.0,20.0,0.0,-30.3246
2021.0,12.0,8.0,23.0,30.0,0.0,-30.2162
2021.0,12.0,8.0,23.0,40.0,0.0,-31.074
2021.0,12.0,8.0,23.0,50.0,0.0,-31.4617
2021.0,12.0,9.0,0.0,20.0,0.0,-29.9493
2021.0,12.0,9.0,0.0,30.0,0.0,-30.4778
2021.0,12.0,9.0,0.0,40.0,0.0,-28.9521
2021.0,12.0,9.0,0.0,50.0,0.0,-29.2607
2021.0,12.0,9.0,1.0,0.0,0.0,-29.9997
2021.0,12.0,9.0,1.0,10.0,0.0,-30.1692
2021.0,12.0,9.0,1.0,20.0,0.0,-29.6995
2021.0,12.0,9.0,1.0,30.0,0.0,-29.5339
2021.0,12.0,9.0,2.0,0.0,0.0,-27.911
2021.0,12.0,9.0,2.0,10.0,0.0,-29.6167
2021.0,12.0,9.0,2.0,20.0,0.0,-27.7658
2021.0,12.0,9.0,2.0,30.0,0.0,-29.2735
2021.0,12.0,9.0,2.0,40.0,0.0,-29.2118
2021.0,12.0,9.0,2.0,50.0,0.0,-28.4359
2021.0,12.0,9.0,3.0,0.0,0.0,-28.5338
2021.0,12.0,9.0,3.0,10.0,0.0,-26.9903
2021.0,12.0,9.0,22.0,20.0,0.0,-30.2288
2021.0,12.0,9.0,22.0,30.0,0.0,-28.4822
2021.0,12.0,9.0,22.0,40.0,0.0,-28.8405
2021.0,12.0,9.0,22.0,50.0,0.0,-28.2748
2021.0,12.0,9.0,23.0,0.0,0.0,-27.7913
2021.0,12.0,9.0,23.0,10.0,0.0,-29.2732
2021.0,12.0,9.0,23.0,20.0,0.0,-29.88
2021.0,12.0,9.0,23.0,30.0,0.0,-29.3119
2021.0,12.0,10.0,0.0,0.0,0.0,-29.2127
2021.0,12.0,10.0,0.0,10.0,0.0,-30.4947
2021.0,12.0,10.0,0.0,20.0,0.0,-29.3269
2021.0,12.0,10.0,0.0,30.0,0.0,-29.9828
2021.0,12.0,10.0,0.0,40.0,0.0,-30.0953
2021.0,12.0,10.0,0.0,50.0,0.0,-29.5239
2021.0,12.0,10.0,1.0,0.0,0.0,-29.0259
2021.0,12.0,10.0,1.0,10.0,0.0,-29.119
2021.0,12.0,10.0,1.0,40.0,0.0,-18.1385
2021.0,12.0,10.0,1.0,50.0,0.0,-23.9712
2021.0,12.0,10.0,2.0,0.0,0.0,-16.7192
2021.0,12.0,10.0,2.0,10.0,0.0,-24.3076
2021.0,12.0,10.0,2.0,20.0,0.0,-19.8091
2021.0,12.0,10.0,2.0,30.0,0.0,-24.0171
2021.0,12.0,10.0,2.0,40.0,0.0,-14.3831
2021.0,12.0,10.0,2.0,50.0,0.0,-11.5798
2021.0,12.0,10.0,3.0,20.0,0.0,-7.3376
2021.0,12.0,10.0,3.0,30.0,0.0,-9.096
2021.0,12.0,10.0,21.0,10.0,0.0,-30.6364
2021.0,12.0,10.0,21.0,20.0,0.0,-30.0875
2021.0,12.0,10.0,21.0,30.0,0.0,-29.4134
2021.0,12.0,10.0,21.0,40.0,0.0,-31.1067
2021.0,12.0,10.0,21.0,50.0,0.0,-30.9129
2021.0,12.0,10.0,22.0,0.0,0.0,-29.4514
2021.0,12.0,10.0,22.0,30.0,0.0,-29.312
2021.0,12.0,10.0,22.0,40.0,0.0,-29.8539
2021.0,12.0,10.0,22.0,50.0,0.0,-28.5417
2021.0,12.0,10.0,23.0,0.0,0.0,-28.7428
2021.0,12.0,10.0,23.0,10.0,0.0,-29.2014
2021.0,12.0,10.0,23.0,20.0,0.0,-27.3133
2021.0,12.0,10.0,23.0,30.0,0.0,-26.8713
2021.0,12.0,10.0,23.0,40.0,0.0,-27.7184
2021.0,12.0,11.0,0.0,10.0,0.0,-27.9921
2021.0,12.0,11.0,0.0,20.0,0.0,-26.9397
2021.0,12.0,11.0,0.0,30.0,0.0,-26.9832
2021.0,12.0,11.0,0.0,40.0,0.0,-27.3105
2021.0,12.0,11.0,0.0,50.0,0.0,-26.9232
2021.0,12.0,11.0,1.0,0.0,0.0,-25.0658
2021.0,12.0,11.0,1.0,10.0,0.0,-27.0026
2021.0,12.0,11.0,1.0,20.0,0.0,-28.486
2021.0,12.0,11.0,1.0,50.0,0.0,-20.1196
2021.0,12.0,11.0,2.0,0.0,0.0,-17.7411
2021.0,12.0,11.0,2.0,10.0,0.0,-20.4384
2021.0,12.0,11.0,2.0,20.0,0.0,-23.2308
2021.0,12.0,11.0,2.0,30.0,0.0,-19.4528
2021.0,12.0,11.0,2.0,40.0,0.0,-17.5744
2021.0,12.0,11.0,2.0,50.0,0.0,-15.6616
2021.0,12.0,11.0,3.0,0.0,0.0,-16.7581
2021.0,12.0,11.0,3.0,30.0,0.0,-16.5587
2021.0,12.0,11.0,19.0,30.0,0.0,-11.2046
2021.0,12.0,11.0,19.0,40.0,0.0,-10.7655
2021.0,12.0,11.0,19.0,50.0,0.0,-10.6549
2021.0,12.0,11.0,20.0,0.0,0.0,-11.0257
2021.0,12.0,11.0,20.0,10.0,0.0,-9.1189
2021.0,12.0,11.0,20.0,20.0,0.0,-12.4182
2021.0,12.0,11.0,20.0,30.0,0.0,-3.9792
2021.0,12.0,11.0,21.0,0.0,0.0,-2.683
2021.0,12.0,11.0,21.0,10.0,0.0,-4.1274
2021.0,12.0,11.0,21.0,20.0,0.0,-2.0123
2021.0,12.0,11.0,21.0,30.0,0.0,-3.051
2021.0,12.0,11.0,21.0,40.0,0.0,-2.7263
2021.0,12.0,11.0,21.0,50.0,0.0,-3.7576
2021.0,12.0,11.0,22.0,0.0,0.0,-3.6003
2021.0,12.0,11.0,22.0,10.0,0.0,-2.1578
2021.0,12.0,11.0,22.0,40.0,0.0,-3.2025
2021.0,12.0,11.0,22.0,50.0,0.0,-3.5225
2021.0,12.0,11.0,23.0,0.0,0.0,-2.19
2021.0,12.0,11.0,23.0,10.0,0.0,-2.3562
2021.0,12.0,11.0,23.0,20.0,0.0,-2.4553
2021.0,12.0,11.0,23.0,30.0,0.0,-3.6557
2021.0,12.0,11.0,23.0,40.0,0.0,-2.224
2021.0,12.0,11.0,23.0,50.0,0.0,-2.8845
2021.0,12.0,12.0,0.0,20.0,0.0,-1.9949
2021.0,12.0,12.0,0.0,30.0,0.0,-1.9305
2021.0,12.0,12.0,0.0,40.0,0.0,-2.0076
2021.0,12.0,12.0,0.0,50.0,0.0,-2.1037
2021.0,12.0,12.0,1.0,0.0,0.0,-2.2369
2021.0,12.0,12.0,1.0,10.0,0.0,-2.2486
2021.0,12.0,12.0,1.0,20.0,0.0,-2.2001
2021.0,12.0,12.0,1.0,30.0,0.0,-2.1899
2021.0,12.0,12.0,2.0,0.0,0.0,-2.5203
2021.0,12.0,12.0,2.0,10.0,0.0,-2.232
2021.0,12.0,12.0,2.0,20.0,0.0,-2.2007
2021.0,12.0,12.0,2.0,30.0,0.0,-2.1218
2021.0,12.0,12.0,2.0,40.0,0.0,-2.279
2021.0,12.0,12.0,2.0,50.0,0.0,-2.1335
2021.0,12.0,12.0,3.0,0.0,0.0,-2.0804
2021.0,12.0,12.0,3.0,10.0,0.0,-2.0606
2021.0,12.0,12.0,19.0,30.0,0.0,-5.185
2021.0,12.0,12.0,19.0,40.0,0.0,-4.5579
2021.0,12.0,12.0,19.0,50.0,0.0,-5.1422
2021.0,12.0,12.0,20.0,0.0,0.0,-4.5455
2021.0,12.0,12.0,20.0,10.0,0.0,-4.0802
2021.0,12.0,12.0,20.0,20.0,0.0,-5.2046
2021.0,12.0,12.0,20.0,30.0,0.0,-5.4747
2021.0,12.0,12.0,20.0,40.0,0.0,-5.6866
2021.0,12.0,12.0,21.0,10.0,0.0,-4.1985
2021.0,12.0,12.0,21.0,20.0,0.0,-5.2278
2021.0,12.0,12.0,21.0,30.0,0.0,-4.3193
2021.0,12.0,12.0,21.0,40.0,0.0,-4.517
2021.0,12.0,12.0,21.0,50.0,0.0,-2.823
2021.0,12.0,12.0,22.0,0.0,0.0,-3.1859
2021.0,12.0,12.0,22.0,10.0,0.0,-3.2674
2021.0,12.0,12.0,22.0,20.0,0.0,-3.6504
2021.0,12.0,12.0,22.0,50.0,0.0,-3.3187
2021.0,12.0,12.0,23.0,0.0,0.0,-2.9161
2021.0,12.0,12.0,23.0,10.0,0.0,-2.5492
2021.0,12.0,12.0,23.0,20.0,0.0,-2.7942
2021.0,12.0,12.0,23.0,30.0,0.0,-1.5581
2021.0,12.0,12.0,23.0,40.0,0.0,-1.4464
2021.0,12.0,12.0,23.0,50.0,0.0,-1.7033
2021.0,12.0,13.0,0.0,0.0,0.0,-1.8619
2021.0,12.0,13.0,0.0,30.0,0.0,-2.185
2021.0,12.0,13.0,0.0,40.0,0.0,-1.8004
2021.0,12.0,13.0,0.0,50.0,0.0,-2.0284
2021.0,12.0,13.0,1.0,0.0,0.0,-1.7608
2021.0,12.0,13.0,1.0,10.0,0.0,-1.9065
2021.0,12.0,13.0,1.0,20.0,0.0,-1.6271
2021.0,12.0,13.0,1.0,30.0,0.0,-1.8975
2021.0,12.0,13.0,1.0,40.0,0.0,-2.0235
2021.0,12.0,13.0,2.0,10.0,0.0,-2.0356
2021.0,12.0,13.0,2.0,20.0,0.0,-1.9675
2021.0,12.0,13.0,2.0,30.0,0.0,-1.7573
2021.0,12.0,13.0,2.0,40.0,0.0,-2.4166
2021.0,12.0,13.0,2.0,50.0,0.0,-2.3908
2021.0,12.0,13.0,3.0,0.0,0.0,-2.1636
2021.0,12.0,13.0,3.0,10.0,0.0,-1.962
2021.0,12.0,13.0,3.0,20.0,0.0,-3.0586
2021.0,12.0,13.0,21.0,40.0,0.0,-12.6499
2021.0,12.0,13.0,21.0,50.0,0.0,-24.6622
2021.0,12.0,13.0,22.0,0.0,0.0,-22.7014
2021.0,12.0,13.0,22.0,10.0,0.0,-17.3086
2021.0,12.0,13.0,22.0,20.0,0.0,-19.1098
2021.0,12.0,13.0,22.0,30.0,0.0,-24.1688
2021.0,12.0,13.0,22.0,40.0,0.0,-29.0077
2021.0,12.0,13.0,22.0,50.0,0.0,-30.5628
2021.0,12.0,13.0,23.0,20.0,0.0,-29.8485
2021.0,12.0,13.0,23.0,30.0,0.0,-29.9759
2021.0,12.0,13.0,23.0,40.0,0.0,-30.2581
2021.0,12.0,13.0,23.0,50.0,0.0,-30.2285
2021.0,12.0,14.0,0.0,0.0,0.0,-30.0593
2021.0,12.0,14.0,0.0,10.0,0.0,-30.1544
2021.0,12.0,14.0,0.0,20.0,0.0,-30.0123
2021.0,12.0,14.0,0.0,30.0,0.0,-29.4357
2021.0,12.0,14.0,1.0,0.0,0.0,-17.5269
2021.0,12.0,14.0,1.0,10.0,0.0,-20.1311
2021.0,12.0,14.0,1.0,20.0,0.0,-20.7465
2021.0,12.0,14.0,1.0,30.0,0.0,-20.013
2021.0,12.0,14.0,1.0,40.0,0.0,-17.0611
2021.0,12.0,14.0,1.0,50.0,0.0,-20.8843
2021.0,12.0,14.0,2.0,0.0,0.0,-22.1555
2021.0,12.0,14.0,2.0,10.0,0.0,-20.2443
2021.0,12.0,14.0,2.0,40.0,0.0,-24.2224
2021.0,12.0,14.0,2.0,50.0,0.0,-25.0331
2021.0,12.0,14.0,3.0,0.0,0.0,-24.2987
2021.0,12.0,14.0,3.0,10.0,0.0,-25.0662
2021.0,12.0,14.0,3.0,20.0,0.0,-26.0441
2021.0,12.0,14.0,3.0,30.0,0.0,-26.1706
2021.0,12.0,14.0,19.0,30.0,0.0,-29.7319
2021.0,12.0,14.0,19.0,40.0,0.0,-29.692
2021.0,12.0,14.0,20.0,10.0,0.0,-28.3523
2021.0,12.0,14.0,20.0,20.0,0.0,-28.1166
2021.0,12.0,14.0,20.0,30.0,0.0,-28.7411
2021.0,12.0,14.0,20.0,40.0,0.0,-25.8169
2021.0,12.0,14.0,20.0,50.0,0.0,-24.038
2021.0,12.0,14.0,21.0,0.0,0.0,-22.1543
2021.0,12.0,14.0,21.0,10.0,0.0,-19.1091
2021.0,12.0,14.0,21.0,50.0,0.0,-23.8368
2021.0,12.0,14.0,22.0,20.0,0.0,-23.7217
2021.0,12.0,14.0,22.0,30.0,0.0,-21.0772
2021.0,12.0,14.0,22.0,40.0,0.0,-19.615
2021.0,12.0,14.0,22.0,50.0,0.0,-20.0444
2021.0,12.0,14.0,23.0,0.0,0.0,-23.8174
2021.0,12.0,14.0,23.0,10.0,0.0,-22.0734
2021.0,12.0,14.0,23.0,20.0,0.0,-16.8595
2021.0,12.0,14.0,23.0,30.0,0.0,-17.9489
2021.0,12.0,15.0,0.0,0.0,0.0,-19.512
2021.0,12.0,15.0,0.0,10.0,0.0,-16.7843
2021.0,12.0,15.0,0.0,20.0,0.0,-14.5042
2021.0,12.0,15.0,0.0,30.0,0.0,-18.1677
2021.0,12.0,15.0,0.0,40.0,0.0,-19.0764
2021.0,12.0,15.0,0.0,50.0,0.0,-24.826
2021.0,12.0,15.0,1.0,0.0,0.0,-19.4867
2021.0,12.0,15.0,1.0,10.0,0.0,-19.131
2021.0,12.0,15.0,1.0,40.0,0.0,-14.641
2021.0,12.0,15.0,1.0,50.0,0.0,-11.1437
2021.0,12.0,15.0,2.0,0.0,0.0,-11.3811
2021.0,12.0,15.0,2.0,10.0,0.0,-11.0297
2021.0,12.0,15.0,2.0,20.0,0.0,-11.3922
2021.0,12.0,15.0,2.0,30.0,0.0,-11.2396
2021.0,12.0,15.0,2.0,40.0,0.0,-13.0962
2021.0,12.0,15.0,2.0,50.0,0.0,-11.6668
2021.0,12.0,15.0,3.0,20.0,0.0,-9.0406
2021.0,12.0,15.0,3.0,30.0,0.0,-9.1217
2021.0,12.0,15.0,19.0,30.0,0.0,-18.7166
2021.0,12.0,15.0,19.0,40.0,0.0,-18.2587
2021.0,12.0,15.0,19.0,50.0,0.0,-17.5193
2021.0,12.0,15.0,20.0,0.0,0.0,-19.8251
2021.0,12.0,15.0,20.0,10.0,0.0,-19.6498
2021.0,12.0,15.0,20.0,20.0,0.0,-20.0531
2021.0,12.0,15.0,20.0,50.0,0.0,-21.8405
2021.0,12.0,15.0,21.0,0.0,0.0,-21.0595
2021.0,12.0,15.0,21.0,10.0,0.0,-20.6501
2021.0,12.0,15.0,21.0,20.0,0.0,-18.7729
2021.0,12.0,15.0,21.0,30.0,0.0,-17.983
2021.0,12.0,15.0,21.0,40.0,0.0,-20.5656
2021.0,12.0,15.0,21.0,50.0,0.0,-19.7873
2021.0,12.0,15.0,22.0,0.0,0.0,-19.2348
2021.0,12.0,15.0,22.0,30.0,0.0,-13.5025
2021.0,12.0,15.0,22.0,40.0,0.0,-15.4211
2021.0,12.0,15.0,22.0,50.0,0.0,-11.8619
2021.0,12.0,15.0,23.0,0.0,0.0,-9.508
2021.0,12.0,15.0,23.0,10.0,0.0,-12.8352
2021.0,12.0,15.0,23.0,20.0,0.0,-13.4245
2021.0,12.0,15.0,23.0,30.0,0.0,-8.4205
2021.0,12.0,15.0,23.0,40.0,0.0,-2.9229
2021.0,12.0,16.0,0.0,10.0,0.0,-4.1012
2021.0,12.0,16.0,0.0,20.0,0.0,-3.0335
2021.0,12.0,16.0,0.0,30.0,0.0,-2.1968
2021.0,12.0,16.0,0.0,40.0,0.0,-2.8607
2021.0,12.0,16.0,0.0,50.0,0.0,-2.232
2021.0,12.0,16.0,1.0,0.0,0.0,-2.2965
2021.0,12.0,16.0,1.0,10.0,0.0,-2.4706
2021.0,12.0,16.0,1.0,20.0,0.0,-1.9771
2021.0,12.0,16.0,1.0,50.0,0.0,-1.8447
2021.0,12.0,16.0,2.0,0.0,0.0,-1.8644
2021.0,12.0,16.0,2.0,10.0,0.0,-1.9856
2021.0,12.0,16.0,2.0,20.0,0.0,-2.0229
2021.0,12.0,16.0,2.0,30.0,0.0,-2.1555
2021.0,12.0,16.0,2.0,40.0,0.0,-2.043
2021.0,12.0,16.0,2.0,50.0,0.0,-1.994
2021.0,12.0,16.0,3.0,0.0,0.0,-1.8829
2021.0,12.0,16.0,3.0,30.0,0.0,-1.6504
2021.0,12.0,16.0,19.0,30.0,0.0,-23.9737
2021.0,12.0,16.0,19.0,40.0,0.0,-26.407
2021.0,12.0,16.0,19.0,50.0,0.0,-23.2849
2021.0,12.0,16.0,20.0,0.0,0.0,-25.3321
2021.0,12.0,16.0,20.0,10.0,0.0,-25.1865
2021.0,12.0,16.0,20.0,20.0,0.0,-24.9273
2021.0,12.0,16.0,20.0,30.0,0.0,-25.348
2021.0,12.0,16.0,21.0,0.0,0.0,-18.2757
2021.0,12.0,16.0,21.0,10.0,0.0,-27.7373
2021.0,12.0,16.0,21.0,20.0,0.0,-27.6076
2021.0,12.0,16.0,21.0,30.0,0.0,-27.2044
2021.0,12.0,16.0,21.0,40.0,0.0,-25.2227
2021.0,12.0,16.0,21.0,50.0,0.0,-26.9263
2021.0,12.0,16.0,22.0,0.0,0.0,-19.1798
2021.0,12.0,16.0,22.0,10.0,0.0,-24.3547
2021.0,12.0,16.0,22.0,40.0,0.0,-7.6399
2021.0,12.0,16.0,22.0,50.0,0.0,-4.1442
2021.0,12.0,16.0,23.0,0.0,0.0,-5.1718
2021.0,12.0,16.0,23.0,10.0,0.0,-6.6646
2021.0,12.0,16.0,23.0,20.0,0.0,-11.5991
2021.0,12.0,16.0,23.0,30.0,0.0,-10.9666
2021.0,12.0,16.0,23.0,40.0,0.0,-4.7324
2021.0,12.0,16.0,23.0,50.0,0.0,-3.5256
2021.0,12.0,17.0,0.0,20.0,0.0,-11.203
2021.0,12.0,17.0,0.0,30.0,0.0,-4.5841
2021.0,12.0,17.0,0.0,40.0,0.0,-8.1775
2021.0,12.0,17.0,0.0,50.0,0.0,-1.5996
2021.0,12.0,17.0,1.0,0.0,0.0,-2.0051
2021.0,12.0,17.0,1.0,10.0,0.0,-1.7962
2021.0,12.0,17.0,1.0,20.0,0.0,-1.7311
2021.0,12.0,17.0,1.0,30.0,0.0,-1.176
2021.0,12.0,17.0,2.0,0.0,0.0,-1.6647
2021.0,12.0,17.0,2.0,10.0,0.0,-10.5902
2021.0,12.0,17.0,2.0,20.0,0.0,-2.9074
2021.0,12.0,17.0,2.0,30.0,0.0,-1.7886
2021.0,12.0,17.0,2.0,40.0,0.0,-1.9193
2021.0,12.0,17.0,2.0,50.0,0.0,-18.9818
2021.0,12.0,17.0,3.0,0.0,0.0,-14.8146
2021.0,12.0,17.0,3.0,10.0,0.0,-1.5606
2021.0,12.0,17.0,19.0,30.0,0.0,-7.8014
2021.0,12.0,17.0,19.0,40.0,0.0,-7.6415
2021.0,12.0,17.0,19.0,50.0,0.0,-8.1943
2021.0,12.0,17.0,20.0,0.0,0.0,-7.6264
2021.0,12.0,17.0,20.0,10.0,0.0,-7.4378
2021.0,12.0,17.0,20.0,20.0,0.0,-7.8314
2021.0,12.0,17.0,20.0,30.0,0.0,-7.4666
2021.0,12.0,17.0,20.0,40.0,0.0,-7.8432
2021.0,12.0,17.0,21.0,10.0,0.0,-7.9076
2021.0,12.0,17.0,21.0,20.0,0.0,-7.833
2021.0,12.0,17.0,21.0,30.0,0.0,-7.7573
2021.0,12.0,17.0,21.0,40.0,0.0,-8.0417
2021.0,12.0,17.0,21.0,50.0,0.0,-8.0133
2021.0,12.0,17.0,22.0,0.0,0.0,-7.8677
2021.0,12.0,17.0,22.0,10.0,0.0,-7.7935
2021.0,12.0,17.0,22.0,20.0,0.0,-7.9459
2021.0,12.0,17.0,22.0,50.0,0.0,-7.954
2021.0,12.0,17.0,23.0,0.0,0.0,-8.0025
2021.0,12.0,17.0,23.0,10.0,0.0,-7.9889
2021.0,12.0,17.0,23.0,20.0,0.0,-8.1721
2021.0,12.0,17.0,23.0,30.0,0.0,-8.0425
2021.0,12.0,17.0,23.0,40.0,0.0,-8.0379
2021.0,12.0,17.0,23.0,50.0,0.0,-8.408
2021.0,12.0,18.0,0.0,0.0,0.0,-8.5852
2021.0,12.0,18.0,0.0,30.0,0.0,-9.2882
2021.0,12.0,18.0,0.0,40.0,0.0,-9.091
2021.0,12.0,18.0,0.0,50.0,0.0,-9.2796
2021.0,12.0,18.0,1.0,0.0,0.0,-9.5292
2021.0,12.0,18.0,1.0,10.0,0.0,-9.2744
2021.0,12.0,18.0,1.0,20.0,0.0,-9.437
2021.0,12.0,18.0,1.0,30.0,0.0,-9.5373
2021.0,12.0,18.0,1.0,40.0,0.0,-9.5629
2021.0,12.0,18.0,2.0,10.0,0.0,-11.6264
2021.0,12.0,18.0,2.0,20.0,0.0,-10.0907
2021.0,12.0,18.0,2.0,30.0,0.0,-9.4497
2021.0,12.0,18.0,2.0,40.0,0.0,-8.5534
2021.0,12.0,18.0,2.0,50.0,0.0,-8.3501
2021.0,12.0,18.0,3.0,0.0,0.0,-8.0042
2021.0,12.0,18.0,3.0,10.0,0.0,-8.0249
2021.0,12.0,18.0,3.0,20.0,0.0,-8.1156
2021.0,12.0,18.0,19.0,40.0,0.0,-7.4474
2021.0,12.0,18.0,19.0,50.0,0.0,-9.5285
2021.0,12.0,18.0,20.0,0.0,0.0,-9.9569
2021.0,12.0,18.0,20.0,10.0,0.0,-27.5835
2021.0,12.0,18.0,20.0,20.0,0.0,-22.7813
2021.0,12.0,18.0,20.0,30.0,0.0,-29.0144
2021.0,12.0,18.0,20.0,40.0,0.0,-28.7166
2021.0,12.0,18.0,20.0,50.0,0.0,-29.5178
2021.0,12.0,18.0,21.0,20.0,0.0,-18.3083
2021.0,12.0,18.0,21.0,30.0,0.0,-18.9745
2021.0,12.0,18.0,21.0,40.0,0.0,-15.3937
2021.0,12.0,18.0,21.0,50.0,0.0,-8.2596
2021.0,12.0,18.0,22.0,0.0,0.0,-22.7536
2021.0,12.0,18.0,22.0,10.0,0.0,-17.4882
2021.0,12.0,18.0,22.0,20.0,0.0,-8.8185
2021.0,12.0,18.0,22.0,30.0,0.0,-17.8214
2021.0,12.0,18.0,23.0,0.0,0.0,-7.2936
2021.0,12.0,18.0,23.0,10.0,0.0,-7.3763
2021.0,12.0,18.0,23.0,20.0,0.0,-7.9619
2021.0,12.0,18.0,23.0,30.0,0.0,-9.1624
2021.0,12.0,18.0,23.0,40.0,0.0,-8.1121
2021.0,12.0,18.0,23.0,50.0,0.0,-7.9634
2021.0,12.0,19.0,0.0,0.0,0.0,-8.0396
2021.0,12.0,19.0,0.0,10.0,0.0,-8.0906
2021.0,12.0,19.0,0.0,40.0,0.0,-8.9721
2021.0,12.0,19.0,0.0,50.0,0.0,-8.6642
2021.0,12.0,19.0,1.0,0.0,0.0,-8.2458
2021.0,12.0,19.0,1.0,10.0,0.0,-8.5659
2021.0,12.0,19.0,1.0,20.0,0.0,-7.855
2021.0,12.0,19.0,1.0,30.0,0.0,-9.8746
2021.0,12.0,19.0,1.0,40.0,0.0,-7.5881
2021.0,12.0,19.0,1.0,50.0,0.0,-7.2639
2021.0,12.0,19.0,2.0,20.0,0.0,-12.8694
2021.0,12.0,19.0,2.0,30.0,0.0,-15.3264
2021.0,12.0,19.0,2.0,40.0,0.0,-10.4755
2021.0,12.0,19.0,2.0,50.0,0.0,-14.6815
2021.0,12.0,19.0,3.0,0.0,0.0,-12.7048
2021.0,12.0,19.0,3.0,10.0,0.0,-16.7913
2021.0,12.0,19.0,3.0,20.0,0.0,-14.1952
2021.0,12.0,19.0,3.0,30.0,0.0,-11.7938
2021.0,12.0,19.0,19.0,50.0,0.0,-17.2866
2021.0,12.0,19.0,20.0,0.0,0.0,-15.6254
2021.0,12.0,19.0,20.0,10.0,0.0,-17.7134
2021.0,12.0,19.0,20.0,20.0,0.0,-21.9501
2021.0,12.0,19.0,20.0,30.0,0.0,-20.0494
2021.0,12.0,19.0,20.0,40.0,0.0,-27.3412
2021.0,12.0,19.0,20.0,50.0,0.0,-29.5839
2021.0,12.0,19.0,21.0,0.0,0.0,-29.1603
2021.0,12.0,19.0,21.0,30.0,0.0,-28.8353
2021.0,12.0,19.0,21.0,40.0,0.0,-28.8109
2021.0,12.0,19.0,21.0,50.0,0.0,-29.4774
2021.0,12.0,19.0,22.0,0.0,0.0,-30.0111
2021.0,12.0,19.0,22.0,10.0,0.0,-29.6576
2021.0,12.0,19.0,22.0,20.0,0.0,-29.0888
2021.0,12.0,19.0,22.0,30.0,0.0,-28.5062
2021.0,12.0,19.0,22.0,40.0,0.0,-29.3643
2021.0,12.0,19.0,23.0,10.0,0.0,-28.1876
2021.0,12.0,19.0,23.0,20.0,0.0,-28.2384
2021.0,12.0,19.0,23.0,30.0,0.0,-28.4049
2021.0,12.0,19.0,23.0,40.0,0.0,-27.4376
2021.0,12.0,19.0,23.0,50.0,0.0,-25.7999
2021.0,12.0,20.0,0.0,0.0,0.0,-24.3911
2021.0,12.0,20.0,0.0,10.0,0.0,-24.8668
2021.0,12.0,20.0,0.0,20.0,0.0,-23.8191
2021.0,12.0,20.0,0.0,50.0,0.0,-24.2009
2021.0,12.0,20.0,1.0,0.0,0.0,-23.4191
2021.0,12.0,20.0,1.0,10.0,0.0,-23.926
2021.0,12.0,20.0,1.0,20.0,0.0,-23.1175
2021.0,12.0,20.0,1.0,30.0,0.0,-21.8695
2021.0,12.0,20.0,1.0,40.0,0.0,-22.4512
2021.0,12.0,20.0,1.0,50.0,0.0,-22.984
2021.0,12.0,20.0,2.0,0.0,0.0,-22.16
2021.0,12.0,20.0,2.0,30.0,0.0,-20.7084
2021.0,12.0,20.0,2.0,40.0,0.0,-20.7235
2021.0,12.0,20.0,2.0,50.0,0.0,-21.0759
2021.0,12.0,20.0,3.0,0.0,0.0,-20.9022
2021.0,12.0,20.0,3.0,10.0,0.0,-20.0014
2021.0,12.0,20.0,3.0,20.0,0.0,-15.0363
2021.0,12.0,20.0,3.0,30.0,0.0,-11.4253
2021.0,12.0,20.0,19.0,30.0,0.0,-4.607
2021.0,12.0,20.0,20.0,0.0,0.0,-4.202
2021.0,12.0,20.0,20.0,10.0,0.0,-3.9579
2021.0,12.0,20.0,20.0,20.0,0.0,-4.2993
2021.0,12.0,20.0,20.0,30.0,0.0,-4.3287
2021.0,12.0,20.0,20.0,40.0,0.0,-4.0761
2021.0,12.0,20.0,20.0,50.0,0.0,-4.2489
2021.0,12.0,20.0,21.0,0.0,0.0,-4.1729
2021.0,12.0,20.0,21.0,10.0,0.0,-4.4092
2021.0,12.0,20.0,21.0,40.0,0.0,-6.1019
2021.0,12.0,20.0,21.0,50.0,0.0,-6.9731
2021.0,12.0,20.0,22.0,0.0,0.0,-4.4044
2021.0,12.0,20.0,22.0,10.0,0.0,-3.9652
2021.0,12.0,20.0,22.0,20.0,0.0,-3.9386
2021.0,12.0,20.0,22.0,30.0,0.0,-3.3692
2021.0,12.0,20.0,22.0,40.0,0.0,-2.864
2021.0,12.0,20.0,22.0,50.0,0.0,-2.5388
2021.0,12.0,20.0,23.0,20.0,0.0,-2.8694
2021.0,12.0,20.0,23.0,30.0,0.0,-4.2232
2021.0,12.0,20.0,23.0,40.0,0.0,-3.8168
2021.0,12.0,20.0,23.0,50.0,0.0,-3.2374
2021.0,12.0,21.0,0.0,0.0,0.0,-2.3591
2021.0,12.0,21.0,0.0,10.0,0.0,-2.1193
2021.0,12.0,21.0,0.0,20.0,0.0,-2.3767
2021.0,12.0,21.0,0.0,30.0,0.0,-2.5131
2021.0,12.0,21.0,1.0,0.0,0.0,-2.6168
2021.0,12.0,21.0,1.0,10.0,0.0,-2.6144
2021.0,12.0,21.0,1.0,20.0,0.0,-2.8228
2021.0,12.0,21.0,1.0,30.0,0.0,-2.7838
2021.0,12.0,21.0,1.0,40.0,0.0,-2.1247
2021.0,12.0,21.0,1.0,50.0,0.0,-2.456
2021.0,12.0,21.0,2.0,0.0,0.0,-2.3808
2021.0,12.0,21.0,2.0,10.0,0.0,-2.6279
2021.0,12.0,21.0,2.0,40.0,0.0,-2.6327
2021.0,12.0,21.0,2.0,50.0,0.0,-2.0747
2021.0,12.0,21.0,3.0,0.0,0.0,-2.1376
2021.0,12.0,21.0,3.0,10.0,0.0,-1.9556
2021.0,12.0,21.0,3.0,20.0,0.0,-2.0913
2021.0,12.0,21.0,3.0,30.0,0.0,-2.3617
2021.0,12.0,21.0,19.0,30.0,0.0,-1.4289
2021.0,12.0,21.0,19.0,40.0,0.0,-0.9896
2021.0,12.0,21.0,20.0,10.0,0.0,-1.0384
2021.0,12.0,21.0,20.0,20.0,0.0,-1.0384
2021.0,12.0,21.0,20.0,30.0,0.0,-1.0596
2021.0,12.0,21.0,20.0,40.0,0.0,-0.9964
2021.0,12.0,21.0,20.0,50.0,0.0,-1.0756
2021.0,12.0,21.0,21.0,0.0,0.0,-0.4671
2021.0,12.0,21.0,21.0,10.0,0.0,-1.2327
2021.0,12.0,21.0,21.0,20.0,0.0,-0.5308
2021.0,12.0,21.0,21.0,50.0,0.0,-0.5563
2021.0,12.0,21.0,22.0,0.0,0.0,-0.6379
2021.0,12.0,21.0,22.0,10.0,0.0,-0.719
2021.0,12.0,21.0,22.0,20.0,0.0,-1.3007
2021.0,12.0,21.0,22.0,30.0,0.0,-0.5052
2021.0,12.0,21.0,22.0,40.0,0.0,-1.1064
2021.0,12.0,21.0,22.0,50.0,0.0,-0.5373
2021.0,12.0,21.0,23.0,0.0,0.0,-0.5522
2021.0,12.0,21.0,23.0,30.0,0.0,-0.6249
2021.0,12.0,21.0,23.0,40.0,0.0,-1.1414
2021.0,12.0,21.0,23.0,50.0,0.0,-0.7647
2021.0,12.0,22.0,0.0,0.0,0.0,-1.1764
2021.0,12.0,22.0,0.0,10.0,0.0,-0.5085
2021.0,12.0,22.0,0.0,20.0,0.0,-0.5025
2021.0,12.0,22.0,0.0,30.0,0.0,-0.8307
2021.0,12.0,22.0,0.0,40.0,0.0,-0.56
2021.0,12.0,22.0,1.0,10.0,0.0,-0.5934
2021.0,12.0,22.0,1.0,20.0,0.0,-0.5409
2021.0,12.0,22.0,1.0,30.0,0.0,-0.5252
2021.0,12.0,22.0,1.0,40.0,0.0,-1.144
2021.0,12.0,22.0,1.0,50.0,0.0,-1.2744
2021.0,12.0,22.0,2.0,0.0,0.0,-1.0869
2021.0,12.0,22.0,2.0,10.0,0.0,-0.7887
2021.0,12.0,22.0,2.0,20.0,0.0,-0.65
2021.0,12.0,22.0,2.0,50.0,0.0,-0.8946
2021.0,12.0,22.0,3.0,0.0,0.0,-0.7093
2021.0,12.0,22.0,3.0,10.0,0.0,-0.4996
2021.0,12.0,22.0,3.0,20.0,0.0,-0.4741
2021.0,12.0,22.0,3.0,30.0,0.0,-1.2198
2021.0,12.0,22.0,19.0,30.0,0.0,-1.937
2021.0,12.0,22.0,19.0,40.0,0.0,-1.9811
2021.0,12.0,22.0,19.0,50.0,0.0,-2.0397
2021.0,12.0,22.0,20.0,20.0,0.0,-3.1986
2021.0,12.0,22.0,20.0,30.0,0.0,-3.0361
2021.0,12.0,22.0,20.0,40.0,0.0,-3.0946
2021.0,12.0,22.0,20.0,50.0,0.0,-3.1512
2021.0,12.0,22.0,21.0,0.0,0.0,-3.1162
2021.0,12.0,22.0,21.0,10.0,0.0,-2.9846
2021.0,12.0,22.0,21.0,20.0,0.0,-2.9243
2021.0,12.0,22.0,21.0,30.0,0.0,-2.8887
2021.0,12.0,22.0,22.0,0.0,0.0,-3.2924
2021.0,12.0,22.0,22.0,10.0,0.0,-3.1713
2021.0,12.0,22.0,22.0,20.0,0.0,-3.2401
2021.0,12.0,22.0,22.0,30.0,0.0,-4.2202
2021.0,12.0,22.0,22.0,40.0,0.0,-7.6882
2021.0,12.0,22.0,22.0,50.0,0.0,-6.1213
2021.0,12.0,22.0,23.0,0.0,0.0,-5.9628
2021.0,12.0,22.0,23.0,10.0,0.0,-4.15
2021.0,12.0,22.0,23.0,40.0,0.0,-3.7587
2021.0,12.0,22.0,23.0,50.0,0.0,-3.7865
2021.0,12.0,23.0,0.0,0.0,0.0,-3.5177
2021.0,12.0,23.0,0.0,10.0,0.0,-3.7878
2021.0,12.0,23.0,0.0,20.0,0.0,-4.8822
2021.0,12.0,23.0,0.0,30.0,0.0,-3.2766
2021.0,12.0,23.0,0.0,40.0,0.0,-2.451
2021.0,12.0,23.0,0.0,50.0,0.0,-3.2388
2021.0,12.0,23.0,1.0,20.0,0.0,-3.4738
2021.0,12.0,23.0,1.0,30.0,0.0,-1.9223
2021.0,12.0,23.0,1.0,40.0,0.0,-3.8749
2021.0,12.0,23.0,1.0,50.0,0.0,-3.1166
2021.0,12.0,23.0,2.0,0.0,0.0,-3.1972
2021.0,12.0,23.0,2.0,10.0,0.0,-2.6814
2021.0,12.0,23.0,2.0,20.0,0.0,-2.6008
2021.0,12.0,23.0,2.0,30.0,0.0,-2.3453
2021.0,12.0,23.0,3.0,0.0,0.0,-2.2306
2021.0,12.0,23.0,3.0,10.0,0.0,-2.1184
2021.0,12.0,23.0,3.0,20.0,0.0,-2.2156
2021.0,12.0,23.0,3.0,30.0,0.0,-1.9191
2021.0,12.0,23.0,21.0,40.0,0.0,-0.8479
2021.0,12.0,23.0,21.0,50.0,0.0,-0.8548
2021.0,12.0,23.0,22.0,0.0,0.0,-0.8308
2021.0,12.0,23.0,22.0,10.0,0.0,-0.836
2021.0,12.0,23.0,22.0,40.0,0.0,-0.9348
2021.0,12.0,23.0,22.0,50.0,0.0,-0.819
2021.0,12.0,23.0,23.0,0.0,0.0,-0.7341
2021.0,12.0,23.0,23.0,10.0,0.0,-0.733
2021.0,12.0,23.0,23.0,20.0,0.0,-0.8943
2021.0,12.0,23.0,23.0,30.0,0.0,-0.9481
2021.0,12.0,23.0,23.0,40.0,0.0,-0.9841
2021.0,12.0,23.0,23.0,50.0,0.0,-1.031
2021.0,12.0,24.0,0.0,20.0,0.0,-1.1322
2021.0,12.0,24.0,0.0,30.0,0.0,-1.0551
2021.0,12.0,24.0,0.0,40.0,0.0,-0.9057
2021.0,12.0,24.0,0.0,50.0,0.0,-1.0215
2021.0,12.0,24.0,1.0,0.0,0.0,-0.9082
2021.0,12.0,24.0,1.0,10.0,0.0,-0.9865
2021.0,12.0,24.0,1.0,20.0,0.0,-0.9551
2021.0,12.0,24.0,1.0,30.0,0.0,-0.9013
2021.0,12.0,24.0,2.0,0.0,0.0,-0.7157
2021.0,12.0,24.0,2.0,10.0,0.0,-0.5887
2021.0,12.0,24.0,2.0,20.0,0.0,-0.7404
2021.0,12.0,24.0,2.0,30.0,0.0,-0.6958
2021.0,12.0,24.0,2.0,40.0,0.0,-0.8315
2021.0,12.0,24.0,2.0,50.0,0.0,-0.824
2021.0,12.0,24.0,3.0,0.0,0.0,-0.9483
2021.0,12.0,24.0,3.0,10.0,0.0,-0.9849
2021.0,12.0,24.0,19.0,30.0,0.0,-5.8018
2021.0,12.0,24.0,19.0,40.0,0.0,-2.8146
2021.0,12.0,24.0,19.0,50.0,0.0,-2.9231
2021.0,12.0,24.0,20.0,0.0,0.0,-4.9299
2021.0,12.0,24.0,20.0,10.0,0.0,-3.9158
2021.0,12.0,24.0,20.0,20.0,0.0,-2.8221
2021.0,12.0,24.0,20.0,30.0,0.0,-1.7674
2021.0,12.0,24.0,20.0,40.0,0.0,-2.6256
2021.0,12.0,24.0,21.0,10.0,0.0,-3.8545
2021.0,12.0,24.0,21.0,20.0,0.0,-4.3228
2021.0,12.0,24.0,21.0,30.0,0.0,-4.4772
2021.0,12.0,24.0,21.0,40.0,0.0,-4.3445
2021.0,12.0,24.0,21.0,50.0,0.0,-4.5875
2021.0,12.0,24.0,22.0,0.0,0.0,-3.0973
2021.0,12.0,24.0,22.0,10.0,0.0,-3.0656
2021.0,12.0,24.0,22.0,20.0,0.0,-2.0477
2021.0,12.0,24.0,22.0,50.0,0.0,-1.3365
2021.0,12.0,24.0,23.0,0.0,0.0,-0.7949
2021.0,12.0,24.0,23.0,10.0,0.0,-0.9236
2021.0,12.0,24.0,23.0,20.0,0.0,-0.448
2021.0,12.0,24.0,23.0,30.0,0.0,-0.5359
2021.0,12.0,24.0,23.0,40.0,0.0,-1.0999
2021.0,12.0,24.0,23.0,50.0,0.0,-1.8687
2021.0,12.0,25.0,0.0,0.0,0.0,-2.2391
2021.0,12.0,25.0,0.0,30.0,0.0,-2.5046
2021.0,12.0,25.0,0.0,40.0,0.0,-2.6943
2021.0,12.0,25.0,0.0,50.0,0.0,-2.7707
2021.0,12.0,25.0,1.0,0.0,0.0,-2.9782
2021.0,12.0,25.0,1.0,10.0,0.0,-2.9195
2021.0,12.0,25.0,1.0,20.0,0.0,-2.81
2021.0,12.0,25.0,1.0,30.0,0.0,-3.0072
2021.0,12.0,25.0,1.0,40.0,0.0,-2.7886
2021.0,12.0,25.0,2.0,10.0,0.0,-3.0445
2021.0,12.0,25.0,2.0,20.0,0.0,-2.8384
2021.0,12.0,25.0,2.0,30.0,0.0,-2.8721
2021.0,12.0,25.0,2.0,40.0,0.0,-3.0702
2021.0,12.0,25.0,2.0,50.0,0.0,-2.9276
2021.0,12.0,25.0,3.0,0.0,0.0,-2.2141
2021.0,12.0,25.0,3.0,10.0,0.0,-1.9558
2021.0,12.0,25.0,3.0,20.0,0.0,-2.2479
2021.0,12.0,25.0,19.0,40.0,0.0,-2.9315
2021.0,12.0,25.0,19.0,50.0,0.0,-2.4855
2021.0,12.0,25.0,20.0,0.0,0.0,-5.3285
2021.0,12.0,25.0,20.0,10.0,0.0,-4.4646
2021.0,12.0,25.0,20.0,20.0,0.0,-5.2863
2021.0,12.0,25.0,20.0,30.0,0.0,-4.382
2021.0,12.0,25.0,20.0,40.0,0.0,-4.1325
2021.0,12.0,25.0,20.0,50.0,0.0,-3.4895
2021.0,12.0,25.0,21.0,20.0,0.0,-3.5328
2021.0,12.0,25.0,21.0,30.0,0.0,-2.7683
2021.0,12.0,25.0,21.0,40.0,0.0,-2.6807
2021.0,12.0,25.0,21.0,50.0,0.0,-3.9766
2021.0,12.0,25.0,22.0,0.0,0.0,-4.2124
2021.0,12.0,25.0,22.0,10.0,0.0,-3.7087
2021.0,12.0,25.0,22.0,20.0,0.0,-3.1106
2021.0,12.0,25.0,22.0,30.0,0.0,-4.0886
2021.0,12.0,25.0,23.0,0.0,0.0,-4.3002
2021.0,12.0,25.0,23.0,10.0,0.0,-3.332
2021.0,12.0,25.0,23.0,20.0,0.0,-3.4769
2021.0,12.0,25.0,23.0,30.0,0.0,-2.1608
2021.0,12.0,25.0,23.0,40.0,0.0,-2.7714
2021.0,12.0,25.0,23.0,50.0,0.0,-4.0562
2021.0,12.0,26.0,0.0,0.0,0.0,-3.1632
2021.0,12.0,26.0,0.0,10.0,0.0,-2.8677
2021.0,12.0,26.0,0.0,40.0,0.0,-3.0416
2021.0,12.0,26.0,0.0,50.0,0.0,-3.0032
2021.0,12.0,26.0,1.0,0.0,0.0,-2.4445
2021.0,12.0,26.0,1.0,10.0,0.0,-2.9649
2021.0,12.0,26.0,1.0,20.0,0.0,-2.6911
2021.0,12.0,26.0,1.0,30.0,0.0,-2.6679
2021.0,12.0,26.0,1.0,40.0,0.0,-2.1521
2021.0,12.0,26.0,1.0,50.0,0.0,-3.6379
2021.0,12.0,26.0,2.0,20.0,0.0,-4.6255
2021.0,12.0,26.0,2.0,30.0,0.0,-4.0085
2021.0,12.0,26.0,2.0,40.0,0.0,-4.7815
2021.0,12.0,26.0,2.0,50.0,0.0,-6.0439
2021.0,12.0,26.0,3.0,0.0,0.0,-7.9678
2021.0,12.0,26.0,3.0,10.0,0.0,-4.2249
2021.0,12.0,26.0,3.0,20.0,0.0,-3.4239
2021.0,12.0,26.0,3.0,30.0,0.0,-3.2056
2021.0,12.0,26.0,19.0,50.0,0.0,-2.9831
2021.0,12.0,26.0,20.0,0.0,0.0,-3.084
2021.0,12.0,26.0,20.0,10.0,0.0,-3.1313
2021.0,12.0,26.0,20.0,20.0,0.0,-2.9358
2021.0,12.0,26.0,20.0,30.0,0.0,-3.1677
2021.0,12.0,26.0,20.0,40.0,0.0,-3.3611
2021.0,12.0,26.0,20.0,50.0,0.0,-3.4954
2021.0,12.0,26.0,21.0,0.0,0.0,-3.3562
2021.0,12.0,26.0,21.0,30.0,0.0,-3.3326
2021.0,12.0,26.0,21.0,40.0,0.0,-4.191
2021.0,12.0,26.0,21.0,50.0,0.0,-3.8085
2021.0,12.0,26.0,22.0,0.0,0.0,-3.7144
2021.0,12.0,26.0,22.0,10.0,0.0,-3.2621
2021.0,12.0,26.0,22.0,20.0,0.0,-3.4402
2021.0,12.0,26.0,22.0,30.0,0.0,-3.4728
2021.0,12.0,26.0,22.0,40.0,0.0,-3.3187
2021.0,12.0,26.0,23.0,10.0,0.0,-3.3764
2021.0,12.0,26.0,23.0,20.0,0.0,-3.5358
2021.0,12.0,26.0,23.0,30.0,0.0,-3.5072
2021.0,12.0,26.0,23.0,40.0,0.0,-3.3545
2021.0,12.0,26.0,23.0,50.0,0.0,-3.294
2021.0,12.0,27.0,0.0,0.0,0.0,-3.0576
2021.0,12.0,27.0,0.0,10.0,0.0,-3.4679
2021.0,12.0,27.0,0.0,20.0,0.0,-3.2252
2021.0,12.0,27.0,0.0,50.0,0.0,-2.2645
2021.0,12.0,27.0,1.0,0.0,0.0,-2.2893
2021.0,12.0,27.0,1.0,10.0,0.0,-3.277
2021.0,12.0,27.0,1.0,20.0,0.0,-3.6562
2021.0,12.0,27.0,1.0,30.0,0.0,-3.5847
2021.0,12.0,27.0,1.0,40.0,0.0,-3.2157
2021.0,12.0,27.0,1.0,50.0,0.0,-2.9958
2021.0,12.0,27.0,2.0,0.0,0.0,-3.1581
2021.0,12.0,27.0,2.0,30.0,0.0,-3.5509
2021.0,12.0,27.0,2.0,40.0,0.0,-3.3128
2021.0,12.0,27.0,2.0,50.0,0.0,-3.0693
2021.0,12.0,27.0,3.0,0.0,0.0,-3.1853
2021.0,12.0,27.0,3.0,10.0,0.0,-2.8765
2021.0,12.0,27.0,3.0,20.0,0.0,-2.591
2021.0,12.0,27.0,3.0,30.0,0.0,-2.8556
2021.0,12.0,27.0,22.0,10.0,0.0,-6.7993
2021.0,12.0,27.0,22.0,40.0,0.0,-17.7332
2021.0,12.0,27.0,22.0,50.0,0.0,-22.9103
2021.0,12.0,27.0,23.0,0.0,0.0,-15.8448
2021.0,12.0,27.0,23.0,10.0,0.0,-15.1447
2021.0,12.0,27.0,23.0,20.0,0.0,-2.1355
2021.0,12.0,27.0,23.0,30.0,0.0,-8.724
2021.0,12.0,27.0,23.0,40.0,0.0,-4.3464
2021.0,12.0,27.0,23.0,50.0,0.0,-7.9316
2021.0,12.0,28.0,0.0,20.0,0.0,-4.0415
2021.0,12.0,28.0,0.0,30.0,0.0,-12.3843
2021.0,12.0,28.0,0.0,40.0,0.0,-2.3625
2021.0,12.0,28.0,0.0,50.0,0.0,-2.1602
2021.0,12.0,28.0,1.0,0.0,0.0,-2.3043
2021.0,12.0,28.0,1.0,10.0,0.0,-2.6193
2021.0,12.0,28.0,1.0,20.0,0.0,-2.9033
2021.0,12.0,28.0,1.0,30.0,0.0,-3.9896
2021.0,12.0,28.0,2.0,0.0,0.0,-4.8334
2021.0,12.0,28.0,2.0,10.0,0.0,-3.0894
2021.0,12.0,28.0,2.0,20.0,0.0,-2.9846
2021.0,12.0,28.0,2.0,30.0,0.0,-2.7349
2021.0,12.0,28.0,2.0,40.0,0.0,-2.3266
2021.0,12.0,28.0,2.0,50.0,0.0,-2.9313
2021.0,12.0,28.0,3.0,0.0,0.0,-2.2663
2021.0,12.0,28.0,3.0,10.0,0.0,-2.1811
2021.0,12.0,28.0,19.0,30.0,0.0,-3.1438
2021.0,12.0,28.0,19.0,40.0,0.0,-3.5029
2021.0,12.0,28.0,19.0,50.0,0.0,-3.3016
2021.0,12.0,28.0,20.0,0.0,0.0,-3.1643
2021.0,12.0,28.0,20.0,10.0,0.0,-2.859
2021.0,12.0,28.0,20.0,20.0,0.0,-4.4902
2021.0,12.0,28.0,20.0,30.0,0.0,-5.3938
2021.0,12.0,28.0,20.0,40.0,0.0,-10.5752
2021.0,12.0,28.0,21.0,10.0,0.0,-8.2828
2021.0,12.0,28.0,21.0,20.0,0.0,-5.2384
2021.0,12.0,28.0,21.0,30.0,0.0,-6.1481
2021.0,12.0,28.0,21.0,40.0,0.0,-12.6748
2021.0,12.0,28.0,21.0,50.0,0.0,-18.6022
2021.0,12.0,28.0,22.0,0.0,0.0,-18.5531
2021.0,12.0,28.0,22.0,10.0,0.0,-18.863
2021.0,12.0,28.0,22.0,20.0,0.0,-22.7339
2021.0,12.0,28.0,22.0,50.0,0.0,-21.3371
2021.0,12.0,28.0,23.0,0.0,0.0,-19.4272
2021.0,12.0,28.0,23.0,10.0,0.0,-12.3871
2021.0,12.0,28.0,23.0,20.0,0.0,-4.4454
2021.0,12.0,28.0,23.0,30.0,0.0,-16.9169
2021.0,12.0,28.0,23.0,40.0,0.0,-9.9456
2021.0,12.0,28.0,23.0,50.0,0.0,-13.2204
2021.0,12.0,29.0,0.0,0.0,0.0,-13.2941
2021.0,12.0,29.0,0.0,30.0,0.0,-3.6613
2021.0,12.0,29.0,0.0,40.0,0.0,-3.7455
2021.0,12.0,29.0,0.0,50.0,0.0,-1.9351
2021.0,12.0,29.0,1.0,0.0,0.0,-2.011
2021.0,12.0,29.0,1.0,10.0,0.0,-2.026
2021.0,12.0,29.0,1.0,20.0,0.0,-1.7031
2021.0,12.0,29.0,1.0,30.0,0.0,-1.8992
2021.0,12.0,29.0,1.0,40.0,0.0,-2.1996
2021.0,12.0,29.0,2.0,10.0,0.0,-2.47
2021.0,12.0,29.0,2.0,20.0,0.0,-2.6473
2021.0,12.0,29.0,2.0,30.0,0.0,-3.2145
2021.0,12.0,29.0,2.0,40.0,0.0,-2.9155
2021.0,12.0,29.0,2.0,50.0,0.0,-3.0001
2021.0,12.0,29.0,3.0,0.0,0.0,-2.8504
2021.0,12.0,29.0,3.0,10.0,0.0,-2.9031
2021.0,12.0,29.0,3.0,20.0,0.0,-4.4705
2021.0,12.0,29.0,19.0,40.0,0.0,-5.8015
2021.0,12.0,29.0,19.0,50.0,0.0,-5.1457
2021.0,12.0,29.0,20.0,0.0,0.0,-5.9519
2021.0,12.0,29.0,20.0,10.0,0.0,-4.9066
2021.0,12.0,29.0,20.0,20.0,0.0,-4.3759
2021.0,12.0,29.0,20.0,30.0,0.0,-4.9734
2021.0,12.0,29.0,20.0,40.0,0.0,-5.142
2021.0,12.0,29.0,20.0,50.0,0.0,-5.2052
2021.0,12.0,29.0,21.0,20.0,0.0,-5.7813
2021.0,12.0,29.0,21.0,30.0,0.0,-6.1301
2021.0,12.0,29.0,21.0,40.0,0.0,-8.1654
2021.0,12.0,29.0,21.0,50.0,0.0,-7.307
2021.0,12.0,29.0,22.0,0.0,0.0,-11.341
2021.0,12.0,29.0,22.0,10.0,0.0,-13.2271
2021.0,12.0,29.0,22.0,20.0,0.0,-5.8531
2021.0,12.0,29.0,22.0,30.0,0.0,-4.2892
2021.0,12.0,29.0,23.0,0.0,0.0,-3.1057
2021.0,12.0,29.0,23.0,10.0,0.0,-3.4091
2021.0,12.0,29.0,23.0,20.0,0.0,-3.5963
2021.0,12.0,29.0,23.0,30.0,0.0,-3.8165
2021.0,12.0,29.0,23.0,40.0,0.0,-4.034
2021.0,12.0,29.0,23.0,50.0,0.0,-3.8846
2021.0,12.0,30.0,0.0,0.0,0.0,-4.0207
2021.0,12.0,30.0,0.0,10.0,0.0,-3.9923
2021.0,12.0,30.0,0.0,40.0,0.0,-4.1634
2021.0,12.0,30.0,0.0,50.0,0.0,-4.0663
2021.0,12.0,30.0,1.0,0.0,0.0,-3.8747
2021.0,12.0,30.0,1.0,10.0,0.0,-4.1161
2021.0,12.0,30.0,1.0,20.0,0.0,-4.2075
2021.0,12.0,30.0,1.0,30.0,0.0,-4.0589
2021.0,12.0,30.0,1.0,40.0,0.0,-4.1549
2021.0,12.0,30.0,1.0,50.0,0.0,-4.1613
2021.0,12.0,30.0,2.0,20.0,0.0,-3.7184
2021.0,12.0,30.0,2.0,30.0,0.0,-3.8411
2021.0,12.0,30.0,2.0,40.0,0.0,-3.9933
2021.0,12.0,30.0,2.0,50.0,0.0,-3.7861
2021.0,12.0,30.0,3.0,0.0,0.0,-4.0672
2021.0,12.0,30.0,3.0,10.0,0.0,-3.7368
2021.0,12.0,30.0,3.0,20.0,0.0,-3.7506
2021.0,12.0,30.0,3.0,30.0,0.0,-3.893
2021.0,12.0,30.0,19.0,50.0,0.0,-19.5528
2021.0,12.0,30.0,20.0,0.0,0.0,-18.0045
2021.0,12.0,30.0,20.0,10.0,0.0,-19.9549
2021.0,12.0,30.0,20.0,20.0,0.0,-15.9579
2021.0,12.0,30.0,20.0,30.0,0.0,-16.952
2021.0,12.0,30.0,20.0,40.0,0.0,-19.5684
2021.0,12.0,30.0,20.0,50.0,0.0,-24.5384
2021.0,12.0,30.0,21.0,0.0,0.0,-22.148
2021.0,12.0,30.0,21.0,30.0,0.0,-24.5809
2021.0,12.0,30.0,21.0,40.0,0.0,-25.2967
2021.0,12.0,30.0,21.0,50.0,0.0,-27.557
2021.0,12.0,30.0,22.0,0.0,0.0,-27.7133
2021.0,12.0,30.0,22.0,10.0,0.0,-27.9967
2021.0,12.0,30.0,22.0,20.0,0.0,-26.2837
2021.0,12.0,30.0,22.0,30.0,0.0,-22.8266
2021.0,12.0,30.0,22.0,40.0,0.0,-20.6868
2021.0,12.0,30.0,23.0,10.0,0.0,-15.0987
2021.0,12.0,30.0,23.0,20.0,0.0,-12.446
2021.0,12.0,30.0,23.0,30.0,0.0,-19.9422
2021.0,12.0,30.0,23.0,40.0,0.0,-20.2236
2021.0,12.0,30.0,23.0,50.0,0.0,-22.9385
2021.0,12.0,31.0,0.0,0.0,0.0,-23.2635
2021.0,12.0,31.0,0.0,10.0,0.0,-21.859
2021.0,12.0,31.0,0.0,20.0,0.0,-22.9187
2021.0,12.0,31.0,0.0,50.0,0.0,-20.0902
2021.0,12.0,31.0,1.0,0.0,0.0,-19.9632
2021.0,12.0,31.0,1.0,10.0,0.0,-21.1879
2021.0,12.0,31.0,1.0,20.0,0.0,-23.2943
2021.0,12.0,31.0,1.0,30.0,0.0,-22.7858
2021.0,12.0,31.0,1.0,40.0,0.0,-21.4865
2021.0,12.0,31.0,1.0,50.0,0.0,-20.2457
2021.0,12.0,31.0,2.0,0.0,0.0,-20.9434
2021.0,12.0,31.0,2.0,30.0,0.0,-26.0899
2021.0,12.0,31.0,2.0,40.0,0.0,-24.094
2021.0,12.0,31.0,2.0,50.0,0.0,-27.6158
2021.0,12.0,31.0,3.0,0.0,0.0,-26.0128
2021.0,12.0,31.0,3.0,10.0,0.0,-23.6604
2021.0,12.0,31.0,3.0,20.0,0.0,-18.5097
2021.0,12.0,31.0,3.0,30.0,0.0,-16.435
2021.0,12.0,31.0,19.0,30.0,0.0,-25.1518
2021.0,12.0,31.0,20.0,0.0,0.0,-22.5515
2021.0,12.0,31.0,20.0,10.0,0.0,-25.2525
2021.0,12.0,31.0,20.0,20.0,0.0,-19.857
2021.0,12.0,31.0,20.0,30.0,0.0,-16.7889
2021.0,12.0,31.0,20.0,40.0,0.0,-9.5359
2021.0,12.0,31.0,20.0,50.0,0.0,-7.386
2021.0,12.0,31.0,21.0,0.0,0.0,-6.8017
2021.0,12.0,31.0,21.0,10.0,0.0,-6.1021
2021.0,12.0,31.0,21.0,40.0,0.0,-6.5946
2021.0,12.0,31.0,21.0,50.0,0.0,-6.7708
2021.0,12.0,31.0,22.0,0.0,0.0,-6.9762
2021.0,12.0,31.0,22.0,10.0,0.0,-6.9833
2021.0,12.0,31.0,22.0,20.0,0.0,-7.1727
2021.0,12.0,31.0,22.0,30.0,0.0,-6.6255
2021.0,12.0,31.0,22.0,40.0,0.0,-5.6439
2021.0,12.0,31.0,22.0,50.0,0.0,-6.9584
2021.0,12.0,31.0,23.0,20.0,0.0,-4.8245
2021.0,12.0,31.0,23.0,30.0,0.0,-5.7292
2021.0,12.0,31.0,23.0,40.0,0.0,-5.0192
2021.0,12.0,31.0,23.0,50.0,0.0,-5.6722
2022.0,1.0,4.0,0.0,0.0,0.0,-27.9058
2022.0,1.0,4.0,0.0,10.0,0.0,-26.4288
2022.0,1.0,4.0,0.0,20.0,0.0,-27.8676
2022.0,1.0,4.0,0.0,30.0,0.0,-28.1852
2022.0,1.0,4.0,1.0,0.0,0.0,-26.9975
2022.0,1.0,4.0,1.0,10.0,0.0,-27.3957
2022.0,1.0,4.0,1.0,20.0,0.0,-27.4989
2022.0,1.0,4.0,1.0,30.0,0.0,-29.005
2022.0,1.0,4.0,1.0,40.0,0.0,-27.8518
2022.0,1.0,4.0,1.0,50.0,0.0,-28.5809
2022.0,1.0,4.0,2.0,0.0,0.0,-26.4792
2022.0,1.0,4.0,2.0,10.0,0.0,-27.9219
2022.0,1.0,4.0,2.0,40.0,0.0,-28.1872
2022.0,1.0,4.0,2.0,50.0,0.0,-26.5273
2022.0,1.0,4.0,3.0,0.0,0.0,-22.0208
2022.0,1.0,4.0,3.0,10.0,0.0,-24.4897
2022.0,1.0,4.0,3.0,20.0,0.0,-13.118
2022.0,1.0,4.0,3.0,30.0,0.0,-9.6693
2022.0,1.0,4.0,19.0,30.0,0.0,-25.8787
2022.0,1.0,4.0,19.0,40.0,0.0,-25.3787
2022.0,1.0,4.0,20.0,10.0,0.0,-15.0332
2022.0,1.0,4.0,20.0,20.0,0.0,-26.0896
2022.0,1.0,4.0,20.0,30.0,0.0,-24.7284
2022.0,1.0,4.0,20.0,40.0,0.0,-23.7575
2022.0,1.0,4.0,20.0,50.0,0.0,-23.6156
2022.0,1.0,4.0,21.0,0.0,0.0,-18.542
2022.0,1.0,4.0,21.0,10.0,0.0,-16.4006
2022.0,1.0,4.0,21.0,20.0,0.0,-6.4407
2022.0,1.0,4.0,21.0,50.0,0.0,-26.8733
2022.0,1.0,4.0,22.0,0.0,0.0,-11.7903
2022.0,1.0,4.0,22.0,10.0,0.0,-17.8494
2022.0,1.0,4.0,22.0,20.0,0.0,-17.4579
2022.0,1.0,4.0,22.0,30.0,0.0,-8.8568
2022.0,1.0,4.0,22.0,40.0,0.0,-2.5191
2022.0,1.0,4.0,22.0,50.0,0.0,-2.7288
2022.0,1.0,4.0,23.0,0.0,0.0,-3.052
2022.0,1.0,4.0,23.0,30.0,0.0,-2.4091
2022.0,1.0,4.0,23.0,40.0,0.0,-2.614
2022.0,1.0,4.0,23.0,50.0,0.0,-1.6432
2022.0,1.0,5.0,0.0,0.0,0.0,-1.5347
2022.0,1.0,5.0,0.0,10.0,0.0,-1.577
2022.0,1.0,5.0,0.0,20.0,0.0,-1.4158
2022.0,1.0,5.0,0.0,30.0,0.0,-1.5457
2022.0,1.0,5.0,0.0,40.0,0.0,-1.5385
2022.0,1.0,5.0,1.0,10.0,0.0,-1.5699
2022.0,1.0,5.0,1.0,20.0,0.0,-1.703
2022.0,1.0,5.0,1.0,30.0,0.0,-1.7684
2022.0,1.0,5.0,1.0,40.0,0.0,-1.9563
2022.0,1.0,5.0,1.0,50.0,0.0,-1.4395
2022.0,1.0,5.0,2.0,0.0,0.0,-1.3971
2022.0,1.0,5.0,2.0,10.0,0.0,-1.468
2022.0,1.0,5.0,2.0,20.0,0.0,-1.4745
2022.0,1.0,5.0,2.0,50.0,0.0,-1.6865
2022.0,1.0,5.0,3.0,0.0,0.0,-1.684
2022.0,1.0,5.0,3.0,10.0,0.0,-1.7734
2022.0,1.0,5.0,3.0,20.0,0.0,-1.9642
2022.0,1.0,5.0,3.0,30.0,0.0,-2.0343
2022.0,1.0,5.0,19.0,30.0,0.0,-10.0558
2022.0,1.0,5.0,19.0,40.0,0.0,-17.2444
2022.0,1.0,5.0,19.0,50.0,0.0,-16.0713
2022.0,1.0,5.0,20.0,20.0,0.0,-5.5301
2022.0,1.0,5.0,20.0,30.0,0.0,-5.5821
2022.0,1.0,5.0,20.0,40.0,0.0,-5.021
2022.0,1.0,5.0,20.0,50.0,0.0,-4.1426
2022.0,1.0,5.0,21.0,0.0,0.0,-4.0171
2022.0,1.0,5.0,21.0,10.0,0.0,-3.2504
2022.0,1.0,5.0,21.0,20.0,0.0,-3.2677
2022.0,1.0,5.0,21.0,30.0,0.0,-2.6975
2022.0,1.0,5.0,22.0,0.0,0.0,-2.6187
2022.0,1.0,5.0,22.0,10.0,0.0,-3.2103
2022.0,1.0,5.0,22.0,20.0,0.0,-1.8136
2022.0,1.0,5.0,22.0,30.0,0.0,-2.7428
2022.0,1.0,5.0,22.0,40.0,0.0,-2.1507
2022.0,1.0,5.0,22.0,50.0,0.0,-1.9449
2022.0,1.0,5.0,23.0,0.0,0.0,-1.6837
2022.0,1.0,5.0,23.0,10.0,0.0,-2.1126
2022.0,1.0,5.0,23.0,40.0,0.0,-2.1538
2022.0,1.0,5.0,23.0,50.0,0.0,-2.1761
2022.0,1.0,6.0,0.0,0.0,0.0,-2.0407
2022.0,1.0,6.0,0.0,10.0,0.0,-1.8012
2022.0,1.0,6.0,0.0,20.0,0.0,-1.3085
2022.0,1.0,6.0,0.0,30.0,0.0,-1.142
2022.0,1.0,6.0,0.0,40.0,0.0,-1.0959
2022.0,1.0,6.0,0.0,50.0,0.0,-1.0203
2022.0,1.0,6.0,1.0,20.0,0.0,-1.1736
2022.0,1.0,6.0,1.0,30.0,0.0,-1.5788
2022.0,1.0,6.0,1.0,40.0,0.0,-2.0366
2022.0,1.0,6.0,1.0,50.0,0.0,-1.6226
2022.0,1.0,6.0,2.0,0.0,0.0,-1.5147
2022.0,1.0,6.0,2.0,10.0,0.0,-1.2187
2022.0,1.0,6.0,2.0,20.0,0.0,-2.3389
2022.0,1.0,6.0,2.0,30.0,0.0,-3.0994
2022.0,1.0,6.0,3.0,0.0,0.0,-3.1209
2022.0,1.0,6.0,3.0,10.0,0.0,-3.2954
2022.0,1.0,6.0,3.0,20.0,0.0,-2.8408
2022.0,1.0,6.0,3.0,30.0,0.0,-1.7642
2022.0,1.0,6.0,19.0,30.0,0.0,-3.8587
2022.0,1.0,6.0,19.0,40.0,0.0,-3.179
2022.0,1.0,6.0,19.0,50.0,0.0,-3.1437
2022.0,1.0,6.0,20.0,0.0,0.0,-2.7728
2022.0,1.0,6.0,20.0,30.0,0.0,-3.4651
2022.0,1.0,6.0,20.0,40.0,0.0,-3.3126
2022.0,1.0,6.0,20.0,50.0,0.0,-3.248
2022.0,1.0,6.0,21.0,0.0,0.0,-3.029
2022.0,1.0,6.0,21.0,10.0,0.0,-3.0872
2022.0,1.0,6.0,21.0,20.0,0.0,-3.2775
2022.0,1.0,6.0,21.0,30.0,0.0,-3.7123
2022.0,1.0,6.0,21.0,40.0,0.0,-4.1444
2022.0,1.0,6.0,22.0,10.0,0.0,-3.1063
2022.0,1.0,6.0,22.0,20.0,0.0,-3.5799
2022.0,1.0,6.0,22.0,30.0,0.0,-3.4458
2022.0,1.0,6.0,22.0,40.0,0.0,-3.2111
2022.0,1.0,6.0,22.0,50.0,0.0,-3.0808
2022.0,1.0,6.0,23.0,0.0,0.0,-2.9808
2022.0,1.0,6.0,23.0,10.0,0.0,-3.573
2022.0,1.0,6.0,23.0,20.0,0.0,-4.7053
2022.0,1.0,6.0,23.0,50.0,0.0,-3.9678
2022.0,1.0,7.0,0.0,0.0,0.0,-4.3662
2022.0,1.0,7.0,0.0,10.0,0.0,-4.646
2022.0,1.0,7.0,0.0,20.0,0.0,-4.1526
2022.0,1.0,7.0,0.0,30.0,0.0,-6.3179
2022.0,1.0,7.0,0.0,40.0,0.0,-5.1691
2022.0,1.0,7.0,0.0,50.0,0.0,-5.1598
2022.0,1.0,7.0,1.0,0.0,0.0,-4.9087
2022.0,1.0,7.0,1.0,30.0,0.0,-3.6662
2022.0,1.0,7.0,1.0,40.0,0.0,-3.2139
2022.0,1.0,7.0,1.0,50.0,0.0,-3.0511
2022.0,1.0,7.0,2.0,0.0,0.0,-3.2988
2022.0,1.0,7.0,2.0,10.0,0.0,-3.0238
2022.0,1.0,7.0,2.0,20.0,0.0,-3.1379
2022.0,1.0,7.0,2.0,30.0,0.0,-3.0854
2022.0,1.0,7.0,2.0,40.0,0.0,-3.3511
2022.0,1.0,7.0,3.0,10.0,0.0,-3.4312
2022.0,1.0,7.0,3.0,20.0,0.0,-3.4493
2022.0,1.0,7.0,3.0,30.0,0.0,-3.437
2022.0,1.0,7.0,19.0,30.0,0.0,-20.1454
2022.0,1.0,7.0,19.0,40.0,0.0,-18.7668
2022.0,1.0,7.0,19.0,50.0,0.0,-20.2916
2022.0,1.0,7.0,20.0,0.0,0.0,-21.9666
2022.0,1.0,7.0,20.0,10.0,0.0,-22.22
2022.0,1.0,7.0,20.0,40.0,0.0,-17.0401
2022.0,1.0,7.0,20.0,50.0,0.0,-10.7934
2022.0,1.0,7.0,21.0,0.0,0.0,-7.229
2022.0,1.0,7.0,21.0,10.0,0.0,-7.6139
2022.0,1.0,7.0,21.0,20.0,0.0,-7.3578
2022.0,1.0,7.0,21.0,30.0,0.0,-6.6529
2022.0,1.0,7.0,21.0,40.0,0.0,-7.6219
2022.0,1.0,7.0,21.0,50.0,0.0,-12.1754
2022.0,1.0,7.0,22.0,20.0,0.0,-5.5953
2022.0,1.0,7.0,22.0,30.0,0.0,-9.3614
2022.0,1.0,7.0,22.0,40.0,0.0,-18.6799
2022.0,1.0,7.0,22.0,50.0,0.0,-18.9735
2022.0,1.0,7.0,23.0,0.0,0.0,-27.3583
2022.0,1.0,7.0,23.0,10.0,0.0,-28.959
2022.0,1.0,7.0,23.0,20.0,0.0,-22.0888
2022.0,1.0,7.0,23.0,30.0,0.0,-8.5151
2022.0,1.0,8.0,0.0,0.0,0.0,-10.1977
2022.0,1.0,8.0,0.0,10.0,0.0,-9.7455
2022.0,1.0,8.0,0.0,20.0,0.0,-5.6416
2022.0,1.0,8.0,0.0,30.0,0.0,-5.6748
2022.0,1.0,8.0,0.0,40.0,0.0,-5.348
2022.0,1.0,8.0,0.0,50.0,0.0,-6.6804
2022.0,1.0,8.0,1.0,0.0,0.0,-10.0515
2022.0,1.0,8.0,1.0,10.0,0.0,-10.8234
2022.0,1.0,8.0,1.0,40.0,0.0,-9.8295
2022.0,1.0,8.0,1.0,50.0,0.0,-10.556
2022.0,1.0,8.0,2.0,0.0,0.0,-14.286
2022.0,1.0,8.0,2.0,10.0,0.0,-7.4332
2022.0,1.0,8.0,2.0,20.0,0.0,-6.4919
2022.0,1.0,8.0,2.0,30.0,0.0,-6.7928
2022.0,1.0,8.0,2.0,40.0,0.0,-7.2157
2022.0,1.0,8.0,2.0,50.0,0.0,-7.322
2022.0,1.0,8.0,3.0,20.0,0.0,-5.3951
2022.0,1.0,8.0,3.0,30.0,0.0,-6.6917
2022.0,1.0,8.0,19.0,30.0,0.0,-27.1018
2022.0,1.0,8.0,19.0,40.0,0.0,-28.1106
2022.0,1.0,8.0,19.0,50.0,0.0,-30.2211
2022.0,1.0,8.0,20.0,0.0,0.0,-29.2247
2022.0,1.0,8.0,20.0,10.0,0.0,-29.8883
2022.0,1.0,8.0,20.0,20.0,0.0,-30.166
2022.0,1.0,8.0,20.0,50.0,0.0,-30.7786
2022.0,1.0,8.0,21.0,0.0,0.0,-30.142
2022.0,1.0,8.0,21.0,10.0,0.0,-29.4922
2022.0,1.0,8.0,21.0,20.0,0.0,-29.4227
2022.0,1.0,8.0,21.0,30.0,0.0,-29.5562
2022.0,1.0,8.0,21.0,40.0,0.0,-29.054
2022.0,1.0,8.0,21.0,50.0,0.0,-28.7014
2022.0,1.0,8.0,22.0,0.0,0.0,-27.991
2022.0,1.0,8.0,22.0,30.0,0.0,-28.2305
2022.0,1.0,8.0,22.0,40.0,0.0,-28.4502
2022.0,1.0,8.0,22.0,50.0,0.0,-26.7458
2022.0,1.0,8.0,23.0,0.0,0.0,-28.3388
2022.0,1.0,8.0,23.0,10.0,0.0,-25.7511
2022.0,1.0,8.0,23.0,20.0,0.0,-24.5915
2022.0,1.0,8.0,23.0,30.0,0.0,-25.7784
2022.0,1.0,8.0,23.0,40.0,0.0,-24.9977
2022.0,1.0,9.0,0.0,10.0,0.0,-11.9489
2022.0,1.0,9.0,0.0,20.0,0.0,-8.1852
2022.0,1.0,9.0,0.0,30.0,0.0,-9.955
2022.0,1.0,9.0,0.0,40.0,0.0,-10.9577
2022.0,1.0,9.0,0.0,50.0,0.0,-11.1156
2022.0,1.0,9.0,1.0,0.0,0.0,-12.8704
2022.0,1.0,9.0,1.0,10.0,0.0,-13.5223
2022.0,1.0,9.0,1.0,20.0,0.0,-7.1257
2022.0,1.0,9.0,1.0,50.0,0.0,-5.0655
2022.0,1.0,9.0,2.0,0.0,0.0,-3.8438
2022.0,1.0,9.0,2.0,10.0,0.0,-3.4786
2022.0,1.0,9.0,2.0,20.0,0.0,-3.7581
2022.0,1.0,9.0,2.0,30.0,0.0,-3.5781
2022.0,1.0,9.0,2.0,40.0,0.0,-5.2382
2022.0,1.0,9.0,2.0,50.0,0.0,-6.1115
2022.0,1.0,9.0,3.0,0.0,0.0,-4.5907
2022.0,1.0,9.0,3.0,30.0,0.0,-3.0289
2022.0,1.0,9.0,19.0,30.0,0.0,-2.3559
2022.0,1.0,9.0,19.0,40.0,0.0,-2.6721
2022.0,1.0,9.0,19.0,50.0,0.0,-2.5023
2022.0,1.0,9.0,20.0,0.0,0.0,-2.3514
2022.0,1.0,9.0,20.0,10.0,0.0,-2.228
2022.0,1.0,9.0,20.0,20.0,0.0,-2.7109
2022.0,1.0,9.0,20.0,30.0,0.0,-2.6138
2022.0,1.0,9.0,21.0,0.0,0.0,-3.2606
2022.0,1.0,9.0,21.0,10.0,0.0,-3.2913
2022.0,1.0,9.0,21.0,20.0,0.0,-3.4858
2022.0,1.0,9.0,21.0,30.0,0.0,-3.829
2022.0,1.0,9.0,21.0,40.0,0.0,-3.8899
2022.0,1.0,9.0,21.0,50.0,0.0,-3.8131
2022.0,1.0,9.0,22.0,0.0,0.0,-3.7826
2022.0,1.0,9.0,22.0,10.0,0.0,-3.8049
2022.0,1.0,9.0,22.0,40.0,0.0,-3.9184
2022.0,1.0,9.0,22.0,50.0,0.0,-3.7759
2022.0,1.0,9.0,23.0,0.0,0.0,-3.5385
2022.0,1.0,9.0,23.0,10.0,0.0,-3.5196
2022.0,1.0,9.0,23.0,20.0,0.0,-3.4621
2022.0,1.0,9.0,23.0,30.0,0.0,-3.6001
2022.0,1.0,9.0,23.0,40.0,0.0,-3.7553
2022.0,1.0,9.0,23.0,50.0,0.0,-3.8393
2022.0,1.0,10.0,0.0,20.0,0.0,-3.2964
2022.0,1.0,10.0,0.0,30.0,0.0,-3.3627
2022.0,1.0,10.0,0.0,40.0,0.0,-3.4626
2022.0,1.0,10.0,0.0,50.0,0.0,-3.472
2022.0,1.0,10.0,1.0,0.0,0.0,-3.5698
2022.0,1.0,10.0,1.0,10.0,0.0,-3.3456
2022.0,1.0,10.0,1.0,20.0,0.0,-3.3663
2022.0,1.0,10.0,1.0,30.0,0.0,-3.1123
2022.0,1.0,10.0,2.0,0.0,0.0,-2.7135
2022.0,1.0,10.0,2.0,10.0,0.0,-2.8835
2022.0,1.0,10.0,2.0,20.0,0.0,-2.7556
2022.0,1.0,10.0,2.0,30.0,0.0,-2.7421
2022.0,1.0,10.0,2.0,40.0,0.0,-2.7375
2022.0,1.0,10.0,2.0,50.0,0.0,-2.6275
2022.0,1.0,10.0,3.0,0.0,0.0,-2.6603
2022.0,1.0,10.0,3.0,10.0,0.0,-2.6875
2022.0,1.0,10.0,19.0,30.0,0.0,-4.282
2022.0,1.0,10.0,19.0,40.0,0.0,-4.1117
2022.0,1.0,10.0,19.0,50.0,0.0,-4.0104
2022.0,1.0,10.0,20.0,0.0,0.0,-4.0173
2022.0,1.0,10.0,20.0,10.0,0.0,-3.5005
2022.0,1.0,10.0,20.0,20.0,0.0,-3.0182
2022.0,1.0,10.0,20.0,30.0,0.0,-1.927
2022.0,1.0,10.0,20.0,40.0,0.0,-1.8505
2022.0,1.0,10.0,21.0,10.0,0.0,-1.5365
2022.0,1.0,10.0,21.0,20.0,0.0,-1.6437
2022.0,1.0,10.0,21.0,30.0,0.0,-1.8614
2022.0,1.0,10.0,21.0,40.0,0.0,-1.7443
2022.0,1.0,10.0,21.0,50.0,0.0,-1.8341
2022.0,1.0,10.0,22.0,0.0,0.0,-1.8901
2022.0,1.0,10.0,22.0,10.0,0.0,-1.873
2022.0,1.0,10.0,22.0,20.0,0.0,-1.9102
2022.0,1.0,10.0,22.0,50.0,0.0,-1.7038
2022.0,1.0,10.0,23.0,0.0,0.0,-1.7371
2022.0,1.0,10.0,23.0,10.0,0.0,-1.7136
2022.0,1.0,10.0,23.0,20.0,0.0,-1.6117
2022.0,1.0,10.0,23.0,30.0,0.0,-1.8099
2022.0,1.0,10.0,23.0,40.0,0.0,-2.0218
2022.0,1.0,10.0,23.0,50.0,0.0,-1.8354
2022.0,1.0,11.0,0.0,0.0,0.0,-1.7137
2022.0,1.0,11.0,0.0,30.0,0.0,-1.4748
2022.0,1.0,11.0,0.0,40.0,0.0,-2.7685
2022.0,1.0,11.0,0.0,50.0,0.0,-2.3871
2022.0,1.0,11.0,1.0,0.0,0.0,-2.0945
2022.0,1.0,11.0,1.0,10.0,0.0,-2.4925
2022.0,1.0,11.0,1.0,20.0,0.0,-2.2808
2022.0,1.0,11.0,1.0,30.0,0.0,-2.3295
2022.0,1.0,11.0,1.0,40.0,0.0,-2.3694
2022.0,1.0,11.0,2.0,10.0,0.0,-2.4774
2022.0,1.0,11.0,2.0,20.0,0.0,-2.4117
2022.0,1.0,11.0,2.0,30.0,0.0,-2.4005
2022.0,1.0,11.0,2.0,40.0,0.0,-1.519
2022.0,1.0,11.0,2.0,50.0,0.0,-1.3661
2022.0,1.0,11.0,3.0,0.0,0.0,-1.4137
2022.0,1.0,11.0,3.0,10.0,0.0,-1.8
2022.0,1.0,11.0,3.0,20.0,0.0,-2.0464
2022.0,1.0,11.0,19.0,40.0,0.0,-6.0823
2022.0,1.0,11.0,19.0,50.0,0.0,-6.3217
2022.0,1.0,11.0,20.0,0.0,0.0,-6.4225
2022.0,1.0,11.0,20.0,10.0,0.0,-6.61
2022.0,1.0,11.0,20.0,20.0,0.0,-6.6964
2022.0,1.0,11.0,20.0,30.0,0.0,-6.7026
2022.0,1.0,11.0,20.0,40.0,0.0,-6.9413
2022.0,1.0,11.0,20.0,50.0,0.0,-6.9238
2022.0,1.0,11.0,21.0,20.0,0.0,-7.5189
2022.0,1.0,11.0,21.0,30.0,0.0,-8.4935
2022.0,1.0,11.0,21.0,40.0,0.0,-13.7837
2022.0,1.0,11.0,21.0,50.0,0.0,-20.9203
2022.0,1.0,11.0,22.0,0.0,0.0,-11.0941
2022.0,1.0,11.0,22.0,10.0,0.0,-7.9818
2022.0,1.0,11.0,22.0,20.0,0.0,-6.582
2022.0,1.0,11.0,22.0,30.0,0.0,-6.1153
2022.0,1.0,11.0,23.0,0.0,0.0,-11.7565
2022.0,1.0,11.0,23.0,10.0,0.0,-5.7568
2022.0,1.0,11.0,23.0,20.0,0.0,-4.4789
2022.0,1.0,11.0,23.0,30.0,0.0,-4.5385
2022.0,1.0,11.0,23.0,40.0,0.0,-4.2844
2022.0,1.0,11.0,23.0,50.0,0.0,-4.3942
2022.0,1.0,12.0,0.0,0.0,0.0,-4.5936
2022.0,1.0,12.0,0.0,10.0,0.0,-4.4048
2022.0,1.0,12.0,0.0,40.0,0.0,-4.0963
2022.0,1.0,12.0,0.0,50.0,0.0,-4.1688
2022.0,1.0,12.0,1.0,0.0,0.0,-3.8809
2022.0,1.0,12.0,1.0,10.0,0.0,-3.7142
2022.0,1.0,12.0,1.0,20.0,0.0,-4.1754
2022.0,1.0,12.0,1.0,30.0,0.0,-4.0818
2022.0,1.0,12.0,1.0,40.0,0.0,-3.9869
2022.0,1.0,12.0,1.0,50.0,0.0,-3.9562
2022.0,1.0,12.0,2.0,20.0,0.0,-3.6342
2022.0,1.0,12.0,2.0,30.0,0.0,-4.1804
2022.0,1.0,12.0,2.0,40.0,0.0,-4.7372
2022.0,1.0,12.0,2.0,50.0,0.0,-5.0436
2022.0,1.0,12.0,3.0,0.0,0.0,-2.217
2022.0,1.0,12.0,3.0,10.0,0.0,-2.7827
2022.0,1.0,12.0,3.0,20.0,0.0,-3.4515
2022.0,1.0,12.0,3.0,30.0,0.0,-2.42
2022.0,1.0,12.0,19.0,50.0,0.0,-8.7164
2022.0,1.0,12.0,20.0,0.0,0.0,-7.5234
2022.0,1.0,12.0,20.0,10.0,0.0,-9.156
2022.0,1.0,12.0,20.0,20.0,0.0,-10.5864
2022.0,1.0,12.0,20.0,30.0,0.0,-10.0384
2022.0,1.0,12.0,20.0,40.0,0.0,-11.677
2022.0,1.0,12.0,20.0,50.0,0.0,-14.4684
2022.0,1.0,12.0,21.0,0.0,0.0,-13.3589
2022.0,1.0,12.0,21.0,30.0,0.0,-7.9216
2022.0,1.0,12.0,21.0,40.0,0.0,-8.2561
2022.0,1.0,12.0,21.0,50.0,0.0,-10.0415
2022.0,1.0,12.0,22.0,0.0,0.0,-9.0869
2022.0,1.0,12.0,22.0,10.0,0.0,-9.8919
2022.0,1.0,12.0,22.0,20.0,0.0,-8.3469
2022.0,1.0,12.0,22.0,30.0,0.0,-7.8607
2022.0,1.0,12.0,22.0,40.0,0.0,-9.1125
2022.0,1.0,12.0,23.0,10.0,0.0,-10.2144
2022.0,1.0,12.0,23.0,20.0,0.0,-7.4234
2022.0,1.0,12.0,23.0,30.0,0.0,-8.0682
2022.0,1.0,12.0,23.0,40.0,0.0,-10.3453
2022.0,1.0,12.0,23.0,50.0,0.0,-7.7509
2022.0,1.0,13.0,0.0,0.0,0.0,-11.2422
2022.0,1.0,13.0,0.0,10.0,0.0,-12.5944
2022.0,1.0,13.0,0.0,20.0,0.0,-10.4801
2022.0,1.0,13.0,0.0,50.0,0.0,-6.6548
2022.0,1.0,13.0,1.0,0.0,0.0,-5.4693
2022.0,1.0,13.0,1.0,10.0,0.0,-5.046
2022.0,1.0,13.0,1.0,20.0,0.0,-4.7937
2022.0,1.0,13.0,1.0,30.0,0.0,-4.766
2022.0,1.0,13.0,1.0,40.0,0.0,-4.7468
2022.0,1.0,13.0,1.0,50.0,0.0,-4.8323
2022.0,1.0,13.0,2.0,0.0,0.0,-4.7103
2022.0,1.0,13.0,2.0,30.0,0.0,-5.3134
2022.0,1.0,13.0,2.0,40.0,0.0,-7.3798
2022.0,1.0,13.0,2.0,50.0,0.0,-6.8189
2022.0,1.0,13.0,3.0,0.0,0.0,-7.2801
2022.0,1.0,13.0,3.0,10.0,0.0,-7.0509
2022.0,1.0,13.0,3.0,20.0,0.0,-6.7747
2022.0,1.0,13.0,3.0,30.0,0.0,-6.5251
2022.0,1.0,13.0,19.0,30.0,0.0,-7.2186
2022.0,1.0,13.0,23.0,0.0,0.0,-17.5504
2022.0,1.0,13.0,23.0,10.0,0.0,-7.3921
2022.0,1.0,13.0,23.0,20.0,0.0,-9.876
2022.0,1.0,13.0,23.0,30.0,0.0,-9.2475
2022.0,1.0,13.0,23.0,40.0,0.0,-9.434
2022.0,1.0,13.0,23.0,50.0,0.0,-11.8454
2022.0,1.0,14.0,0.0,0.0,0.0,-15.9692
2022.0,1.0,14.0,0.0,10.0,0.0,-9.5588
2022.0,1.0,14.0,0.0,40.0,0.0,-9.3719
2022.0,1.0,14.0,0.0,50.0,0.0,-7.7286
2022.0,1.0,14.0,1.0,0.0,0.0,-8.3991
2022.0,1.0,14.0,1.0,10.0,0.0,-7.0149
2022.0,1.0,14.0,1.0,20.0,0.0,-7.7242
2022.0,1.0,14.0,1.0,30.0,0.0,-7.213
2022.0,1.0,14.0,1.0,40.0,0.0,-10.3422
2022.0,1.0,14.0,1.0,50.0,0.0,-8.4665
2022.0,1.0,14.0,2.0,20.0,0.0,-9.0013
2022.0,1.0,14.0,2.0,30.0,0.0,-11.0139
2022.0,1.0,14.0,2.0,40.0,0.0,-10.7676
2022.0,1.0,14.0,2.0,50.0,0.0,-10.9097
2022.0,1.0,14.0,3.0,0.0,0.0,-11.4468
2022.0,1.0,14.0,3.0,10.0,0.0,-17.0065
2022.0,1.0,14.0,3.0,20.0,0.0,-15.3046
2022.0,1.0,14.0,3.0,30.0,0.0,-15.7559
2022.0,1.0,14.0,19.0,50.0,0.0,-12.8067
2022.0,1.0,14.0,20.0,0.0,0.0,-10.5223
2022.0,1.0,14.0,20.0,10.0,0.0,-10.7796
2022.0,1.0,14.0,20.0,20.0,0.0,-11.1713
2022.0,1.0,14.0,20.0,30.0,0.0,-11.5771
2022.0,1.0,14.0,20.0,40.0,0.0,-17.9135
2022.0,1.0,14.0,20.0,50.0,0.0,-13.114
2022.0,1.0,14.0,21.0,0.0,0.0,-12.6663
2022.0,1.0,14.0,21.0,30.0,0.0,-9.0538
2022.0,1.0,14.0,21.0,40.0,0.0,-8.8537
2022.0,1.0,14.0,21.0,50.0,0.0,-8.614
2022.0,1.0,14.0,22.0,0.0,0.0,-10.5603
2022.0,1.0,14.0,22.0,10.0,0.0,-7.7724
2022.0,1.0,14.0,22.0,20.0,0.0,-7.415
2022.0,1.0,14.0,22.0,30.0,0.0,-8.6572
2022.0,1.0,14.0,22.0,40.0,0.0,-7.1558
2022.0,1.0,14.0,23.0,10.0,0.0,-6.1457
2022.0,1.0,14.0,23.0,20.0,0.0,-8.213
2022.0,1.0,14.0,23.0,30.0,0.0,-8.721
2022.0,1.0,14.0,23.0,40.0,0.0,-8.225
2022.0,1.0,14.0,23.0,50.0,0.0,-6.7614
2022.0,1.0,15.0,0.0,0.0,0.0,-4.9442
2022.0,1.0,15.0,0.0,10.0,0.0,-4.158
2022.0,1.0,15.0,0.0,20.0,0.0,-3.4055
2022.0,1.0,15.0,0.0,50.0,0.0,-2.7338
2022.0,1.0,15.0,1.0,0.0,0.0,-3.0352
2022.0,1.0,15.0,1.0,10.0,0.0,-2.9492
2022.0,1.0,15.0,1.0,20.0,0.0,-2.679
2022.0,1.0,15.0,1.0,30.0,0.0,-2.4886
2022.0,1.0,15.0,1.0,40.0,0.0,-3.1983
2022.0,1.0,15.0,1.0,50.0,0.0,-6.4265
2022.0,1.0,15.0,2.0,0.0,0.0,-5.7229
2022.0,1.0,15.0,2.0,30.0,0.0,-3.3949
2022.0,1.0,15.0,2.0,40.0,0.0,-3.2923
2022.0,1.0,15.0,2.0,50.0,0.0,-3.5271
2022.0,1.0,15.0,3.0,0.0,0.0,-3.4867
2022.0,1.0,15.0,3.0,10.0,0.0,-3.3424
2022.0,1.0,15.0,3.0,20.0,0.0,-2.4438
2022.0,1.0,15.0,3.0,30.0,0.0,-2.5362
2022.0,1.0,15.0,19.0,30.0,0.0,-25.6539
2022.0,1.0,15.0,20.0,0.0,0.0,-27.1172
2022.0,1.0,15.0,20.0,10.0,0.0,-26.111
2022.0,1.0,15.0,20.0,20.0,0.0,-24.7348
2022.0,1.0,15.0,20.0,30.0,0.0,-19.1509
2022.0,1.0,15.0,20.0,40.0,0.0,-19.223
2022.0,1.0,15.0,20.0,50.0,0.0,-21.2946
2022.0,1.0,15.0,21.0,0.0,0.0,-19.3991
2022.0,1.0,15.0,21.0,10.0,0.0,-26.4264
2022.0,1.0,15.0,21.0,40.0,0.0,-23.7475
2022.0,1.0,15.0,21.0,50.0,0.0,-24.8441
2022.0,1.0,15.0,22.0,0.0,0.0,-25.0973
2022.0,1.0,15.0,22.0,10.0,0.0,-25.7524
2022.0,1.0,15.0,22.0,20.0,0.0,-27.4388
2022.0,1.0,15.0,22.0,30.0,0.0,-26.9731
2022.0,1.0,15.0,22.0,40.0,0.0,-27.4883
2022.0,1.0,15.0,22.0,50.0,0.0,-27.0055
2022.0,1.0,15.0,23.0,20.0,0.0,-26.4487
2022.0,1.0,15.0,23.0,30.0,0.0,-27.4341
2022.0,1.0,15.0,23.0,40.0,0.0,-27.33
2022.0,1.0,15.0,23.0,50.0,0.0,-27.9563
2022.0,1.0,16.0,0.0,0.0,0.0,-26.9368
2022.0,1.0,16.0,0.0,10.0,0.0,-26.9141
2022.0,1.0,16.0,0.0,20.0,0.0,-26.4168
2022.0,1.0,16.0,0.0,30.0,0.0,-26.8784
2022.0,1.0,16.0,1.0,0.0,0.0,-23.0249
2022.0,1.0,16.0,1.0,10.0,0.0,-20.0162
2022.0,1.0,16.0,1.0,20.0,0.0,-19.3068
2022.0,1.0,16.0,1.0,30.0,0.0,-15.5091
2022.0,1.0,16.0,1.0,40.0,0.0,-19.1328
2022.0,1.0,16.0,1.0,50.0,0.0,-16.4446
2022.0,1.0,16.0,2.0,0.0,0.0,-11.1085
2022.0,1.0,16.0,2.0,10.0,0.0,-5.0186
2022.0,1.0,16.0,2.0,40.0,0.0,-7.5674
2022.0,1.0,16.0,2.0,50.0,0.0,-6.3804
2022.0,1.0,16.0,3.0,0.0,0.0,-9.0246
2022.0,1.0,16.0,3.0,10.0,0.0,-7.6885
2022.0,1.0,16.0,3.0,20.0,0.0,-9.7283
2022.0,1.0,16.0,3.0,30.0,0.0,-9.2002
2022.0,1.0,16.0,19.0,30.0,0.0,-3.3234
2022.0,1.0,16.0,19.0,40.0,0.0,-3.2887
2022.0,1.0,16.0,20.0,10.0,0.0,-3.3088
2022.0,1.0,16.0,20.0,20.0,0.0,-3.3413
2022.0,1.0,16.0,20.0,30.0,0.0,-3.2243
2022.0,1.0,16.0,20.0,40.0,0.0,-3.126
2022.0,1.0,16.0,20.0,50.0,0.0,-3.1258
2022.0,1.0,16.0,21.0,0.0,0.0,-3.1688
2022.0,1.0,16.0,21.0,10.0,0.0,-3.1638
2022.0,1.0,16.0,21.0,20.0,0.0,-3.2535
2022.0,1.0,16.0,21.0,50.0,0.0,-3.1562
2022.0,1.0,16.0,22.0,0.0,0.0,-3.2381
2022.0,1.0,16.0,22.0,10.0,0.0,-3.1634
2022.0,1.0,16.0,22.0,20.0,0.0,-3.2064
2022.0,1.0,16.0,22.0,30.0,0.0,-3.253
2022.0,1.0,16.0,22.0,40.0,0.0,-3.2458
2022.0,1.0,16.0,22.0,50.0,0.0,-3.1757
2022.0,1.0,16.0,23.0,0.0,0.0,-3.4332
2022.0,1.0,16.0,23.0,30.0,0.0,-2.8764
2022.0,1.0,16.0,23.0,40.0,0.0,-2.7756
2022.0,1.0,16.0,23.0,50.0,0.0,-2.7908
2022.0,1.0,17.0,0.0,0.0,0.0,-2.777
2022.0,1.0,17.0,0.0,10.0,0.0,-2.8526
2022.0,1.0,17.0,0.0,20.0,0.0,-2.9701
2022.0,1.0,17.0,0.0,30.0,0.0,-3.1966
2022.0,1.0,17.0,0.0,40.0,0.0,-3.2774
2022.0,1.0,17.0,1.0,10.0,0.0,-3.1733
2022.0,1.0,17.0,1.0,20.0,0.0,-3.6082
2022.0,1.0,17.0,1.0,30.0,0.0,-3.3812
2022.0,1.0,17.0,1.0,40.0,0.0,-4.6554
2022.0,1.0,17.0,1.0,50.0,0.0,-3.2572
2022.0,1.0,17.0,2.0,0.0,0.0,-3.5582
2022.0,1.0,17.0,2.0,10.0,0.0,-3.3661
2022.0,1.0,17.0,2.0,20.0,0.0,-2.9225
2022.0,1.0,17.0,2.0,50.0,0.0,-2.9303
2022.0,1.0,17.0,3.0,0.0,0.0,-2.4589
2022.0,1.0,17.0,3.0,10.0,0.0,-2.357
2022.0,1.0,17.0,3.0,20.0,0.0,-2.3412
2022.0,1.0,17.0,3.0,30.0,0.0,-2.1521
2022.0,1.0,17.0,19.0,30.0,0.0,-2.1514
2022.0,1.0,17.0,19.0,40.0,0.0,-2.2002
2022.0,1.0,17.0,19.0,50.0,0.0,-3.3706
2022.0,1.0,17.0,20.0,20.0,0.0,-2.7299
2022.0,1.0,17.0,20.0,30.0,0.0,-2.6476
2022.0,1.0,17.0,20.0,40.0,0.0,-2.7851
2022.0,1.0,17.0,20.0,50.0,0.0,-2.4157
2022.0,1.0,17.0,21.0,0.0,0.0,-2.4419
2022.0,1.0,17.0,21.0,10.0,0.0,-2.5454
2022.0,1.0,17.0,21.0,20.0,0.0,-2.1879
2022.0,1.0,17.0,21.0,30.0,0.0,-2.0733
2022.0,1.0,17.0,22.0,0.0,0.0,-2.0823
2022.0,1.0,17.0,22.0,10.0,0.0,-1.7558
2022.0,1.0,17.0,22.0,20.0,0.0,-1.8076
2022.0,1.0,17.0,22.0,30.0,0.0,-1.8901
2022.0,1.0,17.0,22.0,40.0,0.0,-2.0384
2022.0,1.0,17.0,22.0,50.0,0.0,-1.8074
2022.0,1.0,17.0,23.0,0.0,0.0,-1.839
2022.0,1.0,17.0,23.0,10.0,0.0,-1.8977
2022.0,1.0,17.0,23.0,40.0,0.0,-1.8152
2022.0,1.0,17.0,23.0,50.0,0.0,-1.5713
2022.0,1.0,18.0,0.0,0.0,0.0,-1.9235
2022.0,1.0,18.0,0.0,10.0,0.0,-1.7575
2022.0,1.0,18.0,0.0,20.0,0.0,-1.6029
2022.0,1.0,18.0,0.0,30.0,0.0,-1.6622
2022.0,1.0,18.0,0.0,40.0,0.0,-1.7763
2022.0,1.0,18.0,0.0,50.0,0.0,-1.9972
2022.0,1.0,18.0,1.0,20.0,0.0,-1.8815
2022.0,1.0,18.0,1.0,30.0,0.0,-2.7729
2022.0,1.0,18.0,1.0,40.0,0.0,-5.1239
2022.0,1.0,18.0,1.0,50.0,0.0,-2.5022
2022.0,1.0,18.0,2.0,0.0,0.0,-2.1301
2022.0,1.0,18.0,2.0,10.0,0.0,-2.0508
2022.0,1.0,18.0,2.0,20.0,0.0,-1.8126
2022.0,1.0,18.0,2.0,30.0,0.0,-2.0921
2022.0,1.0,18.0,3.0,0.0,0.0,-2.5142
2022.0,1.0,18.0,3.0,10.0,0.0,-2.1047
2022.0,1.0,18.0,3.0,20.0,0.0,-2.0572
2022.0,1.0,18.0,3.0,30.0,0.0,-3.9647
2022.0,1.0,18.0,19.0,30.0,0.0,-8.4387
2022.0,1.0,18.0,19.0,40.0,0.0,-9.0572
2022.0,1.0,18.0,19.0,50.0,0.0,-5.9374
2022.0,1.0,18.0,20.0,0.0,0.0,-6.5135
2022.0,1.0,18.0,20.0,30.0,0.0,-4.3506
2022.0,1.0,18.0,20.0,40.0,0.0,-4.6849
2022.0,1.0,18.0,20.0,50.0,0.0,-4.3301
2022.0,1.0,18.0,21.0,0.0,0.0,-4.2248
2022.0,1.0,18.0,21.0,10.0,0.0,-4.3337
2022.0,1.0,18.0,21.0,20.0,0.0,-4.5295
2022.0,1.0,18.0,21.0,30.0,0.0,-4.2045
2022.0,1.0,18.0,21.0,40.0,0.0,-4.795
2022.0,1.0,18.0,22.0,10.0,0.0,-11.4215
2022.0,1.0,18.0,22.0,20.0,0.0,-7.4749
2022.0,1.0,18.0,22.0,30.0,0.0,-7.2346
2022.0,1.0,18.0,22.0,40.0,0.0,-11.5257
2022.0,1.0,18.0,22.0,50.0,0.0,-11.6258
2022.0,1.0,18.0,23.0,0.0,0.0,-18.5524
2022.0,1.0,18.0,23.0,10.0,0.0,-12.2347
2022.0,1.0,18.0,23.0,20.0,0.0,-15.5224
2022.0,1.0,18.0,23.0,50.0,0.0,-18.1382
2022.0,1.0,19.0,0.0,0.0,0.0,-14.0171
2022.0,1.0,19.0,0.0,10.0,0.0,-7.0555
2022.0,1.0,19.0,0.0,20.0,0.0,-6.5774
2022.0,1.0,19.0,0.0,30.0,0.0,-5.6381
2022.0,1.0,19.0,0.0,40.0,0.0,-5.5801
2022.0,1.0,19.0,0.0,50.0,0.0,-5.0849
2022.0,1.0,19.0,1.0,0.0,0.0,-4.6598
2022.0,1.0,19.0,1.0,30.0,0.0,-7.6656
2022.0,1.0,19.0,1.0,40.0,0.0,-7.1961
2022.0,1.0,19.0,1.0,50.0,0.0,-6.8463
2022.0,1.0,19.0,2.0,0.0,0.0,-6.8142
2022.0,1.0,19.0,2.0,10.0,0.0,-6.5932
2022.0,1.0,19.0,2.0,20.0,0.0,-9.5565
2022.0,1.0,19.0,2.0,30.0,0.0,-7.9123
2022.0,1.0,19.0,2.0,40.0,0.0,-10.2386
2022.0,1.0,19.0,3.0,10.0,0.0,-5.1212
2022.0,1.0,19.0,3.0,20.0,0.0,-3.1883
2022.0,1.0,19.0,3.0,30.0,0.0,-3.706
2022.0,1.0,19.0,19.0,30.0,0.0,-28.8043
2022.0,1.0,19.0,19.0,40.0,0.0,-28.0014
2022.0,1.0,19.0,19.0,50.0,0.0,-28.7798
2022.0,1.0,19.0,20.0,0.0,0.0,-28.299
2022.0,1.0,19.0,20.0,10.0,0.0,-30.6552
2022.0,1.0,19.0,20.0,40.0,0.0,-26.3668
2022.0,1.0,19.0,20.0,50.0,0.0,-26.1629
2022.0,1.0,19.0,21.0,0.0,0.0,-26.9085
2022.0,1.0,19.0,21.0,10.0,0.0,-29.1887
2022.0,1.0,19.0,21.0,20.0,0.0,-28.6075
2022.0,1.0,19.0,21.0,30.0,0.0,-25.0795
2022.0,1.0,19.0,21.0,40.0,0.0,-26.8119
2022.0,1.0,19.0,21.0,50.0,0.0,-29.0043
2022.0,1.0,19.0,22.0,20.0,0.0,-29.7501
2022.0,1.0,19.0,22.0,30.0,0.0,-29.1442
2022.0,1.0,19.0,22.0,40.0,0.0,-26.2461
2022.0,1.0,19.0,22.0,50.0,0.0,-26.8157
2022.0,1.0,19.0,23.0,0.0,0.0,-28.128
2022.0,1.0,19.0,23.0,10.0,0.0,-26.6533
2022.0,1.0,19.0,23.0,20.0,0.0,-26.0719
2022.0,1.0,19.0,23.0,30.0,0.0,-27.1451
2022.0,1.0,20.0,0.0,0.0,0.0,-23.4403
2022.0,1.0,20.0,0.0,10.0,0.0,-26.9016
2022.0,1.0,20.0,0.0,20.0,0.0,-28.3499
2022.0,1.0,20.0,0.0,30.0,0.0,-27.41
2022.0,1.0,20.0,0.0,40.0,0.0,-25.2314
2022.0,1.0,20.0,0.0,50.0,0.0,-20.7511
2022.0,1.0,20.0,1.0,0.0,0.0,-12.4302
2022.0,1.0,20.0,1.0,10.0,0.0,-7.2054
2022.0,1.0,20.0,1.0,40.0,0.0,-4.1597
2022.0,1.0,20.0,1.0,50.0,0.0,-6.8228
2022.0,1.0,20.0,2.0,0.0,0.0,-5.8765
2022.0,1.0,20.0,2.0,10.0,0.0,-15.404
2022.0,1.0,20.0,2.0,20.0,0.0,-10.9241
2022.0,1.0,20.0,2.0,30.0,0.0,-17.811
2022.0,1.0,20.0,2.0,40.0,0.0,-13.1724
2022.0,1.0,20.0,2.0,50.0,0.0,-7.0993
2022.0,1.0,20.0,3.0,20.0,0.0,-15.4589
2022.0,1.0,20.0,3.0,30.0,0.0,-4.3971
2022.0,1.0,20.0,19.0,30.0,0.0,-9.7477
2022.0,1.0,20.0,19.0,40.0,0.0,-9.5299
2022.0,1.0,20.0,19.0,50.0,0.0,-9.8937
2022.0,1.0,20.0,20.0,0.0,0.0,-9.5749
2022.0,1.0,20.0,20.0,10.0,0.0,-9.6801
2022.0,1.0,20.0,20.0,20.0,0.0,-9.5624
2022.0,1.0,20.0,20.0,50.0,0.0,-8.1199
2022.0,1.0,20.0,21.0,0.0,0.0,-7.4818
2022.0,1.0,20.0,21.0,10.0,0.0,-7.1149
2022.0,1.0,20.0,21.0,20.0,0.0,-6.7883
2022.0,1.0,20.0,21.0,30.0,0.0,-7.6164
2022.0,1.0,20.0,21.0,40.0,0.0,-6.9517
2022.0,1.0,20.0,21.0,50.0,0.0,-8.7856
2022.0,1.0,20.0,22.0,0.0,0.0,-7.3784
2022.0,1.0,20.0,22.0,30.0,0.0,-7.1313
2022.0,1.0,20.0,22.0,40.0,0.0,-6.658
2022.0,1.0,20.0,22.0,50.0,0.0,-7.7882
2022.0,1.0,20.0,23.0,0.0,0.0,-6.2675
2022.0,1.0,20.0,23.0,10.0,0.0,-5.8884
2022.0,1.0,20.0,23.0,20.0,0.0,-5.8628
2022.0,1.0,20.0,23.0,30.0,0.0,-8.1948
2022.0,1.0,20.0,23.0,40.0,0.0,-6.291
2022.0,1.0,21.0,0.0,10.0,0.0,-5.7828
2022.0,1.0,21.0,0.0,20.0,0.0,-6.8841
2022.0,1.0,21.0,0.0,30.0,0.0,-6.3594
2022.0,1.0,21.0,0.0,40.0,0.0,-6.2954
2022.0,1.0,21.0,0.0,50.0,0.0,-6.4875
2022.0,1.0,21.0,1.0,0.0,0.0,-8.1909
2022.0,1.0,21.0,1.0,10.0,0.0,-8.5865
2022.0,1.0,21.0,1.0,20.0,0.0,-6.5032
2022.0,1.0,21.0,1.0,50.0,0.0,-4.8866
2022.0,1.0,21.0,2.0,0.0,0.0,-6.507
2022.0,1.0,21.0,2.0,10.0,0.0,-8.2105
2022.0,1.0,21.0,2.0,20.0,0.0,-10.6358
2022.0,1.0,21.0,2.0,30.0,0.0,-10.4065
2022.0,1.0,21.0,2.0,40.0,0.0,-7.2789
2022.0,1.0,21.0,2.0,50.0,0.0,-6.0557
2022.0,1.0,21.0,3.0,0.0,0.0,-4.3072
2022.0,1.0,21.0,3.0,30.0,0.0,-4.5014
2022.0,1.0,21.0,19.0,30.0,0.0,-2.693
2022.0,1.0,21.0,19.0,40.0,0.0,-2.4439
2022.0,1.0,21.0,19.0,50.0,0.0,-2.4208
2022.0,1.0,21.0,20.0,0.0,0.0,-2.006
2022.0,1.0,21.0,20.0,10.0,0.0,-1.5979
2022.0,1.0,21.0,20.0,20.0,0.0,-2.3287
2022.0,1.0,21.0,20.0,30.0,0.0,-1.5963
2022.0,1.0,21.0,21.0,0.0,0.0,-0.9837
2022.0,1.0,21.0,21.0,10.0,0.0,-1.1868
2022.0,1.0,21.0,21.0,20.0,0.0,-1.6337
2022.0,1.0,21.0,21.0,30.0,0.0,-1.2503
2022.0,1.0,21.0,21.0,40.0,0.0,-0.8844
2022.0,1.0,21.0,21.0,50.0,0.0,-0.1697
2022.0,1.0,21.0,22.0,0.0,0.0,-0.4726
2022.0,1.0,21.0,22.0,10.0,0.0,-1.0064
2022.0,1.0,21.0,22.0,40.0,0.0,-2.0068
2022.0,1.0,21.0,22.0,50.0,0.0,-1.7266
2022.0,1.0,21.0,23.0,0.0,0.0,-1.5127
2022.0,1.0,21.0,23.0,10.0,0.0,-1.3509
2022.0,1.0,21.0,23.0,20.0,0.0,-0.8912
2022.0,1.0,21.0,23.0,30.0,0.0,-0.8623
2022.0,1.0,21.0,23.0,40.0,0.0,-1.6356
2022.0,1.0,21.0,23.0,50.0,0.0,-2.0881
2022.0,1.0,22.0,0.0,20.0,0.0,-1.6541
2022.0,1.0,22.0,0.0,30.0,0.0,-1.4139
2022.0,1.0,22.0,0.0,40.0,0.0,-1.4998
2022.0,1.0,22.0,0.0,50.0,0.0,-1.1953
2022.0,1.0,22.0,1.0,0.0,0.0,-1.8746
2022.0,1.0,22.0,1.0,10.0,0.0,-0.698
2022.0,1.0,22.0,1.0,20.0,0.0,-1.9295
2022.0,1.0,22.0,1.0,30.0,0.0,-2.1429
2022.0,1.0,22.0,2.0,0.0,0.0,-2.948
2022.0,1.0,22.0,2.0,10.0,0.0,-1.8754
2022.0,1.0,22.0,2.0,20.0,0.0,-2.3269
2022.0,1.0,22.0,2.0,30.0,0.0,-2.1785
2022.0,1.0,22.0,2.0,40.0,0.0,-5.1206
2022.0,1.0,22.0,2.0,50.0,0.0,-4.3963
2022.0,1.0,22.0,3.0,0.0,0.0,-3.4398
2022.0,1.0,22.0,3.0,10.0,0.0,-3.2018
2022.0,1.0,22.0,19.0,30.0,0.0,-1.9597
2022.0,1.0,22.0,19.0,40.0,0.0,-1.8277
2022.0,1.0,22.0,19.0,50.0,0.0,-0.8172
2022.0,1.0,22.0,20.0,0.0,0.0,-0.7063
2022.0,1.0,22.0,20.0,10.0,0.0,-0.7125
2022.0,1.0,22.0,20.0,20.0,0.0,-0.7198
2022.0,1.0,22.0,20.0,30.0,0.0,-0.7549
2022.0,1.0,22.0,20.0,40.0,0.0,-0.9241
2022.0,1.0,22.0,21.0,10.0,0.0,-1.2605
2022.0,1.0,22.0,21.0,20.0,0.0,-1.2003
2022.0,1.0,22.0,21.0,30.0,0.0,-0.6155
2022.0,1.0,22.0,21.0,40.0,0.0,-1.5535
2022.0,1.0,22.0,21.0,50.0,0.0,-0.6693
2022.0,1.0,22.0,22.0,0.0,0.0,-0.6929
2022.0,1.0,22.0,22.0,10.0,0.0,-0.7575
2022.0,1.0,22.0,22.0,20.0,0.0,-0.0969
2022.0,1.0,22.0,22.0,50.0,0.0,-0.5707
2022.0,1.0,22.0,23.0,0.0,0.0,-0.5868
2022.0,1.0,22.0,23.0,10.0,0.0,-0.7627
2022.0,1.0,22.0,23.0,20.0,0.0,-0.4412
2022.0,1.0,22.0,23.0,30.0,0.0,-0.4189
2022.0,1.0,22.0,23.0,40.0,0.0,-0.6702
2022.0,1.0,22.0,23.0,50.0,0.0,-0.2594
2022.0,1.0,23.0,0.0,0.0,0.0,-0.6244
2022.0,1.0,23.0,0.0,30.0,0.0,-1.0643
2022.0,1.0,23.0,0.0,40.0,0.0,-0.6296
2022.0,1.0,23.0,0.0,50.0,0.0,-0.2847
2022.0,1.0,23.0,1.0,0.0,0.0,0.4019
2022.0,1.0,23.0,1.0,10.0,0.0,-1.4298
2022.0,1.0,23.0,1.0,20.0,0.0,-0.7678
2022.0,1.0,23.0,1.0,30.0,0.0,0.2639
2022.0,1.0,23.0,1.0,40.0,0.0,-1.1018
2022.0,1.0,23.0,2.0,10.0,0.0,-0.9204
2022.0,1.0,23.0,2.0,20.0,0.0,-1.5953
2022.0,1.0,23.0,2.0,30.0,0.0,-1.0452
2022.0,1.0,23.0,2.0,40.0,0.0,-1.0362
2022.0,1.0,23.0,2.0,50.0,0.0,0.0364
2022.0,1.0,23.0,3.0,0.0,0.0,0.4561
2022.0,1.0,23.0,3.0,10.0,0.0,-0.6894
2022.0,1.0,23.0,3.0,20.0,0.0,-0.5495
2022.0,1.0,23.0,19.0,40.0,0.0,-1.6274
2022.0,1.0,23.0,19.0,50.0,0.0,-1.6204
2022.0,1.0,23.0,20.0,0.0,0.0,-1.4691
2022.0,1.0,23.0,20.0,10.0,0.0,-1.5909
2022.0,1.0,23.0,20.0,20.0,0.0,-1.4311
2022.0,1.0,23.0,20.0,30.0,0.0,-1.1919
2022.0,1.0,23.0,20.0,40.0,0.0,-1.3423
2022.0,1.0,23.0,20.0,50.0,0.0,-1.1446
2022.0,1.0,23.0,21.0,20.0,0.0,-1.4397
2022.0,1.0,23.0,21.0,30.0,0.0,-1.2904
2022.0,1.0,23.0,21.0,40.0,0.0,-1.2297
2022.0,1.0,23.0,21.0,50.0,0.0,-1.1555
2022.0,1.0,23.0,22.0,0.0,0.0,-1.247
2022.0,1.0,23.0,22.0,10.0,0.0,-1.1535
2022.0,1.0,23.0,22.0,20.0,0.0,-1.1526
2022.0,1.0,23.0,22.0,30.0,0.0,-1.2373
2022.0,1.0,23.0,23.0,0.0,0.0,-1.3306
2022.0,1.0,23.0,23.0,10.0,0.0,-1.4645
2022.0,1.0,23.0,23.0,20.0,0.0,-1.3315
2022.0,1.0,23.0,23.0,30.0,0.0,-1.1757
2022.0,1.0,23.0,23.0,40.0,0.0,-1.1759
2022.0,1.0,23.0,23.0,50.0,0.0,-1.1021
2022.0,1.0,24.0,0.0,0.0,0.0,-1.329
2022.0,1.0,24.0,0.0,10.0,0.0,-1.1894
2022.0,1.0,24.0,0.0,40.0,0.0,-1.8198
2022.0,1.0,24.0,0.0,50.0,0.0,-1.6309
2022.0,1.0,24.0,1.0,0.0,0.0,-1.6369
2022.0,1.0,24.0,1.0,10.0,0.0,-1.7107
2022.0,1.0,24.0,1.0,20.0,0.0,-1.6667
2022.0,1.0,24.0,1.0,30.0,0.0,-1.5305
2022.0,1.0,24.0,1.0,40.0,0.0,-1.4605
2022.0,1.0,24.0,1.0,50.0,0.0,-1.5496
2022.0,1.0,24.0,2.0,20.0,0.0,-1.517
2022.0,1.0,24.0,2.0,30.0,0.0,-1.5578
2022.0,1.0,24.0,2.0,40.0,0.0,-1.5315
2022.0,1.0,24.0,2.0,50.0,0.0,-1.3016
2022.0,1.0,24.0,3.0,0.0,0.0,-1.3184
2022.0,1.0,24.0,3.0,10.0,0.0,-1.2894
2022.0,1.0,24.0,3.0,20.0,0.0,-1.3017
2022.0,1.0,24.0,3.0,30.0,0.0,-1.3769
2022.0,1.0,24.0,19.0,50.0,0.0,-1.9344
2022.0,1.0,24.0,20.0,0.0,0.0,-2.4364
2022.0,1.0,24.0,20.0,10.0,0.0,-2.1517
2022.0,1.0,24.0,20.0,20.0,0.0,-2.0699
2022.0,1.0,24.0,20.0,30.0,0.0,-2.0283
2022.0,1.0,24.0,20.0,40.0,0.0,-1.8917
2022.0,1.0,24.0,20.0,50.0,0.0,-1.7692
2022.0,1.0,24.0,21.0,0.0,0.0,-1.7552
2022.0,1.0,24.0,21.0,30.0,0.0,-1.8774
2022.0,1.0,24.0,21.0,40.0,0.0,-1.9839
2022.0,1.0,24.0,21.0,50.0,0.0,-1.9832
2022.0,1.0,24.0,22.0,0.0,0.0,-2.0059
2022.0,1.0,24.0,22.0,10.0,0.0,-2.0051
2022.0,1.0,24.0,22.0,20.0,0.0,-1.9575
2022.0,1.0,24.0,22.0,30.0,0.0,-1.9125
2022.0,1.0,24.0,22.0,40.0,0.0,-1.838
2022.0,1.0,24.0,23.0,10.0,0.0,-2.542
2022.0,1.0,24.0,23.0,20.0,0.0,-2.2797
2022.0,1.0,24.0,23.0,30.0,0.0,-2.9526
2022.0,1.0,24.0,23.0,40.0,0.0,-3.3778
2022.0,1.0,24.0,23.0,50.0,0.0,-3.989
2022.0,1.0,25.0,0.0,0.0,0.0,-4.8032
2022.0,1.0,25.0,0.0,10.0,0.0,-6.4267
2022.0,1.0,25.0,0.0,20.0,0.0,-5.5489
2022.0,1.0,25.0,0.0,50.0,0.0,-6.2512
2022.0,1.0,25.0,1.0,0.0,0.0,-3.3359
2022.0,1.0,25.0,1.0,10.0,0.0,-5.7082
2022.0,1.0,25.0,1.0,20.0,0.0,-14.9472
2022.0,1.0,25.0,1.0,30.0,0.0,-8.8925
2022.0,1.0,25.0,1.0,40.0,0.0,-12.0353
2022.0,1.0,25.0,1.0,50.0,0.0,-12.718
2022.0,1.0,25.0,2.0,0.0,0.0,-12.1357
2022.0,1.0,25.0,2.0,30.0,0.0,-4.1179
2022.0,1.0,25.0,2.0,40.0,0.0,-4.7281
2022.0,1.0,25.0,2.0,50.0,0.0,-4.2216
2022.0,1.0,25.0,3.0,0.0,0.0,-7.5754
2022.0,1.0,25.0,3.0,10.0,0.0,-6.0909
2022.0,1.0,25.0,3.0,20.0,0.0,-7.2107
2022.0,1.0,25.0,3.0,30.0,0.0,-5.2247
2022.0,1.0,25.0,19.0,30.0,0.0,-21.0709
2022.0,1.0,25.0,20.0,0.0,0.0,-6.6135
2022.0,1.0,25.0,20.0,10.0,0.0,-6.9957
2022.0,1.0,25.0,20.0,20.0,0.0,-6.4037
2022.0,1.0,25.0,20.0,30.0,0.0,-6.179
2022.0,1.0,25.0,20.0,40.0,0.0,-5.9043
2022.0,1.0,25.0,20.0,50.0,0.0,-6.1923
2022.0,1.0,25.0,21.0,0.0,0.0,-8.2765
2022.0,1.0,25.0,21.0,10.0,0.0,-11.315
2022.0,1.0,25.0,21.0,40.0,0.0,-20.0862
2022.0,1.0,25.0,21.0,50.0,0.0,-19.2163
2022.0,1.0,25.0,22.0,0.0,0.0,-20.9623
2022.0,1.0,25.0,22.0,10.0,0.0,-15.8713
2022.0,1.0,25.0,22.0,20.0,0.0,-18.2272
2022.0,1.0,25.0,22.0,30.0,0.0,-17.2112
2022.0,1.0,25.0,22.0,40.0,0.0,-19.1835
2022.0,1.0,25.0,22.0,50.0,0.0,-15.0849
2022.0,1.0,25.0,23.0,20.0,0.0,-22.0878
2022.0,1.0,25.0,23.0,30.0,0.0,-22.9929
2022.0,1.0,25.0,23.0,40.0,0.0,-23.2043
2022.0,1.0,25.0,23.0,50.0,0.0,-20.712
2022.0,1.0,26.0,0.0,0.0,0.0,-21.4605
2022.0,1.0,26.0,0.0,10.0,0.0,-20.2465
2022.0,1.0,26.0,0.0,20.0,0.0,-8.8666
2022.0,1.0,26.0,0.0,30.0,0.0,-7.9503
2022.0,1.0,26.0,1.0,0.0,0.0,-1.6778
2022.0,1.0,26.0,1.0,10.0,0.0,-1.2839
2022.0,1.0,26.0,1.0,20.0,0.0,-1.47
2022.0,1.0,26.0,1.0,30.0,0.0,-7.7464
2022.0,1.0,26.0,1.0,40.0,0.0,-8.2262
2022.0,1.0,26.0,1.0,50.0,0.0,-5.6876
2022.0,1.0,26.0,2.0,0.0,0.0,-4.2405
2022.0,1.0,26.0,2.0,10.0,0.0,-4.8608
2022.0,1.0,26.0,2.0,40.0,0.0,-5.8122
2022.0,1.0,26.0,2.0,50.0,0.0,-8.2688
2022.0,1.0,26.0,3.0,0.0,0.0,-8.8675
2022.0,1.0,26.0,3.0,10.0,0.0,-2.9068
2022.0,1.0,26.0,3.0,20.0,0.0,-4.7774
2022.0,1.0,26.0,3.0,30.0,0.0,-5.3659
2022.0,1.0,26.0,23.0,0.0,0.0,-1.6118
2022.0,1.0,26.0,23.0,10.0,0.0,-1.2909
2022.0,1.0,26.0,23.0,40.0,0.0,-1.3395
2022.0,1.0,26.0,23.0,50.0,0.0,-1.4802
2022.0,1.0,27.0,0.0,0.0,0.0,-1.5375
2022.0,1.0,27.0,0.0,10.0,0.0,-1.5505
2022.0,1.0,27.0,0.0,20.0,0.0,-1.5372
2022.0,1.0,27.0,0.0,30.0,0.0,-1.4935
2022.0,1.0,27.0,0.0,40.0,0.0,-1.5705
2022.0,1.0,27.0,0.0,50.0,0.0,-1.4668
2022.0,1.0,27.0,1.0,20.0,0.0,-1.1725
2022.0,1.0,27.0,1.0,30.0,0.0,-1.0822
2022.0,1.0,27.0,1.0,40.0,0.0,-0.9338
2022.0,1.0,27.0,1.0,50.0,0.0,-0.9466
2022.0,1.0,27.0,2.0,0.0,0.0,-0.9955
2022.0,1.0,27.0,2.0,10.0,0.0,-0.9049
2022.0,1.0,27.0,2.0,20.0,0.0,-0.8518
2022.0,1.0,27.0,2.0,30.0,0.0,-0.9428
2022.0,1.0,27.0,3.0,0.0,0.0,-0.9953
2022.0,1.0,27.0,3.0,10.0,0.0,-1.0939
2022.0,1.0,27.0,3.0,20.0,0.0,-1.0968
2022.0,1.0,27.0,3.0,30.0,0.0,-1.124
2022.0,1.0,27.0,19.0,30.0,0.0,-2.5518
2022.0,1.0,27.0,19.0,40.0,0.0,-2.3426
2022.0,1.0,27.0,19.0,50.0,0.0,-2.5534
2022.0,1.0,27.0,20.0,0.0,0.0,-2.4313
2022.0,1.0,27.0,20.0,30.0,0.0,-2.1661
2022.0,1.0,27.0,20.0,40.0,0.0,-2.0961
2022.0,1.0,27.0,20.0,50.0,0.0,-2.1163
2022.0,1.0,27.0,21.0,0.0,0.0,-2.2411
2022.0,1.0,27.0,21.0,10.0,0.0,-2.3477
2022.0,1.0,27.0,21.0,20.0,0.0,-1.9419
2022.0,1.0,27.0,21.0,30.0,0.0,-2.3924
2022.0,1.0,27.0,21.0,40.0,0.0,-2.7329
2022.0,1.0,27.0,22.0,10.0,0.0,-4.4614
2022.0,1.0,27.0,22.0,20.0,0.0,-4.0237
2022.0,1.0,27.0,22.0,30.0,0.0,-2.9779
2022.0,1.0,27.0,22.0,40.0,0.0,-2.037
2022.0,1.0,27.0,22.0,50.0,0.0,-2.1839
2022.0,1.0,27.0,23.0,0.0,0.0,-2.1705
2022.0,1.0,27.0,23.0,10.0,0.0,-2.1849
2022.0,1.0,27.0,23.0,20.0,0.0,-1.9691
2022.0,1.0,27.0,23.0,50.0,0.0,-1.9402
2022.0,1.0,28.0,0.0,0.0,0.0,-1.7628
2022.0,1.0,28.0,0.0,10.0,0.0,-1.6301
2022.0,1.0,28.0,0.0,20.0,0.0,-1.6426
2022.0,1.0,28.0,0.0,30.0,0.0,-1.8367
2022.0,1.0,28.0,0.0,40.0,0.0,-1.7337
2022.0,1.0,28.0,0.0,50.0,0.0,-1.8022
2022.0,1.0,28.0,1.0,0.0,0.0,-1.8328
2022.0,1.0,28.0,1.0,30.0,0.0,-1.6859
2022.0,1.0,28.0,1.0,40.0,0.0,-1.7005
2022.0,1.0,28.0,1.0,50.0,0.0,-1.5789
2022.0,1.0,28.0,2.0,0.0,0.0,-1.4369
2022.0,1.0,28.0,2.0,10.0,0.0,-1.266
2022.0,1.0,28.0,2.0,20.0,0.0,-1.1691
2022.0,1.0,28.0,2.0,30.0,0.0,-1.1622
2022.0,1.0,28.0,2.0,40.0,0.0,-1.0242
2022.0,1.0,28.0,3.0,10.0,0.0,-1.0745
2022.0,1.0,28.0,3.0,20.0,0.0,-1.1588
2022.0,1.0,28.0,3.0,30.0,0.0,-1.0989
2022.0,1.0,28.0,19.0,30.0,0.0,-9.9994
2022.0,1.0,28.0,19.0,40.0,0.0,-4.9352
2022.0,1.0,28.0,19.0,50.0,0.0,-11.1286
2022.0,1.0,28.0,20.0,0.0,0.0,-8.4852
2022.0,1.0,28.0,20.0,10.0,0.0,-9.0205
2022.0,1.0,28.0,20.0,40.0,0.0,-9.4084
2022.0,1.0,28.0,20.0,50.0,0.0,-3.2261
2022.0,1.0,28.0,21.0,0.0,0.0,-5.6785
2022.0,1.0,28.0,21.0,10.0,0.0,-9.5127
2022.0,1.0,28.0,21.0,20.0,0.0,-10.2335
2022.0,1.0,28.0,21.0,30.0,0.0,-5.7783
2022.0,1.0,28.0,21.0,40.0,0.0,-5.3264
2022.0,1.0,28.0,21.0,50.0,0.0,-3.4469
2022.0,1.0,28.0,22.0,20.0,0.0,-2.239
2022.0,1.0,28.0,22.0,30.0,0.0,-4.0656
2022.0,1.0,28.0,22.0,40.0,0.0,-5.6822
2022.0,1.0,28.0,22.0,50.0,0.0,-2.5913
2022.0,1.0,28.0,23.0,0.0,0.0,-2.9398
2022.0,1.0,28.0,23.0,10.0,0.0,-2.0589
2022.0,1.0,28.0,23.0,20.0,0.0,-2.5644
2022.0,1.0,28.0,23.0,30.0,0.0,-2.1241
2022.0,1.0,29.0,0.0,0.0,0.0,-4.1618
2022.0,1.0,29.0,0.0,10.0,0.0,-2.72
2022.0,1.0,29.0,0.0,20.0,0.0,-3.0691
2022.0,1.0,29.0,0.0,30.0,0.0,-4.5311
2022.0,1.0,29.0,0.0,40.0,0.0,-2.4489
2022.0,1.0,29.0,0.0,50.0,0.0,-1.4841
2022.0,1.0,29.0,1.0,0.0,0.0,-1.2955
2022.0,1.0,29.0,1.0,10.0,0.0,-1.4711
2022.0,1.0,29.0,1.0,40.0,0.0,-1.4399
2022.0,1.0,29.0,1.0,50.0,0.0,-1.2998
2022.0,1.0,29.0,2.0,0.0,0.0,-1.1824
2022.0,1.0,29.0,2.0,10.0,0.0,-2.1384
2022.0,1.0,29.0,2.0,20.0,0.0,-2.6859
2022.0,1.0,29.0,2.0,30.0,0.0,-2.5222
2022.0,1.0,29.0,2.0,40.0,0.0,-2.4355
2022.0,1.0,29.0,2.0,50.0,0.0,-2.2929
2022.0,1.0,29.0,3.0,20.0,0.0,-1.6776
2022.0,1.0,29.0,3.0,30.0,0.0,-2.0499
2022.0,1.0,29.0,19.0,30.0,0.0,-2.5747
2022.0,1.0,29.0,19.0,40.0,0.0,-3.1977
2022.0,1.0,29.0,19.0,50.0,0.0,-2.7871
2022.0,1.0,29.0,20.0,0.0,0.0,-3.128
2022.0,1.0,29.0,20.0,10.0,0.0,-2.7687
2022.0,1.0,29.0,20.0,20.0,0.0,-3.0191
2022.0,1.0,29.0,20.0,50.0,0.0,-2.4334
2022.0,1.0,29.0,21.0,0.0,0.0,-2.3597
2022.0,1.0,29.0,21.0,10.0,0.0,-2.2786
2022.0,1.0,29.0,21.0,20.0,0.0,-2.5302
2022.0,1.0,29.0,21.0,30.0,0.0,-2.5215
2022.0,1.0,29.0,21.0,40.0,0.0,-2.1377
2022.0,1.0,29.0,21.0,50.0,0.0,-2.3035
2022.0,1.0,29.0,22.0,0.0,0.0,-2.1313
2022.0,1.0,29.0,22.0,30.0,0.0,-2.2729
2022.0,1.0,29.0,22.0,40.0,0.0,-2.5932
2022.0,1.0,29.0,22.0,50.0,0.0,-2.6402
2022.0,1.0,29.0,23.0,0.0,0.0,-2.4574
2022.0,1.0,29.0,23.0,10.0,0.0,-2.2444
2022.0,1.0,29.0,23.0,20.0,0.0,-2.5843
2022.0,1.0,29.0,23.0,30.0,0.0,-2.4483
2022.0,1.0,29.0,23.0,40.0,0.0,-2.4588
2022.0,1.0,30.0,0.0,10.0,0.0,-2.8381
2022.0,1.0,30.0,0.0,20.0,0.0,-2.4008
2022.0,1.0,30.0,0.0,30.0,0.0,-2.5478
2022.0,1.0,30.0,0.0,40.0,0.0,-2.3434
2022.0,1.0,30.0,0.0,50.0,0.0,-2.6174
2022.0,1.0,30.0,1.0,0.0,0.0,-2.4347
2022.0,1.0,30.0,1.0,10.0,0.0,-2.4874
2022.0,1.0,30.0,1.0,20.0,0.0,-2.1987
2022.0,1.0,30.0,1.0,50.0,0.0,-1.9674
2022.0,1.0,30.0,2.0,0.0,0.0,-1.9865
2022.0,1.0,30.0,2.0,10.0,0.0,-1.8268
2022.0,1.0,30.0,2.0,20.0,0.0,-1.4784
2022.0,1.0,30.0,2.0,30.0,0.0,-1.5762
2022.0,1.0,30.0,2.0,40.0,0.0,-1.6286
2022.0,1.0,30.0,2.0,50.0,0.0,-1.7169
2022.0,1.0,30.0,3.0,0.0,0.0,-1.7038
2022.0,1.0,30.0,3.0,30.0,0.0,-1.8696
2022.0,2.0,11.0,20.0,50.0,0.0,0.7283
2022.0,2.0,11.0,21.0,0.0,0.0,1.2857
2022.0,2.0,11.0,21.0,10.0,0.0,1.693
2022.0,2.0,11.0,21.0,20.0,0.0,1.5251
2022.0,2.0,11.0,21.0,30.0,0.0,1.8635
2022.0,2.0,11.0,21.0,40.0,0.0,1.7913
2022.0,2.0,11.0,21.0,50.0,0.0,1.136
2022.0,2.0,11.0,22.0,20.0,0.0,1.7453
2022.0,2.0,11.0,22.0,30.0,0.0,1.7803
2022.0,2.0,11.0,22.0,40.0,0.0,1.4781
2022.0,2.0,11.0,22.0,50.0,0.0,1.3939
2022.0,2.0,11.0,23.0,0.0,0.0,1.3693
2022.0,2.0,11.0,23.0,10.0,0.0,1.512
2022.0,2.0,11.0,23.0,20.0,0.0,1.6996
2022.0,2.0,11.0,23.0,30.0,0.0,1.7028
2022.0,2.0,12.0,0.0,0.0,0.0,1.8373
2022.0,2.0,12.0,0.0,10.0,0.0,2.0197
2022.0,2.0,12.0,0.0,20.0,0.0,1.8875
2022.0,2.0,12.0,0.0,30.0,0.0,1.8324
2022.0,2.0,12.0,0.0,40.0,0.0,1.6823
2022.0,2.0,12.0,0.0,50.0,0.0,1.7153
2022.0,2.0,12.0,1.0,0.0,0.0,1.7562
2022.0,2.0,12.0,1.0,10.0,0.0,1.8099
2022.0,2.0,12.0,1.0,40.0,0.0,1.4293
2022.0,2.0,12.0,1.0,50.0,0.0,1.3272
2022.0,2.0,12.0,2.0,0.0,0.0,1.2786
2022.0,2.0,12.0,2.0,10.0,0.0,1.156
2022.0,2.0,12.0,2.0,20.0,0.0,1.2413
2022.0,2.0,12.0,2.0,30.0,0.0,1.1629
2022.0,2.0,12.0,2.0,40.0,0.0,1.6975
2022.0,2.0,12.0,2.0,50.0,0.0,2.0263
2022.0,2.0,12.0,3.0,20.0,0.0,2.2677
2022.0,2.0,12.0,3.0,30.0,0.0,2.3296
2022.0,2.0,12.0,19.0,30.0,0.0,0.8465
2022.0,2.0,12.0,19.0,40.0,0.0,1.5055
2022.0,2.0,12.0,19.0,50.0,0.0,1.2118
2022.0,2.0,12.0,20.0,0.0,0.0,-0.1204
2022.0,2.0,12.0,20.0,10.0,0.0,0.4501
2022.0,2.0,12.0,20.0,20.0,0.0,-0.4704
2022.0,2.0,12.0,20.0,50.0,0.0,-3.9454
2022.0,2.0,12.0,21.0,0.0,0.0,-3.6655
2022.0,2.0,12.0,21.0,10.0,0.0,-6.3854
2022.0,2.0,12.0,21.0,20.0,0.0,-1.3633
2022.0,2.0,12.0,21.0,30.0,0.0,-0.1569
2022.0,2.0,12.0,21.0,40.0,0.0,-0.7711
2022.0,2.0,12.0,21.0,50.0,0.0,-9.307
2022.0,2.0,12.0,22.0,0.0,0.0,-8.6689
2022.0,2.0,12.0,22.0,30.0,0.0,-8.6857
2022.0,2.0,12.0,22.0,40.0,0.0,-5.9402
2022.0,2.0,12.0,22.0,50.0,0.0,-5.774
2022.0,2.0,12.0,23.0,0.0,0.0,-5.785
2022.0,2.0,12.0,23.0,10.0,0.0,-7.0502
2022.0,2.0,12.0,23.0,20.0,0.0,-15.8436
2022.0,2.0,12.0,23.0,30.0,0.0,-17.2213
2022.0,2.0,12.0,23.0,40.0,0.0,-17.6437
2022.0,2.0,13.0,0.0,10.0,0.0,-17.2341
2022.0,2.0,13.0,0.0,20.0,0.0,-16.0141
2022.0,2.0,13.0,0.0,30.0,0.0,-12.3105
2022.0,2.0,13.0,0.0,40.0,0.0,-8.8556
2022.0,2.0,13.0,0.0,50.0,0.0,-13.6027
2022.0,2.0,13.0,1.0,0.0,0.0,-11.1109
2022.0,2.0,13.0,1.0,10.0,0.0,-10.8912
2022.0,2.0,13.0,1.0,20.0,0.0,-12.1529
2022.0,2.0,13.0,1.0,50.0,0.0,-13.8681
2022.0,2.0,13.0,2.0,0.0,0.0,-17.4365
2022.0,2.0,13.0,2.0,10.0,0.0,-16.4471
2022.0,2.0,13.0,2.0,20.0,0.0,-18.9229
2022.0,2.0,13.0,2.0,30.0,0.0,-13.3285
2022.0,2.0,13.0,2.0,40.0,0.0,-10.7426
2022.0,2.0,13.0,2.0,50.0,0.0,-9.3113
2022.0,2.0,13.0,3.0,0.0,0.0,-9.8937
2022.0,2.0,13.0,3.0,30.0,0.0,-15.0839
2022.0,2.0,13.0,19.0,30.0,0.0,1.3726
2022.0,2.0,13.0,19.0,40.0,0.0,1.1869
2022.0,2.0,13.0,19.0,50.0,0.0,1.3722
2022.0,2.0,13.0,20.0,0.0,0.0,1.0348
2022.0,2.0,13.0,20.0,10.0,0.0,1.1716
2022.0,2.0,13.0,20.0,20.0,0.0,0.8676
2022.0,2.0,13.0,20.0,30.0,0.0,1.2275
2022.0,2.0,13.0,21.0,0.0,0.0,0.7121
2022.0,2.0,13.0,21.0,10.0,0.0,1.0526
2022.0,2.0,13.0,21.0,20.0,0.0,0.6561
2022.0,2.0,13.0,21.0,30.0,0.0,0.8669
2022.0,2.0,13.0,21.0,40.0,0.0,1.5061
2022.0,2.0,13.0,21.0,50.0,0.0,1.6684
2022.0,2.0,13.0,22.0,0.0,0.0,1.1679
2022.0,2.0,13.0,22.0,10.0,0.0,0.4011
2022.0,2.0,13.0,22.0,40.0,0.0,1.3692
2022.0,2.0,13.0,22.0,50.0,0.0,0.7677
2022.0,2.0,13.0,23.0,0.0,0.0,1.0817
2022.0,2.0,13.0,23.0,10.0,0.0,1.5422
2022.0,2.0,13.0,23.0,20.0,0.0,1.4687
2022.0,2.0,13.0,23.0,30.0,0.0,1.3613
2022.0,2.0,13.0,23.0,40.0,0.0,1.0418
2022.0,2.0,13.0,23.0,50.0,0.0,1.0929
2022.0,2.0,14.0,0.0,20.0,0.0,0.7046
2022.0,2.0,14.0,0.0,30.0,0.0,0.6901
2022.0,2.0,14.0,0.0,40.0,0.0,0.5459
2022.0,2.0,14.0,0.0,50.0,0.0,0.1514
2022.0,2.0,14.0,1.0,0.0,0.0,0.6029
2022.0,2.0,14.0,1.0,10.0,0.0,0.6882
2022.0,2.0,14.0,1.0,20.0,0.0,0.8121
2022.0,2.0,14.0,1.0,30.0,0.0,1.1964
2022.0,2.0,14.0,2.0,0.0,0.0,0.9202
2022.0,2.0,14.0,2.0,10.0,0.0,0.9162
2022.0,2.0,14.0,2.0,20.0,0.0,1.2016
2022.0,2.0,14.0,2.0,30.0,0.0,0.9833
2022.0,2.0,14.0,2.0,40.0,0.0,0.8733
2022.0,2.0,14.0,2.0,50.0,0.0,0.9272
2022.0,2.0,14.0,3.0,0.0,0.0,0.9779
2022.0,2.0,14.0,3.0,10.0,0.0,0.9815
2022.0,2.0,14.0,22.0,10.0,0.0,-32.5157
2022.0,2.0,14.0,22.0,20.0,0.0,-31.6691
2022.0,2.0,14.0,22.0,30.0,0.0,-30.8108
2022.0,2.0,14.0,22.0,40.0,0.0,-30.4936
2022.0,2.0,14.0,22.0,50.0,0.0,-31.12
2022.0,2.0,14.0,23.0,0.0,0.0,-30.0261
2022.0,2.0,14.0,23.0,10.0,0.0,-30.2762
2022.0,2.0,14.0,23.0,20.0,0.0,-29.3481
2022.0,2.0,14.0,23.0,50.0,0.0,-29.3088
2022.0,2.0,15.0,0.0,0.0,0.0,-29.4941
2022.0,2.0,15.0,0.0,10.0,0.0,-29.1999
2022.0,2.0,15.0,0.0,20.0,0.0,-29.0635
2022.0,2.0,15.0,0.0,30.0,0.0,-28.9447
2022.0,2.0,15.0,0.0,40.0,0.0,-29.088
2022.0,2.0,15.0,0.0,50.0,0.0,-29.4705
2022.0,2.0,15.0,1.0,0.0,0.0,-28.9909
2022.0,2.0,15.0,1.0,30.0,0.0,-28.6209
2022.0,2.0,15.0,1.0,40.0,0.0,-28.7205
2022.0,2.0,15.0,1.0,50.0,0.0,-26.676
2022.0,2.0,15.0,2.0,0.0,0.0,-24.2004
2022.0,2.0,15.0,2.0,10.0,0.0,-26.2299
2022.0,2.0,15.0,2.0,20.0,0.0,-25.4275
2022.0,2.0,15.0,2.0,30.0,0.0,-24.0859
2022.0,2.0,15.0,2.0,40.0,0.0,-20.9469
2022.0,2.0,15.0,3.0,10.0,0.0,-4.0281
2022.0,2.0,15.0,3.0,20.0,0.0,-3.2846
2022.0,2.0,15.0,3.0,30.0,0.0,1.703
2022.0,2.0,15.0,19.0,30.0,0.0,-1.4694
2022.0,2.0,15.0,19.0,40.0,0.0,-1.1337
2022.0,2.0,15.0,19.0,50.0,0.0,-1.4016
2022.0,2.0,15.0,20.0,0.0,0.0,-2.0409
2022.0,2.0,15.0,20.0,10.0,0.0,-1.6363
2022.0,2.0,15.0,20.0,40.0,0.0,-11.6122
2022.0,2.0,15.0,20.0,50.0,0.0,-4.521
2022.0,2.0,15.0,21.0,0.0,0.0,-3.4303
2022.0,2.0,15.0,21.0,10.0,0.0,-1.987
2022.0,2.0,15.0,21.0,20.0,0.0,-1.5398
2022.0,2.0,15.0,21.0,30.0,0.0,-0.7844
2022.0,2.0,15.0,21.0,40.0,0.0,-0.7601
2022.0,2.0,15.0,21.0,50.0,0.0,-4.0957
2022.0,2.0,15.0,22.0,20.0,0.0,-7.1133
2022.0,2.0,15.0,22.0,30.0,0.0,-0.242
2022.0,2.0,15.0,22.0,40.0,0.0,0.0107
2022.0,2.0,15.0,22.0,50.0,0.0,-0.4111
2022.0,2.0,15.0,23.0,0.0,0.0,-5.8766
2022.0,2.0,15.0,23.0,10.0,0.0,0.1179
2022.0,2.0,15.0,23.0,20.0,0.0,0.3366
2022.0,2.0,15.0,23.0,30.0,0.0,-0.3242
2022.0,2.0,16.0,0.0,0.0,0.0,0.5976
2022.0,2.0,16.0,0.0,10.0,0.0,0.8568
2022.0,2.0,16.0,0.0,20.0,0.0,0.5791
2022.0,2.0,16.0,0.0,30.0,0.0,1.3045
2022.0,2.0,16.0,0.0,40.0,0.0,1.4204
2022.0,2.0,16.0,0.0,50.0,0.0,1.3748
2022.0,2.0,16.0,1.0,0.0,0.0,1.39
2022.0,2.0,16.0,1.0,10.0,0.0,1.4563
2022.0,2.0,16.0,1.0,40.0,0.0,1.4717
2022.0,2.0,16.0,1.0,50.0,0.0,1.4499
2022.0,2.0,16.0,2.0,0.0,0.0,1.6584
2022.0,2.0,16.0,2.0,10.0,0.0,1.6951
2022.0,2.0,16.0,2.0,20.0,0.0,1.7226
2022.0,2.0,16.0,2.0,30.0,0.0,1.8202
2022.0,2.0,16.0,2.0,40.0,0.0,1.7868
2022.0,2.0,16.0,2.0,50.0,0.0,1.9252
2022.0,2.0,16.0,3.0,20.0,0.0,2.0845
2022.0,2.0,16.0,3.0,30.0,0.0,2.083
2022.0,2.0,16.0,23.0,0.0,0.0,-16.0657
2022.0,2.0,16.0,23.0,10.0,0.0,-21.9438
2022.0,2.0,16.0,23.0,20.0,0.0,-25.3734
2022.0,2.0,16.0,23.0,30.0,0.0,-23.9763
2022.0,2.0,16.0,23.0,40.0,0.0,-24.998
2022.0,2.0,16.0,23.0,50.0,0.0,-24.8397
2022.0,2.0,17.0,0.0,20.0,0.0,-24.6661
2022.0,2.0,17.0,0.0,30.0,0.0,-24.3029
2022.0,2.0,17.0,0.0,40.0,0.0,-22.0926
2022.0,2.0,17.0,0.0,50.0,0.0,-16.3529
2022.0,2.0,17.0,1.0,0.0,0.0,-21.2172
2022.0,2.0,17.0,1.0,10.0,0.0,-26.3341
2022.0,2.0,17.0,1.0,20.0,0.0,-27.766
2022.0,2.0,17.0,1.0,30.0,0.0,-27.9928
2022.0,2.0,17.0,2.0,0.0,0.0,-25.88
2022.0,2.0,17.0,2.0,10.0,0.0,-16.7032
2022.0,2.0,17.0,2.0,20.0,0.0,-16.3328
2022.0,2.0,17.0,2.0,30.0,0.0,-11.847
2022.0,2.0,17.0,2.0,40.0,0.0,-7.187
2022.0,2.0,17.0,2.0,50.0,0.0,-12.8556
2022.0,2.0,17.0,3.0,0.0,0.0,-16.7196
2022.0,2.0,17.0,3.0,10.0,0.0,-23.7323
2022.0,2.0,17.0,19.0,30.0,0.0,-0.726
2022.0,2.0,17.0,19.0,40.0,0.0,0.1141
2022.0,2.0,17.0,19.0,50.0,0.0,-0.4185
2022.0,2.0,17.0,20.0,0.0,0.0,-0.3041
2022.0,2.0,17.0,20.0,10.0,0.0,-0.0676
2022.0,2.0,17.0,20.0,20.0,0.0,-0.3981
2022.0,2.0,17.0,20.0,30.0,0.0,-0.4471
2022.0,2.0,17.0,20.0,40.0,0.0,-0.3436
2022.0,2.0,17.0,21.0,10.0,0.0,-0.2427
2022.0,2.0,17.0,21.0,20.0,0.0,-0.1285
2022.0,2.0,17.0,21.0,30.0,0.0,-0.1265
2022.0,2.0,17.0,21.0,40.0,0.0,0.0576
2022.0,2.0,17.0,21.0,50.0,0.0,0.222
2022.0,2.0,17.0,22.0,0.0,0.0,0.0053
2022.0,2.0,17.0,22.0,10.0,0.0,0.3317
2022.0,2.0,17.0,22.0,20.0,0.0,0.7454
2022.0,2.0,17.0,22.0,50.0,0.0,0.395
2022.0,2.0,17.0,23.0,0.0,0.0,0.4472
2022.0,2.0,17.0,23.0,10.0,0.0,0.3705
2022.0,2.0,17.0,23.0,20.0,0.0,0.4138
2022.0,2.0,17.0,23.0,30.0,0.0,0.5702
2022.0,2.0,17.0,23.0,40.0,0.0,0.5256
2022.0,2.0,17.0,23.0,50.0,0.0,0.3289
2022.0,2.0,18.0,0.0,0.0,0.0,0.5267
2022.0,2.0,18.0,0.0,30.0,0.0,0.8571
2022.0,2.0,18.0,0.0,40.0,0.0,0.2626
2022.0,2.0,18.0,0.0,50.0,0.0,0.5183
2022.0,2.0,18.0,1.0,0.0,0.0,0.5405
2022.0,2.0,18.0,1.0,10.0,0.0,0.3836
2022.0,2.0,18.0,1.0,20.0,0.0,0.6907
2022.0,2.0,18.0,1.0,30.0,0.0,0.7286
2022.0,2.0,18.0,1.0,40.0,0.0,0.6256
2022.0,2.0,18.0,2.0,10.0,0.0,1.1527
2022.0,2.0,18.0,2.0,20.0,0.0,1.1333
2022.0,2.0,18.0,2.0,30.0,0.0,1.033
2022.0,2.0,18.0,2.0,40.0,0.0,1.0449
2022.0,2.0,18.0,2.0,50.0,0.0,1.0671
2022.0,2.0,18.0,3.0,0.0,0.0,1.2128
2022.0,2.0,18.0,3.0,10.0,0.0,1.1225
2022.0,2.0,18.0,3.0,20.0,0.0,0.9002
2022.0,2.0,18.0,19.0,40.0,0.0,1.6753
2022.0,2.0,18.0,19.0,50.0,0.0,1.569
2022.0,2.0,18.0,20.0,0.0,0.0,1.6381
2022.0,2.0,18.0,20.0,10.0,0.0,1.6694
2022.0,2.0,18.0,20.0,20.0,0.0,1.6436
2022.0,2.0,18.0,20.0,30.0,0.0,1.7478
2022.0,2.0,18.0,20.0,40.0,0.0,1.8958
2022.0,2.0,18.0,20.0,50.0,0.0,1.9695
2022.0,2.0,18.0,21.0,20.0,0.0,1.891
2022.0,2.0,18.0,21.0,30.0,0.0,1.9782
2022.0,2.0,18.0,21.0,40.0,0.0,2.019
2022.0,2.0,18.0,21.0,50.0,0.0,2.1127
2022.0,2.0,18.0,22.0,0.0,0.0,2.1712
2022.0,2.0,18.0,22.0,10.0,0.0,1.8032
2022.0,2.0,18.0,22.0,20.0,0.0,1.7014
2022.0,2.0,18.0,22.0,30.0,0.0,1.6799
2022.0,2.0,18.0,23.0,0.0,0.0,1.8447
2022.0,2.0,18.0,23.0,10.0,0.0,1.8955
2022.0,2.0,18.0,23.0,20.0,0.0,2.0148
2022.0,2.0,18.0,23.0,30.0,0.0,2.337
2022.0,2.0,18.0,23.0,40.0,0.0,2.7715
2022.0,2.0,18.0,23.0,50.0,0.0,2.9217
2022.0,2.0,19.0,0.0,0.0,0.0,3.1416
2022.0,2.0,19.0,0.0,10.0,0.0,3.0791
2022.0,2.0,19.0,0.0,40.0,0.0,2.7354
2022.0,2.0,19.0,0.0,50.0,0.0,2.4229
2022.0,2.0,19.0,1.0,0.0,0.0,2.4549
2022.0,2.0,19.0,1.0,10.0,0.0,2.067
2022.0,2.0,19.0,1.0,20.0,0.0,1.8077
2022.0,2.0,19.0,1.0,30.0,0.0,1.9422
2022.0,2.0,19.0,1.0,40.0,0.0,1.94
2022.0,2.0,19.0,1.0,50.0,0.0,2.1878
2022.0,2.0,19.0,2.0,20.0,0.0,1.9001
2022.0,2.0,19.0,2.0,30.0,0.0,1.9496
2022.0,2.0,19.0,2.0,40.0,0.0,2.1355
2022.0,2.0,19.0,2.0,50.0,0.0,1.9559
2022.0,2.0,19.0,3.0,0.0,0.0,1.7958
2022.0,2.0,19.0,3.0,10.0,0.0,1.9928
2022.0,2.0,19.0,3.0,20.0,0.0,2.1551
2022.0,2.0,19.0,3.0,30.0,0.0,2.2284
2022.0,2.0,19.0,19.0,50.0,0.0,-0.9974
2022.0,2.0,19.0,20.0,0.0,0.0,-1.055
2022.0,2.0,19.0,20.0,10.0,0.0,-0.6322
2022.0,2.0,19.0,20.0,20.0,0.0,-1.2295
2022.0,2.0,19.0,20.0,30.0,0.0,-0.3045
2022.0,2.0,19.0,20.0,40.0,0.0,-0.2664
2022.0,2.0,19.0,20.0,50.0,0.0,-0.7666
2022.0,2.0,19.0,21.0,0.0,0.0,-0.7212
2022.0,2.0,19.0,21.0,30.0,0.0,-0.7419
2022.0,2.0,19.0,21.0,40.0,0.0,-0.4387
2022.0,2.0,19.0,21.0,50.0,0.0,-0.1925
2022.0,2.0,19.0,22.0,0.0,0.0,-0.651
2022.0,2.0,19.0,22.0,10.0,0.0,-0.4875
2022.0,2.0,19.0,22.0,20.0,0.0,-0.2224
2022.0,2.0,19.0,22.0,30.0,0.0,-0.5876
2022.0,2.0,19.0,22.0,40.0,0.0,0.061
2022.0,2.0,19.0,23.0,10.0,0.0,0.1318
2022.0,2.0,19.0,23.0,20.0,0.0,-0.1087
2022.0,2.0,19.0,23.0,30.0,0.0,-0.1282
2022.0,2.0,19.0,23.0,40.0,0.0,-0.7782
2022.0,2.0,19.0,23.0,50.0,0.0,-0.544
2022.0,2.0,20.0,0.0,0.0,0.0,-0.1206
2022.0,2.0,20.0,0.0,10.0,0.0,0.0375
2022.0,2.0,20.0,0.0,20.0,0.0,-0.216
2022.0,2.0,20.0,0.0,50.0,0.0,-1.2519
2022.0,2.0,20.0,1.0,0.0,0.0,-0.259
2022.0,2.0,20.0,1.0,10.0,0.0,-0.8757
2022.0,2.0,20.0,1.0,20.0,0.0,-0.606
2022.0,2.0,20.0,1.0,30.0,0.0,-1.741
2022.0,2.0,20.0,1.0,40.0,0.0,-1.5027
2022.0,2.0,20.0,1.0,50.0,0.0,-1.0381
2022.0,2.0,20.0,2.0,0.0,0.0,-1.1906
2022.0,2.0,20.0,2.0,30.0,0.0,-2.3031
2022.0,2.0,20.0,2.0,40.0,0.0,-1.2741
2022.0,2.0,20.0,2.0,50.0,0.0,-0.7119
2022.0,2.0,20.0,3.0,0.0,0.0,-1.4639
2022.0,2.0,20.0,3.0,10.0,0.0,-1.053
2022.0,2.0,20.0,3.0,20.0,0.0,-1.7811
2022.0,2.0,20.0,3.0,30.0,0.0,-1.5462
2022.0,2.0,20.0,19.0,30.0,0.0,-2.9144
2022.0,2.0,20.0,20.0,0.0,0.0,-1.7041
2022.0,2.0,20.0,20.0,10.0,0.0,-1.6728
2022.0,2.0,20.0,20.0,20.0,0.0,-1.2495
2022.0,2.0,20.0,20.0,30.0,0.0,-1.1438
2022.0,2.0,20.0,20.0,40.0,0.0,-0.6276
2022.0,2.0,20.0,20.0,50.0,0.0,-0.6074
2022.0,2.0,20.0,21.0,0.0,0.0,-1.1124
2022.0,2.0,20.0,21.0,10.0,0.0,-1.0891
2022.0,2.0,20.0,21.0,40.0,0.0,-0.0894
2022.0,2.0,20.0,21.0,50.0,0.0,0.0119
2022.0,2.0,20.0,22.0,0.0,0.0,-0.9533
2022.0,2.0,20.0,22.0,10.0,0.0,-1.2032
2022.0,2.0,20.0,22.0,20.0,0.0,0.0891
2022.0,2.0,20.0,22.0,30.0,0.0,-2.2275
2022.0,2.0,20.0,22.0,40.0,0.0,-0.7875
2022.0,2.0,20.0,22.0,50.0,0.0,-1.6586
2022.0,2.0,20.0,23.0,20.0,0.0,-0.1533
2022.0,2.0,20.0,23.0,30.0,0.0,0.0727
2022.0,2.0,20.0,23.0,40.0,0.0,-0.1405
2022.0,2.0,20.0,23.0,50.0,0.0,-1.0687
2022.0,2.0,21.0,0.0,0.0,0.0,-1.8043
2022.0,2.0,21.0,0.0,10.0,0.0,-0.48
2022.0,2.0,21.0,0.0,20.0,0.0,-0.5977
2022.0,2.0,21.0,0.0,30.0,0.0,-0.1082
2022.0,2.0,21.0,1.0,0.0,0.0,-1.4593
2022.0,2.0,21.0,1.0,10.0,0.0,-0.8852
2022.0,2.0,21.0,1.0,20.0,0.0,-1.001
2022.0,2.0,21.0,1.0,30.0,0.0,-0.038
2022.0,2.0,21.0,1.0,40.0,0.0,-0.4235
2022.0,2.0,21.0,1.0,50.0,0.0,0.3612
2022.0,2.0,21.0,2.0,0.0,0.0,-0.5789
2022.0,2.0,21.0,2.0,10.0,0.0,-0.221
2022.0,2.0,21.0,2.0,40.0,0.0,-0.1508
2022.0,2.0,21.0,2.0,50.0,0.0,-0.2343
2022.0,2.0,21.0,3.0,0.0,0.0,0.4467
2022.0,2.0,21.0,3.0,10.0,0.0,0.6243
2022.0,2.0,21.0,3.0,20.0,0.0,-0.4124
2022.0,2.0,21.0,3.0,30.0,0.0,-0.5665
2022.0,3.0,1.0,22.0,50.0,0.0,-5.5687
2022.0,3.0,1.0,23.0,0.0,0.0,-7.7132
2022.0,3.0,1.0,23.0,30.0,0.0,-6.1952
2022.0,3.0,1.0,23.0,40.0,0.0,-6.7818
2022.0,3.0,1.0,23.0,50.0,0.0,-7.3861
2022.0,3.0,2.0,0.0,0.0,0.0,-7.5833
2022.0,3.0,2.0,0.0,10.0,0.0,-8.005
2022.0,3.0,2.0,0.0,20.0,0.0,-7.5572
2022.0,3.0,2.0,0.0,30.0,0.0,-6.0339
2022.0,3.0,2.0,0.0,40.0,0.0,-6.0262
2022.0,3.0,2.0,1.0,10.0,0.0,-4.7613
2022.0,3.0,2.0,1.0,20.0,0.0,-4.5504
2022.0,3.0,2.0,1.0,30.0,0.0,-4.4129
2022.0,3.0,2.0,1.0,40.0,0.0,-4.623
2022.0,3.0,2.0,1.0,50.0,0.0,-4.3528
2022.0,3.0,2.0,2.0,0.0,0.0,-3.7083
2022.0,3.0,2.0,2.0,10.0,0.0,-3.7881
2022.0,3.0,2.0,2.0,20.0,0.0,-3.1595
2022.0,3.0,2.0,2.0,50.0,0.0,-1.3299
2022.0,3.0,2.0,3.0,0.0,0.0,-1.4893
2022.0,3.0,2.0,3.0,10.0,0.0,-1.203
2022.0,3.0,2.0,3.0,20.0,0.0,-0.7937
2022.0,3.0,2.0,3.0,30.0,0.0,-0.646
2022.0,3.0,2.0,22.0,30.0,0.0,-24.5268
2022.0,3.0,2.0,22.0,40.0,0.0,-25.6726
2022.0,3.0,2.0,22.0,50.0,0.0,-25.2968
2022.0,3.0,2.0,23.0,20.0,0.0,-24.1499
2022.0,3.0,2.0,23.0,30.0,0.0,-24.348
2022.0,3.0,2.0,23.0,40.0,0.0,-22.8512
2022.0,3.0,2.0,23.0,50.0,0.0,-22.0925
2022.0,3.0,3.0,0.0,0.0,0.0,-21.9851
2022.0,3.0,3.0,0.0,10.0,0.0,-23.0255
2022.0,3.0,3.0,0.0,20.0,0.0,-20.7237
2022.0,3.0,3.0,0.0,30.0,0.0,-20.5481
2022.0,3.0,3.0,1.0,0.0,0.0,-16.9005
2022.0,3.0,3.0,1.0,10.0,0.0,-18.3407
2022.0,3.0,3.0,1.0,20.0,0.0,-17.0831
2022.0,3.0,3.0,1.0,30.0,0.0,-13.2591
2022.0,3.0,3.0,1.0,40.0,0.0,-9.3101
2022.0,3.0,3.0,1.0,50.0,0.0,-4.8389
2022.0,3.0,3.0,2.0,0.0,0.0,-3.5797
2022.0,3.0,3.0,2.0,10.0,0.0,-1.8693
2022.0,3.0,3.0,2.0,40.0,0.0,-4.5652
2022.0,3.0,3.0,2.0,50.0,0.0,-6.314
2022.0,3.0,3.0,3.0,0.0,0.0,-3.8808
2022.0,3.0,3.0,3.0,10.0,0.0,-4.9588
2022.0,3.0,3.0,3.0,20.0,0.0,-6.899
2022.0,3.0,3.0,3.0,30.0,0.0,-10.0157
2022.0,3.0,3.0,19.0,30.0,0.0,-16.2318
2022.0,3.0,3.0,19.0,40.0,0.0,-16.4935
2022.0,3.0,3.0,20.0,10.0,0.0,-17.8561
2022.0,3.0,3.0,20.0,20.0,0.0,-18.1412
2022.0,3.0,3.0,20.0,30.0,0.0,-17.3731
2022.0,3.0,3.0,20.0,40.0,0.0,-18.5863
2022.0,3.0,3.0,20.0,50.0,0.0,-16.4444
2022.0,3.0,3.0,21.0,0.0,0.0,-16.1402
2022.0,3.0,3.0,21.0,10.0,0.0,-16.7682
2022.0,3.0,3.0,21.0,20.0,0.0,-18.634
2022.0,3.0,3.0,21.0,50.0,0.0,-15.7851
2022.0,3.0,3.0,22.0,0.0,0.0,-14.9012
2022.0,3.0,3.0,22.0,10.0,0.0,-16.3199
2022.0,3.0,3.0,22.0,20.0,0.0,-15.3765
2022.0,3.0,3.0,22.0,30.0,0.0,-13.6442
2022.0,3.0,3.0,22.0,40.0,0.0,-12.7598
2022.0,3.0,3.0,22.0,50.0,0.0,-12.4612
2022.0,3.0,3.0,23.0,0.0,0.0,-11.7346
2022.0,3.0,3.0,23.0,30.0,0.0,-3.7721
2022.0,3.0,3.0,23.0,40.0,0.0,-3.3104
2022.0,3.0,3.0,23.0,50.0,0.0,-4.1184
2022.0,3.0,4.0,0.0,0.0,0.0,-4.3874
2022.0,3.0,4.0,0.0,10.0,0.0,-6.1842
2022.0,3.0,4.0,0.0,20.0,0.0,-9.9041
2022.0,3.0,4.0,0.0,30.0,0.0,-11.3472
2022.0,3.0,4.0,0.0,40.0,0.0,-12.7951
2022.0,3.0,4.0,1.0,10.0,0.0,-17.3212
2022.0,3.0,4.0,1.0,20.0,0.0,-17.899
2022.0,3.0,4.0,1.0,30.0,0.0,-20.788
2022.0,3.0,4.0,1.0,40.0,0.0,-18.8964
2022.0,3.0,4.0,1.0,50.0,0.0,-18.1473
2022.0,3.0,4.0,2.0,0.0,0.0,-16.9858
2022.0,3.0,4.0,2.0,10.0,0.0,-16.6217
2022.0,3.0,4.0,2.0,20.0,0.0,-16.1499
2022.0,3.0,4.0,2.0,50.0,0.0,-19.2289
2022.0,3.0,4.0,3.0,0.0,0.0,-16.6663
2022.0,3.0,4.0,3.0,10.0,0.0,-15.6644
2022.0,3.0,4.0,3.0,20.0,0.0,-14.8485
2022.0,3.0,4.0,3.0,30.0,0.0,-18.1538
2022.0,3.0,4.0,19.0,30.0,0.0,-16.8753
2022.0,3.0,4.0,19.0,40.0,0.0,-18.2687
2022.0,3.0,4.0,19.0,50.0,0.0,-20.5298
2022.0,3.0,4.0,20.0,20.0,0.0,-18.9461
2022.0,3.0,4.0,20.0,30.0,0.0,-17.1245
2022.0,3.0,4.0,20.0,40.0,0.0,-14.8734
2022.0,3.0,4.0,20.0,50.0,0.0,-14.1516
2022.0,3.0,4.0,21.0,0.0,0.0,-14.9128
2022.0,3.0,4.0,21.0,10.0,0.0,-14.8788
2022.0,3.0,4.0,21.0,20.0,0.0,-14.3381
2022.0,3.0,4.0,21.0,30.0,0.0,-10.7919
2022.0,3.0,4.0,22.0,0.0,0.0,-10.7645
2022.0,3.0,4.0,22.0,10.0,0.0,-15.4326
2022.0,3.0,4.0,22.0,20.0,0.0,-12.8616
2022.0,3.0,4.0,22.0,30.0,0.0,-12.0719
2022.0,3.0,4.0,22.0,40.0,0.0,-12.9142
2022.0,3.0,4.0,22.0,50.0,0.0,-8.4468
2022.0,3.0,4.0,23.0,0.0,0.0,-7.7598
2022.0,3.0,4.0,23.0,10.0,0.0,-8.517
2022.0,3.0,4.0,23.0,40.0,0.0,-12.2612
2022.0,3.0,4.0,23.0,50.0,0.0,-12.1602
2022.0,3.0,5.0,0.0,0.0,0.0,-12.5864
2022.0,3.0,5.0,0.0,10.0,0.0,-15.4608
2022.0,3.0,5.0,0.0,20.0,0.0,-18.0634
2022.0,3.0,5.0,0.0,30.0,0.0,-12.5825
2022.0,3.0,5.0,0.0,40.0,0.0,-14.5197
2022.0,3.0,5.0,0.0,50.0,0.0,-14.3761
2022.0,3.0,5.0,1.0,20.0,0.0,-18.748
2022.0,3.0,5.0,1.0,30.0,0.0,-19.3431
2022.0,3.0,5.0,1.0,40.0,0.0,-20.1781
2022.0,3.0,5.0,1.0,50.0,0.0,-18.4674
2022.0,3.0,5.0,2.0,0.0,0.0,-15.1607
2022.0,3.0,5.0,2.0,10.0,0.0,-15.6223
2022.0,3.0,5.0,2.0,20.0,0.0,-16.4938
2022.0,3.0,5.0,2.0,30.0,0.0,-20.7469
2022.0,3.0,5.0,3.0,0.0,0.0,-20.1859
2022.0,3.0,5.0,3.0,10.0,0.0,-18.8555
2022.0,3.0,5.0,3.0,20.0,0.0,-20.8306
2022.0,3.0,5.0,3.0,30.0,0.0,-18.278
2022.0,3.0,5.0,19.0,30.0,0.0,-23.2178
2022.0,3.0,5.0,19.0,40.0,0.0,-20.3757
2022.0,3.0,5.0,19.0,50.0,0.0,-20.0959
2022.0,3.0,5.0,20.0,0.0,0.0,-20.3428
2022.0,3.0,5.0,20.0,30.0,0.0,-21.2001
2022.0,3.0,5.0,20.0,40.0,0.0,-22.5772
2022.0,3.0,5.0,20.0,50.0,0.0,-22.5379
2022.0,3.0,5.0,21.0,0.0,0.0,-23.782
2022.0,3.0,5.0,21.0,10.0,0.0,-17.8534
2022.0,3.0,5.0,21.0,20.0,0.0,-8.0124
2022.0,3.0,5.0,21.0,30.0,0.0,-9.2251
2022.0,3.0,5.0,21.0,40.0,0.0,-14.3773
2022.0,3.0,5.0,22.0,10.0,0.0,-6.2592
2022.0,3.0,5.0,22.0,20.0,0.0,-7.0736
2022.0,3.0,5.0,22.0,30.0,0.0,-8.415
2022.0,3.0,5.0,22.0,40.0,0.0,-5.0574
2022.0,3.0,5.0,22.0,50.0,0.0,-3.0358
2022.0,3.0,5.0,23.0,0.0,0.0,-3.9938
2022.0,3.0,5.0,23.0,10.0,0.0,-7.341
2022.0,3.0,5.0,23.0,20.0,0.0,-15.6926
2022.0,3.0,5.0,23.0,50.0,0.0,-8.7939
2022.0,3.0,6.0,0.0,0.0,0.0,-9.7867
2022.0,3.0,6.0,0.0,10.0,0.0,-13.6613
2022.0,3.0,6.0,0.0,20.0,0.0,-17.9054
2022.0,3.0,6.0,0.0,30.0,0.0,-13.8606
2022.0,3.0,6.0,0.0,40.0,0.0,-12.1588
2022.0,3.0,6.0,0.0,50.0,0.0,-7.7662
2022.0,3.0,6.0,1.0,0.0,0.0,-6.6887
2022.0,3.0,6.0,1.0,30.0,0.0,-10.2135
2022.0,3.0,6.0,1.0,40.0,0.0,-13.3947
2022.0,3.0,6.0,1.0,50.0,0.0,-11.3044
2022.0,3.0,6.0,2.0,0.0,0.0,-12.616
2022.0,3.0,6.0,2.0,10.0,0.0,-11.5191
2022.0,3.0,6.0,2.0,20.0,0.0,-6.5267
2022.0,3.0,6.0,2.0,30.0,0.0,-9.524
2022.0,3.0,6.0,2.0,40.0,0.0,-6.0833
2022.0,3.0,6.0,3.0,10.0,0.0,-10.7971
2022.0,3.0,6.0,3.0,20.0,0.0,-8.0757
2022.0,3.0,6.0,3.0,30.0,0.0,-4.1791
2022.0,3.0,6.0,19.0,30.0,0.0,-2.2416
2022.0,3.0,6.0,19.0,40.0,0.0,-2.2442
2022.0,3.0,6.0,19.0,50.0,0.0,-2.2653
2022.0,3.0,6.0,20.0,0.0,0.0,-2.0075
2022.0,3.0,6.0,20.0,10.0,0.0,-2.7159
2022.0,3.0,6.0,20.0,40.0,0.0,-2.1016
2022.0,3.0,6.0,20.0,50.0,0.0,-2.0732
2022.0,3.0,6.0,21.0,0.0,0.0,-2.3254
2022.0,3.0,6.0,21.0,10.0,0.0,-2.514
2022.0,3.0,6.0,21.0,20.0,0.0,-1.7572
2022.0,3.0,6.0,21.0,30.0,0.0,-2.0612
2022.0,3.0,6.0,21.0,40.0,0.0,-2.6089
2022.0,3.0,6.0,21.0,50.0,0.0,-2.6601
2022.0,3.0,6.0,22.0,20.0,0.0,-1.7717
2022.0,3.0,6.0,22.0,30.0,0.0,-1.3207
2022.0,3.0,6.0,22.0,40.0,0.0,-1.3
2022.0,3.0,6.0,22.0,50.0,0.0,-1.4999
2022.0,3.0,6.0,23.0,0.0,0.0,-1.473
2022.0,3.0,6.0,23.0,10.0,0.0,-1.5338
2022.0,3.0,6.0,23.0,20.0,0.0,-1.8679
2022.0,3.0,6.0,23.0,30.0,0.0,-1.9729
2022.0,3.0,7.0,0.0,0.0,0.0,-2.4544
2022.0,3.0,7.0,0.0,10.0,0.0,-2.1784
2022.0,3.0,7.0,0.0,20.0,0.0,-3.1273
2022.0,3.0,7.0,0.0,30.0,0.0,-1.6515
2022.0,3.0,7.0,0.0,40.0,0.0,-1.1601
2022.0,3.0,7.0,0.0,50.0,0.0,-1.3678
2022.0,3.0,7.0,1.0,0.0,0.0,-2.1303
2022.0,3.0,7.0,1.0,10.0,0.0,-2.4655
2022.0,3.0,7.0,1.0,40.0,0.0,-2.0047
2022.0,3.0,7.0,1.0,50.0,0.0,-0.9958
2022.0,3.0,7.0,2.0,0.0,0.0,-0.8897
2022.0,3.0,7.0,2.0,10.0,0.0,-0.0878
2022.0,3.0,7.0,2.0,20.0,0.0,-0.4891
2022.0,3.0,7.0,2.0,30.0,0.0,-0.0002
2022.0,3.0,7.0,2.0,40.0,0.0,0.1174
2022.0,3.0,7.0,2.0,50.0,0.0,-0.2514
2022.0,3.0,7.0,3.0,20.0,0.0,-0.5427
2022.0,3.0,7.0,3.0,30.0,0.0,-0.356
2022.0,3.0,7.0,19.0,30.0,0.0,-3.1895
2022.0,3.0,7.0,19.0,40.0,0.0,-2.9172
2022.0,3.0,7.0,19.0,50.0,0.0,-3.3265
2022.0,3.0,7.0,20.0,0.0,0.0,-3.2806
2022.0,3.0,7.0,20.0,10.0,0.0,-2.7949
2022.0,3.0,7.0,20.0,20.0,0.0,-2.5554
2022.0,3.0,7.0,20.0,50.0,0.0,-2.4446
2022.0,3.0,7.0,21.0,0.0,0.0,-1.7641
2022.0,3.0,7.0,21.0,10.0,0.0,-2.2296
2022.0,3.0,7.0,21.0,20.0,0.0,1.1304
2022.0,3.0,7.0,21.0,30.0,0.0,-0.8747
2022.0,3.0,7.0,21.0,40.0,0.0,-3.5357
2022.0,3.0,7.0,21.0,50.0,0.0,-1.5016
2022.0,3.0,7.0,22.0,0.0,0.0,-3.3988
2022.0,3.0,7.0,22.0,30.0,0.0,-1.8395
2022.0,3.0,7.0,22.0,40.0,0.0,-1.4255
2022.0,3.0,7.0,22.0,50.0,0.0,-1.5413
2022.0,3.0,7.0,23.0,0.0,0.0,-1.4809
2022.0,3.0,7.0,23.0,10.0,0.0,-1.2149
2022.0,3.0,7.0,23.0,20.0,0.0,-1.4373
2022.0,3.0,7.0,23.0,30.0,0.0,-1.0972
2022.0,3.0,7.0,23.0,40.0,0.0,-1.3326
2022.0,3.0,8.0,0.0,10.0,0.0,-0.6636
2022.0,3.0,8.0,0.0,20.0,0.0,-0.2892
2022.0,3.0,8.0,0.0,30.0,0.0,-0.4919
2022.0,3.0,8.0,0.0,40.0,0.0,-0.4046
2022.0,3.0,8.0,0.0,50.0,0.0,-0.5068
2022.0,3.0,8.0,1.0,0.0,0.0,-0.7039
2022.0,3.0,8.0,1.0,10.0,0.0,-1.0344
2022.0,3.0,8.0,1.0,20.0,0.0,-1.412
2022.0,3.0,8.0,1.0,50.0,0.0,-2.275
2022.0,3.0,8.0,2.0,0.0,0.0,-2.6287
2022.0,3.0,8.0,2.0,10.0,0.0,-2.9845
2022.0,3.0,8.0,2.0,20.0,0.0,-6.1525
2022.0,3.0,8.0,2.0,30.0,0.0,-8.4566
2022.0,3.0,8.0,2.0,40.0,0.0,-12.092
2022.0,3.0,8.0,2.0,50.0,0.0,-18.5855
2022.0,3.0,8.0,3.0,0.0,0.0,-24.6713
2022.0,3.0,8.0,3.0,30.0,0.0,-31.1413
2022.0,3.0,8.0,19.0,30.0,0.0,-37.1811
2022.0,3.0,8.0,19.0,40.0,0.0,-35.0897
2022.0,3.0,8.0,19.0,50.0,0.0,-37.1154
2022.0,3.0,8.0,20.0,0.0,0.0,-37.5164
2022.0,3.0,8.0,20.0,10.0,0.0,-36.3294
2022.0,3.0,8.0,20.0,20.0,0.0,-37.5877
2022.0,3.0,8.0,20.0,30.0,0.0,-35.1597
2022.0,3.0,8.0,21.0,0.0,0.0,-36.4599
2022.0,3.0,8.0,21.0,10.0,0.0,-35.7905
2022.0,3.0,8.0,21.0,20.0,0.0,-35.0164
2022.0,3.0,8.0,21.0,30.0,0.0,-35.0846
2022.0,3.0,8.0,21.0,40.0,0.0,-35.8565
2022.0,3.0,8.0,21.0,50.0,0.0,-31.7781
2022.0,3.0,8.0,22.0,0.0,0.0,-35.3211
2022.0,3.0,8.0,22.0,10.0,0.0,-34.4553
2022.0,3.0,8.0,22.0,40.0,0.0,-33.2673
2022.0,3.0,8.0,22.0,50.0,0.0,-31.7098
2022.0,3.0,8.0,23.0,0.0,0.0,-31.2581
2022.0,3.0,8.0,23.0,10.0,0.0,-30.0143
2022.0,3.0,8.0,23.0,20.0,0.0,-29.895
2022.0,3.0,8.0,23.0,30.0,0.0,-28.8791
2022.0,3.0,8.0,23.0,40.0,0.0,-28.7869
2022.0,3.0,8.0,23.0,50.0,0.0,-28.5988
2022.0,3.0,9.0,0.0,20.0,0.0,-27.9812
2022.0,3.0,9.0,0.0,30.0,0.0,-28.9236
2022.0,3.0,9.0,0.0,40.0,0.0,-28.4157
2022.0,3.0,9.0,0.0,50.0,0.0,-29.7909
2022.0,3.0,9.0,1.0,0.0,0.0,-27.3544
2022.0,3.0,9.0,1.0,10.0,0.0,-28.9969
2022.0,3.0,9.0,1.0,20.0,0.0,-29.6843
2022.0,3.0,9.0,1.0,30.0,0.0,-28.7691
2022.0,3.0,9.0,2.0,0.0,0.0,-30.2688
2022.0,3.0,9.0,2.0,10.0,0.0,-27.7453
2022.0,3.0,9.0,2.0,20.0,0.0,-29.089
2022.0,3.0,9.0,2.0,30.0,0.0,-29.2118
2022.0,3.0,9.0,2.0,40.0,0.0,-29.5518
2022.0,3.0,9.0,2.0,50.0,0.0,-28.8935
2022.0,3.0,9.0,3.0,0.0,0.0,-28.4842
2022.0,3.0,9.0,3.0,10.0,0.0,-29.1704
2022.0,3.0,11.0,19.0,30.0,0.0,-22.9054
2022.0,3.0,11.0,19.0,40.0,0.0,-24.4595
2022.0,3.0,11.0,19.0,50.0,0.0,-24.9045
2022.0,3.0,11.0,20.0,0.0,0.0,-24.6722
2022.0,3.0,11.0,20.0,10.0,0.0,-22.8214
2022.0,3.0,11.0,20.0,20.0,0.0,-22.4711
2022.0,3.0,11.0,20.0,30.0,0.0,-24.0608
2022.0,3.0,11.0,20.0,40.0,0.0,-25.1847
2022.0,3.0,11.0,21.0,10.0,0.0,-25.763
2022.0,3.0,11.0,21.0,20.0,0.0,-25.2131
2022.0,3.0,11.0,21.0,30.0,0.0,-24.9328
2022.0,3.0,11.0,21.0,40.0,0.0,-23.7758
2022.0,3.0,11.0,21.0,50.0,0.0,-23.8615
2022.0,3.0,11.0,22.0,0.0,0.0,-22.4802
2022.0,3.0,11.0,22.0,10.0,0.0,-24.9612
2022.0,3.0,11.0,22.0,20.0,0.0,-27.3355
2022.0,3.0,11.0,22.0,50.0,0.0,-19.6586
2022.0,3.0,11.0,23.0,0.0,0.0,-16.7858
2022.0,3.0,11.0,23.0,10.0,0.0,-13.5434
2022.0,3.0,11.0,23.0,20.0,0.0,-12.5956
2022.0,3.0,11.0,23.0,30.0,0.0,-10.5683
2022.0,3.0,11.0,23.0,40.0,0.0,-12.2055
2022.0,3.0,11.0,23.0,50.0,0.0,-7.476
2022.0,3.0,12.0,0.0,0.0,0.0,-10.5689
2022.0,3.0,12.0,0.0,30.0,0.0,-7.7204
2022.0,3.0,12.0,0.0,40.0,0.0,-7.0752
2022.0,3.0,12.0,0.0,50.0,0.0,-6.0574
2022.0,3.0,12.0,1.0,0.0,0.0,-7.1508
2022.0,3.0,12.0,1.0,10.0,0.0,-6.5961
2022.0,3.0,12.0,1.0,20.0,0.0,-6.5058
2022.0,3.0,12.0,1.0,30.0,0.0,-7.9894
2022.0,3.0,12.0,1.0,40.0,0.0,-4.9328
2022.0,3.0,12.0,2.0,10.0,0.0,-7.403
2022.0,3.0,12.0,2.0,20.0,0.0,-3.5033
2022.0,3.0,12.0,2.0,30.0,0.0,-5.2332
2022.0,3.0,12.0,2.0,40.0,0.0,-5.4685
2022.0,3.0,12.0,2.0,50.0,0.0,-3.9364
2022.0,3.0,12.0,3.0,0.0,0.0,-5.1957
2022.0,3.0,12.0,3.0,30.0,0.0,-4.6171
2022.0,3.0,12.0,19.0,30.0,0.0,-21.6362
2022.0,3.0,12.0,20.0,0.0,0.0,-20.6739
2022.0,3.0,12.0,20.0,10.0,0.0,-20.1377
2022.0,3.0,12.0,20.0,20.0,0.0,-19.8558
2022.0,3.0,12.0,20.0,30.0,0.0,-19.9769
2022.0,3.0,12.0,20.0,40.0,0.0,-19.7463
2022.0,3.0,12.0,20.0,50.0,0.0,-19.2883
2022.0,3.0,12.0,21.0,0.0,0.0,-19.7592
2022.0,3.0,12.0,21.0,10.0,0.0,-20.1958
2022.0,3.0,12.0,21.0,40.0,0.0,-21.2697
2022.0,3.0,12.0,21.0,50.0,0.0,-24.0984
2022.0,3.0,12.0,22.0,0.0,0.0,-22.5449
2022.0,3.0,12.0,22.0,10.0,0.0,-22.2281
2022.0,3.0,12.0,22.0,20.0,0.0,-21.2998
2022.0,3.0,12.0,22.0,30.0,0.0,-19.7558
2022.0,3.0,12.0,22.0,40.0,0.0,-23.9582
2022.0,3.0,12.0,22.0,50.0,0.0,-21.3129
2022.0,3.0,12.0,23.0,20.0,0.0,-20.4751
2022.0,3.0,12.0,23.0,30.0,0.0,-18.7207
2022.0,3.0,12.0,23.0,40.0,0.0,-20.8107
2022.0,3.0,12.0,23.0,50.0,0.0,-24.2631
2022.0,3.0,13.0,0.0,0.0,0.0,-20.9786
2022.0,3.0,13.0,0.0,10.0,0.0,-20.3815
2022.0,3.0,13.0,0.0,20.0,0.0,-20.1183
2022.0,3.0,13.0,0.0,30.0,0.0,-18.7492
2022.0,3.0,13.0,1.0,0.0,0.0,-17.3299
2022.0,3.0,13.0,1.0,10.0,0.0,-16.6315
2022.0,3.0,13.0,1.0,20.0,0.0,-18.1239
2022.0,3.0,13.0,1.0,30.0,0.0,-18.076
2022.0,3.0,13.0,1.0,40.0,0.0,-19.5586
2022.0,3.0,13.0,1.0,50.0,0.0,-19.0488
2022.0,3.0,13.0,2.0,0.0,0.0,-20.2923
2022.0,3.0,13.0,2.0,10.0,0.0,-19.6088
2022.0,3.0,13.0,2.0,40.0,0.0,-18.3552
2022.0,3.0,13.0,2.0,50.0,0.0,-18.0972
2022.0,3.0,13.0,3.0,0.0,0.0,-22.2778
2022.0,3.0,13.0,3.0,10.0,0.0,-21.1919
2022.0,3.0,13.0,3.0,20.0,0.0,-18.2965
2022.0,3.0,13.0,3.0,30.0,0.0,-17.6194
2022.0,3.0,13.0,19.0,30.0,0.0,-20.808
2022.0,3.0,13.0,19.0,40.0,0.0,-21.2617
2022.0,3.0,13.0,20.0,10.0,0.0,-20.65
2022.0,3.0,13.0,20.0,20.0,0.0,-24.1563
2022.0,3.0,13.0,20.0,30.0,0.0,-23.3796
2022.0,3.0,13.0,20.0,40.0,0.0,-23.1323
2022.0,3.0,13.0,20.0,50.0,0.0,-23.5042
2022.0,3.0,13.0,21.0,0.0,0.0,-24.6011
2022.0,3.0,13.0,21.0,10.0,0.0,-23.2438
2022.0,3.0,13.0,21.0,20.0,0.0,-22.4878
2022.0,3.0,13.0,21.0,50.0,0.0,-24.849
2022.0,3.0,13.0,22.0,0.0,0.0,-24.874
2022.0,3.0,13.0,22.0,10.0,0.0,-25.6106
2022.0,3.0,13.0,22.0,20.0,0.0,-25.4932
2022.0,3.0,13.0,22.0,30.0,0.0,-25.8717
2022.0,3.0,13.0,22.0,40.0,0.0,-24.9532
2022.0,3.0,13.0,22.0,50.0,0.0,-25.1534
2022.0,3.0,13.0,23.0,0.0,0.0,-22.0426
2022.0,3.0,13.0,23.0,30.0,0.0,-24.4786
2022.0,3.0,13.0,23.0,40.0,0.0,-21.1261
2022.0,3.0,13.0,23.0,50.0,0.0,-23.1153
2022.0,3.0,14.0,0.0,0.0,0.0,-23.3367
2022.0,3.0,14.0,0.0,10.0,0.0,-19.7294
2022.0,3.0,14.0,0.0,20.0,0.0,-22.776
2022.0,3.0,14.0,0.0,30.0,0.0,-23.1299
2022.0,3.0,14.0,0.0,40.0,0.0,-23.4198
2022.0,3.0,14.0,1.0,10.0,0.0,-24.9222
2022.0,3.0,14.0,1.0,20.0,0.0,-23.9453
2022.0,3.0,14.0,1.0,30.0,0.0,-16.2825
2022.0,3.0,14.0,1.0,40.0,0.0,-9.7264
2022.0,3.0,14.0,1.0,50.0,0.0,-13.4436
2022.0,3.0,14.0,2.0,0.0,0.0,-15.1971
2022.0,3.0,14.0,2.0,10.0,0.0,-16.455
2022.0,3.0,14.0,2.0,20.0,0.0,-15.47
2022.0,3.0,14.0,2.0,50.0,0.0,-18.5116
2022.0,3.0,14.0,3.0,0.0,0.0,-16.0636
2022.0,3.0,14.0,3.0,10.0,0.0,-14.3018
2022.0,3.0,14.0,3.0,20.0,0.0,-16.0074
2022.0,3.0,14.0,3.0,30.0,0.0,-14.2817
2022.0,3.0,14.0,22.0,10.0,0.0,-19.6777
2022.0,3.0,14.0,22.0,20.0,0.0,-15.6985
2022.0,3.0,14.0,22.0,30.0,0.0,-15.7788
2022.0,3.0,14.0,23.0,0.0,0.0,-16.7464
2022.0,3.0,14.0,23.0,10.0,0.0,-16.0444
2022.0,3.0,14.0,23.0,20.0,0.0,-15.7686
2022.0,3.0,14.0,23.0,30.0,0.0,-18.0201
2022.0,3.0,14.0,23.0,40.0,0.0,-15.0021
2022.0,3.0,14.0,23.0,50.0,0.0,-16.906
2022.0,3.0,15.0,0.0,0.0,0.0,-15.6542
2022.0,3.0,15.0,0.0,10.0,0.0,-17.0368
2022.0,3.0,15.0,0.0,40.0,0.0,-17.3407
2022.0,3.0,15.0,0.0,50.0,0.0,-16.144
2022.0,3.0,15.0,1.0,0.0,0.0,-15.7558
2022.0,3.0,15.0,1.0,10.0,0.0,-20.7583
2022.0,3.0,15.0,1.0,20.0,0.0,-19.6173
2022.0,3.0,15.0,1.0,30.0,0.0,-15.4684
2022.0,3.0,15.0,1.0,40.0,0.0,-17.0192
2022.0,3.0,15.0,1.0,50.0,0.0,-16.0369
2022.0,3.0,15.0,2.0,20.0,0.0,-12.3156
2022.0,3.0,15.0,2.0,30.0,0.0,-9.9675
2022.0,3.0,15.0,2.0,40.0,0.0,-12.4899
2022.0,3.0,15.0,2.0,50.0,0.0,-18.1864
2022.0,3.0,15.0,3.0,0.0,0.0,-20.3626
2022.0,3.0,15.0,3.0,10.0,0.0,-19.0442
2022.0,3.0,15.0,3.0,20.0,0.0,-17.2714
2022.0,3.0,15.0,3.0,30.0,0.0,-19.191
2022.0,3.0,15.0,19.0,50.0,0.0,-23.8682
2022.0,3.0,15.0,20.0,0.0,0.0,-23.0642
2022.0,3.0,15.0,20.0,10.0,0.0,-21.988
2022.0,3.0,15.0,22.0,50.0,0.0,-22.9361
2022.0,3.0,15.0,23.0,0.0,0.0,-20.3096
2022.0,3.0,15.0,23.0,10.0,0.0,-23.2938
2022.0,3.0,15.0,23.0,20.0,0.0,-22.9391
2022.0,3.0,15.0,23.0,30.0,0.0,-22.6273
2022.0,3.0,16.0,0.0,0.0,0.0,-18.3977
2022.0,3.0,16.0,0.0,10.0,0.0,-19.165
2022.0,3.0,16.0,0.0,20.0,0.0,-17.297
2022.0,3.0,16.0,0.0,30.0,0.0,-17.2845
2022.0,3.0,16.0,0.0,40.0,0.0,-16.8422
2022.0,3.0,16.0,0.0,50.0,0.0,-16.6796
2022.0,3.0,16.0,1.0,0.0,0.0,-15.6434
2022.0,3.0,16.0,1.0,10.0,0.0,-17.7702
2022.0,3.0,16.0,1.0,40.0,0.0,-12.1012
2022.0,3.0,16.0,1.0,50.0,0.0,-14.4028
2022.0,3.0,16.0,2.0,0.0,0.0,-12.9927
2022.0,3.0,16.0,2.0,10.0,0.0,-8.9311
2022.0,3.0,16.0,2.0,20.0,0.0,-10.2663
2022.0,3.0,16.0,2.0,30.0,0.0,-9.2705
2022.0,3.0,16.0,2.0,40.0,0.0,-9.6556
2022.0,3.0,16.0,2.0,50.0,0.0,-10.0644
2022.0,3.0,16.0,3.0,20.0,0.0,-8.5467
2022.0,3.0,16.0,3.0,30.0,0.0,-7.7102
2022.0,3.0,16.0,21.0,10.0,0.0,-16.2027
2022.0,3.0,16.0,21.0,20.0,0.0,-16.9696
2022.0,3.0,16.0,21.0,30.0,0.0,-13.5693
2022.0,3.0,16.0,21.0,40.0,0.0,-14.2541
2022.0,3.0,16.0,21.0,50.0,0.0,-13.9394
2022.0,3.0,16.0,22.0,0.0,0.0,-13.6585
2022.0,3.0,16.0,22.0,30.0,0.0,-11.0913
2022.0,3.0,16.0,22.0,40.0,0.0,-10.1174
2022.0,3.0,16.0,22.0,50.0,0.0,-10.1341
2022.0,3.0,16.0,23.0,0.0,0.0,-12.749
2022.0,3.0,16.0,23.0,10.0,0.0,-15.8808
2022.0,3.0,16.0,23.0,20.0,0.0,-16.5176
2022.0,3.0,16.0,23.0,30.0,0.0,-13.807
2022.0,3.0,16.0,23.0,40.0,0.0,-12.6792
2022.0,3.0,17.0,0.0,10.0,0.0,-13.3561
2022.0,3.0,17.0,0.0,20.0,0.0,-13.8461
2022.0,3.0,17.0,0.0,30.0,0.0,-13.7943
2022.0,3.0,17.0,0.0,40.0,0.0,-11.2719
2022.0,3.0,17.0,0.0,50.0,0.0,-10.3091
2022.0,3.0,17.0,1.0,0.0,0.0,-10.6415
2022.0,3.0,17.0,1.0,10.0,0.0,-11.8901
2022.0,3.0,17.0,1.0,20.0,0.0,-10.6558
2022.0,3.0,17.0,1.0,50.0,0.0,0.716
2022.0,3.0,17.0,2.0,0.0,0.0,-5.5937
2022.0,3.0,17.0,2.0,10.0,0.0,-4.5969
2022.0,3.0,17.0,2.0,20.0,0.0,-2.6349
2022.0,3.0,17.0,2.0,30.0,0.0,-5.9962
2022.0,3.0,17.0,2.0,40.0,0.0,-12.3434
2022.0,3.0,17.0,2.0,50.0,0.0,-12.7129
2022.0,3.0,17.0,3.0,0.0,0.0,-13.2856
2022.0,3.0,17.0,3.0,30.0,0.0,-0.2779
2022.0,3.0,17.0,19.0,30.0,0.0,-1.7027
2022.0,3.0,17.0,19.0,40.0,0.0,-1.936
2022.0,3.0,17.0,19.0,50.0,0.0,-1.8877
2022.0,3.0,17.0,20.0,0.0,0.0,-1.4313
2022.0,3.0,17.0,20.0,10.0,0.0,-1.0266
2022.0,3.0,17.0,20.0,20.0,0.0,-1.8093
2022.0,3.0,17.0,20.0,30.0,0.0,-1.6629
2022.0,3.0,17.0,21.0,0.0,0.0,-2.2207
2022.0,3.0,17.0,21.0,10.0,0.0,-2.2662
2022.0,3.0,17.0,21.0,20.0,0.0,-1.1566
2022.0,3.0,17.0,21.0,30.0,0.0,-1.3365
2022.0,3.0,17.0,21.0,40.0,0.0,-1.8555
2022.0,3.0,17.0,21.0,50.0,0.0,-1.7557
2022.0,3.0,17.0,22.0,0.0,0.0,-1.5395
2022.0,3.0,17.0,22.0,10.0,0.0,-1.6573
2022.0,3.0,17.0,22.0,40.0,0.0,-3.8039
2022.0,3.0,17.0,22.0,50.0,0.0,-4.5025
2022.0,3.0,17.0,23.0,0.0,0.0,-5.3332
2022.0,3.0,17.0,23.0,10.0,0.0,-10.6329
2022.0,3.0,17.0,23.0,20.0,0.0,-9.6591
2022.0,3.0,17.0,23.0,30.0,0.0,-11.7843
2022.0,3.0,17.0,23.0,40.0,0.0,-12.0955
2022.0,3.0,17.0,23.0,50.0,0.0,-12.0146
2022.0,3.0,18.0,0.0,20.0,0.0,-9.1466
2022.0,3.0,18.0,0.0,30.0,0.0,-8.0907
2022.0,3.0,18.0,0.0,40.0,0.0,-10.1217
2022.0,3.0,18.0,0.0,50.0,0.0,-5.6772
2022.0,3.0,18.0,1.0,0.0,0.0,-7.5511
2022.0,3.0,18.0,1.0,10.0,0.0,-4.4338
2022.0,3.0,18.0,1.0,20.0,0.0,-1.5695
2022.0,3.0,18.0,1.0,30.0,0.0,-1.9267
2022.0,3.0,18.0,2.0,0.0,0.0,-4.4258
2022.0,3.0,18.0,2.0,10.0,0.0,-2.2764
2022.0,3.0,18.0,2.0,20.0,0.0,-2.6206
2022.0,3.0,18.0,2.0,30.0,0.0,-1.8632
2022.0,3.0,18.0,2.0,40.0,0.0,-2.2381
2022.0,3.0,18.0,2.0,50.0,0.0,-1.9791
2022.0,3.0,18.0,3.0,0.0,0.0,-1.9475
2022.0,3.0,18.0,3.0,10.0,0.0,-2.1392
2022.0,3.0,18.0,19.0,30.0,0.0,-14.2229
2022.0,3.0,18.0,19.0,40.0,0.0,-9.8745
2022.0,3.0,18.0,19.0,50.0,0.0,-9.5435
2022.0,3.0,18.0,20.0,0.0,0.0,-16.9033
2022.0,3.0,18.0,20.0,10.0,0.0,-19.7595
2022.0,3.0,18.0,20.0,20.0,0.0,-22.3466
2022.0,3.0,18.0,20.0,30.0,0.0,-23.5748
2022.0,3.0,18.0,20.0,40.0,0.0,-23.0192
2022.0,3.0,18.0,21.0,10.0,0.0,-21.6931
2022.0,3.0,18.0,21.0,20.0,0.0,-23.3316
2022.0,3.0,18.0,21.0,30.0,0.0,-24.3196
2022.0,3.0,18.0,21.0,40.0,0.0,-23.5487
2022.0,3.0,18.0,21.0,50.0,0.0,-24.3586
2022.0,3.0,18.0,22.0,0.0,0.0,-25.0054
2022.0,3.0,18.0,22.0,10.0,0.0,-24.5233
2022.0,3.0,18.0,22.0,20.0,0.0,-23.167
2022.0,3.0,18.0,22.0,50.0,0.0,-21.5441
2022.0,3.0,18.0,23.0,0.0,0.0,-20.6919
2022.0,3.0,18.0,23.0,10.0,0.0,-23.0003
2022.0,3.0,18.0,23.0,20.0,0.0,-24.8503
2022.0,3.0,18.0,23.0,30.0,0.0,-25.0709
2022.0,3.0,18.0,23.0,40.0,0.0,-24.9161
2022.0,3.0,18.0,23.0,50.0,0.0,-24.1053
2022.0,3.0,19.0,0.0,0.0,0.0,-24.1574
2022.0,3.0,19.0,0.0,30.0,0.0,-23.7813
2022.0,3.0,19.0,0.0,40.0,0.0,-22.9671
2022.0,3.0,19.0,0.0,50.0,0.0,-22.8183
2022.0,3.0,19.0,1.0,0.0,0.0,-22.6394
2022.0,3.0,19.0,1.0,10.0,0.0,-23.488
2022.0,3.0,19.0,1.0,20.0,0.0,-24.0214
2022.0,3.0,19.0,1.0,30.0,0.0,-23.4063
2022.0,3.0,19.0,1.0,40.0,0.0,-23.3354
2022.0,3.0,19.0,2.0,10.0,0.0,-23.2968
2022.0,3.0,19.0,2.0,20.0,0.0,-21.1506
2022.0,3.0,19.0,2.0,30.0,0.0,-22.0536
2022.0,3.0,19.0,2.0,40.0,0.0,-23.7518
2022.0,3.0,19.0,2.0,50.0,0.0,-22.7025
2022.0,3.0,19.0,3.0,0.0,0.0,-24.7015
2022.0,3.0,19.0,3.0,10.0,0.0,-24.0845
2022.0,3.0,19.0,3.0,20.0,0.0,-22.1519
2022.0,3.0,19.0,19.0,40.0,0.0,-10.3085
2022.0,3.0,19.0,19.0,50.0,0.0,-6.5165
2022.0,3.0,19.0,20.0,0.0,0.0,-10.1268
2022.0,3.0,19.0,20.0,10.0,0.0,-19.5387
2022.0,3.0,19.0,20.0,20.0,0.0,-21.5224
2022.0,3.0,19.0,20.0,30.0,0.0,-20.2282
2022.0,3.0,19.0,20.0,40.0,0.0,-12.0228
2022.0,3.0,19.0,20.0,50.0,0.0,-6.9531
2022.0,3.0,19.0,21.0,20.0,0.0,-11.2413
2022.0,3.0,19.0,21.0,30.0,0.0,-14.6404
2022.0,3.0,19.0,21.0,40.0,0.0,-15.7149
2022.0,3.0,19.0,21.0,50.0,0.0,-15.3205
2022.0,3.0,19.0,22.0,0.0,0.0,-17.9446
2022.0,3.0,19.0,22.0,10.0,0.0,-20.4726
2022.0,3.0,19.0,22.0,20.0,0.0,-18.2018
2022.0,3.0,19.0,22.0,30.0,0.0,-19.5086
2022.0,3.0,19.0,23.0,0.0,0.0,-13.5724
2022.0,3.0,19.0,23.0,10.0,0.0,-10.2337
2022.0,3.0,19.0,23.0,20.0,0.0,-4.88
2022.0,3.0,19.0,23.0,30.0,0.0,-6.5408
2022.0,3.0,19.0,23.0,40.0,0.0,-8.7618
2022.0,3.0,19.0,23.0,50.0,0.0,-8.048
2022.0,3.0,20.0,0.0,0.0,0.0,-9.188
2022.0,3.0,20.0,0.0,10.0,0.0,-8.9627
2022.0,3.0,20.0,0.0,40.0,0.0,-2.5881
2022.0,3.0,20.0,0.0,50.0,0.0,-2.3979
2022.0,3.0,20.0,1.0,0.0,0.0,-2.9121
2022.0,3.0,20.0,1.0,10.0,0.0,-2.3867
2022.0,3.0,20.0,1.0,20.0,0.0,-2.5242
2022.0,3.0,20.0,1.0,30.0,0.0,-2.135
2022.0,3.0,20.0,1.0,40.0,0.0,-6.6787
2022.0,3.0,20.0,1.0,50.0,0.0,-9.5708
2022.0,3.0,20.0,2.0,20.0,0.0,-3.1692
2022.0,3.0,20.0,2.0,30.0,0.0,-2.1782
2022.0,3.0,20.0,2.0,40.0,0.0,-5.2755
2022.0,3.0,20.0,2.0,50.0,0.0,-4.641
2022.0,3.0,20.0,3.0,0.0,0.0,-3.3872
2022.0,3.0,20.0,3.0,10.0,0.0,-5.0728
2022.0,3.0,20.0,3.0,20.0,0.0,-6.1961
2022.0,3.0,20.0,3.0,30.0,0.0,-4.8936
2022.0,3.0,20.0,19.0,50.0,0.0,-1.5643
2022.0,3.0,20.0,20.0,0.0,0.0,-1.8071
2022.0,3.0,20.0,20.0,10.0,0.0,-1.873
2022.0,3.0,20.0,20.0,20.0,0.0,-1.7742
2022.0,3.0,20.0,20.0,30.0,0.0,-1.8076
2022.0,3.0,20.0,20.0,40.0,0.0,-1.6452
2022.0,3.0,20.0,20.0,50.0,0.0,-1.5167
2022.0,3.0,20.0,21.0,0.0,0.0,-1.8349
2022.0,3.0,20.0,21.0,30.0,0.0,-1.8894
2022.0,3.0,20.0,21.0,40.0,0.0,-2.1251
2022.0,3.0,20.0,21.0,50.0,0.0,-2.1641
2022.0,3.0,20.0,22.0,0.0,0.0,-1.9995
2022.0,3.0,20.0,22.0,10.0,0.0,-2.1451
2022.0,3.0,20.0,22.0,20.0,0.0,-2.1205
2022.0,3.0,20.0,22.0,30.0,0.0,-2.2635
2022.0,3.0,20.0,22.0,40.0,0.0,-2.3545
2022.0,3.0,20.0,23.0,10.0,0.0,-2.1274
2022.0,3.0,20.0,23.0,20.0,0.0,-2.2046
2022.0,3.0,20.0,23.0,30.0,0.0,-1.8214
2022.0,3.0,20.0,23.0,40.0,0.0,-1.9862
2022.0,3.0,20.0,23.0,50.0,0.0,-1.9483
2022.0,3.0,21.0,0.0,0.0,0.0,-1.9803
2022.0,3.0,21.0,0.0,10.0,0.0,-1.5238
2022.0,3.0,21.0,0.0,20.0,0.0,-1.7709
2022.0,3.0,21.0,0.0,50.0,0.0,-1.4584
2022.0,3.0,21.0,1.0,0.0,0.0,-1.6262
2022.0,3.0,21.0,1.0,10.0,0.0,-1.7258
2022.0,3.0,21.0,1.0,20.0,0.0,-1.5969
2022.0,3.0,21.0,1.0,30.0,0.0,-2.7179
2022.0,3.0,21.0,1.0,40.0,0.0,-3.6395
2022.0,3.0,21.0,1.0,50.0,0.0,-1.6865
2022.0,3.0,21.0,2.0,0.0,0.0,-1.6831
2022.0,3.0,21.0,2.0,30.0,0.0,-1.5107
2022.0,3.0,21.0,2.0,40.0,0.0,-1.2313
2022.0,3.0,21.0,2.0,50.0,0.0,-1.0392
2022.0,3.0,21.0,3.0,0.0,0.0,-0.8686
2022.0,3.0,21.0,3.0,10.0,0.0,-1.1858
2022.0,3.0,21.0,3.0,20.0,0.0,-1.1273
2022.0,3.0,21.0,3.0,30.0,0.0,-1.1543
2022.0,3.0,21.0,22.0,40.0,0.0,-8.5791
2022.0,3.0,21.0,23.0,10.0,0.0,-15.7874
2022.0,3.0,21.0,23.0,20.0,0.0,-17.1266
2022.0,3.0,21.0,23.0,30.0,0.0,-14.9776
2022.0,3.0,21.0,23.0,40.0,0.0,-7.3859
2022.0,3.0,21.0,23.0,50.0,0.0,-8.7729
2022.0,3.0,22.0,0.0,0.0,0.0,-4.2414
2022.0,3.0,22.0,0.0,10.0,0.0,-1.7478
2022.0,3.0,22.0,0.0,20.0,0.0,-1.2013
2022.0,3.0,22.0,0.0,50.0,0.0,-0.5966
2022.0,3.0,22.0,1.0,0.0,0.0,-0.4703
2022.0,3.0,22.0,1.0,10.0,0.0,-0.205
2022.0,3.0,22.0,1.0,20.0,0.0,0.06
2022.0,3.0,22.0,1.0,30.0,0.0,-0.1637
2022.0,3.0,22.0,1.0,40.0,0.0,0.3147
2022.0,3.0,22.0,1.0,50.0,0.0,0.3138
2022.0,3.0,22.0,2.0,0.0,0.0,0.3388
2022.0,3.0,22.0,2.0,30.0,0.0,0.8047
2022.0,3.0,22.0,2.0,40.0,0.0,0.4838
2022.0,3.0,22.0,2.0,50.0,0.0,0.3901
2022.0,3.0,22.0,3.0,0.0,0.0,0.1654
2022.0,3.0,22.0,3.0,10.0,0.0,-0.0161
2022.0,3.0,22.0,3.0,20.0,0.0,0.0232
2022.0,3.0,22.0,3.0,30.0,0.0,0.1486
2022.0,3.0,22.0,19.0,30.0,0.0,-1.385
2022.0,3.0,22.0,20.0,0.0,0.0,-1.3886
2022.0,3.0,22.0,20.0,10.0,0.0,-1.8435
2022.0,3.0,22.0,20.0,20.0,0.0,-1.5761
2022.0,3.0,22.0,20.0,30.0,0.0,-1.7032
2022.0,3.0,22.0,20.0,40.0,0.0,-1.7396
2022.0,3.0,22.0,20.0,50.0,0.0,-1.634
2022.0,3.0,22.0,21.0,0.0,0.0,-2.014
2022.0,3.0,22.0,21.0,10.0,0.0,-2.0426
2022.0,3.0,22.0,21.0,40.0,0.0,-1.5335
2022.0,3.0,22.0,21.0,50.0,0.0,-1.7863
2022.0,3.0,22.0,22.0,0.0,0.0,-1.0531
2022.0,3.0,22.0,22.0,10.0,0.0,-0.9796
2022.0,3.0,22.0,22.0,20.0,0.0,-1.0779
2022.0,3.0,22.0,22.0,30.0,0.0,-1.1988
2022.0,3.0,22.0,22.0,40.0,0.0,-1.1949
2022.0,3.0,22.0,22.0,50.0,0.0,-1.1823
2022.0,3.0,22.0,23.0,20.0,0.0,-1.0696
2022.0,3.0,22.0,23.0,30.0,0.0,-0.9659
2022.0,3.0,22.0,23.0,40.0,0.0,-1.039
2022.0,3.0,22.0,23.0,50.0,0.0,-0.7047
2022.0,3.0,23.0,0.0,0.0,0.0,-1.5824
2022.0,3.0,23.0,0.0,10.0,0.0,-1.3931
2022.0,3.0,23.0,0.0,20.0,0.0,-0.9967
2022.0,3.0,23.0,0.0,30.0,0.0,-0.7558
2022.0,3.0,23.0,1.0,0.0,0.0,-0.8986
2022.0,3.0,23.0,1.0,10.0,0.0,-0.872
2022.0,3.0,23.0,1.0,20.0,0.0,-0.8944
2022.0,3.0,23.0,1.0,30.0,0.0,-0.9336
2022.0,3.0,23.0,1.0,40.0,0.0,-1.6548
2022.0,3.0,23.0,1.0,50.0,0.0,-1.4683
2022.0,3.0,23.0,2.0,0.0,0.0,-1.8155
2022.0,3.0,23.0,2.0,10.0,0.0,-1.6011
2022.0,3.0,23.0,2.0,40.0,0.0,-1.3764
2022.0,3.0,23.0,2.0,50.0,0.0,-1.0132
2022.0,3.0,23.0,3.0,0.0,0.0,-0.9579
2022.0,3.0,23.0,3.0,10.0,0.0,-0.4249
2022.0,3.0,23.0,3.0,20.0,0.0,-0.6764
2022.0,3.0,23.0,3.0,30.0,0.0,-0.9416
2022.0,3.0,23.0,19.0,30.0,0.0,-1.7597
2022.0,3.0,23.0,19.0,40.0,0.0,-2.3379
2022.0,3.0,23.0,20.0,10.0,0.0,-1.1573
2022.0,3.0,23.0,20.0,20.0,0.0,-1.3246
2022.0,3.0,23.0,20.0,30.0,0.0,-1.1614
2022.0,3.0,23.0,20.0,40.0,0.0,-1.9422
2022.0,3.0,23.0,20.0,50.0,0.0,-2.5115
2022.0,3.0,23.0,21.0,0.0,0.0,-1.7291
2022.0,3.0,23.0,21.0,10.0,0.0,-1.8269
2022.0,3.0,23.0,21.0,20.0,0.0,-1.1683
2022.0,3.0,23.0,21.0,50.0,0.0,-2.0309
2022.0,3.0,23.0,22.0,0.0,0.0,-1.9046
2022.0,3.0,23.0,22.0,10.0,0.0,-1.2388
2022.0,3.0,23.0,22.0,20.0,0.0,-1.647
2022.0,3.0,23.0,22.0,30.0,0.0,-1.9073
2022.0,3.0,23.0,22.0,40.0,0.0,-1.752
2022.0,3.0,23.0,22.0,50.0,0.0,-1.504
2022.0,3.0,23.0,23.0,0.0,0.0,-1.5064
2022.0,3.0,23.0,23.0,30.0,0.0,-1.738
2022.0,3.0,23.0,23.0,40.0,0.0,-1.4182
2022.0,3.0,23.0,23.0,50.0,0.0,-1.2492
2022.0,3.0,24.0,0.0,0.0,0.0,-1.3891
2022.0,3.0,24.0,0.0,10.0,0.0,-1.459
2022.0,3.0,24.0,0.0,20.0,0.0,-1.2695
2022.0,3.0,24.0,0.0,30.0,0.0,-1.3681
2022.0,3.0,24.0,0.0,40.0,0.0,-1.1691
2022.0,3.0,24.0,1.0,10.0,0.0,-1.4691
2022.0,3.0,24.0,1.0,20.0,0.0,-1.6348
2022.0,3.0,24.0,1.0,30.0,0.0,-1.3995
2022.0,3.0,24.0,1.0,40.0,0.0,-1.4587
2022.0,3.0,24.0,1.0,50.0,0.0,-1.4509
2022.0,3.0,24.0,2.0,0.0,0.0,-1.2228
2022.0,3.0,24.0,2.0,10.0,0.0,-1.2081
2022.0,3.0,24.0,2.0,20.0,0.0,-1.1055
2022.0,3.0,24.0,2.0,50.0,0.0,-0.8389
2022.0,3.0,24.0,3.0,0.0,0.0,-0.8811
2022.0,3.0,24.0,3.0,10.0,0.0,-1.0676
2022.0,3.0,24.0,3.0,20.0,0.0,-0.7021
2022.0,3.0,24.0,3.0,30.0,0.0,-0.778
2022.0,3.0,24.0,19.0,30.0,0.0,-5.3444
2022.0,3.0,24.0,19.0,40.0,0.0,-4.5427
2022.0,3.0,24.0,19.0,50.0,0.0,-3.0894
2022.0,3.0,24.0,20.0,20.0,0.0,-2.8036
2022.0,3.0,24.0,20.0,30.0,0.0,-4.8754
2022.0,3.0,24.0,20.0,40.0,0.0,-6.0312
2022.0,3.0,24.0,20.0,50.0,0.0,-4.9178
2022.0,3.0,24.0,21.0,0.0,0.0,-5.4252
2022.0,3.0,24.0,21.0,10.0,0.0,-5.6006
2022.0,3.0,24.0,21.0,20.0,0.0,-5.2955
2022.0,3.0,24.0,21.0,30.0,0.0,-8.5756
2022.0,3.0,24.0,22.0,0.0,0.0,-7.3294
2022.0,3.0,24.0,22.0,10.0,0.0,-6.9292
2022.0,3.0,24.0,22.0,20.0,0.0,-6.5872
2022.0,3.0,24.0,22.0,30.0,0.0,-6.7147
2022.0,3.0,24.0,22.0,40.0,0.0,-5.973
2022.0,3.0,24.0,22.0,50.0,0.0,-6.0991
2022.0,3.0,24.0,23.0,0.0,0.0,-5.7825
2022.0,3.0,24.0,23.0,10.0,0.0,-6.0197
2022.0,3.0,24.0,23.0,40.0,0.0,-6.3156
2022.0,3.0,24.0,23.0,50.0,0.0,-6.1434
2022.0,3.0,25.0,0.0,0.0,0.0,-6.2241
2022.0,3.0,25.0,0.0,10.0,0.0,-5.8474
2022.0,3.0,25.0,0.0,20.0,0.0,-6.0011
2022.0,3.0,25.0,0.0,30.0,0.0,-6.2299
2022.0,3.0,25.0,0.0,40.0,0.0,-5.8509
2022.0,3.0,25.0,0.0,50.0,0.0,-5.7932
2022.0,3.0,25.0,1.0,20.0,0.0,-5.4215
2022.0,3.0,25.0,1.0,30.0,0.0,-4.4187
2022.0,3.0,25.0,1.0,40.0,0.0,-4.7978
2022.0,3.0,25.0,1.0,50.0,0.0,-4.2842
2022.0,3.0,25.0,2.0,0.0,0.0,-3.9964
2022.0,3.0,25.0,2.0,10.0,0.0,-3.7484
2022.0,3.0,25.0,2.0,20.0,0.0,-3.7273
2022.0,3.0,25.0,2.0,30.0,0.0,-3.8255
2022.0,3.0,25.0,3.0,0.0,0.0,-2.4306
2022.0,3.0,25.0,3.0,10.0,0.0,-2.6966
2022.0,3.0,25.0,3.0,20.0,0.0,-1.9343
2022.0,3.0,25.0,3.0,30.0,0.0,-2.5176
2022.0,3.0,25.0,19.0,30.0,0.0,-6.0787
2022.0,3.0,25.0,19.0,40.0,0.0,-4.9735
2022.0,3.0,25.0,19.0,50.0,0.0,-6.4917
2022.0,3.0,25.0,20.0,0.0,0.0,-7.5814
2022.0,3.0,25.0,20.0,30.0,0.0,-6.7149
2022.0,3.0,25.0,20.0,40.0,0.0,-6.7325
2022.0,3.0,25.0,20.0,50.0,0.0,-6.9334
2022.0,3.0,25.0,21.0,0.0,0.0,-2.8762
2022.0,3.0,25.0,21.0,10.0,0.0,-4.7917
2022.0,3.0,25.0,21.0,20.0,0.0,-6.6022
2022.0,3.0,25.0,21.0,30.0,0.0,-6.744
2022.0,3.0,25.0,21.0,40.0,0.0,-6.6201
2022.0,3.0,25.0,22.0,10.0,0.0,-6.8566
2022.0,3.0,25.0,22.0,20.0,0.0,-5.3623
2022.0,3.0,25.0,22.0,30.0,0.0,-4.4676
2022.0,3.0,25.0,22.0,40.0,0.0,-2.9703
2022.0,3.0,25.0,22.0,50.0,0.0,-6.1169
2022.0,3.0,25.0,23.0,0.0,0.0,-5.3731
2022.0,3.0,25.0,23.0,10.0,0.0,-8.0568
2022.0,3.0,25.0,23.0,20.0,0.0,-8.1843
2022.0,3.0,25.0,23.0,50.0,0.0,-7.6548
2022.0,3.0,26.0,0.0,0.0,0.0,-8.1429
2022.0,3.0,26.0,0.0,10.0,0.0,-7.7892
2022.0,3.0,26.0,0.0,20.0,0.0,-9.3875
2022.0,3.0,26.0,0.0,30.0,0.0,-9.4016
2022.0,3.0,26.0,0.0,40.0,0.0,-3.9687
2022.0,3.0,26.0,0.0,50.0,0.0,-2.8711
2022.0,3.0,26.0,1.0,0.0,0.0,-5.2392
2022.0,3.0,26.0,1.0,30.0,0.0,-1.9208
2022.0,3.0,26.0,1.0,40.0,0.0,-1.9832
2022.0,3.0,26.0,1.0,50.0,0.0,-2.5264
2022.0,3.0,26.0,2.0,0.0,0.0,-1.9425
2022.0,3.0,26.0,2.0,10.0,0.0,-1.5321
2022.0,3.0,26.0,2.0,20.0,0.0,-0.5486
2022.0,3.0,26.0,2.0,30.0,0.0,0.8832
2022.0,3.0,26.0,2.0,40.0,0.0,0.6092
2022.0,3.0,26.0,3.0,10.0,0.0,0.6115
2022.0,3.0,26.0,3.0,20.0,0.0,1.3445
2022.0,3.0,26.0,3.0,30.0,0.0,0.1891
2022.0,3.0,26.0,19.0,30.0,0.0,-1.8225
2022.0,3.0,26.0,19.0,40.0,0.0,-3.8141
2022.0,3.0,26.0,19.0,50.0,0.0,-2.9695
2022.0,3.0,26.0,20.0,0.0,0.0,-4.028
2022.0,3.0,26.0,20.0,10.0,0.0,-3.7265
2022.0,3.0,26.0,20.0,40.0,0.0,-3.5748
2022.0,3.0,26.0,20.0,50.0,0.0,-3.3845
2022.0,3.0,26.0,21.0,0.0,0.0,-2.6152
2022.0,3.0,26.0,21.0,10.0,0.0,-2.8289
2022.0,3.0,26.0,21.0,20.0,0.0,-1.7488
2022.0,3.0,26.0,21.0,30.0,0.0,-3.4891
2022.0,3.0,26.0,21.0,40.0,0.0,-3.5483
2022.0,3.0,26.0,21.0,50.0,0.0,-3.3617
2022.0,3.0,26.0,22.0,20.0,0.0,-3.7385
2022.0,3.0,26.0,22.0,30.0,0.0,-3.1869
2022.0,3.0,26.0,22.0,40.0,0.0,-3.989
2022.0,3.0,26.0,22.0,50.0,0.0,-3.8014
2022.0,3.0,26.0,23.0,0.0,0.0,-3.6063
2022.0,3.0,26.0,23.0,10.0,0.0,-3.1708
2022.0,3.0,26.0,23.0,20.0,0.0,-3.5936
2022.0,3.0,26.0,23.0,30.0,0.0,-2.9495
2022.0,3.0,27.0,0.0,0.0,0.0,-1.4657
2022.0,3.0,27.0,0.0,10.0,0.0,-1.8503
2022.0,3.0,27.0,0.0,20.0,0.0,-2.1562
2022.0,3.0,27.0,0.0,30.0,0.0,-1.8721
2022.0,3.0,27.0,0.0,40.0,0.0,-2.2493
2022.0,3.0,27.0,0.0,50.0,0.0,-2.3535
2022.0,3.0,27.0,1.0,0.0,0.0,-2.321
2022.0,3.0,27.0,1.0,10.0,0.0,-2.645
2022.0,3.0,27.0,1.0,40.0,0.0,-1.8479
2022.0,3.0,27.0,1.0,50.0,0.0,-3.4599
2022.0,3.0,27.0,2.0,0.0,0.0,-2.354
2022.0,3.0,27.0,2.0,10.0,0.0,-2.6155
2022.0,3.0,27.0,2.0,20.0,0.0,-2.7609
2022.0,3.0,27.0,2.0,30.0,0.0,-3.8224
2022.0,3.0,27.0,2.0,40.0,0.0,-3.9561
2022.0,3.0,27.0,2.0,50.0,0.0,-3.4335
2022.0,3.0,27.0,3.0,20.0,0.0,-3.4673
2022.0,3.0,27.0,3.0,30.0,0.0,-3.9212
2022.0,3.0,27.0,19.0,30.0,0.0,-3.125
2022.0,3.0,27.0,19.0,40.0,0.0,-1.8559
2022.0,3.0,27.0,19.0,50.0,0.0,-2.1902
2022.0,3.0,27.0,20.0,0.0,0.0,-3.5609
2022.0,3.0,27.0,20.0,10.0,0.0,-2.8807
2022.0,3.0,27.0,20.0,20.0,0.0,-2.5604
2022.0,3.0,27.0,20.0,50.0,0.0,-2.8438
2022.0,3.0,27.0,21.0,0.0,0.0,-3.0333
2022.0,3.0,27.0,21.0,10.0,0.0,-3.8533
2022.0,3.0,27.0,21.0,20.0,0.0,-4.1296
2022.0,3.0,27.0,21.0,30.0,0.0,-4.3232
2022.0,3.0,27.0,21.0,40.0,0.0,-4.4659
2022.0,3.0,27.0,21.0,50.0,0.0,-3.8584
2022.0,3.0,27.0,22.0,0.0,0.0,-2.7531
2022.0,3.0,27.0,22.0,30.0,0.0,-2.0976
2022.0,3.0,27.0,22.0,40.0,0.0,-2.4978
2022.0,3.0,27.0,22.0,50.0,0.0,-2.7296
2022.0,3.0,27.0,23.0,0.0,0.0,-2.3932
2022.0,3.0,27.0,23.0,10.0,0.0,-1.3243
2022.0,3.0,27.0,23.0,20.0,0.0,-1.2331
2022.0,3.0,27.0,23.0,30.0,0.0,-2.0799
2022.0,3.0,27.0,23.0,40.0,0.0,-2.0081
2022.0,3.0,28.0,0.0,10.0,0.0,-3.6644
2022.0,3.0,28.0,0.0,20.0,0.0,-3.7452
2022.0,3.0,28.0,0.0,30.0,0.0,0.9998
2022.0,3.0,28.0,0.0,40.0,0.0,-4.3496
2022.0,3.0,28.0,0.0,50.0,0.0,-4.1361
2022.0,3.0,28.0,1.0,0.0,0.0,-3.7139
2022.0,3.0,28.0,1.0,10.0,0.0,-4.286
2022.0,3.0,28.0,1.0,20.0,0.0,-3.8059
2022.0,3.0,28.0,1.0,50.0,0.0,-3.6883
2022.0,3.0,28.0,2.0,0.0,0.0,-3.7176
2022.0,3.0,28.0,2.0,10.0,0.0,-3.4798
2022.0,3.0,28.0,2.0,20.0,0.0,-3.1743
2022.0,3.0,28.0,2.0,30.0,0.0,-3.4274
2022.0,3.0,28.0,2.0,40.0,0.0,-3.9826
2022.0,3.0,28.0,2.0,50.0,0.0,-3.6928
2022.0,3.0,28.0,3.0,0.0,0.0,-4.0295
2022.0,3.0,28.0,3.0,30.0,0.0,-3.2184
2022.0,3.0,28.0,19.0,30.0,0.0,-2.7294
2022.0,3.0,28.0,19.0,40.0,0.0,-1.8668
2022.0,3.0,28.0,19.0,50.0,0.0,-1.3481
2022.0,3.0,28.0,20.0,0.0,0.0,-1.7076
2022.0,3.0,28.0,20.0,10.0,0.0,-1.7322
2022.0,3.0,28.0,20.0,20.0,0.0,-1.5834
2022.0,3.0,28.0,20.0,30.0,0.0,-1.7071
2022.0,3.0,28.0,21.0,0.0,0.0,-1.6667
2022.0,3.0,28.0,21.0,10.0,0.0,-3.2602
2022.0,3.0,28.0,21.0,20.0,0.0,-3.0827
2022.0,3.0,28.0,21.0,30.0,0.0,-3.2406
2022.0,3.0,28.0,21.0,40.0,0.0,-2.5984
2022.0,3.0,28.0,21.0,50.0,0.0,-3.0015
2022.0,3.0,28.0,22.0,0.0,0.0,-2.0917
2022.0,3.0,28.0,22.0,10.0,0.0,-2.9293
2022.0,3.0,28.0,22.0,40.0,0.0,-1.4534
2022.0,3.0,28.0,22.0,50.0,0.0,-2.621
2022.0,3.0,28.0,23.0,0.0,0.0,-1.9092
2022.0,3.0,28.0,23.0,10.0,0.0,-2.9028
2022.0,3.0,28.0,23.0,20.0,0.0,-2.9878
2022.0,3.0,28.0,23.0,30.0,0.0,-3.5457
2022.0,3.0,28.0,23.0,40.0,0.0,-3.5725
2022.0,3.0,28.0,23.0,50.0,0.0,-1.5466
2022.0,3.0,29.0,0.0,20.0,0.0,-1.8986
2022.0,3.0,29.0,0.0,30.0,0.0,-2.4054
2022.0,3.0,29.0,0.0,40.0,0.0,-2.2861
2022.0,3.0,29.0,0.0,50.0,0.0,-4.555
2022.0,3.0,29.0,1.0,0.0,0.0,-4.1425
2022.0,3.0,29.0,1.0,10.0,0.0,-3.8637
2022.0,3.0,29.0,1.0,20.0,0.0,-2.3303
2022.0,3.0,29.0,1.0,30.0,0.0,-2.211
2022.0,3.0,29.0,2.0,0.0,0.0,-3.2541
2022.0,3.0,29.0,2.0,10.0,0.0,-1.7387
2022.0,3.0,29.0,2.0,20.0,0.0,-3.3905
2022.0,3.0,29.0,2.0,30.0,0.0,-2.5352
2022.0,3.0,29.0,2.0,40.0,0.0,-1.9748
2022.0,3.0,29.0,2.0,50.0,0.0,-1.4799
2022.0,3.0,29.0,3.0,0.0,0.0,-2.1799
2022.0,3.0,29.0,3.0,10.0,0.0,-4.4686
2022.0,3.0,29.0,19.0,30.0,0.0,-12.1546
2022.0,3.0,29.0,19.0,40.0,0.0,-11.7083
2022.0,3.0,29.0,19.0,50.0,0.0,-9.5582
2022.0,3.0,29.0,20.0,0.0,0.0,-6.7896
2022.0,3.0,29.0,20.0,10.0,0.0,-6.292
2022.0,3.0,29.0,20.0,20.0,0.0,-4.2469
2022.0,3.0,29.0,20.0,30.0,0.0,-4.9142
2022.0,3.0,29.0,20.0,40.0,0.0,-8.2812
2022.0,3.0,29.0,21.0,10.0,0.0,-16.5884
2022.0,3.0,29.0,21.0,20.0,0.0,-15.6326
2022.0,3.0,29.0,21.0,30.0,0.0,-11.0074
2022.0,3.0,29.0,21.0,40.0,0.0,-10.1958
2022.0,3.0,29.0,21.0,50.0,0.0,-6.8862
2022.0,3.0,29.0,22.0,0.0,0.0,-5.7063
2022.0,3.0,29.0,22.0,10.0,0.0,-12.4856
2022.0,3.0,29.0,22.0,20.0,0.0,-14.3437
2022.0,3.0,29.0,22.0,50.0,0.0,-15.4721
2022.0,3.0,29.0,23.0,0.0,0.0,-15.1818
2022.0,3.0,29.0,23.0,10.0,0.0,-14.4843
2022.0,3.0,29.0,23.0,20.0,0.0,-17.2162
2022.0,3.0,29.0,23.0,30.0,0.0,-14.0572
2022.0,3.0,29.0,23.0,40.0,0.0,-14.5621
2022.0,3.0,29.0,23.0,50.0,0.0,-15.279
2022.0,3.0,30.0,0.0,0.0,0.0,-13.4919
2022.0,3.0,30.0,0.0,30.0,0.0,-9.8285
2022.0,3.0,30.0,0.0,40.0,0.0,-11.2636
2022.0,3.0,30.0,0.0,50.0,0.0,-10.9608
2022.0,3.0,30.0,1.0,0.0,0.0,-14.3462
2022.0,3.0,30.0,1.0,10.0,0.0,-12.918
2022.0,3.0,30.0,1.0,20.0,0.0,-13.2423
2022.0,3.0,30.0,1.0,30.0,0.0,-7.0766
2022.0,3.0,30.0,1.0,40.0,0.0,-7.8115
2022.0,3.0,30.0,2.0,10.0,0.0,-4.4785
2022.0,3.0,30.0,2.0,20.0,0.0,-5.5216
2022.0,3.0,30.0,2.0,30.0,0.0,-9.3258
2022.0,3.0,30.0,2.0,40.0,0.0,-15.0597
2022.0,3.0,30.0,2.0,50.0,0.0,-17.174
2022.0,3.0,30.0,3.0,0.0,0.0,-15.8716
2022.0,3.0,30.0,3.0,10.0,0.0,-9.6998
2022.0,3.0,30.0,3.0,20.0,0.0,-7.4485
2022.0,3.0,30.0,19.0,40.0,0.0,-22.1178
2022.0,3.0,30.0,19.0,50.0,0.0,-19.9492
2022.0,3.0,30.0,20.0,0.0,0.0,-17.038
2022.0,3.0,30.0,21.0,0.0,0.0,-1.1135
2022.0,3.0,30.0,21.0,10.0,0.0,-1.3453
2022.0,3.0,30.0,21.0,20.0,0.0,-1.4729
2022.0,3.0,30.0,21.0,30.0,0.0,-1.3099
2022.0,3.0,30.0,21.0,40.0,0.0,-1.4448
2022.0,3.0,30.0,22.0,10.0,0.0,-1.517
2022.0,3.0,30.0,22.0,20.0,0.0,-1.5139
2022.0,3.0,30.0,22.0,30.0,0.0,-1.7676
2022.0,3.0,30.0,22.0,40.0,0.0,-2.2862
2022.0,3.0,30.0,22.0,50.0,0.0,-1.5664
2022.0,3.0,30.0,23.0,0.0,0.0,-1.3555
2022.0,3.0,30.0,23.0,10.0,0.0,-1.1263
2022.0,3.0,30.0,23.0,20.0,0.0,-1.1008
2022.0,3.0,30.0,23.0,50.0,0.0,-1.2877
2022.0,3.0,31.0,0.0,0.0,0.0,-1.2415
2022.0,3.0,31.0,0.0,10.0,0.0,-1.3619
2022.0,3.0,31.0,0.0,20.0,0.0,-1.349
2022.0,3.0,31.0,0.0,30.0,0.0,-1.3022
2022.0,3.0,31.0,0.0,40.0,0.0,-1.3061
2022.0,3.0,31.0,0.0,50.0,0.0,-1.1551
2022.0,3.0,31.0,1.0,0.0,0.0,-1.1427
2022.0,3.0,31.0,1.0,30.0,0.0,-1.3686
2022.0,3.0,31.0,1.0,40.0,0.0,-1.3939
2022.0,3.0,31.0,1.0,50.0,0.0,-1.4599
2022.0,3.0,31.0,2.0,0.0,0.0,-1.4128
2022.0,3.0,31.0,2.0,10.0,0.0,-1.4186
2022.0,3.0,31.0,2.0,20.0,0.0,-2.5177
2022.0,3.0,31.0,2.0,30.0,0.0,-4.9648
2022.0,3.0,31.0,2.0,40.0,0.0,-3.75
2022.0,3.0,31.0,3.0,10.0,0.0,-20.9287
2022.0,3.0,31.0,3.0,20.0,0.0,-18.5314
2022.0,3.0,31.0,3.0,30.0,0.0,-17.1075
2022.0,3.0,31.0,19.0,30.0,0.0,-2.1258
2022.0,3.0,31.0,19.0,40.0,0.0,-2.1486
2022.0,3.0,31.0,19.0,50.0,0.0,-2.5125
2022.0,3.0,31.0,20.0,0.0,0.0,-2.2177
2022.0,3.0,31.0,20.0,10.0,0.0,-2.1847
2022.0,3.0,31.0,20.0,40.0,0.0,-2.4344
2022.0,3.0,31.0,20.0,50.0,0.0,-2.3673
2022.0,3.0,31.0,21.0,0.0,0.0,-2.1661
2022.0,3.0,31.0,21.0,10.0,0.0,-2.4643
2022.0,3.0,31.0,21.0,20.0,0.0,-2.4263
2022.0,3.0,31.0,21.0,30.0,0.0,-2.6525
2022.0,3.0,31.0,21.0,40.0,0.0,-2.5638
2022.0,3.0,31.0,21.0,50.0,0.0,-2.3327
2022.0,3.0,31.0,22.0,20.0,0.0,-2.5568
2022.0,3.0,31.0,22.0,30.0,0.0,-2.3529
2022.0,3.0,31.0,22.0,40.0,0.0,-2.3691
2022.0,3.0,31.0,22.0,50.0,0.0,-2.3294
2022.0,3.0,31.0,23.0,0.0,0.0,-2.2468
2022.0,3.0,31.0,23.0,10.0,0.0,-2.4293
2022.0,3.0,31.0,23.0,20.0,0.0,-2.4899
2022.0,3.0,31.0,23.0,30.0,0.0,-2.536
